v -0.057404 0.529719 -0.049801
v -0.058909 0.529863 -0.048067
v -0.058928 0.529233 -0.047285
v -0.060452 0.530730 -0.046904
v -0.068309 0.529909 -0.040631
v 0.109589 0.714790 0.088500
v 0.107198 0.700778 0.101434
v 0.109477 0.690938 0.087258
v 0.093666 0.688291 0.102117
v 0.089252 0.726443 0.113192
v 0.091781 0.703426 0.116286
v 0.075687 0.720912 0.116463
v -0.213763 0.530093 0.066087
v -0.219944 0.528044 0.048817
v -0.213428 0.513914 0.040836
v -0.158486 0.451116 0.102958
v -0.161297 0.457330 0.110223
v -0.172583 0.469955 0.095804
v -0.191186 0.422331 0.087159
v -0.170855 0.416781 0.087974
v -0.186541 0.429373 0.094168
v -0.168622 0.423546 0.093360
v -0.152055 0.408753 0.083750
v -0.159241 0.417063 0.059235
v -0.151924 0.415263 0.073306
v -0.191225 0.425484 0.080269
v -0.198667 0.442616 0.085011
v -0.193642 0.448042 0.090667
v -0.190555 0.431291 0.105506
v -0.167045 0.424026 0.104278
v -0.178054 0.439791 0.111635
v -0.184722 0.454952 0.104567
v -0.168582 0.432749 0.104002
v -0.167327 0.430989 0.091456
v -0.153336 0.422121 0.086154
v -0.160667 0.427015 0.058151
v -0.172543 0.426089 0.060063
v -0.195140 0.422535 0.066041
v -0.200251 0.443660 0.062927
v -0.210156 0.452141 0.071007
v -0.205768 0.465462 0.094333
v -0.200073 0.469161 0.099174
v -0.183369 0.482509 0.096717
v -0.180255 0.471920 0.094970
v -0.182613 0.458197 0.083829
v -0.181069 0.450039 0.097473
v -0.180465 0.432907 0.071447
v -0.187770 0.440796 0.060352
v -0.170428 0.428486 0.054690
v -0.164713 0.433065 0.053015
v -0.163275 0.432579 0.042636
v -0.167190 0.427284 0.041302
v -0.196382 0.437210 0.043155
v -0.208757 0.452410 0.048423
v -0.207076 0.489971 0.056943
v -0.214755 0.490772 0.057173
v -0.202668 0.496796 0.069916
v -0.188072 0.502819 0.084913
v -0.172195 0.493249 0.095889
v -0.168615 0.480512 0.103063
v -0.150570 0.455550 0.109356
v -0.150656 0.462125 0.096908
v -0.171788 0.471617 0.084519
v -0.176839 0.476682 0.061495
v -0.189504 0.450091 0.066060
v -0.186752 0.445999 0.042990
v -0.202799 0.456975 0.037768
v -0.205473 0.483165 0.046413
v -0.208961 0.483487 0.027711
v -0.206741 0.500428 0.025149
v -0.220877 0.509480 0.025235
v -0.223031 0.530284 0.017694
v -0.214748 0.575832 0.038320
v -0.204198 0.560330 0.059978
v -0.202918 0.531276 0.069404
v -0.209513 0.519990 0.061699
v -0.202445 0.504803 0.080597
v -0.185090 0.513119 0.083566
v -0.168648 0.507746 0.082338
v -0.159176 0.496678 0.085603
v -0.156732 0.476570 0.084013
v -0.169587 0.489268 0.055465
v -0.177095 0.476314 0.033190
v -0.190364 0.459176 0.034313
v -0.193202 0.482180 0.030470
v -0.199797 0.492434 0.016268
v -0.188262 0.492434 0.015020
v -0.203134 0.516371 0.002953
v -0.218282 0.547199 0.003242
v -0.219129 0.562432 0.019119
v -0.214328 0.569992 0.019605
v -0.208849 0.580733 0.035975
v -0.185057 0.607947 0.038399
v -0.207049 0.600919 0.032474
v -0.181451 0.600787 0.049244
v -0.192690 0.585160 0.048856
v -0.197649 0.580588 0.053691
v -0.192532 0.564994 0.063039
v -0.191514 0.533141 0.078804
v -0.196887 0.524753 0.072701
v -0.177082 0.525127 0.072485
v -0.164463 0.517435 0.066941
v -0.156246 0.512646 0.056746
v -0.165639 0.508068 0.060155
v -0.175545 0.496047 0.029380
v -0.162513 0.502688 0.028368
v -0.174514 0.495068 0.018561
v -0.177115 0.538508 -0.012109
v -0.193386 0.539244 -0.012529
v -0.204441 0.540571 -0.007944
v -0.210531 0.549774 -0.000114
v -0.204284 0.560507 -0.014283
v -0.213487 0.569178 -0.000824
v -0.213434 0.602673 0.015198
v -0.202983 0.609741 0.021734
v -0.192939 0.617853 0.039962
v -0.162421 0.602633 0.046098
v -0.171860 0.583971 0.053284
v -0.173772 0.532635 0.078797
v -0.163675 0.529404 0.074015
v -0.158565 0.524444 0.066336
v -0.157684 0.506840 0.045270
v -0.154426 0.541300 0.005620
v -0.163288 0.539717 -0.006066
v -0.158860 0.546266 -0.001415
v -0.174172 0.543014 -0.009396
v -0.191869 0.543776 -0.011294
v -0.189248 0.561348 -0.022534
v -0.189018 0.574840 -0.025661
v -0.200835 0.588720 -0.022094
v -0.212232 0.601208 -0.003570
v -0.204941 0.608696 -0.007379
v -0.211115 0.619259 -0.004647
v -0.208028 0.620185 0.021655
v -0.193478 0.628133 0.029531
v -0.182594 0.633770 0.034109
v -0.187671 0.641764 0.036113
v -0.188479 0.662193 0.011132
v -0.182232 0.655926 0.027238
v -0.169370 0.649916 0.041670
v -0.181345 0.655355 0.045809
v -0.159517 0.648871 0.056470
v -0.146209 0.668059 0.060056
v -0.031668 0.785786 0.087022
v -0.042033 0.774415 0.082804
v -0.037842 0.765665 0.091718
v -0.070562 0.762033 0.110729
v -0.047439 0.775913 0.109907
v -0.054337 0.783040 0.098320
v -0.037231 0.761658 0.110354
v -0.066272 0.756489 0.111188
v -0.038269 0.547494 0.119380
v -0.025598 0.562044 0.126481
v -0.055959 0.561900 0.113435
v -0.033671 0.590875 0.123347
v -0.023095 0.574059 0.116759
v -0.030038 0.592471 0.113074
v -0.001838 0.605156 0.122060
v -0.036739 0.625775 0.113014
v -0.022813 0.647150 0.115970
v -0.027293 0.692994 0.135112
v -0.041107 0.697546 0.134593
v -0.041770 0.677807 0.135375
v -0.001477 0.665944 0.118815
v -0.034479 0.654021 0.114072
v -0.025513 0.674155 0.128530
v -0.041954 0.675390 0.123321
v -0.041573 0.715407 0.129056
v -0.044030 0.715703 0.117619
v -0.048484 0.719986 0.133201
v -0.052721 0.725109 0.115589
v -0.067008 0.728959 0.110893
v -0.069530 0.704812 0.116549
v -0.069498 0.700798 0.103634
v -0.080303 0.739646 0.101282
v -0.065293 0.742845 0.099102
v -0.058705 0.746708 0.124431
v -0.051138 0.732499 0.124911
v -0.028449 0.724170 0.126829
v -0.028153 0.725819 0.142581
v -0.027766 0.697698 0.151922
v -0.005241 0.696213 0.151810
v -0.000840 0.693139 0.138193
v -0.000787 0.680067 0.148388
v -0.002062 0.675777 0.130829
v -0.000098 0.668387 0.132872
v -0.001030 0.641324 0.133457
v 0.001104 0.639747 0.120220
v 0.000605 0.608985 0.124825
v 0.001840 0.508029 0.121107
v -0.000393 0.491725 0.120490
v 0.024700 0.493275 0.122342
v 0.026217 0.491101 0.111891
v -0.021118 0.462539 0.102123
v -0.028712 0.451733 0.102399
v -0.013084 0.447858 0.096605
v -0.028790 0.413529 0.100566
v -0.073577 0.340096 0.118401
v -0.064853 0.358462 0.098057
v -0.066285 0.381131 0.117783
v -0.052662 0.423343 0.121272
v -0.060025 0.401442 0.124963
v -0.059559 0.396759 0.100987
v -0.066614 0.383582 0.128162
v -0.035510 0.394985 0.101795
v -0.030281 0.384554 0.090556
v -0.045594 0.350810 0.097131
v -0.064709 0.334539 0.096875
v -0.069741 0.020107 0.038662
v -0.088639 0.019431 0.032914
v -0.064499 0.019555 0.022936
v -0.107689 0.019739 -0.028288
v -0.079679 0.019326 -0.032538
v -0.060019 0.019641 -0.011019
v -0.062022 0.051355 0.013588
v -0.061418 0.050508 -0.014388
v -0.062620 0.072435 0.010540
v -0.065747 0.054042 -0.018671
v -0.072677 0.051513 -0.029438
v -0.090643 0.051809 -0.034956
v -0.105935 0.051414 -0.030758
v -0.120492 0.019733 -0.009357
v -0.128532 0.019536 0.022666
v -0.087818 0.029750 0.032388
v -0.070976 0.031347 0.042025
v -0.108227 0.036398 0.169191
v -0.094407 0.029507 0.156139
v -0.095162 0.050718 0.141510
v -0.077945 0.034105 0.113290
v -0.082497 0.019345 0.129220
v -0.076644 0.017854 0.091896
v -0.150761 0.016501 0.087672
v -0.156101 0.017473 0.115806
v -0.152429 0.023897 0.140748
v -0.149020 0.030769 0.155390
v -0.140139 0.034414 0.166958
v -0.132749 0.056361 0.154444
v -0.109528 0.058581 0.148289
v -0.093178 0.058634 0.106498
v -0.078451 0.051868 0.086962
v -0.076283 0.024482 0.065088
v -0.142313 0.018583 0.065016
v -0.150853 0.035748 0.084972
v -0.155760 0.037594 0.118979
v -0.144402 0.051290 0.143592
v -0.133669 0.060066 0.148164
v -0.136480 0.058870 0.103155
v -0.119309 0.062115 0.109040
v -0.101251 0.072809 0.086391
v -0.083128 0.067580 0.082712
v -0.072460 0.057589 0.056391
v -0.067422 0.085737 0.028559
v -0.067639 0.085921 0.000004
v -0.071948 0.072967 -0.022908
v -0.083470 0.055520 -0.030581
v -0.103596 0.055724 -0.027533
v -0.118527 0.052052 -0.014467
v -0.130010 0.028345 0.025307
v -0.133419 0.027366 0.034339
v -0.142550 0.042684 0.065220
v -0.145762 0.051815 0.105270
v -0.133688 0.068290 0.071887
v -0.122180 0.073972 0.078535
v -0.105482 0.082268 0.084020
v -0.088711 0.089468 0.072603
v -0.085289 0.075811 0.086128
v -0.074831 0.095124 0.051011
v -0.059230 0.095537 0.030904
v -0.056261 0.094427 0.010166
v -0.062935 0.096733 -0.013791
v -0.082451 0.098080 -0.027966
v -0.076960 0.087484 -0.015078
v -0.100115 0.076613 -0.026922
v -0.120472 0.071095 -0.006315
v -0.124210 0.083957 0.015828
v -0.132828 0.062253 0.037827
v -0.136112 0.075844 0.070113
v -0.131067 0.081040 0.080210
v -0.121562 0.099374 0.050919
v -0.102710 0.099341 0.062007
v -0.088698 0.102139 0.066573
v -0.077998 0.095321 0.063144
v -0.070949 0.097180 0.057140
v -0.066318 0.118568 0.054427
v -0.063520 0.136343 0.047786
v -0.050349 0.156858 0.037709
v -0.057345 0.164241 0.041427
v -0.047689 0.160989 0.022824
v -0.042401 0.154979 0.016341
v -0.044792 0.155209 -0.003786
v -0.052740 0.156161 -0.019052
v -0.072683 0.156418 -0.035869
v -0.097448 0.096937 -0.028190
v -0.091700 0.087858 -0.019946
v -0.112195 0.085756 -0.009954
v -0.131889 0.094427 0.012077
v -0.128085 0.094086 0.039404
v -0.129806 0.135279 0.042964
v -0.132473 0.104530 0.048962
v -0.112215 0.105430 0.065515
v -0.085519 0.159137 0.066008
v -0.061484 0.155557 0.055353
v -0.067862 0.161929 0.050472
v -0.057417 0.172590 0.062231
v -0.044799 0.179474 0.048587
v -0.036962 0.187258 0.033912
v -0.034512 0.181662 0.009883
v -0.046539 0.160694 -0.003707
v -0.058738 0.161049 -0.023874
v -0.056734 0.182844 -0.037774
v -0.079515 0.161942 -0.035402
v -0.108221 0.161975 -0.031710
v -0.106244 0.156372 -0.035061
v -0.107893 0.097442 -0.023926
v -0.124564 0.094769 -0.006512
v -0.131521 0.157239 -0.005704
v -0.136868 0.156713 0.014258
v -0.134950 0.158382 0.046393
v -0.121641 0.160654 0.059774
v -0.106513 0.159768 0.065732
v -0.078622 0.162251 0.057265
v -0.078924 0.171927 0.066185
v -0.064814 0.189413 0.058493
v -0.048050 0.205750 0.043174
v -0.033684 0.207228 0.026358
v -0.027634 0.219945 0.023258
v -0.029336 0.207760 0.004773
v -0.034853 0.188139 -0.016090
v -0.045061 0.186050 -0.030081
v -0.070732 0.195049 -0.032867
v -0.058416 0.210400 -0.023526
v -0.097448 0.213258 -0.028531
v -0.094111 0.192277 -0.031389
v -0.090170 0.173293 -0.043718
v -0.113627 0.170383 -0.034850
v -0.123323 0.160057 -0.019847
v -0.129425 0.161239 0.013536
v -0.123001 0.162284 0.036691
v -0.109430 0.163157 0.052226
v -0.096161 0.180735 0.073647
v -0.070706 0.199562 0.075986
v -0.046388 0.208443 0.064884
v -0.056288 0.223617 0.064976
v -0.034433 0.220957 0.058276
v -0.031641 0.231828 0.031869
v -0.041718 0.220799 -0.002216
v -0.059559 0.222960 -0.014704
v -0.082274 0.225817 -0.019893
v -0.111906 0.222691 -0.016149
v -0.113259 0.198649 -0.016385
v -0.121313 0.181162 -0.027244
v -0.133636 0.179776 -0.014257
v -0.142964 0.185123 0.012439
v -0.139154 0.195069 0.039056
v -0.131639 0.203582 0.055491
v -0.117785 0.182805 0.062782
v -0.106822 0.178003 0.070054
v -0.090722 0.196816 0.071223
v -0.072191 0.216010 0.072478
v -0.064492 0.222553 0.082568
v -0.086156 0.215701 0.082325
v -0.080487 0.225929 0.094247
v -0.102532 0.228879 0.088789
v -0.093861 0.241064 0.100698
v -0.071284 0.244558 0.102767
v -0.061070 0.241609 0.097702
v -0.048871 0.243100 0.085307
v -0.041547 0.264048 0.079172
v -0.049022 0.235355 0.069470
v -0.040706 0.239270 0.062599
v -0.042355 0.231585 0.056319
v -0.026984 0.233569 0.042183
v -0.029204 0.254563 0.012478
v -0.039195 0.266006 -0.009278
v -0.036693 0.249873 0.004451
v -0.044746 0.241997 -0.011702
v -0.058455 0.245491 -0.022613
v -0.088777 0.243869 -0.024209
v -0.104661 0.237858 -0.019834
v -0.121300 0.229851 -0.007701
v -0.125550 0.204107 0.002461
v -0.133294 0.205158 0.027245
v -0.128965 0.212988 0.043956
v -0.113246 0.205894 0.055287
v -0.114895 0.215721 0.063669
v -0.091865 0.216936 0.070507
v -0.111919 0.228452 0.077155
v -0.113318 0.262807 0.096251
v -0.095648 0.270105 0.107687
v -0.070476 0.273185 0.108134
v -0.050428 0.269809 0.095541
v -0.047321 0.290567 0.079461
v -0.040391 0.258517 0.065082
v -0.037304 0.242824 0.048324
v -0.034124 0.258189 0.023442
v -0.040246 0.273277 0.001764
v -0.052635 0.280490 -0.011603
v -0.049285 0.272167 -0.016674
v -0.065385 0.251856 -0.016057
v -0.088252 0.249321 -0.014599
v -0.107334 0.241254 -0.001198
v -0.121989 0.230606 0.018962
v -0.132913 0.220707 0.022305
v -0.124860 0.221403 0.044317
v -0.106677 0.225253 0.065206
v -0.114435 0.236925 0.059544
v -0.123421 0.251784 0.066776
v -0.123369 0.279360 0.071815
v -0.114093 0.297766 0.077805
v -0.107702 0.300111 0.089452
v -0.087227 0.300748 0.099404
v -0.066909 0.296860 0.099640
v -0.059014 0.298850 0.086562
v -0.045022 0.308434 0.086877
v -0.025703 0.331405 0.082220
v -0.018799 0.329106 0.073063
v -0.029763 0.296367 0.065771
v -0.021775 0.286435 0.048745
v -0.020895 0.289686 0.024657
v -0.036180 0.304690 -0.010007
v -0.072795 0.286133 -0.024629
v -0.091720 0.264423 -0.018323
v -0.118882 0.253584 -0.000213
v -0.126325 0.237628 0.021530
v -0.122331 0.225811 0.042222
v -0.118573 0.273514 0.052903
v -0.113732 0.293864 0.061915
v -0.106060 0.302660 0.073647
v -0.096949 0.305655 0.081083
v -0.079784 0.306220 0.089143
v -0.091484 0.333573 0.092671
v -0.087332 0.339853 0.109454
v -0.096653 0.342960 0.100534
v -0.109719 0.372303 0.091948
v -0.099990 0.392758 0.097768
v -0.099938 0.394729 0.110827
v -0.086839 0.390361 0.119222
v -0.071173 0.424571 0.116549
v -0.053496 0.424256 0.107799
v -0.044943 0.444915 0.107129
v -0.032876 0.449782 0.111385
v -0.032751 0.466816 0.108489
v -0.038085 0.480361 0.107674
v -0.034807 0.490431 0.098202
v -0.028311 0.492762 0.097643
v -0.013511 0.485169 0.107950
v 0.002155 0.452489 0.111261
v 0.089639 0.384810 0.127597
v 0.089856 0.377762 0.118158
v 0.102179 0.385953 0.108607
v 0.096057 0.340582 0.117462
v 0.108236 0.340687 0.110210
v 0.116302 0.355519 0.097788
v 0.122175 0.339675 0.097276
v 0.089784 0.329789 0.096441
v 0.088858 0.352334 0.098497
v 0.061137 0.361142 0.096323
v 0.069020 0.385533 0.100672
v 0.056821 0.407472 0.101355
v 0.064652 0.421655 0.103411
v 0.081796 0.401166 0.101151
v 0.075516 0.424427 0.121607
v 0.081993 0.407032 0.124963
v 0.110358 0.389901 0.118184
v 0.116539 0.391353 0.103056
v 0.128520 0.377361 0.097992
v 0.136029 0.348668 0.092723
v 0.122898 0.321151 0.082752
v 0.126399 0.035465 0.168751
v 0.155183 0.034835 0.168035
v 0.142565 0.060394 0.152822
v 0.167073 0.032483 0.160993
v 0.175580 0.020180 0.131131
v 0.103257 0.020685 0.134626
v 0.110863 0.026518 0.150496
v 0.122471 0.044517 0.156329
v 0.121833 0.056052 0.143323
v 0.114535 0.058758 0.108600
v 0.120099 0.074425 0.083448
v 0.141487 0.062286 0.107963
v 0.157082 0.058883 0.148762
v 0.170082 0.046343 0.135539
v 0.177117 0.034421 0.116443
v 0.178017 0.016869 0.111438
v 0.162600 0.034736 0.058887
v 0.166298 0.017361 0.072971
v 0.157811 0.023365 0.050269
v 0.100682 0.019490 -0.032032
v 0.129473 0.019457 -0.028236
v 0.083662 0.019509 -0.015571
v 0.119107 0.018472 0.030273
v 0.081606 0.019936 0.011092
v 0.089607 0.019628 0.036454
v 0.112552 0.029343 0.033361
v 0.136035 0.029343 0.025813
v 0.150579 0.030263 0.027593
v 0.148654 0.018373 0.023159
v 0.144378 0.019621 -0.005514
v 0.139628 0.050416 -0.016871
v 0.122352 0.052715 -0.032321
v 0.103946 0.052492 -0.033891
v 0.093666 0.055684 -0.024570
v 0.083195 0.052518 -0.017489
v 0.083103 0.050409 0.014561
v 0.092628 0.029566 0.043444
v 0.097851 0.020541 0.076662
v 0.097207 0.017539 0.106216
v 0.101614 0.040852 0.124878
v 0.104130 0.053740 0.104147
v 0.104242 0.066694 0.084755
v 0.104787 0.075851 0.085879
v 0.114864 0.080416 0.086798
v 0.141895 0.083181 0.083474
v 0.158153 0.077125 0.075513
v 0.139904 0.074891 0.079894
v 0.163710 0.055205 0.094904
v 0.171356 0.034762 0.085596
v 0.155170 0.055691 0.043608
v 0.144930 0.062831 -0.000147
v 0.136994 0.071082 -0.015393
v 0.123955 0.074668 -0.026876
v 0.093896 0.071174 -0.023276
v 0.083839 0.056472 -0.005481
v 0.084404 0.073322 0.017096
v 0.097075 0.050600 0.071289
v 0.098330 0.092989 0.061639
v 0.130393 0.099939 0.060004
v 0.143583 0.098690 0.046419
v 0.151439 0.089428 0.060024
v 0.156399 0.067685 0.071302
v 0.144792 0.083129 0.013385
v 0.131509 0.086440 -0.011235
v 0.117183 0.088844 -0.020537
v 0.101096 0.089067 -0.018179
v 0.088221 0.085132 -0.002367
v 0.089140 0.084154 0.030056
v 0.094343 0.096477 0.049159
v 0.086211 0.125117 0.047714
v 0.089232 0.102993 0.055767
v 0.105687 0.102632 0.066428
v 0.134807 0.104267 0.065016
v 0.152562 0.102954 0.047444
v 0.148332 0.115185 0.042077
v 0.154993 0.140160 0.045894
v 0.148641 0.132960 0.041177
v 0.150717 0.142538 0.039608
v 0.150546 0.095734 0.039923
v 0.151393 0.093889 0.006330
v 0.137480 0.096181 -0.018862
v 0.113353 0.097633 -0.028551
v 0.095479 0.098552 -0.024485
v 0.077691 0.095386 -0.001691
v 0.079083 0.093527 0.026595
v 0.084792 0.097291 0.039555
v 0.079379 0.156707 0.052220
v 0.091656 0.158277 0.061449
v 0.106633 0.159360 0.067131
v 0.131825 0.159557 0.064766
v 0.143938 0.160608 0.058276
v 0.154494 0.158434 0.049021
v 0.153666 0.157567 0.043227
v 0.157509 0.158329 0.022824
v 0.155197 0.157488 0.004517
v 0.152996 0.161962 0.014035
v 0.146073 0.161535 -0.016293
v 0.134091 0.161476 -0.029162
v 0.119699 0.162356 -0.034791
v 0.119462 0.156647 -0.036979
v 0.095374 0.154388 -0.034969
v 0.076186 0.155005 -0.020878
v 0.067660 0.153744 -0.007747
v 0.063029 0.155504 0.013326
v 0.068422 0.156450 0.034050
v 0.074958 0.161121 0.031640
v 0.085994 0.162040 0.046137
v 0.098140 0.161751 0.053474
v 0.109891 0.173602 0.066566
v 0.093095 0.169292 0.066244
v 0.119127 0.162487 0.057173
v 0.135549 0.162487 0.049073
v 0.146644 0.163926 0.037092
v 0.163638 0.189761 0.025465
v 0.160123 0.183882 0.001817
v 0.149574 0.182213 -0.019151
v 0.136285 0.176275 -0.033563
v 0.120447 0.173070 -0.042503
v 0.109635 0.195785 -0.031481
v 0.086933 0.179803 -0.041005
v 0.090802 0.160175 -0.030088
v 0.071989 0.159571 -0.012720
v 0.056250 0.182975 -0.010762
v 0.065762 0.161515 0.009667
v 0.060362 0.182443 0.038511
v 0.074689 0.175645 0.060818
v 0.093646 0.187508 0.061548
v 0.121236 0.196941 0.066954
v 0.097745 0.195069 0.075940
v 0.115501 0.181701 0.074028
v 0.131115 0.178739 0.069135
v 0.153817 0.200173 0.054946
v 0.153522 0.204337 0.021793
v 0.145645 0.204915 0.001528
v 0.134597 0.201519 -0.014993
v 0.126524 0.217317 -0.023848
v 0.108886 0.210072 -0.030423
v 0.081619 0.205750 -0.027316
v 0.070058 0.186358 -0.032111
v 0.052703 0.207950 -0.001454
v 0.053813 0.183967 0.003853
v 0.056020 0.194392 0.028861
v 0.073395 0.199726 0.046308
v 0.082177 0.196172 0.056017
v 0.060132 0.217882 0.062467
v 0.079655 0.203628 0.073411
v 0.098094 0.217587 0.073529
v 0.083931 0.223853 0.070350
v 0.091518 0.221456 0.088368
v 0.110706 0.235395 0.099719
v 0.127621 0.242121 0.095436
v 0.119896 0.269343 0.106570
v 0.141120 0.254996 0.085445
v 0.095164 0.271675 0.108469
v 0.114982 0.287138 0.104659
v 0.135024 0.286008 0.090963
v 0.146151 0.262084 0.064884
v 0.133559 0.227052 0.074718
v 0.113261 0.216286 0.082548
v 0.116243 0.217633 0.071066
v 0.129486 0.211399 0.068235
v 0.134196 0.204515 0.056765
v 0.151176 0.208660 0.045841
v 0.153837 0.221541 0.022299
v 0.141606 0.231276 -0.007990
v 0.120060 0.229253 -0.020675
v 0.085225 0.225936 -0.015479
v 0.066603 0.223111 -0.004837
v 0.055744 0.225607 0.013148
v 0.048459 0.218900 0.023645
v 0.052118 0.225726 0.030181
v 0.053189 0.228622 0.047017
v 0.060099 0.233365 0.057028
v 0.072475 0.228281 0.063413
v 0.077014 0.231460 0.085458
v 0.087445 0.250608 0.103424
v 0.078124 0.274138 0.101979
v 0.091656 0.296906 0.100750
v 0.114378 0.303757 0.093741
v 0.135030 0.296511 0.079448
v 0.143176 0.277639 0.061876
v 0.126537 0.301865 0.072412
v 0.137671 0.286166 0.059255
v 0.139438 0.245826 0.055268
v 0.128829 0.224241 0.063433
v 0.144036 0.218460 0.052988
v 0.143425 0.229069 0.020006
v 0.129289 0.239875 -0.001612
v 0.116664 0.243475 -0.022179
v 0.087196 0.245872 -0.023493
v 0.064842 0.243672 -0.013508
v 0.058142 0.248263 0.006395
v 0.051908 0.235743 0.028447
v 0.049208 0.243862 0.035384
v 0.055994 0.245288 0.043950
v 0.056946 0.253847 0.054348
v 0.065597 0.247048 0.066481
v 0.066688 0.249189 0.083520
v 0.063495 0.267385 0.082095
v 0.072961 0.289989 0.090418
v 0.091413 0.304466 0.087685
v 0.112742 0.306811 0.080512
v 0.136758 0.306595 0.065239
v 0.143977 0.227558 0.043536
v 0.147761 0.235099 0.024742
v 0.145698 0.258813 0.027488
v 0.143918 0.248808 0.007446
v 0.131614 0.260567 -0.007813
v 0.110607 0.251180 -0.014500
v 0.091702 0.253952 -0.016845
v 0.071155 0.257144 -0.007366
v 0.093601 0.280621 -0.023105
v 0.080850 0.284668 -0.016267
v 0.081284 0.278795 -0.021548
v 0.065762 0.271484 -0.013705
v 0.052887 0.258603 0.005003
v 0.055304 0.256757 0.028611
v 0.056467 0.266886 0.016649
v 0.042147 0.291066 0.023645
v 0.047710 0.280694 0.057133
v 0.064612 0.278060 0.073851
v 0.073296 0.293687 0.080302
v 0.080568 0.311009 0.091942
v 0.051067 0.318497 0.080459
v 0.050824 0.348688 0.085103
v 0.050062 0.383279 0.089137
v 0.034546 0.405351 0.084900
v 0.034862 0.441847 0.095561
v 0.058260 0.447076 0.111215
v 0.042403 0.460595 0.103864
v 0.040485 0.454689 0.099424
v 0.027538 0.445513 0.105165
v 0.013152 0.454768 0.112909
v 0.039749 0.480452 0.102288
v 0.058812 0.495035 0.096553
v 0.058208 0.477746 0.103332
v 0.070820 0.459202 0.109651
v 0.075510 0.467624 0.100494
v 0.061400 0.450026 0.104961
v 0.073290 0.424762 0.107602
v 0.111041 0.426095 0.107280
v 0.133815 0.397094 0.100396
v 0.130294 0.393409 0.088151
v 0.139688 0.394617 0.072747
v 0.148733 0.357497 0.070823
v 0.148707 0.334217 0.064549
v 0.141080 0.321480 0.050669
v 0.145218 0.300781 0.039614
v 0.142203 0.275668 0.016932
v 0.118247 0.280608 -0.017489
v 0.096852 0.293273 -0.024656
v 0.077980 0.300683 -0.023250
v 0.066064 0.277074 -0.001284
v 0.052151 0.320790 -0.014001
v 0.041891 0.311180 0.017063
v 0.040800 0.305938 0.038826
v 0.056020 0.293069 0.070665
v 0.041017 0.329244 0.070994
v 0.029153 0.384015 0.072320
v 0.028917 0.429734 0.085025
v 0.019077 0.425320 0.087685
v 0.006057 0.434464 0.101670
v -0.005635 0.433636 0.088637
v -0.004965 0.410100 0.078147
v -0.033356 0.354376 0.091679
v -0.013360 0.359237 0.070264
v 0.000231 0.385762 0.051477
v -0.008171 0.340352 0.048298
v -0.018464 0.307068 0.042294
v -0.022780 0.311101 0.004773
v -0.027621 0.322931 -0.013305
v -0.045239 0.309084 -0.022928
v -0.084993 0.285443 -0.023421
v -0.097606 0.271872 -0.014408
v -0.114330 0.276483 0.005712
v -0.124058 0.283170 0.029531
v -0.122423 0.252467 0.041381
v -0.110513 0.324698 0.075112
v -0.121884 0.337074 0.073155
v -0.121155 0.364368 0.080446
v -0.118606 0.393730 0.074087
v -0.125109 0.396884 0.082509
v -0.114153 0.396489 0.097276
v -0.093822 0.427172 0.103365
v -0.085880 0.427061 0.098839
v -0.073229 0.423402 0.105579
v -0.052458 0.471092 0.103148
v -0.059664 0.475178 0.105756
v -0.059730 0.480117 0.095528
v -0.073242 0.487488 0.086634
v -0.073353 0.487915 0.095114
v -0.066535 0.504002 0.094044
v -0.064827 0.508784 0.086503
v -0.054974 0.509237 0.092060
v -0.029539 0.500264 0.109566
v -0.002173 0.493676 0.113455
v -0.000268 0.512600 0.110262
v -0.019633 0.515924 0.103194
v -0.002968 0.524575 0.116003
v -0.002607 0.553827 0.119064
v 0.000921 0.558747 0.121120
v -0.026255 0.555173 0.115195
v -0.040923 0.544880 0.104771
v -0.061122 0.543513 0.105322
v -0.068098 0.577698 0.104619
v -0.057950 0.600873 0.107011
v -0.043767 0.601037 0.106196
v -0.042539 0.617801 0.105316
v -0.040286 0.631359 0.103667
v -0.045022 0.644266 0.110866
v -0.051427 0.654107 0.105953
v -0.071468 0.641875 0.101598
v -0.059973 0.653942 0.113730
v -0.048241 0.666489 0.122047
v -0.051808 0.692042 0.118151
v -0.075659 0.684599 0.107050
v -0.075009 0.685578 0.094457
v -0.084948 0.710027 0.101552
v -0.085026 0.726522 0.091791
v -0.097724 0.736887 0.088053
v -0.099215 0.702769 0.086168
v -0.098190 0.689191 0.070199
v -0.100069 0.706152 0.080282
v -0.108641 0.691208 0.070750
v -0.117811 0.706789 0.074061
v -0.117811 0.704286 0.063643
v -0.134404 0.701166 0.061554
v -0.134667 0.704391 0.070527
v -0.117030 0.721923 0.082213
v -0.111374 0.748409 0.081044
v -0.100686 0.734982 0.083001
v -0.083509 0.747864 0.088519
v -0.072729 0.755701 0.086785
v -0.084008 0.772313 0.091134
v -0.060800 0.790660 0.083895
v -0.051538 0.777266 0.081517
v -0.049699 0.790167 0.071893
v -0.041560 0.800277 0.085320
v -0.027831 0.795252 0.095784
v 0.004290 0.872271 0.083501
v 0.011759 0.855974 0.109546
v 0.011595 0.877783 0.096757
v 0.019937 0.934991 0.094050
v 0.020121 0.935359 0.093958
v 0.017835 0.934019 0.093755
v 0.009210 0.946519 0.092362
v 0.021580 0.933808 0.094037
v 0.014702 0.927088 0.093505
v -0.007704 0.932810 0.086076
v -0.008808 0.942079 0.084624
v 0.000474 0.956931 0.069542
v 0.015300 0.965615 0.046229
v 0.030894 0.963585 0.058828
v 0.028470 0.950355 0.086246
v 0.032766 0.928389 0.088013
v 0.011312 0.914680 0.087435
v -0.010851 0.882387 0.095883
v -0.010148 0.908663 0.082049
v -0.005418 0.924421 0.073306
v -0.018845 0.932468 0.053448
v -0.017558 0.941573 0.066310
v -0.008571 0.961030 0.035160
v 0.029528 0.965214 0.035279
v 0.037627 0.953995 0.012419
v 0.048091 0.947169 0.025951
v 0.047658 0.944739 0.062296
v 0.042639 0.928658 0.060569
v 0.024582 0.915705 0.084525
v 0.031439 0.882959 0.097900
v 0.021021 0.875293 0.088263
v 0.027649 0.871759 0.078843
v 0.016889 0.869000 0.103378
v 0.020824 0.854384 0.105710
v 0.021172 0.849156 0.087935
v 0.001203 0.852525 0.086962
v -0.024514 0.864993 0.075244
v -0.016204 0.873861 0.077234
v -0.022366 0.880128 0.084493
v -0.025578 0.920487 0.061843
v -0.037488 0.922786 0.012373
v -0.023056 0.940351 0.031771
v -0.014871 0.941599 -0.004325
v -0.008742 0.954862 0.002572
v 0.022335 0.952359 -0.006361
v 0.036524 0.946197 0.001587
v 0.048860 0.939536 0.009956
v 0.048151 0.935267 0.040448
v 0.050529 0.919153 0.062244
v 0.045622 0.881179 0.087724
v 0.050555 0.873598 0.072196
v 0.048348 0.844932 0.070199
v 0.030513 0.849326 0.084624
v 0.026303 0.821212 0.093866
v -0.002870 0.821632 0.091685
v -0.015541 0.812337 0.079632
v -0.020172 0.840163 0.074948
v -0.032594 0.874203 0.064655
v -0.040956 0.877211 0.026641
v -0.049981 0.872606 0.006638
v -0.049771 0.878078 0.015703
v -0.040687 0.880653 0.013234
v -0.037987 0.894816 -0.004594
v -0.034696 0.926760 -0.001632
v -0.015732 0.927667 -0.023848
v 0.014144 0.941257 -0.019473
v 0.028694 0.923127 -0.032446
v 0.043986 0.932140 -0.017128
v 0.056933 0.927890 -0.004062
v 0.061742 0.924500 0.018903
v 0.059876 0.872698 0.058460
v 0.061919 0.848761 0.030306
v 0.044439 0.815608 0.076741
v 0.035768 0.806872 0.083796
v 0.012961 0.803450 0.089216
v -0.005760 0.804901 0.084539
v -0.015777 0.807785 0.065384
v -0.015515 0.812429 0.041887
v -0.029040 0.821507 0.050794
v -0.037579 0.839808 0.027724
v -0.046073 0.846108 0.017372
v -0.049857 0.858733 0.008813
v -0.035537 0.859942 0.011841
v -0.035609 0.872626 -0.009573
v -0.025388 0.900629 -0.025812
v -0.003513 0.912263 -0.037393
v 0.020069 0.897601 -0.040138
v 0.033055 0.896675 -0.037025
v 0.053609 0.901733 -0.020609
v 0.064257 0.895808 0.000352
v 0.067161 0.879484 0.020670
v 0.073152 0.874978 0.014002
v 0.074334 0.861374 0.009890
v 0.072160 0.845195 0.015303
v 0.061794 0.831965 0.029590
v 0.045037 0.810971 0.062336
v 0.013329 0.798457 0.051950
v -0.002127 0.803239 0.048489
v -0.034302 0.789274 0.041841
v -0.034886 0.788453 0.051142
v -0.022064 0.779756 0.060983
v -0.025578 0.803476 0.077024
v -0.041403 0.812042 0.059202
v -0.041816 0.798116 0.029058
v -0.042263 0.809657 0.015237
v -0.030117 0.823110 0.030037
v -0.034853 0.841792 0.017273
v -0.029303 0.850397 -0.009041
v -0.007093 0.852525 -0.027185
v -0.010923 0.881317 -0.035718
v 0.025823 0.873572 -0.035698
v 0.048328 0.872173 -0.022554
v 0.061111 0.876377 -0.008109
v 0.063706 0.872094 0.007827
v 0.058286 0.848098 0.012393
v 0.056178 0.833292 0.018574
v 0.050417 0.822841 0.032809
v 0.048315 0.814209 0.034655
v 0.033876 0.806084 0.045611
v 0.033502 0.791547 0.051904
v -0.013629 0.780091 0.058683
v 0.002372 0.774428 0.068977
v 0.030007 0.774560 0.067006
v 0.005111 0.794115 0.083395
v -0.010897 0.798411 0.082620
v -0.005642 0.792000 0.104554
v 0.026020 0.792815 0.103963
v -0.002108 0.783270 0.098405
v 0.021080 0.772878 0.098438
v -0.001779 0.771223 0.097151
v -0.003073 0.767754 0.094825
v -0.030971 0.753697 0.105368
v -0.023667 0.745841 0.114039
v -0.033146 0.747956 0.118756
v -0.026925 0.747470 0.129246
v -0.026478 0.744389 0.137142
v -0.009064 0.744330 0.128799
v 0.053104 0.744126 0.137812
v 0.054017 0.731350 0.141175
v 0.054719 0.699182 0.151403
v 0.027229 0.696830 0.151830
v 0.023912 0.693067 0.140768
v 0.028832 0.689362 0.130080
v 0.025475 0.679909 0.145511
v 0.024641 0.672519 0.132176
v 0.025948 0.641652 0.135486
v 0.026716 0.645580 0.118217
v 0.025600 0.638197 0.121561
v 0.024831 0.596912 0.126218
v 0.024903 0.568317 0.123111
v 0.025114 0.513927 0.121718
v 0.026303 0.522467 0.115136
v 0.027143 0.511287 0.106157
v 0.030119 0.501854 0.109697
v 0.042449 0.514696 0.101033
v 0.061098 0.521114 0.095200
v 0.057137 0.504265 0.107234
v 0.067864 0.498760 0.094753
v 0.064514 0.488729 0.106866
v 0.081304 0.472879 0.104225
v 0.087117 0.480610 0.092158
v 0.089258 0.445506 0.104193
v 0.100196 0.426371 0.102498
v 0.127502 0.426785 0.094017
v 0.150710 0.396890 0.075001
v 0.146565 0.395570 0.058848
v 0.148976 0.392679 0.050945
v 0.154395 0.350212 0.048994
v 0.153942 0.336457 0.032691
v 0.143727 0.325441 0.022174
v 0.144227 0.296768 0.015329
v 0.135740 0.297661 -0.002913
v 0.114870 0.304486 -0.017233
v 0.098606 0.306930 -0.022186
v 0.064507 0.311567 -0.020773
v 0.062963 0.331379 -0.019046
v 0.032773 0.351276 -0.001533
v 0.031019 0.334039 0.020775
v 0.030658 0.338532 0.047727
v 0.017349 0.403025 0.049894
v 0.019044 0.419986 0.067124
v 0.000526 0.420426 0.072189
v 0.000645 0.408307 0.069752
v 0.005400 0.387792 0.046984
v -0.006391 0.342355 0.022161
v -0.006929 0.356544 0.003295
v -0.029552 0.355651 -0.021207
v -0.040818 0.332601 -0.020084
v -0.049620 0.318800 -0.022645
v -0.075876 0.306503 -0.022324
v -0.097579 0.300794 -0.013942
v -0.117253 0.295710 0.001042
v -0.121083 0.326991 0.016282
v -0.121155 0.322005 0.044600
v -0.130548 0.335360 0.052331
v -0.131816 0.357819 0.055320
v -0.127093 0.394919 0.049316
v -0.132729 0.397094 0.061692
v -0.122981 0.426673 0.066041
v -0.113575 0.427310 0.083770
v -0.100102 0.427665 0.088782
v -0.081499 0.458867 0.093551
v -0.081479 0.499318 0.074074
v -0.088271 0.502892 0.079546
v -0.067934 0.518690 0.090923
v -0.047834 0.510998 0.102196
v -0.038525 0.519951 0.095548
v -0.028797 0.527262 0.111839
v -0.064486 0.543632 0.091226
v -0.076467 0.552881 0.095738
v -0.081893 0.573034 0.091278
v -0.071639 0.594875 0.094076
v -0.056925 0.604610 0.092684
v -0.060879 0.624521 0.094694
v -0.061319 0.640844 0.095673
v -0.071192 0.624757 0.070330
v -0.084619 0.630222 0.084795
v -0.075101 0.661194 0.098156
v -0.081643 0.671284 0.094819
v -0.083923 0.663907 0.071283
v -0.094407 0.688665 0.083540
v -0.102499 0.681893 0.059859
v -0.110461 0.686314 0.060385
v -0.133110 0.688317 0.062185
v -0.150616 0.651230 0.050906
v -0.159484 0.633270 0.046255
v -0.146386 0.620382 0.035121
v -0.157218 0.610365 0.045566
v -0.154991 0.581422 0.045125
v -0.147457 0.559147 0.036527
v -0.145906 0.552217 0.021110
v -0.149736 0.556507 -0.005632
v -0.154321 0.567963 -0.018895
v -0.172996 0.565605 -0.025398
v -0.175493 0.595499 -0.035816
v -0.198037 0.605563 -0.024051
v -0.199154 0.609780 -0.028564
v -0.194693 0.626715 -0.021923
v -0.203870 0.632127 0.008938
v -0.188742 0.668525 0.001423
v -0.194102 0.666325 0.021267
v -0.183769 0.695195 0.012997
v -0.171328 0.709075 0.031075
v -0.157369 0.714113 0.043575
v -0.149585 0.704115 0.054112
v -0.148370 0.705469 0.062612
v -0.147063 0.727934 0.063052
v -0.141814 0.732920 0.070672
v -0.145236 0.765856 0.047838
v -0.117273 0.763852 0.072452
v -0.091878 0.762420 0.080860
v -0.085000 0.769475 0.076084
v -0.091773 0.780971 0.064898
v -0.094820 0.792000 0.074751
v -0.068493 0.803594 0.084315
v -0.057963 0.793879 0.067959
v -0.054882 0.797932 0.059229
v -0.055677 0.808554 0.064503
v -0.062475 0.818985 0.044961
v -0.050540 0.827735 0.024755
v -0.041435 0.823261 -0.004561
v -0.037619 0.824759 -0.006572
v -0.022570 0.832615 -0.027231
v -0.000998 0.837227 -0.037439
v 0.009880 0.853228 -0.030725
v 0.034402 0.852499 -0.025608
v 0.053885 0.828306 -0.022343
v 0.054509 0.847441 -0.006657
v 0.066103 0.817448 -0.003635
v 0.070123 0.811194 0.008938
v 0.070754 0.804684 0.021727
v 0.067102 0.795836 0.031804
v 0.062569 0.790043 0.041729
v 0.053071 0.782994 0.054302
v 0.043047 0.777732 0.062086
v 0.038304 0.794831 0.077799
v 0.041293 0.799429 0.085971
v 0.051205 0.795968 0.096540
v 0.035111 0.784466 0.096422
v 0.038100 0.769495 0.094392
v 0.045017 0.744809 0.112331
v 0.028135 0.744685 0.112371
v 0.007069 0.749907 0.126132
v 0.052092 0.743253 0.130094
v 0.055278 0.724636 0.128615
v 0.075175 0.722055 0.130337
v 0.059850 0.714507 0.132714
v 0.061295 0.691405 0.137950
v 0.060605 0.678464 0.134153
v 0.028746 0.675199 0.132616
v 0.025987 0.669090 0.121922
v 0.044597 0.655926 0.113106
v 0.045241 0.638341 0.116430
v 0.054279 0.618707 0.117593
v 0.027275 0.621932 0.117797
v 0.028306 0.570104 0.120076
v 0.053399 0.551468 0.112752
v 0.045385 0.563181 0.117586
v 0.050515 0.563864 0.125351
v 0.078052 0.548749 0.116351
v 0.056145 0.582723 0.127558
v 0.065716 0.575832 0.123590
v 0.077678 0.562859 0.125068
v 0.081862 0.579484 0.126684
v 0.086637 0.561249 0.118427
v 0.090507 0.579892 0.119669
v 0.112617 0.573862 0.123420
v 0.105720 0.546667 0.110604
v 0.121774 0.541792 0.108902
v 0.132692 0.543211 0.103812
v 0.127555 0.572292 0.104698
v 0.139681 0.548388 0.084020
v 0.146217 0.522467 0.087928
v 0.141698 0.500678 0.087015
v 0.123482 0.512351 0.094162
v 0.119600 0.506393 0.083461
v 0.116611 0.499975 0.063269
v 0.114279 0.510170 0.069568
v 0.104032 0.537792 0.077812
v 0.098718 0.544610 0.097827
v 0.090250 0.548427 0.105808
v 0.076659 0.543014 0.099187
v 0.057110 0.527380 0.109408
v 0.076508 0.525856 0.089465
v 0.086611 0.519123 0.094727
v 0.082171 0.509290 0.088854
v 0.085317 0.501190 0.095305
v 0.100222 0.491482 0.092664
v 0.101752 0.491738 0.081044
v 0.122411 0.436165 0.087475
v 0.122766 0.427186 0.088611
v 0.141080 0.425609 0.075309
v 0.148805 0.425957 0.057593
v 0.157318 0.397856 0.044370
v 0.149790 0.395885 0.005541
v 0.144030 0.393159 0.014646
v 0.152497 0.373374 0.024282
v 0.144949 0.340234 0.006501
v 0.129007 0.333586 -0.010375
v 0.113642 0.345259 -0.025805
v 0.088247 0.336043 -0.027546
v 0.056789 0.357510 -0.025904
v 0.056670 0.370240 -0.024813
v 0.028096 0.385999 -0.004167
v 0.017165 0.387418 0.014055
v 0.012186 0.419493 0.039410
v 0.010885 0.418817 0.022791
v -0.001806 0.389553 -0.002098
v -0.028889 0.371869 -0.019959
v -0.052800 0.359737 -0.031750
v -0.070397 0.347453 -0.030719
v -0.086485 0.341817 -0.027270
v -0.103741 0.325631 -0.015682
v -0.111092 0.334519 -0.006059
v -0.132499 0.342139 0.028486
v -0.130122 0.373111 0.024966
v -0.126003 0.395458 0.024190
v -0.120124 0.392115 0.007433
v -0.126476 0.396746 0.005095
v -0.134247 0.397278 0.027271
v -0.128394 0.424696 0.038629
v -0.123901 0.428585 0.040350
v -0.116248 0.427810 0.066257
v -0.106073 0.445394 0.078265
v -0.086182 0.515241 0.061239
v -0.092515 0.520253 0.071197
v -0.073905 0.520549 0.075611
v -0.062679 0.526067 0.086916
v -0.060551 0.533588 0.093735
v -0.080573 0.542791 0.072728
v -0.073327 0.557932 0.073884
v -0.068979 0.592793 0.079336
v -0.070700 0.614253 0.077188
v -0.079568 0.617269 0.056910
v -0.088738 0.605464 0.036849
v -0.098164 0.613708 0.057416
v -0.089716 0.656117 0.076781
v -0.093697 0.658521 0.053593
v -0.097816 0.655985 0.038563
v -0.098269 0.671048 0.048587
v -0.135061 0.624803 0.045132
v -0.124945 0.623069 0.037433
v -0.138333 0.612270 0.030648
v -0.142156 0.585088 0.034655
v -0.135357 0.581915 0.016157
v -0.140100 0.569776 0.004444
v -0.142294 0.585265 -0.014947
v -0.133524 0.607422 -0.018139
v -0.153907 0.595637 -0.031520
v -0.177056 0.609123 -0.035915
v -0.183152 0.613892 -0.037255
v -0.167045 0.649154 -0.038404
v -0.178547 0.656557 -0.027165
v -0.183599 0.663382 -0.017876
v -0.193399 0.674089 -0.013613
v -0.184538 0.697836 -0.005323
v -0.181851 0.697533 0.000063
v -0.167472 0.722561 0.018305
v -0.159970 0.722810 0.047431
v -0.160502 0.746925 0.040954
v -0.150262 0.776110 0.026233
v -0.138168 0.786587 0.030825
v -0.114271 0.780649 0.059649
v -0.098197 0.793143 0.047674
v -0.096679 0.804487 0.062999
v -0.099780 0.816285 0.049119
v -0.077558 0.818315 0.059629
v -0.072821 0.811707 0.049139
v -0.061641 0.807253 0.042229
v -0.060938 0.826257 0.028112
v -0.059579 0.834041 0.000418
v -0.048615 0.833719 -0.003057
v -0.034735 0.841884 -0.026199
v -0.029914 0.830769 -0.024839
v -0.011514 0.833811 -0.038969
v 0.031170 0.836714 -0.036874
v 0.037384 0.834625 -0.038516
v 0.049780 0.829075 -0.031973
v 0.062228 0.822250 -0.015157
v 0.072974 0.833528 0.000332
v 0.072383 0.821317 0.036343
v 0.082696 0.828661 0.019159
v 0.082782 0.816725 0.051202
v 0.062983 0.810084 0.061666
v 0.069447 0.804001 0.081766
v 0.055678 0.786344 0.088624
v 0.067332 0.773397 0.082055
v 0.059968 0.763761 0.092454
v 0.055770 0.747923 0.108443
v 0.055626 0.748928 0.123492
v 0.062891 0.742064 0.120496
v 0.077822 0.739265 0.121561
v 0.061479 0.713476 0.120069
v 0.062352 0.674562 0.127821
v 0.069453 0.666509 0.123472
v 0.068028 0.658711 0.110104
v 0.076298 0.650986 0.103910
v 0.060382 0.626826 0.110341
v 0.050266 0.612913 0.114263
v 0.049701 0.586737 0.117219
v 0.068718 0.594199 0.116450
v 0.086907 0.596209 0.114768
v 0.097739 0.592983 0.106255
v 0.115770 0.589029 0.108935
v 0.122766 0.575326 0.088532
v 0.128691 0.557623 0.073536
v 0.138091 0.527834 0.058191
v 0.158021 0.494825 0.060457
v 0.156905 0.487205 0.073076
v 0.136456 0.480334 0.074849
v 0.120677 0.487967 0.062736
v 0.138926 0.427225 0.067998
v 0.148280 0.427514 0.033880
v 0.143222 0.416189 0.003091
v 0.137021 0.397737 0.004287
v 0.126583 0.409864 -0.013016
v 0.136633 0.363310 -0.008404
v 0.112072 0.364854 -0.025877
v 0.084220 0.353161 -0.032059
v 0.060224 0.378983 -0.034102
v 0.040353 0.394348 -0.025437
v 0.045444 0.411847 -0.029227
v 0.028838 0.421609 -0.022179
v 0.015339 0.420026 0.007308
v 0.006156 0.422837 -0.003826
v -0.010470 0.399261 -0.020432
v -0.044759 0.398401 -0.035041
v -0.035359 0.378957 -0.032873
v -0.081400 0.361050 -0.029372
v -0.111571 0.365622 -0.011505
v -0.125392 0.355066 0.009562
v -0.114389 0.396897 0.002730
v -0.118711 0.426069 0.003768
v -0.118337 0.452279 0.025557
v -0.120662 0.447004 0.045033
v -0.112064 0.464865 0.054394
v -0.093224 0.523774 0.043391
v -0.098992 0.528070 0.044698
v -0.098328 0.531841 0.043273
v -0.089460 0.535506 0.042071
v -0.081473 0.529633 0.063577
v -0.090091 0.548033 0.052758
v -0.085723 0.557413 0.051425
v -0.087851 0.582723 0.055432
v -0.091740 0.592077 0.009660
v -0.104739 0.597890 0.029912
v -0.099314 0.639340 0.043523
v -0.102276 0.643353 0.028165
v -0.125891 0.605504 0.017083
v -0.123645 0.607599 0.000214
v -0.125123 0.616684 -0.022251
v -0.145046 0.610581 -0.028925
v -0.165199 0.615193 -0.043193
v -0.151575 0.649515 -0.044434
v -0.162013 0.649719 -0.047495
v -0.184538 0.658718 -0.035612
v -0.175092 0.699222 -0.027671
v -0.168339 0.723441 -0.005494
v -0.172707 0.726962 0.017444
v -0.171315 0.748350 0.015316
v -0.152541 0.776195 0.006875
v -0.135225 0.792847 0.005765
v -0.122863 0.800342 0.019284
v -0.101567 0.801965 0.023520
v -0.100831 0.806951 0.042918
v -0.084961 0.817960 0.044291
v -0.088797 0.834106 0.022108
v -0.073833 0.830638 0.025990
v -0.068486 0.814557 0.026549
v -0.063014 0.819491 0.005206
v -0.059815 0.824483 -0.005947
v -0.055040 0.837706 -0.017922
v -0.015456 0.846311 -0.043127
v 0.019464 0.849261 -0.048001
v 0.033318 0.848722 -0.046234
v 0.045425 0.845287 -0.039600
v 0.060579 0.841674 -0.025109
v 0.081711 0.837594 -0.008890
v 0.085114 0.820883 -0.002243
v 0.084936 0.810163 0.036205
v 0.077940 0.810511 0.065830
v 0.068593 0.792985 0.077030
v 0.079819 0.781273 0.078607
v 0.083248 0.788886 0.088086
v 0.074544 0.778258 0.104416
v 0.068573 0.763531 0.116181
v 0.080003 0.756811 0.116305
v 0.087656 0.742793 0.109172
v 0.091669 0.724656 0.103214
v 0.107132 0.727717 0.102117
v 0.110824 0.744888 0.090483
v 0.118963 0.751437 0.088316
v 0.121466 0.733163 0.089183
v 0.122924 0.724361 0.079343
v 0.141198 0.721437 0.082095
v 0.137934 0.706657 0.074889
v 0.146000 0.689611 0.061048
v 0.155512 0.678241 0.055189
v 0.158619 0.683437 0.061291
v 0.182562 0.648149 0.057199
v 0.189414 0.638249 0.045047
v 0.194912 0.651427 0.039870
v 0.177051 0.646861 0.051110
v 0.140187 0.669609 0.053731
v 0.119968 0.700916 0.073253
v 0.119843 0.696384 0.083087
v 0.101358 0.674891 0.082128
v 0.100695 0.675278 0.099259
v 0.094080 0.688869 0.112128
v 0.078249 0.689749 0.118224
v 0.081468 0.654153 0.113717
v 0.094638 0.645048 0.102458
v 0.090329 0.639268 0.093709
v 0.076219 0.629861 0.091718
v 0.073559 0.603034 0.100080
v 0.084174 0.600485 0.088309
v 0.095177 0.595618 0.089505
v 0.105405 0.575379 0.080295
v 0.111645 0.557571 0.072380
v 0.115829 0.526375 0.059104
v 0.098652 0.549261 0.081221
v 0.093601 0.548007 0.081267
v 0.091354 0.528773 0.081274
v 0.097502 0.515478 0.080932
v 0.108492 0.508298 0.080978
v 0.111284 0.519373 0.064444
v 0.116894 0.510413 0.057192
v 0.132416 0.502767 0.044981
v 0.146316 0.499279 0.044968
v 0.123955 0.487415 0.056792
v 0.136167 0.467538 0.043634
v 0.141547 0.449704 0.024742
v 0.136351 0.431639 0.002553
v 0.109812 0.450498 -0.027112
v 0.099447 0.393967 -0.034752
v 0.083248 0.398283 -0.037255
v 0.058549 0.411138 -0.040007
v 0.038383 0.433722 -0.040749
v 0.010840 0.429150 -0.021141
v -0.004098 0.424308 -0.024393
v -0.036896 0.411972 -0.040454
v -0.033192 0.426325 -0.038253
v -0.069018 0.392791 -0.035961
v -0.088764 0.398040 -0.027277
v -0.106362 0.401705 -0.009271
v -0.109167 0.446616 0.000562
v -0.105048 0.490969 0.020164
v -0.101238 0.507529 0.007847
v -0.094545 0.530258 0.013601
v -0.103459 0.536215 0.015789
v -0.091805 0.546568 0.020919
v -0.094525 0.558280 0.022305
v -0.092318 0.566675 0.023645
v -0.088015 0.594902 -0.011071
v -0.104917 0.590960 -0.004154
v -0.106776 0.592241 0.013674
v -0.101941 0.636023 0.008169
v -0.112471 0.621670 0.002336
v -0.102742 0.651978 -0.025871
v -0.137617 0.621505 -0.038470
v -0.116412 0.687844 -0.046589
v -0.145059 0.662186 -0.048303
v -0.149539 0.665418 -0.051121
v -0.153553 0.694459 -0.044888
v -0.159346 0.719966 -0.029989
v -0.162591 0.734240 -0.029241
v -0.163110 0.754400 -0.011505
v -0.142543 0.776071 -0.019052
v -0.123264 0.775348 -0.043213
v -0.123126 0.794161 -0.014599
v -0.102145 0.802825 -0.007563
v -0.102756 0.807654 -0.030384
v -0.103229 0.811168 0.016879
v -0.089460 0.813671 0.019678
v -0.094019 0.819504 -0.003760
v -0.094485 0.840189 0.000424
v -0.073426 0.852558 0.000983
v -0.073610 0.838967 0.003354
v -0.071159 0.829390 -0.028341
v -0.054323 0.828247 -0.026429
v -0.030242 0.835190 -0.054320
v 0.017146 0.838238 -0.061146
v 0.043927 0.835670 -0.066736
v 0.063817 0.833955 -0.061139
v 0.067121 0.833903 -0.048599
v 0.080003 0.827636 -0.023132
v 0.093088 0.824503 -0.011176
v 0.091006 0.814669 0.015539
v 0.088470 0.808488 0.043339
v 0.082683 0.799134 0.058486
v 0.085849 0.788545 0.083829
v 0.094119 0.762769 0.111287
v 0.091387 0.753158 0.093801
v 0.105805 0.768740 0.077989
v 0.120684 0.758919 0.080683
v 0.137671 0.755990 0.076557
v 0.163204 0.734404 0.070941
v 0.155880 0.704936 0.066947
v 0.163309 0.704864 0.057744
v 0.200528 0.654954 0.048581
v 0.208858 0.658941 0.039700
v 0.206447 0.656695 0.025649
v 0.210487 0.635688 0.039253
v 0.173754 0.449421 0.108383
v 0.181209 0.454125 0.099220
v 0.185085 0.456266 0.108541
v 0.197448 0.470770 0.094044
v 0.181761 0.430404 0.048285
v 0.190130 0.428493 0.040383
v 0.205869 0.430069 0.047812
v 0.175797 0.422509 0.058112
v 0.177800 0.413352 0.058125
v 0.176703 0.419920 0.073266
v 0.171901 0.413765 0.077149
v 0.174759 0.407564 0.081760
v 0.199050 0.417753 0.084289
v 0.185932 0.419204 0.092848
v 0.191542 0.421136 0.104074
v 0.209712 0.433433 0.096441
v 0.215637 0.424138 0.087935
v 0.209225 0.425754 0.078147
v 0.215137 0.423816 0.068793
v 0.209843 0.421497 0.064825
v 0.225221 0.445756 0.066638
v 0.217653 0.442721 0.057554
v 0.204982 0.436369 0.062769
v 0.191089 0.429104 0.060575
v 0.175251 0.422804 0.083816
v 0.188967 0.429629 0.092894
v 0.198223 0.439890 0.110407
v 0.211459 0.434070 0.108081
v 0.216011 0.448961 0.091922
v 0.222396 0.446984 0.083908
v 0.231730 0.457829 0.077963
v 0.229720 0.450623 0.045644
v 0.219637 0.443956 0.041585
v 0.190938 0.439305 0.043148
v 0.206335 0.439285 0.058381
v 0.205363 0.434149 0.073628
v 0.207504 0.445710 0.085130
v 0.199589 0.450137 0.099345
v 0.208483 0.453330 0.105795
v 0.222580 0.464805 0.099535
v 0.225983 0.483789 0.081701
v 0.227874 0.492349 0.063886
v 0.234745 0.492158 0.060161
v 0.226528 0.485484 0.046137
v 0.216248 0.482587 0.030845
v 0.210763 0.471158 0.029721
v 0.196981 0.480177 0.032448
v 0.210795 0.452528 0.043240
v 0.210408 0.453047 0.054887
v 0.204516 0.460713 0.074468
v 0.189828 0.469588 0.086969
v 0.172676 0.459380 0.096546
v 0.172217 0.457415 0.108489
v 0.187325 0.470547 0.107332
v 0.204273 0.486653 0.097742
v 0.217962 0.500665 0.078436
v 0.229661 0.500251 0.072636
v 0.234246 0.520187 0.058513
v 0.234857 0.513514 0.038445
v 0.234194 0.484840 0.041059
v 0.225352 0.485175 0.027035
v 0.209541 0.494286 0.026220
v 0.192403 0.496842 0.032572
v 0.195411 0.482187 0.054887
v 0.185229 0.484873 0.064254
v 0.178220 0.473634 0.087744
v 0.179948 0.486765 0.091784
v 0.190012 0.499193 0.090490
v 0.202755 0.506143 0.084716
v 0.189762 0.512771 0.079645
v 0.217824 0.508850 0.084177
v 0.220957 0.520982 0.071158
v 0.223907 0.528681 0.074311
v 0.218967 0.554405 0.066973
v 0.223861 0.548348 0.062112
v 0.230640 0.579163 0.046531
v 0.237761 0.530980 0.063689
v 0.242582 0.530520 0.050164
v 0.243535 0.511582 0.025281
v 0.224373 0.494017 0.016144
v 0.218244 0.489091 0.016367
v 0.210625 0.491593 0.014817
v 0.190307 0.499436 0.019494
v 0.179896 0.506406 0.033499
v 0.185755 0.502346 0.055268
v 0.186865 0.511983 0.069929
v 0.194964 0.523091 0.071145
v 0.200344 0.531827 0.079618
v 0.215761 0.580450 0.055583
v 0.212484 0.583669 0.050551
v 0.218645 0.609307 0.033426
v 0.227940 0.581935 0.039811
v 0.236421 0.575156 0.039043
v 0.241754 0.560330 0.020768
v 0.241570 0.546739 0.002986
v 0.226311 0.542587 -0.008667
v 0.208956 0.535677 -0.011945
v 0.192593 0.537503 -0.009403
v 0.188113 0.544210 -0.005383
v 0.176585 0.543625 0.003558
v 0.175225 0.530382 0.022870
v 0.177794 0.514006 0.053796
v 0.183397 0.528346 0.072898
v 0.193473 0.576712 0.058027
v 0.183699 0.582578 0.050775
v 0.197421 0.593174 0.050945
v 0.198558 0.604972 0.042452
v 0.212293 0.617866 0.042636
v 0.219578 0.631825 0.032316
v 0.214283 0.622845 0.032021
v 0.231080 0.621643 0.020801
v 0.224754 0.613715 0.019481
v 0.230541 0.604203 0.024591
v 0.235264 0.572561 0.028414
v 0.233510 0.554293 0.004674
v 0.225142 0.548723 -0.006466
v 0.210047 0.542239 -0.010204
v 0.195878 0.549642 -0.016858
v 0.174108 0.555331 -0.008995
v 0.165897 0.557571 0.015112
v 0.170778 0.558944 0.039430
v 0.179153 0.559095 0.053606
v 0.176171 0.595164 0.041296
v 0.180421 0.609721 0.045506
v 0.178963 0.616566 0.034983
v 0.179278 0.625841 0.035298
v 0.165569 0.630216 0.048009
v 0.123101 0.675317 0.052239
v 0.121255 0.675876 0.066349
v 0.116355 0.657430 0.051385
v 0.107073 0.663914 0.068767
v 0.108328 0.664538 0.085031
v 0.096734 0.664794 0.099548
v 0.104603 0.631648 0.088808
v 0.092622 0.626800 0.075073
v 0.094080 0.586704 0.078009
v 0.095276 0.558490 0.076919
v 0.109425 0.524989 0.060740
v 0.108072 0.545307 0.056141
v 0.120034 0.528188 0.047819
v 0.116178 0.520982 0.044173
v 0.123101 0.497334 0.047963
v 0.127378 0.489833 0.020985
v 0.121860 0.466829 -0.007806
v 0.101253 0.470619 -0.040953
v 0.091190 0.438491 -0.039324
v 0.069637 0.435081 -0.043193
v 0.041897 0.454111 -0.056666
v 0.011457 0.446373 -0.042878
v -0.024146 0.434930 -0.044717
v -0.061214 0.427567 -0.039816
v -0.070030 0.440829 -0.038693
v -0.083686 0.446465 -0.029845
v -0.097448 0.465870 -0.014106
v -0.094315 0.505145 -0.015834
v -0.088179 0.532780 -0.007793
v -0.096193 0.537332 -0.012313
v -0.087082 0.546936 -0.003215
v -0.087253 0.564737 -0.008273
v -0.079607 0.603461 -0.028203
v -0.100220 0.597319 -0.023742
v -0.100516 0.642440 -0.013108
v -0.096686 0.666377 -0.037609
v -0.111840 0.672388 -0.042503
v -0.109147 0.685440 -0.056147
v -0.119716 0.699780 -0.052212
v -0.135863 0.707150 -0.049105
v -0.145519 0.713187 -0.050097
v -0.143969 0.739055 -0.051213
v -0.123080 0.751575 -0.059444
v -0.100719 0.772123 -0.056225
v -0.100312 0.789281 -0.038779
v -0.101357 0.800494 -0.047121
v -0.091628 0.806563 -0.049978
v -0.093723 0.815891 -0.020878
v -0.100358 0.825054 -0.005875
v -0.091477 0.853944 0.000845
v -0.069149 0.856112 -0.019079
v -0.064059 0.829495 -0.043055
v -0.051926 0.831991 -0.055483
v -0.023785 0.836149 -0.065139
v 0.015083 0.840564 -0.069114
v 0.045267 0.858595 -0.058045
v 0.081507 0.833515 -0.052606
v 0.093601 0.830296 -0.039206
v 0.096891 0.823182 0.030989
v 0.099611 0.820804 0.043463
v 0.097942 0.818676 0.058703
v 0.093942 0.804080 0.080157
v 0.117419 0.790778 0.075999
v 0.108131 0.777621 0.086266
v 0.112079 0.775105 0.070849
v 0.140660 0.776589 0.063019
v 0.166567 0.766802 0.050794
v 0.181255 0.739633 0.048922
v 0.173195 0.712812 0.059984
v 0.175205 0.713824 0.048988
v 0.197191 0.707932 0.026325
v 0.215676 0.663080 0.026247
v 0.213101 0.662548 0.014449
v 0.215814 0.658396 0.000214
v 0.223362 0.634196 0.005811
v 0.232105 0.621683 -0.009304
v 0.226928 0.612999 -0.006473
v 0.234325 0.603185 0.002684
v 0.235869 0.576410 -0.001586
v 0.223894 0.560376 -0.016596
v 0.217174 0.580450 -0.023598
v 0.201881 0.569802 -0.025661
v 0.188763 0.568574 -0.024426
v 0.177038 0.572193 -0.021062
v 0.159998 0.579287 0.002342
v 0.161857 0.583669 0.028480
v 0.157811 0.595033 0.028381
v 0.158882 0.608913 0.025005
v 0.144023 0.614542 0.023580
v 0.152838 0.619909 0.038596
v 0.120684 0.666509 0.046446
v 0.121078 0.653272 0.035075
v 0.115258 0.652143 0.070573
v 0.115258 0.621203 0.069351
v 0.100807 0.619850 0.060989
v 0.121039 0.613623 0.056141
v 0.109359 0.607402 0.040461
v 0.113550 0.595112 0.021885
v 0.110187 0.583886 0.053277
v 0.107474 0.560389 0.054631
v 0.114608 0.554372 0.038222
v 0.113248 0.541004 0.029846
v 0.121925 0.539007 0.024059
v 0.118168 0.527814 0.020643
v 0.120375 0.508541 -0.006545
v 0.098750 0.509217 -0.041189
v 0.081120 0.485497 -0.058531
v 0.076029 0.462001 -0.056810
v 0.045884 0.477877 -0.065724
v 0.012810 0.465029 -0.054866
v -0.027306 0.458309 -0.059444
v -0.027306 0.480190 -0.066867
v -0.057995 0.463722 -0.055174
v -0.074496 0.476840 -0.047239
v -0.080671 0.491107 -0.040651
v -0.077117 0.531992 -0.027414
v -0.079600 0.534521 -0.035435
v -0.075357 0.547652 -0.030338
v -0.077485 0.565683 -0.030042
v -0.062265 0.565900 -0.049368
v -0.070621 0.596511 -0.046550
v -0.069445 0.615784 -0.044053
v -0.088876 0.610266 -0.047384
v -0.095399 0.625762 -0.031908
v -0.084731 0.645495 -0.050898
v -0.096785 0.650100 -0.043686
v -0.092909 0.687174 -0.061750
v -0.106625 0.702460 -0.063747
v -0.117871 0.715427 -0.057020
v -0.127225 0.714317 -0.061842
v -0.102697 0.753480 -0.067064
v -0.098112 0.778849 -0.066368
v -0.091878 0.791080 -0.069567
v -0.097671 0.811956 -0.064226
v -0.097947 0.822552 -0.045768
v -0.082727 0.861052 -0.031152
v -0.053417 0.859140 -0.035540
v -0.028528 0.861393 -0.051312
v -0.000012 0.861774 -0.057763
v 0.049569 0.861361 -0.053263
v 0.085632 0.864908 -0.057539
v 0.082880 0.859252 -0.035218
v 0.096570 0.854844 -0.013199
v 0.098409 0.852834 -0.000528
v 0.098205 0.843920 -0.000804
v 0.096629 0.834284 0.018797
v 0.113642 0.832904 0.026352
v 0.114535 0.821803 0.047188
v 0.123101 0.811943 0.052266
v 0.123797 0.811483 0.050821
v 0.124704 0.811621 0.049034
v 0.124691 0.811595 0.050965
v 0.121393 0.801926 0.064674
v 0.119075 0.787579 0.057613
v 0.124678 0.800973 0.038635
v 0.151893 0.796112 0.027022
v 0.177991 0.771735 0.025570
v 0.195825 0.747897 0.017983
v 0.196745 0.726541 0.021326
v 0.186845 0.719007 0.031042
v 0.191726 0.718534 0.000300
v 0.201021 0.702210 -0.000180
v 0.216156 0.674372 0.008649
v 0.209298 0.668637 -0.010217
v 0.219854 0.627706 -0.015545
v 0.223289 0.615252 -0.023618
v 0.214770 0.593745 -0.030653
v 0.187003 0.592990 -0.034706
v 0.165070 0.592944 -0.021726
v 0.155374 0.596636 -0.012227
v 0.150552 0.610319 -0.009830
v 0.147656 0.604492 0.008878
v 0.129355 0.635773 0.015579
v 0.125026 0.645166 0.026733
v 0.126037 0.606029 0.040238
v 0.129821 0.592714 0.017911
v 0.111001 0.592458 -0.004535
v 0.113885 0.565572 0.019625
v 0.115133 0.558090 0.006152
v 0.109806 0.546785 -0.007806
v 0.119521 0.537023 -0.007445
v 0.112118 0.531887 -0.003143
v 0.100261 0.531644 -0.025680
v 0.083563 0.529298 -0.046530
v 0.071240 0.505848 -0.061599
v 0.054220 0.495666 -0.066821
v 0.010373 0.500422 -0.064279
v -0.026531 0.503976 -0.066433
v -0.058061 0.501341 -0.059582
v -0.052760 0.527702 -0.053296
v -0.055118 0.532156 -0.054780
v -0.050645 0.556204 -0.053690
v -0.044122 0.570019 -0.063300
v -0.048878 0.587820 -0.063182
v -0.055125 0.602081 -0.064397
v -0.057674 0.622412 -0.062899
v -0.064078 0.625197 -0.061730
v -0.083752 0.621499 -0.058919
v -0.075810 0.655841 -0.058603
v -0.074030 0.652944 -0.063110
v -0.085775 0.666128 -0.063182
v -0.106132 0.655217 -0.066158
v -0.105751 0.603862 -0.067202
v -0.107748 0.584779 -0.081345
v -0.107321 0.689059 -0.066729
v -0.105889 0.724781 -0.066775
v -0.105442 0.726357 -0.077830
v -0.098256 0.742425 -0.071216
v -0.093421 0.770073 -0.077463
v -0.098263 0.794726 -0.077515
v -0.072197 0.809453 -0.093780
v -0.083489 0.829718 -0.063234
v -0.082957 0.846075 -0.053749
v -0.072414 0.863784 -0.047942
v -0.055453 0.865308 -0.059641
v -0.034440 0.865256 -0.069462
v -0.001471 0.863022 -0.076057
v 0.042666 0.863896 -0.073981
v 0.065157 0.864612 -0.067800
v 0.099933 0.863430 -0.045945
v 0.111290 0.859252 -0.025897
v 0.116677 0.854476 -0.000962
v 0.114976 0.842212 0.000129
v 0.126011 0.826020 -0.002854
v 0.115403 0.821658 -0.000725
v 0.113294 0.812850 0.017884
v 0.113123 0.810662 0.041434
v 0.124139 0.807857 0.041683
v 0.127332 0.804028 0.005975
v 0.156983 0.794805 0.004845
v 0.175041 0.777384 -0.000075
v 0.193578 0.742491 -0.009534
v 0.191404 0.721812 -0.009987
v 0.199852 0.712996 -0.005146
v 0.215926 0.683279 -0.008266
v 0.213765 0.669005 -0.023204
v 0.203865 0.658015 -0.023381
v 0.194360 0.651243 -0.033136
v 0.210841 0.614562 -0.033655
v 0.198925 0.611685 -0.039731
v 0.192028 0.605799 -0.036545
v 0.170279 0.609865 -0.031323
v 0.148431 0.616447 -0.022724
v 0.143675 0.612881 -0.003839
v 0.129059 0.638670 -0.007150
v 0.125315 0.638144 -0.005566
v 0.128061 0.591466 -0.003484
v 0.107901 0.597720 -0.016031
v 0.107809 0.563989 -0.015065
v 0.094638 0.559154 -0.032985
v 0.102863 0.533332 -0.034115
v 0.078965 0.530639 -0.053375
v 0.045273 0.521771 -0.061704
v -0.028922 0.523833 -0.061093
v -0.019121 0.532392 -0.063221
v -0.027063 0.559055 -0.062847
v -0.025414 0.555331 -0.066250
v -0.046888 0.567818 -0.065382
v -0.075423 0.631109 -0.064620
v -0.102644 0.544722 -0.069068
v -0.110573 0.551455 -0.095507
v -0.105166 0.529594 -0.101084
v -0.109837 0.539506 -0.119819
v -0.101002 0.528944 -0.137489
v -0.106191 0.556139 -0.148196
v -0.112767 0.577067 -0.118071
v -0.113423 0.631930 -0.092072
v -0.104536 0.665096 -0.121848
v -0.101948 0.715151 -0.106241
v -0.100135 0.766519 -0.085930
v -0.067087 0.759721 -0.119188
v -0.057483 0.807568 -0.105426
v -0.050487 0.838232 -0.082389
v -0.010168 0.822545 -0.100940
v 0.053018 0.818505 -0.105085
v 0.087859 0.835913 -0.078080
v 0.109064 0.846430 -0.055155
v 0.119823 0.840084 -0.001960
v 0.124093 0.825009 -0.023887
v 0.118831 0.819813 -0.014585
v 0.116697 0.813185 -0.041531
v 0.126681 0.813690 0.002080
v 0.125781 0.801223 -0.010973
v 0.141862 0.794378 -0.017128
v 0.147018 0.779972 -0.038017
v 0.168906 0.763169 -0.031927
v 0.176736 0.734752 -0.044264
v 0.168912 0.714777 -0.051075
v 0.177084 0.717949 -0.034391
v 0.195267 0.700903 -0.029917
v 0.205324 0.656820 -0.038444
v 0.166265 0.671140 -0.049709
v 0.181387 0.652110 -0.048119
v 0.176230 0.649154 -0.044428
v 0.169996 0.615883 -0.040723
v 0.134393 0.642867 -0.026173
v 0.123600 0.653003 -0.024018
v 0.120428 0.644549 -0.035323
v 0.121544 0.597989 -0.027566
v 0.099867 0.608230 -0.032906
v 0.096891 0.595309 -0.040066
v 0.079169 0.622110 -0.063261
v 0.094165 0.565309 -0.039652
v 0.077934 0.558267 -0.051516
v 0.047822 0.545845 -0.066788
v 0.052808 0.557466 -0.062840
v 0.043723 0.532386 -0.063425
v -0.014529 0.533765 -0.066604
v -0.025210 0.527196 -0.068910
v -0.083404 0.531676 -0.068345
v -0.089552 0.524352 -0.076116
v -0.094164 0.516726 -0.106011
v -0.086537 0.517678 -0.144031
v -0.072421 0.518992 -0.158772
v -0.086196 0.532833 -0.165695
v -0.096443 0.559574 -0.161235
v -0.084849 0.549445 -0.172790
v -0.073997 0.593089 -0.171469
v -0.105955 0.620179 -0.135137
v -0.091884 0.711801 -0.112258
v -0.082622 0.704398 -0.124673
v -0.057115 0.697881 -0.144347
v -0.036962 0.790437 -0.119681
v -0.030748 0.813270 -0.108691
v 0.067253 0.809940 -0.110162
v 0.093509 0.810229 -0.096217
v 0.120034 0.820561 -0.061067
v 0.120408 0.818551 -0.053296
v 0.117294 0.793866 -0.069015
v 0.116756 0.798188 -0.059746
v 0.126701 0.804645 -0.048901
v 0.124198 0.793846 -0.029477
v 0.125203 0.770205 -0.060180
v 0.149383 0.752140 -0.058965
v 0.145350 0.721004 -0.063806
v 0.158974 0.707498 -0.057520
v 0.165050 0.708970 -0.046228
v 0.154408 0.690958 -0.051824
v 0.153403 0.681387 -0.047003
v 0.138006 0.668433 -0.044388
v 0.120552 0.666758 -0.033399
v 0.115245 0.670831 -0.054912
v 0.104649 0.653811 -0.057533
v 0.109300 0.613137 -0.049946
v 0.089974 0.619692 -0.049427
v 0.083537 0.626570 -0.064732
v 0.074275 0.592274 -0.063872
v 0.069618 0.569079 -0.063464
v 0.035716 0.532405 -0.067287
v 0.027117 0.514978 -0.073153
v -0.055847 0.515570 -0.074625
v -0.072657 0.510682 -0.088525
v -0.079325 0.510039 -0.119628
v -0.054080 0.508804 -0.140688
v -0.034650 0.516246 -0.160283
v -0.060873 0.532780 -0.180705
v -0.066200 0.554056 -0.182466
v -0.044464 0.589574 -0.179076
v -0.062456 0.646034 -0.160545
v -0.022668 0.724328 -0.140051
v 0.068790 0.783809 -0.121165
v 0.098967 0.774264 -0.109276
v 0.115810 0.784958 -0.088630
v 0.124901 0.788157 -0.080038
v 0.120855 0.770960 -0.075860
v 0.124159 0.745703 -0.070638
v 0.129447 0.724610 -0.066118
v 0.145475 0.703386 -0.053900
v 0.128337 0.684080 -0.049900
v 0.125978 0.690971 -0.061776
v 0.112039 0.677735 -0.062768
v 0.102646 0.658107 -0.064023
v 0.132757 0.628692 -0.066296
v 0.098895 0.624074 -0.064515
v 0.096484 0.530566 -0.067819
v 0.104084 0.522046 -0.072201
v 0.069243 0.511924 -0.076878
v -0.013137 0.506150 -0.089214
v -0.023174 0.504186 -0.124207
v 0.064553 0.512200 -0.153372
v 0.066162 0.531860 -0.181296
v -0.047131 0.537004 -0.183917
v -0.045777 0.545701 -0.186092
v 0.058956 0.611678 -0.174957
v 0.079648 0.697179 -0.145043
v 0.088273 0.701514 -0.140537
v 0.110272 0.696850 -0.125836
v 0.115790 0.708976 -0.114005
v 0.127391 0.727875 -0.102588
v 0.127667 0.751037 -0.085345
v 0.131214 0.705048 -0.063300
v 0.133480 0.667395 -0.066138
v 0.131733 0.610608 -0.067307
v 0.131240 0.548414 -0.069140
v 0.119278 0.521849 -0.082553
v 0.089607 0.507884 -0.091855
v 0.091085 0.507326 -0.131051
v 0.095703 0.520811 -0.163028
v 0.098343 0.532852 -0.177040
v 0.087288 0.545392 -0.184870
v 0.095446 0.599526 -0.173026
v 0.104308 0.610535 -0.164572
v 0.119771 0.631300 -0.141778
v 0.132239 0.634912 -0.130802
v 0.131759 0.674707 -0.118492
v 0.137796 0.656012 -0.080918
v 0.137999 0.553584 -0.096414
v 0.132357 0.531617 -0.094082
v 0.116368 0.513218 -0.112895
v 0.116184 0.522303 -0.150456
v 0.119521 0.537825 -0.160802
v 0.115632 0.553984 -0.168960
v 0.132580 0.586796 -0.143598
v 0.140364 0.588911 -0.110116
v 0.137526 0.546726 -0.122945
v 0.129571 0.528950 -0.133836
v 0.131759 0.555114 -0.148222
vt 0.398774 0.682410
vt 0.398216 0.681595
vt 0.398449 0.681492
vt 0.397912 0.680232
vt 0.395331 0.676825
vt 0.269018 0.579431
vt 0.261052 0.579052
vt 0.259109 0.572206
vt 0.253259 0.578763
vt 0.263176 0.593671
vt 0.254227 0.586933
vt 0.258976 0.596512
vt 0.544863 0.097299
vt 0.541988 0.091272
vt 0.546716 0.085169
vt 0.211240 0.894807
vt 0.210748 0.893426
vt 0.215895 0.891933
vt 0.589322 0.074069
vt 0.594266 0.067665
vt 0.591054 0.080452
vt 0.238258 0.889789
vt 0.242329 0.898132
vt 0.238889 0.898899
vt 0.247245 0.901754
vt 0.589360 0.054502
vt 0.595140 0.053855
vt 0.588615 0.069057
vt 0.597439 0.059251
vt 0.583461 0.079120
vt 0.584128 0.082517
vt 0.234299 0.880988
vt 0.234213 0.888714
vt 0.234173 0.896452
vt 0.229765 0.892080
vt 0.223319 0.891084
vt 0.231307 0.895873
vt 0.232366 0.900043
vt 0.240466 0.903364
vt 0.242521 0.908085
vt 0.235755 0.909211
vt 0.587174 0.051795
vt 0.585246 0.055680
vt 0.584270 0.063876
vt 0.581620 0.069967
vt 0.575596 0.080519
vt 0.576463 0.090045
vt 0.220321 0.882062
vt 0.219309 0.884410
vt 0.212247 0.887295
vt 0.216755 0.891525
vt 0.217212 0.900141
vt 0.222640 0.894359
vt 0.225277 0.904255
vt 0.580529 0.051587
vt 0.578545 0.054657
vt 0.577248 0.059773
vt 0.575835 0.058014
vt 0.574397 0.058772
vt 0.574101 0.059857
vt 0.575736 0.067337
vt 0.571382 0.073589
vt 0.560450 0.080856
vt 0.557930 0.083588
vt 0.560615 0.092605
vt 0.204355 0.876966
vt 0.200320 0.883188
vt 0.202976 0.889433
vt 0.209550 0.890034
vt 0.209549 0.894063
vt 0.207795 0.896103
vt 0.213980 0.898017
vt 0.205292 0.907145
vt 0.219072 0.906893
vt 0.575424 0.048575
vt 0.571194 0.055285
vt 0.566779 0.067731
vt 0.559241 0.075809
vt 0.552863 0.071142
vt 0.547095 0.074692
vt 0.542769 0.080088
vt 0.534352 0.082142
vt 0.522743 0.096551
vt 0.532318 0.101371
vt 0.546588 0.101721
vt 0.548671 0.094391
vt 0.558495 0.095837
vt 0.199702 0.877990
vt 0.193073 0.883085
vt 0.192683 0.888837
vt 0.198710 0.893070
vt 0.202749 0.900148
vt 0.194919 0.905288
vt 0.202069 0.915314
vt 0.555276 0.056483
vt 0.563036 0.059316
vt 0.554725 0.063560
vt 0.546741 0.068332
vt 0.543942 0.063332
vt 0.535930 0.071068
vt 0.525763 0.079908
vt 0.523121 0.088050
vt 0.519841 0.090013
vt 0.519262 0.097576
vt 0.140205 0.857232
vt 0.146430 0.848879
vt 0.144236 0.864360
vt 0.152660 0.862365
vt 0.510544 0.100083
vt 0.520226 0.104293
vt 0.523389 0.103497
vt 0.156612 0.862564
vt 0.167414 0.865307
vt 0.165301 0.869766
vt 0.184081 0.870307
vt 0.181168 0.875731
vt 0.189556 0.869746
vt 0.187510 0.875663
vt 0.182377 0.883092
vt 0.182150 0.889478
vt 0.178949 0.893911
vt 0.185168 0.894280
vt 0.187778 0.909355
vt 0.547306 0.057332
vt 0.541232 0.050135
vt 0.542707 0.057331
vt 0.523082 0.061291
vt 0.523309 0.067914
vt 0.525272 0.072534
vt 0.522834 0.077755
vt 0.515760 0.074391
vt 0.516208 0.082318
vt 0.507217 0.093970
vt 0.504457 0.098830
vt 0.504619 0.107424
vt 0.501244 0.106920
vt 0.136515 0.850784
vt 0.138386 0.870330
vt 0.152278 0.873468
vt 0.176546 0.881105
vt 0.175632 0.885055
vt 0.175365 0.888801
vt 0.178602 0.898676
vt 0.179197 0.905172
vt 0.153954 0.902820
vt 0.522391 0.049613
vt 0.521400 0.055306
vt 0.519117 0.052068
vt 0.520363 0.060086
vt 0.521428 0.067896
vt 0.512743 0.068430
vt 0.507369 0.070110
vt 0.504050 0.077003
vt 0.504109 0.086795
vt 0.499699 0.086912
vt 0.496022 0.090448
vt 0.499358 0.099259
vt 0.496616 0.105154
vt 0.131232 0.845659
vt 0.127105 0.848390
vt 0.125246 0.842196
vt 0.480382 0.104031
vt 0.492618 0.113372
vt 0.484419 0.111091
vt 0.118657 0.844735
vt 0.119899 0.833072
vt 0.114812 0.835287
vt 0.113396 0.846930
vt 0.105911 0.845612
vt 0.206383 0.842938
vt 0.209204 0.850040
vt 0.203129 0.853255
vt 0.234959 0.674556
vt 0.244408 0.672501
vt 0.244768 0.679609
vt 0.212450 0.861558
vt 0.205777 0.863883
vt 0.198073 0.861536
vt 0.242530 0.664559
vt 0.233756 0.671366
vt 0.160655 0.603741
vt 0.167547 0.604158
vt 0.160294 0.612544
vt 0.173316 0.613297
vt 0.173774 0.605197
vt 0.178206 0.612612
vt 0.189767 0.604861
vt 0.188019 0.622941
vt 0.199334 0.623520
vt 0.220071 0.636312
vt 0.218897 0.642630
vt 0.212809 0.637058
vt 0.210153 0.621018
vt 0.199758 0.629984
vt 0.211510 0.630997
vt 0.208198 0.638600
vt 0.223283 0.648992
vt 0.219680 0.652253
vt 0.225646 0.652354
vt 0.222696 0.659262
vt 0.220695 0.664983
vt 0.212759 0.656759
vt 0.209686 0.660556
vt 0.221567 0.673190
vt 0.226469 0.671561
vt 0.232235 0.663644
vt 0.229005 0.657805
vt 0.232327 0.647968
vt 0.235949 0.642086
vt 0.228149 0.634741
vt 0.230803 0.627611
vt 0.226510 0.625018
vt 0.224723 0.620217
vt 0.217209 0.621604
vt 0.215814 0.618024
vt 0.207615 0.611053
vt 0.202033 0.611506
vt 0.191772 0.604396
vt 0.155446 0.581882
vt 0.149678 0.577406
vt 0.153721 0.572870
vt 0.149974 0.567451
vt 0.341496 0.602595
vt 0.336070 0.605702
vt 0.333630 0.599440
vt 0.313873 0.612075
vt 0.283973 0.649855
vt 0.286213 0.638953
vt 0.299183 0.638867
vt 0.324248 0.624676
vt 0.314362 0.630341
vt 0.304046 0.626624
vt 0.306359 0.635477
vt 0.297828 0.620765
vt 0.291615 0.618629
vt 0.279486 0.632193
vt 0.276808 0.648020
vt 0.688204 0.041889
vt 0.693612 0.047490
vt 0.685274 0.045190
vt 0.691206 0.065234
vt 0.682773 0.065280
vt 0.679326 0.056566
vt 0.670091 0.048312
vt 0.670101 0.063634
vt 0.662010 0.055853
vt 0.668326 0.067158
vt 0.673402 0.070381
vt 0.681421 0.073865
vt 0.691262 0.075400
vt 0.697039 0.061270
vt 0.705195 0.057699
vt 0.695196 0.045183
vt 0.685442 0.033441
vt 0.004059 0.744247
vt 0.011934 0.740234
vt 0.018160 0.749267
vt 0.031616 0.742768
vt 0.738526 0.001000
vt 0.720538 0.006430
vt 0.708586 0.003202
vt 0.703799 0.016464
vt 0.729374 0.040043
vt 0.736053 0.029922
vt 0.742868 0.024260
vt 0.747559 0.020684
vt 0.748573 0.014650
vt 0.749216 0.003218
vt 0.763099 0.025067
vt 0.005569 0.758783
vt 0.013235 0.753578
vt 0.031826 0.754491
vt 0.041320 0.749274
vt 0.049947 0.735419
vt 0.691545 0.023996
vt 0.721298 0.045426
vt 0.732451 0.047802
vt 0.744074 0.034050
vt 0.757501 0.028967
vt 0.764512 0.030957
vt 0.008244 0.760590
vt 0.024461 0.771027
vt 0.026198 0.764344
vt 0.038241 0.762906
vt 0.042641 0.755556
vt 0.667950 0.013789
vt 0.675786 0.013569
vt 0.671686 0.027070
vt 0.657570 0.046720
vt 0.658763 0.064666
vt 0.666416 0.072106
vt 0.675561 0.073938
vt 0.686120 0.077190
vt 0.697293 0.079612
vt 0.708802 0.056658
vt 0.712325 0.054727
vt 0.726726 0.061420
vt 0.744767 0.042835
vt 0.021030 0.773792
vt 0.034747 0.779490
vt 0.037538 0.772725
vt 0.041215 0.766103
vt 0.655320 0.019070
vt 0.655803 0.010560
vt 0.663981 0.013299
vt 0.043743 0.758072
vt 0.655999 0.033239
vt 0.653363 0.047088
vt 0.654081 0.059350
vt 0.656209 0.072782
vt 0.663384 0.083319
vt 0.663279 0.076895
vt 0.676034 0.081759
vt 0.698186 0.083219
vt 0.706841 0.086701
vt 0.718579 0.083046
vt 0.037734 0.791343
vt 0.039432 0.780007
vt 0.041224 0.776027
vt 0.640384 0.011400
vt 0.651003 0.003671
vt 0.646431 0.017959
vt 0.647654 0.023046
vt 0.653809 0.025701
vt 0.653579 0.030607
vt 0.646264 0.034126
vt 0.639834 0.039284
vt 0.629043 0.048753
vt 0.625363 0.047471
vt 0.626481 0.058619
vt 0.630425 0.061226
vt 0.632745 0.072131
vt 0.635991 0.080963
vt 0.644360 0.091762
vt 0.668687 0.088375
vt 0.670789 0.084172
vt 0.686241 0.087023
vt 0.697262 0.093026
vt 0.706759 0.095900
vt 0.044967 0.803334
vt 0.046969 0.793631
vt 0.638438 0.006342
vt 0.624011 0.005289
vt 0.634530 0.010407
vt 0.640398 0.017628
vt 0.630538 0.028484
vt 0.633867 0.036121
vt 0.625598 0.038507
vt 0.281126 0.022283
vt 0.284737 0.021102
vt 0.283716 0.027947
vt 0.289077 0.025827
vt 0.293766 0.023036
vt 0.294716 0.906492
vt 0.293298 0.914132
vt 0.278983 0.906059
vt 0.281006 0.915640
vt 0.290646 0.924908
vt 0.630512 0.073638
vt 0.636145 0.085554
vt 0.277780 0.936177
vt 0.288717 0.935389
vt 0.286050 0.945672
vt 0.644939 0.095694
vt 0.659063 0.103675
vt 0.658628 0.101530
vt 0.676343 0.089442
vt 0.686641 0.091345
vt 0.678308 0.108317
vt 0.685975 0.112110
vt 0.697533 0.119748
vt 0.615212 0.003561
vt 0.623051 0.016771
vt 0.626119 0.022412
vt 0.625149 0.033067
vt 0.277244 0.024992
vt 0.277270 0.030299
vt 0.289081 0.033744
vt 0.278154 0.891906
vt 0.270747 0.899132
vt 0.269621 0.907635
vt 0.263944 0.909330
vt 0.268515 0.915980
vt 0.276519 0.924132
vt 0.276616 0.930810
vt 0.270705 0.939685
vt 0.265699 0.932198
vt 0.260839 0.947078
vt 0.269151 0.948867
vt 0.278753 0.948953
vt 0.282445 0.957609
vt 0.277519 0.957929
vt 0.280233 0.965350
vt 0.669650 0.106921
vt 0.683508 0.114129
vt 0.690627 0.121549
vt 0.613097 0.009702
vt 0.621217 0.019439
vt 0.263827 0.024717
vt 0.270943 0.034801
vt 0.280954 0.041041
vt 0.291193 0.043495
vt 0.267401 0.891073
vt 0.289473 0.050172
vt 0.297065 0.048489
vt 0.261696 0.894890
vt 0.260115 0.905951
vt 0.261578 0.920884
vt 0.260250 0.930210
vt 0.256901 0.939458
vt 0.254409 0.951894
vt 0.262554 0.957194
vt 0.271176 0.960047
vt 0.268988 0.966416
vt 0.262020 0.974743
vt 0.273989 0.978406
vt 0.268964 0.987267
vt 0.250439 0.978828
vt 0.253360 0.040060
vt 0.246478 0.036451
vt 0.260973 0.033450
vt 0.254937 0.022641
vt 0.266413 0.033319
vt 0.271973 0.041305
vt 0.280846 0.048104
vt 0.283486 0.053835
vt 0.274585 0.052144
vt 0.277451 0.058073
vt 0.268439 0.058552
vt 0.272658 0.064659
vt 0.281054 0.066806
vt 0.285033 0.064933
vt 0.290671 0.063419
vt 0.296295 0.072014
vt 0.292972 0.057121
vt 0.296642 0.057868
vt 0.296428 0.053480
vt 0.303686 0.053908
vt 0.258786 0.902152
vt 0.249974 0.911810
vt 0.243691 0.918589
vt 0.251149 0.916206
vt 0.253466 0.923436
vt 0.251385 0.929668
vt 0.249344 0.940365
vt 0.250148 0.946969
vt 0.249733 0.955054
vt 0.256098 0.964051
vt 0.249913 0.972457
vt 0.242040 0.975270
vt 0.250707 0.044849
vt 0.259398 0.043155
vt 0.260822 0.047661
vt 0.270671 0.048824
vt 0.262856 0.056493
vt 0.264663 0.072068
vt 0.272612 0.077076
vt 0.282117 0.079530
vt 0.291311 0.077366
vt 0.299611 0.086792
vt 0.299576 0.066814
vt 0.301282 0.057929
vt 0.253919 0.898801
vt 0.248734 0.907167
vt 0.241012 0.914250
vt 0.237448 0.921874
vt 0.240999 0.922929
vt 0.246925 0.930260
vt 0.245451 0.940429
vt 0.244135 0.950732
vt 0.242380 0.961998
vt 0.246058 0.966978
vt 0.238582 0.972824
vt 0.251619 0.048297
vt 0.261609 0.052289
vt 0.255048 0.055565
vt 0.255710 0.064512
vt 0.256445 0.078049
vt 0.259621 0.086770
vt 0.264138 0.088547
vt 0.273955 0.090725
vt 0.284212 0.089113
vt 0.291027 0.091323
vt 0.270118 0.659789
vt 0.265816 0.649902
vt 0.295369 0.797956
vt 0.295870 0.792389
vt 0.303521 0.795095
vt 0.284592 0.784358
vt 0.319318 0.790964
vt 0.320485 0.787093
vt 0.304007 0.785138
vt 0.302573 0.777722
vt 0.280221 0.777368
vt 0.306322 0.768832
vt 0.289627 0.767731
vt 0.297489 0.758514
vt 0.314004 0.753594
vt 0.300016 0.750459
vt 0.301013 0.739958
vt 0.233967 0.930179
vt 0.239761 0.938958
vt 0.238182 0.951645
vt 0.239152 0.961970
vt 0.238099 0.970851
vt 0.249317 0.049496
vt 0.249675 0.071159
vt 0.254040 0.084679
vt 0.258651 0.091212
vt 0.264849 0.094763
vt 0.275163 0.095665
vt 0.276892 0.667429
vt 0.284018 0.663033
vt 0.286713 0.656593
vt 0.289985 0.661601
vt 0.306351 0.662371
vt 0.312295 0.653773
vt 0.315104 0.646409
vt 0.312280 0.640718
vt 0.329702 0.629239
vt 0.327818 0.619855
vt 0.335171 0.613701
vt 0.337865 0.609583
vt 0.342838 0.607956
vt 0.347802 0.610677
vt 0.349174 0.606640
vt 0.133119 0.590814
vt 0.131348 0.578456
vt 0.135872 0.588972
vt 0.140498 0.580597
vt 0.134138 0.567948
vt 0.008122 0.202607
vt 0.007930 0.196967
vt 0.015223 0.194470
vt 0.027186 0.147002
vt 0.023282 0.144708
vt 0.031381 0.140692
vt 0.018647 0.132257
vt 0.022133 0.128631
vt 0.029980 0.128046
vt 0.026448 0.123304
vt 0.012269 0.126718
vt 0.013090 0.138946
vt 0.006966 0.146940
vt 0.014163 0.154986
vt 0.019185 0.164619
vt 0.025796 0.167069
vt 0.021050 0.156424
vt 0.030702 0.161861
vt 0.029132 0.155697
vt 0.034585 0.144221
vt 0.037891 0.138929
vt 0.038501 0.131058
vt 0.033603 0.119209
vt 0.024055 0.112288
vt 0.943733 0.303070
vt 0.957549 0.308229
vt 0.936557 0.309307
vt 0.962039 0.310917
vt 0.981458 0.302176
vt 0.946038 0.291185
vt 0.944991 0.297816
vt 0.938698 0.300366
vt 0.932206 0.295160
vt 0.922557 0.286408
vt 0.915844 0.279178
vt 0.918801 0.294171
vt 0.936294 0.314094
vt 0.522636 0.036586
vt 0.533036 0.045910
vt 0.516998 0.039677
vt 0.517538 0.045583
vt 0.509282 0.042080
vt 0.510991 0.046933
vt 0.986667 0.256796
vt 0.982310 0.268674
vt 0.978691 0.258274
vt 0.956437 0.225849
vt 0.966304 0.227848
vt 0.951369 0.230398
vt 0.961136 0.247753
vt 0.948233 0.240583
vt 0.947923 0.249984
vt 0.961037 0.251755
vt 0.971045 0.247742
vt 0.978459 0.246684
vt 0.974505 0.243772
vt 0.971290 0.234618
vt 0.973690 0.222050
vt 0.957470 0.214000
vt 0.952072 0.217066
vt 0.948452 0.215802
vt 0.944260 0.222885
vt 0.937876 0.236113
vt 0.944069 0.254626
vt 0.947797 0.268781
vt 0.947379 0.280894
vt 0.987852 0.287162
vt 0.935610 0.285442
vt 0.926523 0.280106
vt 0.922499 0.269864
vt 0.918818 0.268507
vt 0.474434 0.007690
vt 0.478874 0.014127
vt 0.475353 0.012928
vt 0.478627 0.024180
vt 0.479450 0.031548
vt 0.483247 0.023897
vt 0.909701 0.279166
vt 0.910468 0.295293
vt 0.503602 0.024917
vt 0.494354 0.034034
vt 0.497144 0.042667
vt 0.992504 0.271331
vt 0.992370 0.239399
vt 0.982653 0.227760
vt 0.975008 0.216368
vt 0.958619 0.209266
vt 0.946728 0.212894
vt 0.940464 0.224547
vt 0.932515 0.234764
vt 0.931428 0.264441
vt 0.915980 0.250903
vt 0.463079 0.008631
vt 0.464413 0.023965
vt 0.463599 0.032920
vt 0.471042 0.032831
vt 0.482424 0.035669
vt 0.475234 0.047724
vt 0.456560 0.050967
vt 0.985477 0.214433
vt 0.968324 0.207796
vt 0.954664 0.204243
vt 0.945801 0.206430
vt 0.936094 0.217355
vt 0.927406 0.239291
vt 0.918452 0.243855
vt 0.910917 0.235025
vt 0.913899 0.243584
vt 0.907620 0.246888
vt 0.899173 0.251263
vt 0.897389 0.250593
vt 0.460913 0.024024
vt 0.459805 0.034553
vt 0.995912 0.207364
vt 0.994221 0.202949
vt 0.999000 0.195305
vt 0.994491 0.196959
vt 0.993361 0.193549
vt 0.992349 0.210821
vt 0.463463 0.037878
vt 0.978756 0.205469
vt 0.964397 0.201779
vt 0.950178 0.200585
vt 0.941760 0.204646
vt 0.932281 0.216495
vt 0.925621 0.231425
vt 0.921467 0.237431
vt 0.900535 0.227403
vt 0.896079 0.230443
vt 0.891348 0.234087
vt 0.883846 0.238382
vt 0.879893 0.240528
vt 0.874672 0.242639
vt 0.886389 0.253757
vt 0.876646 0.247454
vt 0.870662 0.241840
vt 0.992951 0.186215
vt 0.984945 0.185291
vt 0.975267 0.183214
vt 0.978788 0.181532
vt 0.963305 0.179640
vt 0.953816 0.179234
vt 0.945073 0.180211
vt 0.945798 0.182168
vt 0.933729 0.187452
vt 0.923526 0.194546
vt 0.918195 0.200447
vt 0.911219 0.209116
vt 0.905331 0.218158
vt 0.902904 0.216081
vt 0.897586 0.223491
vt 0.892781 0.228292
vt 0.402473 0.019717
vt 0.396400 0.018166
vt 0.404281 0.012049
vt 0.395534 0.011240
vt 0.884915 0.234415
vt 0.876688 0.235779
vt 0.868704 0.236083
vt 0.989284 0.181049
vt 0.417583 0.006551
vt 0.426071 0.002781
vt 0.430893 0.013887
vt 0.305783 0.023553
vt 0.312330 0.003162
vt 0.314085 0.017213
vt 0.324973 0.002558
vt 0.321959 0.014968
vt 0.329355 0.010346
vt 0.332023 0.001513
vt 0.335658 0.009088
vt 0.338254 0.002173
vt 0.337272 0.024894
vt 0.346159 0.015623
vt 0.350494 0.004429
vt 0.930263 0.186290
vt 0.918751 0.196170
vt 0.361613 0.020484
vt 0.361254 0.008204
vt 0.370841 0.010775
vt 0.910381 0.205562
vt 0.380960 0.010666
vt 0.379515 0.022710
vt 0.389034 0.010829
vt 0.389832 0.020706
vt 0.395889 0.026578
vt 0.410755 0.029440
vt 0.401329 0.031458
vt 0.405581 0.024054
vt 0.410480 0.020238
vt 0.411255 0.008928
vt 0.422959 0.024089
vt 0.433305 0.023570
vt 0.309546 0.030934
vt 0.317582 0.029167
vt 0.325635 0.025639
vt 0.330899 0.032667
vt 0.338045 0.030144
vt 0.348080 0.030344
vt 0.351900 0.020299
vt 0.362375 0.032317
vt 0.366861 0.022898
vt 0.375460 0.028304
vt 0.384689 0.031350
vt 0.390113 0.030501
vt 0.386213 0.042209
vt 0.394798 0.036200
vt 0.402098 0.041224
vt 0.395813 0.044582
vt 0.402067 0.048114
vt 0.410740 0.053739
vt 0.417538 0.054550
vt 0.415837 0.066234
vt 0.425594 0.058153
vt 0.406433 0.067855
vt 0.414742 0.072483
vt 0.424474 0.070444
vt 0.433579 0.059492
vt 0.419338 0.045057
vt 0.409355 0.043880
vt 0.410522 0.039366
vt 0.414755 0.035665
vt 0.417531 0.030062
vt 0.425608 0.027764
vt 0.434473 0.031493
vt 0.310959 0.040205
vt 0.323868 0.039466
vt 0.334347 0.038309
vt 0.347726 0.038803
vt 0.356186 0.037970
vt 0.365351 0.040824
vt 0.370730 0.039557
vt 0.373251 0.042835
vt 0.379451 0.045408
vt 0.383845 0.048181
vt 0.389850 0.046008
vt 0.396511 0.051675
vt 0.402411 0.061074
vt 0.399014 0.068743
vt 0.404351 0.077181
vt 0.415734 0.078808
vt 0.428442 0.073497
vt 0.437850 0.062821
vt 0.427933 0.078097
vt 0.441491 0.065019
vt 0.430062 0.047335
vt 0.418999 0.039628
vt 0.423120 0.033764
vt 0.434440 0.034853
vt 0.315052 0.044342
vt 0.326134 0.046102
vt 0.334613 0.043789
vt 0.345555 0.045496
vt 0.354298 0.045438
vt 0.361063 0.049263
vt 0.371120 0.046236
vt 0.373523 0.050095
vt 0.377625 0.051930
vt 0.380786 0.056253
vt 0.386515 0.054532
vt 0.391760 0.058120
vt 0.390001 0.065386
vt 0.394514 0.074168
vt 0.402250 0.081303
vt 0.417528 0.082298
vt 0.018165 0.110685
vt 0.023163 0.103869
vt 0.028024 0.101965
vt 0.023566 0.094954
vt 0.012955 0.072910
vt 0.427030 0.036877
vt 0.468102 0.838412
vt 0.470130 0.836670
vt 0.479971 0.838927
vt 0.468537 0.830174
vt 0.463402 0.831818
vt 0.455936 0.828194
vt 0.454869 0.838007
vt 0.450349 0.827211
vt 0.336212 0.048528
vt 0.344163 0.049548
vt 0.352746 0.051384
vt 0.342357 0.056236
vt 0.348353 0.059004
vt 0.347936 0.057051
vt 0.353242 0.055309
vt 0.361957 0.052759
vt 0.370803 0.054575
vt 0.424779 0.820939
vt 0.424670 0.825854
vt 0.415898 0.812541
vt 0.413105 0.821805
vt 0.420627 0.830761
vt 0.411108 0.827993
vt 0.386162 0.069228
vt 0.391809 0.076889
vt 0.405870 0.827288
vt 0.401366 0.831565
vt 0.399128 0.826573
vt 0.009760 0.116907
vt 0.007242 0.121103
vt 0.398918 0.815265
vt 0.389544 0.808684
vt 0.001316 0.144719
vt 0.008271 0.158588
vt 0.009928 0.169153
vt 0.020583 0.179587
vt 0.033695 0.178976
vt 0.030699 0.185348
vt 0.026370 0.182733
vt 0.021197 0.184730
vt 0.019082 0.192211
vt 0.030298 0.198765
vt 0.033646 0.192453
vt 0.045210 0.194512
vt 0.040541 0.188425
vt 0.039976 0.180283
vt 0.045225 0.179186
vt 0.033467 0.176254
vt 0.030514 0.167717
vt 0.043127 0.157145
vt 0.044485 0.140870
vt 0.044894 0.135116
vt 0.051339 0.131642
vt 0.045330 0.116240
vt 0.042053 0.107820
vt 0.041365 0.100541
vt 0.466358 0.813586
vt 0.472857 0.816226
vt 0.465752 0.819469
vt 0.458563 0.823409
vt 0.444801 0.818281
vt 0.444058 0.828490
vt 0.436860 0.816892
vt 0.436171 0.812438
vt 0.432464 0.814414
vt 0.429170 0.806915
vt 0.427776 0.816124
vt 0.357073 0.058033
vt 0.417238 0.798319
vt 0.411742 0.804656
vt 0.408879 0.809745
vt 0.407531 0.821496
vt 0.396994 0.808551
vt 0.380003 0.793479
vt 0.001000 0.163544
vt 0.013783 0.178000
vt 0.011783 0.181728
vt 0.012584 0.188741
vt 0.006976 0.190586
vt 0.321508 0.598896
vt 0.303238 0.601426
vt 0.276657 0.626044
vt 0.326989 0.796462
vt 0.335384 0.786347
vt 0.351571 0.779233
vt 0.330667 0.777402
vt 0.313992 0.775422
vt 0.318358 0.760885
vt 0.324661 0.752872
vt 0.315961 0.747093
vt 0.299272 0.734796
vt 0.289276 0.733290
vt 0.291247 0.729694
vt 0.279054 0.722393
vt 0.288672 0.718394
vt 0.286063 0.707244
vt 0.271455 0.707218
vt 0.232040 0.967070
vt 0.245370 0.058738
vt 0.258253 0.102453
vt 0.289243 0.680142
vt 0.296871 0.678702
vt 0.306994 0.670595
vt 0.318933 0.665687
vt 0.322147 0.661031
vt 0.318274 0.653369
vt 0.331711 0.640910
vt 0.334447 0.636116
vt 0.333977 0.626606
vt 0.347191 0.617928
vt 0.350562 0.618574
vt 0.351227 0.622599
vt 0.355180 0.629758
vt 0.355717 0.624081
vt 0.358934 0.618122
vt 0.360177 0.615349
vt 0.359695 0.611188
vt 0.135358 0.603397
vt 0.141612 0.589000
vt 0.146659 0.578618
vt 0.153375 0.584752
vt 0.149408 0.590217
vt 0.159121 0.587228
vt 0.170248 0.593480
vt 0.172886 0.593467
vt 0.165518 0.599330
vt 0.155892 0.601262
vt 0.152644 0.611546
vt 0.161887 0.621638
vt 0.172597 0.623747
vt 0.177622 0.620834
vt 0.183255 0.624910
vt 0.188287 0.627765
vt 0.193562 0.631818
vt 0.194980 0.636840
vt 0.188496 0.644404
vt 0.196118 0.641744
vt 0.203443 0.638916
vt 0.210401 0.647126
vt 0.203442 0.655797
vt 0.201664 0.660784
vt 0.210684 0.668425
vt 0.215596 0.675603
vt 0.216696 0.683018
vt 0.204433 0.675858
vt 0.195809 0.675315
vt 0.204101 0.678842
vt 0.196210 0.680057
vt 0.201640 0.686711
vt 0.197259 0.687753
vt 0.197929 0.695241
vt 0.200576 0.694354
vt 0.207885 0.690082
vt 0.218652 0.692320
vt 0.215549 0.685466
vt 0.223607 0.680862
vt 0.228534 0.679654
vt 0.234566 0.685502
vt 0.245144 0.687635
vt 0.220084 0.854048
vt 0.213264 0.852370
vt 0.218736 0.844533
vt 0.213619 0.836440
vt 0.205149 0.836212
vt 0.760210 0.950334
vt 0.751176 0.952508
vt 0.753895 0.944512
vt 0.458525 0.896663
vt 0.458224 0.896621
vt 0.458914 0.896314
vt 0.451303 0.893071
vt 0.459439 0.897350
vt 0.462341 0.897043
vt 0.447911 0.887447
vt 0.445009 0.890753
vt 0.435997 0.899415
vt 0.434992 0.908771
vt 0.444124 0.907787
vt 0.453309 0.899469
vt 0.462876 0.903520
vt 0.467580 0.895790
vt 0.763632 0.944733
vt 0.758764 0.931327
vt 0.768752 0.936129
vt 0.770995 0.930326
vt 0.767488 0.925177
vt 0.783687 0.930725
vt 0.778589 0.925996
vt 0.769882 0.922538
vt 0.777420 0.917174
vt 0.792562 0.920102
vt 0.419982 0.911286
vt 0.437032 0.913560
vt 0.438996 0.924481
vt 0.445684 0.922145
vt 0.454607 0.911291
vt 0.461058 0.914430
vt 0.468748 0.904403
vt 0.752620 0.929668
vt 0.745801 0.940153
vt 0.746539 0.944617
vt 0.741683 0.947703
vt 0.749291 0.947856
vt 0.748276 0.954216
vt 0.747914 0.959902
vt 0.758616 0.958417
vt 0.771711 0.955467
vt 0.768637 0.951462
vt 0.769861 0.947512
vt 0.781313 0.935513
vt 0.802093 0.940105
vt 0.794344 0.930337
vt 0.809395 0.926911
vt 0.805906 0.921648
vt 0.418118 0.926330
vt 0.431031 0.930300
vt 0.438335 0.929679
vt 0.445308 0.928774
vt 0.453822 0.920298
vt 0.465057 0.917845
vt 0.481141 0.917692
vt 0.738841 0.940382
vt 0.733351 0.946618
vt 0.734347 0.960908
vt 0.741049 0.956746
vt 0.746788 0.970543
vt 0.757460 0.970583
vt 0.763056 0.975444
vt 0.768388 0.964645
vt 0.778474 0.952874
vt 0.792522 0.957561
vt 0.797727 0.963038
vt 0.796165 0.960177
vt 0.801669 0.956932
vt 0.809580 0.949364
vt 0.809719 0.937491
vt 0.818050 0.929198
vt 0.417741 0.944396
vt 0.427777 0.937989
vt 0.435654 0.947640
vt 0.440125 0.939878
vt 0.446585 0.937169
vt 0.453675 0.931591
vt 0.478243 0.931223
vt 0.726787 0.948200
vt 0.723048 0.968807
vt 0.738877 0.974145
vt 0.743514 0.977382
vt 0.752232 0.977558
vt 0.758993 0.977371
vt 0.765785 0.980762
vt 0.771915 0.986182
vt 0.774012 0.977273
vt 0.784794 0.973858
vt 0.790759 0.971767
vt 0.795590 0.967713
vt 0.800257 0.969352
vt 0.808512 0.966677
vt 0.408793 0.968545
vt 0.411661 0.960870
vt 0.416330 0.970883
vt 0.418131 0.958285
vt 0.407363 0.949620
vt 0.424851 0.953496
vt 0.435091 0.958890
vt 0.440672 0.957013
vt 0.448622 0.950288
vt 0.457425 0.945484
vt 0.467857 0.943409
vt 0.479507 0.946446
vt 0.469075 0.947732
vt 0.471010 0.951864
vt 0.476419 0.955859
vt 0.719353 0.976047
vt 0.726435 0.979305
vt 0.740184 0.983534
vt 0.757684 0.993961
vt 0.764874 0.990334
vt 0.217007 0.793934
vt 0.226261 0.796101
vt 0.225083 0.809883
vt 0.222060 0.813623
vt 0.214090 0.811813
vt 0.211491 0.827310
vt 0.224848 0.827008
vt 0.233675 0.810687
vt 0.241906 0.810345
vt 0.237199 0.799105
vt 0.779982 0.981171
vt 0.791310 0.976267
vt 0.804571 0.976126
vt 0.432825 0.978519
vt 0.420305 0.981304
vt 0.428015 0.968206
vt 0.442882 0.966597
vt 0.452752 0.960675
vt 0.459042 0.954011
vt 0.465515 0.951684
vt 0.469845 0.959341
vt 0.718781 0.983400
vt 0.724868 0.984623
vt 0.732900 0.986453
vt 0.192933 0.774540
vt 0.193100 0.770192
vt 0.200483 0.781748
vt 0.745814 0.993527
vt 0.208808 0.790580
vt 0.197898 0.789839
vt 0.212328 0.807579
vt 0.203350 0.808985
vt 0.192731 0.802203
vt 0.195967 0.818779
vt 0.203029 0.825321
vt 0.194293 0.832090
vt 0.181229 0.823427
vt 0.190900 0.836114
vt 0.178596 0.833636
vt 0.188029 0.841015
vt 0.187569 0.843070
vt 0.194216 0.857515
vt 0.188005 0.860046
vt 0.190650 0.864421
vt 0.241079 0.656879
vt 0.243479 0.653654
vt 0.243313 0.647454
vt 0.251825 0.645187
vt 0.259806 0.621630
vt 0.256467 0.616440
vt 0.245252 0.607657
vt 0.239173 0.615728
vt 0.234343 0.614532
vt 0.232891 0.609029
vt 0.227324 0.612051
vt 0.223152 0.609432
vt 0.212264 0.603943
vt 0.214734 0.598682
vt 0.207743 0.599732
vt 0.192906 0.593751
vt 0.182472 0.586183
vt 0.163155 0.577605
vt 0.165918 0.576307
vt 0.160955 0.570586
vt 0.034821 0.201972
vt 0.035376 0.205483
vt 0.044479 0.206044
vt 0.054525 0.205532
vt 0.046974 0.199649
vt 0.050759 0.194121
vt 0.046070 0.190310
vt 0.047244 0.182222
vt 0.053539 0.180290
vt 0.043359 0.169860
vt 0.042503 0.161482
vt 0.050076 0.153041
vt 0.053814 0.135374
vt 0.057392 0.129164
vt 0.059503 0.126432
vt 0.052116 0.109571
vt 0.055486 0.101489
vt 0.055801 0.095102
vt 0.456972 0.812890
vt 0.455214 0.817263
vt 0.449266 0.815235
vt 0.440516 0.810412
vt 0.433470 0.805195
vt 0.422909 0.801207
vt 0.418388 0.794025
vt 0.403594 0.787316
vt 0.403667 0.796477
vt 0.397447 0.799599
vt 0.377339 0.781601
vt 0.369765 0.785009
vt 0.005442 0.178324
vt 0.003389 0.184462
vt 0.309594 0.594680
vt 0.363028 0.786651
vt 0.357329 0.788924
vt 0.358418 0.785637
vt 0.355472 0.776609
vt 0.334891 0.767755
vt 0.343427 0.759839
vt 0.341326 0.746518
vt 0.328389 0.746026
vt 0.320372 0.744023
vt 0.310404 0.735482
vt 0.304051 0.726586
vt 0.297457 0.717432
vt 0.306456 0.705385
vt 0.296796 0.694339
vt 0.301993 0.688164
vt 0.309913 0.682756
vt 0.326047 0.676040
vt 0.326500 0.669582
vt 0.337540 0.660817
vt 0.334204 0.652523
vt 0.335840 0.645871
vt 0.346083 0.634166
vt 0.360423 0.635423
vt 0.362368 0.631315
vt 0.363800 0.617126
vt 0.137412 0.609367
vt 0.140703 0.597765
vt 0.146673 0.597995
vt 0.155004 0.594323
vt 0.146776 0.613879
vt 0.150789 0.619777
vt 0.156440 0.625633
vt 0.166504 0.628007
vt 0.174329 0.629807
vt 0.181080 0.635213
vt 0.186574 0.639539
vt 0.173876 0.643954
vt 0.179752 0.649706
vt 0.193738 0.651819
vt 0.195789 0.656929
vt 0.188499 0.663897
vt 0.199532 0.670780
vt 0.190073 0.676610
vt 0.191327 0.680567
vt 0.090256 0.840431
vt 0.094361 0.837256
vt 0.093793 0.851602
vt 0.097839 0.843015
vt 0.113084 0.853689
vt 0.121121 0.857848
vt 0.126335 0.870852
vt 0.133951 0.870458
vt 0.146227 0.880341
vt 0.151838 0.889338
vt 0.150959 0.895815
vt 0.150362 0.904895
vt 0.143662 0.904315
vt 0.513386 0.049779
vt 0.507743 0.054570
vt 0.509260 0.062568
vt 0.496942 0.067834
vt 0.497279 0.079125
vt 0.494841 0.079487
vt 0.488246 0.083665
vt 0.491869 0.097387
vt 0.476360 0.100288
vt 0.477876 0.107650
vt 0.116317 0.822085
vt 0.107796 0.804751
vt 0.098137 0.811199
vt 0.092542 0.818053
vt 0.095421 0.829072
vt 0.196089 0.703105
vt 0.198650 0.701295
vt 0.205440 0.704922
vt 0.207749 0.701567
vt 0.218588 0.714731
vt 0.222642 0.699401
vt 0.227019 0.688811
vt 0.231054 0.689756
vt 0.233660 0.697740
vt 0.238813 0.697343
vt 0.246614 0.694235
vt 0.225558 0.856502
vt 0.223530 0.845853
vt 0.227001 0.841467
vt 0.225984 0.835754
vt 0.236396 0.831854
vt 0.243783 0.821281
vt 0.253610 0.810034
vt 0.253991 0.808022
vt 0.794590 0.985821
vt 0.804107 0.986088
vt 0.429549 0.987371
vt 0.439274 0.983729
vt 0.440221 0.976265
vt 0.451828 0.970346
vt 0.463267 0.973346
vt 0.464024 0.963600
vt 0.712187 0.987867
vt 0.721040 0.993656
vt 0.176650 0.759179
vt 0.178366 0.766338
vt 0.178474 0.773259
vt 0.181658 0.778725
vt 0.183776 0.783888
vt 0.186283 0.791491
vt 0.188988 0.796919
vt 0.182109 0.807986
vt 0.178467 0.811656
vt 0.172240 0.815624
vt 0.174557 0.825292
vt 0.170042 0.831602
vt 0.160046 0.842803
vt 0.167305 0.847284
vt 0.172370 0.857305
vt 0.185238 0.867557
vt 0.259434 0.642348
vt 0.262910 0.621411
vt 0.257921 0.608587
vt 0.258852 0.602026
vt 0.252538 0.603131
vt 0.242485 0.599623
vt 0.236819 0.596827
vt 0.227346 0.606364
vt 0.222771 0.604092
vt 0.221723 0.594273
vt 0.214814 0.590688
vt 0.208875 0.584618
vt 0.203734 0.594971
vt 0.183721 0.584397
vt 0.180216 0.570726
vt 0.184135 0.576789
vt 0.186229 0.573728
vt 0.182861 0.560464
vt 0.193640 0.574335
vt 0.192135 0.569643
vt 0.188783 0.562626
vt 0.195318 0.563942
vt 0.188185 0.558048
vt 0.197178 0.560294
vt 0.195614 0.550967
vt 0.184687 0.547043
vt 0.186848 0.538821
vt 0.190753 0.535105
vt 0.200366 0.544139
vt 0.199893 0.532253
vt 0.189576 0.521767
vt 0.181361 0.519831
vt 0.178668 0.529413
vt 0.175306 0.527873
vt 0.170748 0.524322
vt 0.171579 0.529524
vt 0.174849 0.541638
vt 0.180144 0.546247
vt 0.181984 0.553172
vt 0.176771 0.557532
vt 0.171100 0.565328
vt 0.035792 0.213647
vt 0.054529 0.212798
vt 0.062593 0.202520
vt 0.062653 0.197155
vt 0.059233 0.193684
vt 0.057434 0.190296
vt 0.059138 0.183614
vt 0.063251 0.179996
vt 0.053807 0.158505
vt 0.051600 0.155530
vt 0.057251 0.148338
vt 0.063165 0.144569
vt 0.063651 0.131365
vt 0.075241 0.124149
vt 0.072813 0.120998
vt 0.065970 0.113870
vt 0.066115 0.098436
vt 0.073264 0.091736
vt 0.445136 0.805325
vt 0.435192 0.793497
vt 0.426244 0.792757
vt 0.412222 0.783680
vt 0.408671 0.778601
vt 0.394000 0.773013
vt 0.387789 0.775544
vt 0.371704 0.774282
vt 0.373577 0.767804
vt 0.360691 0.756774
vt 0.349382 0.745127
vt 0.340379 0.735517
vt 0.331377 0.731052
vt 0.325627 0.725683
vt 0.314035 0.720735
vt 0.315175 0.713918
vt 0.310104 0.696221
vt 0.323109 0.691474
vt 0.331823 0.686505
vt 0.335516 0.695186
vt 0.337840 0.692093
vt 0.333675 0.682759
vt 0.341966 0.672795
vt 0.343725 0.670937
vt 0.339467 0.658605
vt 0.343736 0.649189
vt 0.366968 0.638773
vt 0.368225 0.632087
vt 0.368715 0.622553
vt 0.135558 0.615190
vt 0.141578 0.609674
vt 0.145361 0.609829
vt 0.140646 0.623342
vt 0.146045 0.627820
vt 0.165200 0.633356
vt 0.172068 0.639236
vt 0.167376 0.647108
vt 0.157788 0.650993
vt 0.166853 0.654897
vt 0.185471 0.660167
vt 0.180609 0.668909
vt 0.175205 0.672362
vt 0.182860 0.674986
vt 0.096265 0.864417
vt 0.119321 0.871346
vt 0.118144 0.877200
vt 0.126260 0.878724
vt 0.139087 0.884563
vt 0.134908 0.892715
vt 0.138603 0.898763
vt 0.128434 0.904826
vt 0.500653 0.049522
vt 0.491132 0.048850
vt 0.495843 0.058543
vt 0.491594 0.070380
vt 0.490204 0.073831
vt 0.474251 0.075744
vt 0.474778 0.084023
vt 0.474325 0.090485
vt 0.470430 0.095295
vt 0.465506 0.108332
vt 0.461847 0.101644
vt 0.462571 0.104422
vt 0.453312 0.113065
vt 0.093582 0.799465
vt 0.198366 0.724651
vt 0.198196 0.711290
vt 0.201970 0.712583
vt 0.210954 0.719656
vt 0.221533 0.725438
vt 0.226755 0.722693
vt 0.228789 0.705330
vt 0.234635 0.709813
vt 0.239778 0.704927
vt 0.241242 0.712681
vt 0.247557 0.707984
vt 0.237717 0.851900
vt 0.238401 0.844890
vt 0.237484 0.838114
vt 0.244077 0.827020
vt 0.255804 0.820814
vt 0.255687 0.815037
vt 0.265519 0.812490
vt 0.263436 0.808065
vt 0.802151 0.987388
vt 0.809013 0.988593
vt 0.436158 0.986969
vt 0.451694 0.977866
vt 0.454986 0.978425
vt 0.461011 0.976398
vt 0.467820 0.973237
vt 0.715517 0.994370
vt 0.173557 0.753291
vt 0.167780 0.760813
vt 0.167907 0.779991
vt 0.162583 0.771622
vt 0.161873 0.788788
vt 0.171097 0.794967
vt 0.165857 0.805952
vt 0.166137 0.817753
vt 0.158212 0.820773
vt 0.158695 0.828217
vt 0.155985 0.838251
vt 0.151958 0.844461
vt 0.267013 0.618762
vt 0.265255 0.612373
vt 0.266105 0.605070
vt 0.252710 0.597986
vt 0.235148 0.593881
vt 0.233826 0.589247
vt 0.228068 0.585715
vt 0.227598 0.580135
vt 0.213985 0.581958
vt 0.205549 0.583649
vt 0.195102 0.579488
vt 0.200335 0.571730
vt 0.203559 0.565310
vt 0.204975 0.559704
vt 0.203190 0.552701
vt 0.207069 0.544995
vt 0.206142 0.535927
vt 0.205465 0.523019
vt 0.015762 0.620140
vt 0.008588 0.606136
vt 0.028484 0.612566
vt 0.019778 0.598137
vt 0.033583 0.610030
vt 0.035405 0.605265
vt 0.038961 0.613382
vt 0.041222 0.603856
vt 0.042687 0.606973
vt 0.043930 0.618207
vt 0.171572 0.520273
vt 0.073106 0.178205
vt 0.072581 0.173424
vt 0.060062 0.149604
vt 0.071811 0.142039
vt 0.079682 0.131508
vt 0.078596 0.121317
vt 0.086531 0.124474
vt 0.077806 0.104612
vt 0.445157 0.785953
vt 0.434121 0.785194
vt 0.422673 0.785693
vt 0.409303 0.775277
vt 0.399246 0.768249
vt 0.399046 0.762028
vt 0.390482 0.756902
vt 0.379091 0.762781
vt 0.377725 0.756228
vt 0.365431 0.747421
vt 0.360158 0.731527
vt 0.352514 0.738571
vt 0.335604 0.723915
vt 0.329771 0.709347
vt 0.319996 0.701591
vt 0.339786 0.697006
vt 0.349085 0.687525
vt 0.354619 0.673263
vt 0.349431 0.665856
vt 0.353552 0.656863
vt 0.372243 0.645002
vt 0.373765 0.641954
vt 0.375357 0.640865
vt 0.378185 0.637496
vt 0.372395 0.629126
vt 0.133794 0.622890
vt 0.137864 0.632937
vt 0.142215 0.635636
vt 0.154158 0.639912
vt 0.146617 0.655319
vt 0.155689 0.657939
vt 0.170687 0.666755
vt 0.167619 0.671823
vt 0.104443 0.881588
vt 0.123400 0.888861
vt 0.119237 0.896087
vt 0.117100 0.904527
vt 0.109512 0.902274
vt 0.486389 0.047915
vt 0.489585 0.056191
vt 0.486349 0.067079
vt 0.472373 0.066537
vt 0.471307 0.072805
vt 0.470628 0.084068
vt 0.456032 0.091263
vt 0.450215 0.105701
vt 0.197780 0.735880
vt 0.200751 0.726437
vt 0.209373 0.730055
vt 0.220449 0.735235
vt 0.228307 0.734156
vt 0.232350 0.727329
vt 0.236791 0.723749
vt 0.238194 0.714833
vt 0.244118 0.717467
vt 0.257986 0.847729
vt 0.245664 0.852300
vt 0.252180 0.841764
vt 0.246933 0.835778
vt 0.255141 0.828191
vt 0.259846 0.824942
vt 0.263446 0.818714
vt 0.275523 0.810119
vt 0.274350 0.806710
vt 0.156407 0.721500
vt 0.150974 0.708393
vt 0.160823 0.731312
vt 0.153338 0.708731
vt 0.453717 0.983471
vt 0.166976 0.735786
vt 0.161922 0.737023
vt 0.168456 0.743365
vt 0.163223 0.747063
vt 0.161936 0.757595
vt 0.154994 0.765169
vt 0.155328 0.784697
vt 0.162875 0.797107
vt 0.160668 0.809373
vt 0.152952 0.813395
vt 0.146132 0.814891
vt 0.146621 0.823936
vt 0.147239 0.834634
vt 0.275546 0.612899
vt 0.273229 0.608038
vt 0.270596 0.600133
vt 0.265789 0.591395
vt 0.270108 0.586747
vt 0.279622 0.588493
vt 0.284206 0.587090
vt 0.277254 0.580845
vt 0.276521 0.575680
vt 0.798346 0.119767
vt 0.800587 0.111300
vt 0.803742 0.123670
vt 0.808896 0.133410
vt 0.811931 0.140067
vt 0.808333 0.140459
vt 0.817190 0.155715
vt 0.822022 0.163126
vt 0.815712 0.165624
vt 0.820639 0.154671
vt 0.817265 0.135091
vt 0.808611 0.117389
vt 0.267949 0.567909
vt 0.264096 0.570358
vt 0.250636 0.568713
vt 0.246359 0.574778
vt 0.250253 0.582039
vt 0.246115 0.588177
vt 0.232398 0.580993
vt 0.232859 0.573002
vt 0.228359 0.571078
vt 0.220993 0.572535
vt 0.209054 0.571031
vt 0.213552 0.563398
vt 0.211211 0.558663
vt 0.212498 0.548248
vt 0.211597 0.540262
vt 0.210940 0.527469
vt 0.214869 0.534976
vt 0.215099 0.540042
vt 0.175193 0.546346
vt 0.215661 0.538961
vt 0.215440 0.532625
vt 0.170152 0.549545
vt 0.070083 0.197652
vt 0.066893 0.191257
vt 0.067837 0.185284
vt 0.072577 0.182973
vt 0.074207 0.186809
vt 0.170692 0.532667
vt 0.212857 0.525933
vt 0.017884 0.634472
vt 0.015652 0.630235
vt 0.023893 0.632692
vt 0.028812 0.625876
vt 0.029594 0.620354
vt 0.041186 0.622927
vt 0.074793 0.171783
vt 0.075487 0.160014
vt 0.078614 0.148941
vt 0.084126 0.137274
vt 0.098618 0.139166
vt 0.096302 0.113689
vt 0.420107 0.772746
vt 0.414346 0.770483
vt 0.404565 0.762418
vt 0.398107 0.752162
vt 0.384112 0.750057
vt 0.377900 0.745549
vt 0.367343 0.731375
vt 0.373503 0.729938
vt 0.352977 0.722334
vt 0.349998 0.712565
vt 0.344820 0.701729
vt 0.358805 0.686418
vt 0.367581 0.665263
vt 0.374741 0.664332
vt 0.379933 0.654534
vt 0.382135 0.648841
vt 0.385763 0.642620
vt 0.379762 0.627933
vt 0.389382 0.638174
vt 0.392184 0.635186
vt 0.140260 0.646623
vt 0.402642 0.633992
vt 0.406778 0.641304
vt 0.270499 0.191951
vt 0.277770 0.188005
vt 0.274332 0.194780
vt 0.279940 0.193522
vt 0.148732 0.660198
vt 0.159573 0.673703
vt 0.104855 0.892574
vt 0.110253 0.894697
vt 0.092998 0.906981
vt 0.106458 0.912844
vt 0.482934 0.054691
vt 0.454913 0.055632
vt 0.466415 0.065473
vt 0.465437 0.068279
vt 0.454175 0.075634
vt 0.445932 0.090414
vt 0.194455 0.747916
vt 0.201664 0.747573
vt 0.210620 0.742679
vt 0.224389 0.747559
vt 0.232509 0.759000
vt 0.233932 0.741188
vt 0.240015 0.736969
vt 0.243528 0.744742
vt 0.239614 0.726756
vt 0.242513 0.724852
vt 0.256729 0.857665
vt 0.267878 0.858666
vt 0.268271 0.849388
vt 0.269727 0.841367
vt 0.263420 0.839384
vt 0.270337 0.828821
vt 0.269138 0.821748
vt 0.281129 0.815944
vt 0.147458 0.701921
vt 0.155092 0.721896
vt 0.150431 0.721691
vt 0.148796 0.735012
vt 0.153189 0.739231
vt 0.155507 0.753541
vt 0.150035 0.762586
vt 0.152634 0.774636
vt 0.153179 0.788820
vt 0.155562 0.798241
vt 0.147156 0.812488
vt 0.294813 0.604463
vt 0.292863 0.605713
vt 0.278706 0.603684
vt 0.283296 0.609731
vt 0.277645 0.596941
vt 0.289886 0.593140
vt 0.289044 0.586926
vt 0.786381 0.104338
vt 0.784936 0.112860
vt 0.789907 0.126712
vt 0.801195 0.132615
vt 0.799263 0.138710
vt 0.811760 0.162725
vt 0.808464 0.166873
vt 0.809251 0.172149
vt 0.819298 0.173945
vt 0.023646 0.715756
vt 0.021194 0.714665
vt 0.024111 0.713613
vt 0.019737 0.708657
vt 0.518913 0.950424
vt 0.519385 0.952353
vt 0.515843 0.953642
vt 0.506105 0.940367
vt 0.506633 0.942041
vt 0.500343 0.937694
vt 0.497223 0.936205
vt 0.490704 0.938031
vt 0.006606 0.673808
vt 0.020897 0.674648
vt 0.014186 0.679726
vt 0.016167 0.685921
vt 0.026873 0.682831
vt 0.028038 0.676770
vt 0.029549 0.671276
vt 0.503629 0.946426
vt 0.508212 0.947684
vt 0.510283 0.944198
vt 0.506853 0.956399
vt 0.511167 0.954248
vt 0.513314 0.942966
vt 0.508918 0.939276
vt 0.502244 0.930722
vt 0.008907 0.683524
vt 0.012466 0.690246
vt 0.019285 0.694478
vt 0.026218 0.689334
vt 0.034278 0.687119
vt 0.036958 0.683132
vt 0.033912 0.668624
vt 0.041369 0.676293
vt 0.042893 0.684966
vt 0.047895 0.669097
vt 0.515699 0.965376
vt 0.522416 0.959552
vt 0.521588 0.949854
vt 0.514926 0.943123
vt 0.517150 0.937408
vt 0.520034 0.932682
vt 0.011592 0.705029
vt 0.017451 0.701060
vt 0.027038 0.697648
vt 0.038346 0.696684
vt 0.896877 0.209799
vt 0.895245 0.215643
vt 0.887232 0.207713
vt 0.882273 0.209697
vt 0.891262 0.224221
vt 0.878439 0.209522
vt 0.880420 0.214250
vt 0.537018 0.969001
vt 0.541670 0.962009
vt 0.538084 0.958078
vt 0.543959 0.952293
vt 0.530172 0.949605
vt 0.526604 0.944788
vt 0.528394 0.935736
vt 0.009820 0.714692
vt 0.015835 0.717160
vt 0.023125 0.718954
vt 0.024963 0.716529
vt 0.028518 0.713766
vt 0.033187 0.710214
vt 0.891419 0.202704
vt 0.880178 0.201566
vt 0.877674 0.204322
vt 0.867086 0.202219
vt 0.865988 0.209409
vt 0.876899 0.214885
vt 0.539621 0.972314
vt 0.544432 0.967200
vt 0.548599 0.960046
vt 0.552298 0.950992
vt 0.542513 0.941681
vt 0.012010 0.730680
vt 0.021266 0.729021
vt 0.021465 0.722733
vt 0.030781 0.723272
vt 0.036111 0.721974
vt 0.042039 0.722847
vt 0.046647 0.719869
vt 0.041767 0.729090
vt 0.047628 0.722029
vt 0.877855 0.197761
vt 0.870522 0.196517
vt 0.867120 0.195272
vt 0.856882 0.190278
vt 0.856623 0.193039
vt 0.845122 0.190974
vt 0.860982 0.197940
vt 0.861066 0.201833
vt 0.862230 0.211763
vt 0.552116 0.984192
vt 0.547260 0.984186
vt 0.550613 0.970651
vt 0.550038 0.967239
vt 0.552356 0.964486
vt 0.557599 0.955252
vt 0.559539 0.946930
vt 0.552979 0.938856
vt 0.546544 0.936628
vt 0.027692 0.733710
vt 0.038511 0.731642
vt 0.047436 0.732802
vt 0.873677 0.186401
vt 0.867231 0.187454
vt 0.847672 0.185829
vt 0.845127 0.183996
vt 0.830995 0.183127
vt 0.841522 0.190100
vt 0.845175 0.194006
vt 0.847060 0.200806
vt 0.849156 0.207531
vt 0.569657 0.990647
vt 0.573847 0.982186
vt 0.575869 0.973242
vt 0.578456 0.965405
vt 0.582035 0.962619
vt 0.581187 0.955240
vt 0.572734 0.947922
vt 0.560008 0.936695
vt 0.032949 0.737313
vt 0.876357 0.176782
vt 0.869992 0.182136
vt 0.851221 0.178085
vt 0.848325 0.173164
vt 0.842725 0.177016
vt 0.836788 0.175512
vt 0.829512 0.178230
vt 0.820281 0.178229
vt 0.824911 0.177218
vt 0.821497 0.184469
vt 0.825715 0.186199
vt 0.829890 0.188464
vt 0.842048 0.195276
vt 0.845166 0.204759
vt 0.575045 0.991387
vt 0.576911 0.983997
vt 0.579337 0.975065
vt 0.649224 0.894269
vt 0.655833 0.887782
vt 0.657652 0.891311
vt 0.663668 0.885576
vt 0.658818 0.880697
vt 0.666775 0.880379
vt 0.587595 0.946826
vt 0.644733 0.880978
vt 0.663517 0.875490
vt 0.858660 0.167579
vt 0.857789 0.173525
vt 0.843811 0.167784
vt 0.837265 0.167515
vt 0.833544 0.163495
vt 0.829991 0.161919
vt 0.828631 0.152488
vt 0.818560 0.126850
vt 0.260434 0.554652
vt 0.258704 0.560587
vt 0.252070 0.553390
vt 0.250433 0.561660
vt 0.245455 0.567266
vt 0.241051 0.574514
vt 0.232036 0.564787
vt 0.224649 0.562908
vt 0.215231 0.554641
vt 0.215945 0.542687
vt 0.219353 0.531494
vt 0.075356 0.189065
vt 0.014643 0.646739
vt 0.017937 0.637624
vt 0.023808 0.642601
vt 0.026751 0.639690
vt 0.033245 0.629333
vt 0.080231 0.172583
vt 0.087637 0.164999
vt 0.093645 0.149877
vt 0.728114 0.772541
vt 0.735202 0.766278
vt 0.741061 0.779087
vt 0.741076 0.762209
vt 0.104542 0.131112
vt 0.416280 0.760588
vt 0.409077 0.755891
vt 0.403223 0.743273
vt 0.390917 0.740037
vt 0.379182 0.730586
vt 0.367669 0.717513
vt 0.370174 0.710116
vt 0.367444 0.701929
vt 0.368562 0.688202
vt 0.379733 0.673842
vt 0.385947 0.662128
vt 0.388605 0.658755
vt 0.391913 0.652132
vt 0.398133 0.648821
vt 0.412692 0.645346
vt 0.262623 0.195217
vt 0.267656 0.198337
vt 0.269741 0.211931
vt 0.275766 0.209607
vt 0.098280 0.901549
vt 0.083266 0.910630
vt 0.081873 0.917971
vt 0.075446 0.923609
vt 0.071986 0.922121
vt 0.069023 0.927713
vt 0.450246 0.058525
vt 0.448573 0.067335
vt 0.193612 0.764145
vt 0.197713 0.760714
vt 0.212087 0.762508
vt 0.225819 0.768804
vt 0.239374 0.765422
vt 0.240813 0.751738
vt 0.244029 0.751929
vt 0.261442 0.281762
vt 0.265766 0.286637
vt 0.259797 0.286031
vt 0.267582 0.292071
vt 0.246497 0.742001
vt 0.274545 0.863589
vt 0.271514 0.855309
vt 0.272622 0.846270
vt 0.278029 0.837745
vt 0.277026 0.825557
vt 0.283276 0.821952
vt 0.286325 0.813897
vt 0.147048 0.703202
vt 0.147206 0.713878
vt 0.143733 0.724417
vt 0.146325 0.740663
vt 0.147843 0.749556
vt 0.146892 0.781355
vt 0.145999 0.787340
vt 0.145118 0.794721
vt 0.144076 0.806062
vt 0.765971 0.089320
vt 0.772667 0.086485
vt 0.769270 0.099106
vt 0.777407 0.095914
vt 0.291610 0.597537
vt 0.781055 0.099306
vt 0.775928 0.102285
vt 0.773317 0.113641
vt 0.774302 0.126168
vt 0.782745 0.136897
vt 0.794051 0.138047
vt 0.792522 0.143260
vt 0.788830 0.157963
vt 0.804482 0.171260
vt 0.803891 0.175659
vt 0.802767 0.180134
vt 0.812800 0.183808
vt 0.818023 0.191238
vt 0.820832 0.191464
vt 0.826340 0.193181
vt 0.835487 0.199203
vt 0.649095 0.907075
vt 0.641770 0.904683
vt 0.652061 0.899381
vt 0.645792 0.899180
vt 0.661282 0.900047
vt 0.664004 0.894119
vt 0.667726 0.890002
vt 0.672149 0.886809
vt 0.675341 0.881081
vt 0.675540 0.875597
vt 0.849439 0.160998
vt 0.845464 0.158199
vt 0.840731 0.155149
vt 0.842505 0.144971
vt 0.835907 0.148506
vt 0.822849 0.127549
vt 0.256749 0.551453
vt 0.253894 0.546850
vt 0.245352 0.559368
vt 0.233307 0.555429
vt 0.683054 0.830143
vt 0.688707 0.832283
vt 0.685425 0.835734
vt 0.689659 0.838816
vt 0.696289 0.834964
vt 0.704444 0.836189
vt 0.696966 0.826028
vt 0.222039 0.543974
vt 0.219719 0.540277
vt 0.011316 0.653083
vt 0.018425 0.655694
vt 0.024665 0.653446
vt 0.029880 0.652657
vt 0.033502 0.649014
vt 0.040477 0.637015
vt 0.718229 0.796417
vt 0.718870 0.780235
vt 0.727743 0.792424
vt 0.740229 0.797622
vt 0.750677 0.788570
vt 0.749676 0.775693
vt 0.415435 0.748563
vt 0.410287 0.735076
vt 0.397306 0.732517
vt 0.386843 0.720324
vt 0.393360 0.712973
vt 0.381313 0.708148
vt 0.381043 0.696834
vt 0.382658 0.688492
vt 0.391695 0.670251
vt 0.394656 0.669773
vt 0.398660 0.664678
vt 0.403203 0.658551
vt 0.407947 0.667250
vt 0.413579 0.654651
vt 0.418236 0.647370
vt 0.255225 0.200145
vt 0.258394 0.203382
vt 0.263344 0.207997
vt 0.255208 0.214100
vt 0.257872 0.216984
vt 0.258924 0.222394
vt 0.250056 0.232623
vt 0.068101 0.919609
vt 0.063558 0.925232
vt 0.061836 0.932267
vt 0.443694 0.059728
vt 0.199578 0.773754
vt 0.201281 0.770754
vt 0.233231 0.776048
vt 0.244142 0.765620
vt 0.255316 0.272595
vt 0.254245 0.278547
vt 0.255856 0.288128
vt 0.261127 0.293382
vt 0.271513 0.298185
vt 0.265545 0.311047
vt 0.273362 0.309718
vt 0.284396 0.843769
vt 0.287133 0.836404
vt 0.298068 0.823631
vt 0.140619 0.694841
vt 0.138655 0.709580
vt 0.142191 0.725076
vt 0.214802 0.358943
vt 0.228077 0.351545
vt 0.220699 0.366093
vt 0.133795 0.741126
vt 0.136222 0.758476
vt 0.136147 0.763253
vt 0.139496 0.765017
vt 0.142471 0.774336
vt 0.138406 0.779771
vt 0.139058 0.788964
vt 0.753810 0.092487
vt 0.749859 0.101421
vt 0.755128 0.103709
vt 0.754670 0.104354
vt 0.754358 0.105056
vt 0.754945 0.104523
vt 0.762353 0.101440
vt 0.767134 0.106469
vt 0.755102 0.111694
vt 0.756908 0.124580
vt 0.767191 0.135910
vt 0.773410 0.147754
vt 0.780336 0.153201
vt 0.786188 0.151495
vt 0.778743 0.165007
vt 0.784400 0.169329
vt 0.796857 0.174009
vt 0.796380 0.180995
vt 0.810938 0.189379
vt 0.670648 0.910201
vt 0.665428 0.913145
vt 0.666551 0.907367
vt 0.662511 0.912086
vt 0.655791 0.912683
vt 0.666770 0.900344
vt 0.674899 0.892505
vt 0.680235 0.885521
vt 0.682513 0.881677
vt 0.688577 0.879841
vt 0.685885 0.874795
vt 0.678332 0.872437
vt 0.682609 0.869979
vt 0.687239 0.870143
vt 0.696765 0.867147
vt 0.693866 0.862951
vt 0.834456 0.131738
vt 0.253597 0.542463
vt 0.241679 0.544101
vt 0.693537 0.842772
vt 0.701926 0.843573
vt 0.714786 0.840085
vt 0.710014 0.823440
vt 0.227363 0.532915
vt 0.220092 0.535060
vt 0.706674 0.815622
vt 0.715897 0.821332
vt 0.721529 0.816860
vt 0.029104 0.667940
vt 0.714849 0.803831
vt 0.722218 0.808818
vt 0.036885 0.660694
vt 0.724323 0.804493
vt 0.732830 0.807301
vt 0.742148 0.809971
vt 0.750464 0.801479
vt 0.424749 0.731108
vt 0.421798 0.741233
vt 0.416649 0.731332
vt 0.407483 0.717451
vt 0.399905 0.704710
vt 0.392204 0.694595
vt 0.399692 0.685507
vt 0.400658 0.682028
vt 0.407314 0.675476
vt 0.413045 0.674412
vt 0.241673 0.185413
vt 0.239377 0.177948
vt 0.244965 0.192258
vt 0.419032 0.659890
vt 0.422577 0.651444
vt 0.250169 0.200419
vt 0.250314 0.202751
vt 0.253751 0.206517
vt 0.251049 0.215983
vt 0.249629 0.215301
vt 0.248947 0.223292
vt 0.239730 0.223211
vt 0.231090 0.204060
vt 0.222642 0.199614
vt 0.244985 0.236103
vt 0.247978 0.241042
vt 0.249232 0.250434
vt 0.055029 0.933985
vt 0.211883 0.776935
vt 0.245406 0.252512
vt 0.249371 0.258736
vt 0.252824 0.261971
vt 0.250250 0.270352
vt 0.251429 0.280676
vt 0.244202 0.291421
vt 0.255017 0.298081
vt 0.258501 0.304490
vt 0.259941 0.312949
vt 0.261071 0.323266
vt 0.254334 0.317651
vt 0.253668 0.330661
vt 0.248641 0.323781
vt 0.237793 0.330103
vt 0.225638 0.342208
vt 0.242802 0.336037
vt 0.218765 0.350246
vt 0.209967 0.365391
vt 0.706092 0.121264
vt 0.704223 0.110255
vt 0.714068 0.116634
vt 0.715742 0.105672
vt 0.719424 0.104297
vt 0.721924 0.112023
vt 0.726720 0.112342
vt 0.723189 0.105535
vt 0.131561 0.768826
vt 0.729761 0.120219
vt 0.734448 0.116974
vt 0.738084 0.103944
vt 0.741261 0.112876
vt 0.749641 0.106942
vt 0.753763 0.108935
vt 0.742989 0.124103
vt 0.752143 0.133709
vt 0.758895 0.142544
vt 0.768949 0.159084
vt 0.774501 0.169336
vt 0.779554 0.169857
vt 0.789778 0.176284
vt 0.791561 0.182062
vt 0.684598 0.916549
vt 0.679976 0.918282
vt 0.682145 0.911865
vt 0.685428 0.905504
vt 0.674083 0.901526
vt 0.678229 0.897579
vt 0.676627 0.895528
vt 0.685474 0.889058
vt 0.692347 0.882344
vt 0.691256 0.876930
vt 0.704531 0.872270
vt 0.705204 0.868038
vt 0.708962 0.848221
vt 0.718940 0.843379
vt 0.723593 0.826189
vt 0.733120 0.824868
vt 0.733561 0.811797
vt 0.745239 0.811395
vt 0.432438 0.722750
vt 0.421090 0.718740
vt 0.404797 0.696934
vt 0.408815 0.695934
vt 0.412877 0.683883
vt 0.237373 0.172246
vt 0.234920 0.170522
vt 0.236838 0.179586
vt 0.246368 0.206045
vt 0.217820 0.184338
vt 0.210113 0.190123
vt 0.202845 0.182672
vt 0.198662 0.189436
vt 0.189098 0.188202
vt 0.191013 0.199081
vt 0.206487 0.202210
vt 0.226264 0.218468
vt 0.219702 0.235682
vt 0.233251 0.252428
vt 0.246176 0.269843
vt 0.228827 0.276018
vt 0.237657 0.294461
vt 0.245070 0.308629
vt 0.227543 0.313505
vt 0.206954 0.328294
vt 0.202811 0.347994
vt 0.201476 0.361568
vt 0.709512 0.129815
vt 0.725733 0.116060
vt 0.725137 0.127581
vt 0.731065 0.126125
vt 0.723612 0.137823
vt 0.738312 0.123154
vt 0.738128 0.132289
vt 0.743061 0.139476
vt 0.742728 0.150579
vt 0.753248 0.155650
vt 0.756529 0.167026
vt 0.752908 0.173287
vt 0.761454 0.171562
vt 0.704593 0.914185
vt 0.699012 0.924137
vt 0.697103 0.914775
vt 0.777642 0.178726
vt 0.687295 0.907924
vt 0.703611 0.901276
vt 0.694962 0.901082
vt 0.695274 0.898765
vt 0.689047 0.890565
vt 0.705944 0.880655
vt 0.711725 0.877331
vt 0.717946 0.874112
vt 0.718202 0.852630
vt 0.725864 0.849037
vt 0.729847 0.842376
vt 0.737245 0.854415
vt 0.736423 0.828445
vt 0.743841 0.824510
vt 0.759957 0.822544
vt 0.755502 0.825108
vt 0.762109 0.816606
vt 0.423444 0.714215
vt 0.410665 0.696515
vt 0.227418 0.159520
vt 0.224103 0.161727
vt 0.217816 0.176210
vt 0.211601 0.176369
vt 0.197506 0.177673
vt 0.182494 0.184607
vt 0.173498 0.188515
vt 0.177625 0.194861
vt 0.185486 0.203036
vt 0.177257 0.202271
vt 0.183479 0.219586
vt 0.207264 0.221048
vt 0.228653 0.253831
vt 0.221343 0.253953
vt 0.208093 0.258691
vt 0.226400 0.293332
vt 0.230944 0.303611
vt 0.200044 0.328800
vt 0.192515 0.338777
vt 0.188272 0.357251
vt 0.715158 0.140531
vt 0.718226 0.138807
vt 0.720784 0.152240
vt 0.722288 0.148145
vt 0.726565 0.143579
vt 0.734804 0.142236
vt 0.731213 0.156531
vt 0.742101 0.163303
vt 0.741696 0.173423
vt 0.748359 0.176040
vt 0.753250 0.175726
vt 0.705403 0.910089
vt 0.712942 0.903481
vt 0.711662 0.899393
vt 0.712189 0.891331
vt 0.716635 0.884239
vt 0.725474 0.887048
vt 0.729661 0.877205
vt 0.727877 0.861510
vt 0.731811 0.856749
vt 0.737355 0.856453
vt 0.745801 0.843532
vt 0.752575 0.831390
vt 0.764600 0.817919
vt 0.422221 0.710707
vt 0.225939 0.141825
vt 0.220244 0.145543
vt 0.210695 0.165722
vt 0.201290 0.168913
vt 0.187153 0.176269
vt 0.172576 0.178153
vt 0.160636 0.184849
vt 0.164274 0.200334
vt 0.169323 0.207529
vt 0.171074 0.224196
vt 0.194876 0.240027
vt 0.203016 0.274778
vt 0.192569 0.318882
vt 0.182054 0.326988
vt 0.177147 0.339259
vt 0.175839 0.344566
vt 0.718610 0.157729
vt 0.725641 0.159508
vt 0.730925 0.166434
vt 0.734424 0.172555
vt 0.745546 0.180967
vt 0.719481 0.907120
vt 0.722706 0.895547
vt 0.729823 0.897748
vt 0.729632 0.888854
vt 0.732447 0.879308
vt 0.750223 0.876076
vt 0.739733 0.863961
vt 0.771120 0.836254
vt 0.776913 0.815146
vt 0.778484 0.839421
vt 0.781612 0.827923
vt 0.792388 0.805915
vt 0.201538 0.151133
vt 0.174878 0.165397
vt 0.142948 0.164754
vt 0.131354 0.186175
vt 0.159418 0.201872
vt 0.157247 0.208006
vt 0.143782 0.256907
vt 0.159928 0.291097
vt 0.161363 0.295896
vt 0.158971 0.305686
vt 0.761046 0.919848
vt 0.738484 0.934011
vt 0.754969 0.918322
vt 0.746282 0.918333
vt 0.735113 0.932776
vt 0.736273 0.921773
vt 0.724224 0.166643
vt 0.736254 0.178108
vt 0.733700 0.184154
vt 0.730471 0.903604
vt 0.739806 0.889866
vt 0.755864 0.870014
vt 0.774550 0.851519
vt 0.784132 0.844676
vt 0.790222 0.834376
vt 0.808628 0.802515
vt 0.813014 0.840735
vt 0.827703 0.834222
vt 0.821633 0.855276
vt 0.835560 0.859938
vt 0.824168 0.865990
vt 0.828339 0.870562
vt 0.874097 0.861684
vt 0.816742 0.907905
vt 0.802386 0.903817
vt 0.826623 0.931689
vt 0.796182 0.906526
vt 0.133824 0.302948
vt 0.781448 0.902047
vt 0.775355 0.896961
vt 0.761329 0.905581
vt 0.748464 0.889246
vt 0.781917 0.860511
vt 0.785960 0.851547
vt 0.798601 0.846532
vt 0.812317 0.859915
vt 0.812231 0.868811
vt 0.810995 0.879102
vt 0.792687 0.885684
vt 0.778402 0.875643
vt 0.793467 0.864013
vt 0.802473 0.860122
vt 0.802788 0.873515
vn 0.6324 0.5929 0.4986
vn 0.6498 0.5817 0.4893
vn 0.6606 0.5742 0.4835
vn 0.6751 0.5638 0.4758
vn -0.6203 -0.0497 -0.7828
vn -0.6165 0.1095 -0.7797
vn -0.7065 0.2620 -0.6575
vn 0.9820 -0.0179 0.1883
vn 0.9850 -0.0089 0.1721
vn 0.9857 -0.0131 0.1682
vn 0.5781 -0.5233 0.6261
vn 0.5928 -0.6138 0.5214
vn 0.6136 -0.5641 0.5525
vn 0.9912 0.1309 0.0178
vn 0.9762 0.1055 0.1893
vn 0.9926 0.1212 0.0032
vn 0.1063 0.0878 0.9904
vn 0.1474 0.2095 0.9666
vn 0.1611 0.1282 0.9786
vn -0.8015 -0.5087 0.3143
vn -0.7450 -0.5541 0.3713
vn -0.6602 -0.6093 0.4391
vn -0.8182 -0.5532 0.1567
vn -0.1997 -0.6216 0.7574
vn -0.1230 -0.6012 0.7896
vn -0.1886 -0.6125 0.7676
vn -0.1249 -0.5921 0.7961
vn -0.0801 -0.6045 0.7925
vn -0.2509 -0.9680 0.0066
vn -0.3000 -0.8079 -0.5073
vn -0.3924 -0.9198 -0.0007
vn -0.2259 -0.8865 -0.4037
vn -0.9224 -0.3768 -0.0852
vn -0.9209 -0.3564 -0.1578
vn -0.9167 -0.3996 0.0049
vn -0.7171 -0.1936 0.6696
vn -0.7086 -0.1762 0.6833
vn -0.6910 -0.1433 0.7085
vn -0.6798 -0.1230 0.7230
vn -0.9502 -0.2857 -0.1248
vn -0.8886 -0.3848 -0.2498
vn -0.9184 -0.3433 -0.1965
vn -0.3069 -0.9503 0.0520
vn -0.2946 -0.9526 0.0754
vn -0.3008 -0.9515 0.0637
vn -0.2899 -0.9533 0.0843
vn -0.1023 -0.4784 0.8722
vn 0.7359 0.5239 0.4289
vn 0.6833 0.1430 0.7160
vn 0.9817 0.1757 0.0732
vn 0.9706 -0.2020 -0.1312
vn 0.4329 0.1524 0.8885
vn 0.4138 -0.1226 0.9021
vn 0.9944 0.0837 0.0647
vn 0.8756 0.4596 -0.1485
vn 0.8886 0.0783 -0.4519
vn -0.1479 -0.1277 -0.9807
vn -0.1718 -0.1642 -0.9713
vn -0.2047 -0.2074 -0.9566
vn -0.2262 -0.2086 -0.9515
vn -0.1042 -0.9679 0.2289
vn -0.9376 -0.1834 0.2953
vn -0.9116 -0.4084 0.0461
vn -0.6937 -0.7203 0.0007
vn -0.6455 -0.7637 0.0102
vn -0.6577 -0.7531 -0.0155
vn -0.8213 -0.4150 0.3915
vn -0.4074 -0.4507 0.7943
vn -0.4056 -0.4493 0.7960
vn -0.3970 -0.4452 0.8027
vn -0.3949 -0.4438 0.8044
vn -0.9622 -0.2571 -0.0895
vn -0.4584 0.0336 0.8881
vn 0.1191 0.4622 0.8787
vn -0.0803 0.2767 0.9576
vn 0.7881 0.1325 0.6011
vn 0.8799 0.0360 0.4738
vn 0.8077 0.1145 0.5784
vn 0.9283 -0.3046 -0.2134
vn 0.9881 -0.0533 -0.1441
vn 0.9746 -0.1256 -0.1853
vn 0.8937 0.0179 0.4484
vn 0.8089 0.5878 0.0094
vn 0.8105 0.5857 0.0008
vn 0.8094 0.5872 0.0074
vn 0.8108 0.5853 -0.0010
vn 0.6839 0.6166 -0.3900
vn 0.4614 0.8595 -0.2198
vn 0.3317 0.9402 0.0777
vn -0.1562 0.7960 -0.5848
vn 0.6945 0.7175 0.0536
vn -0.2307 -0.2030 -0.9516
vn -0.2408 -0.1981 -0.9501
vn 0.1430 -0.2402 0.9601
vn 0.2971 -0.0211 0.9546
vn 0.7797 -0.6110 0.1367
vn 0.6875 -0.6985 0.1988
vn 0.7325 -0.6591 0.1704
vn 0.6481 -0.7285 0.2218
vn -0.3214 -0.9469 0.0068
vn -0.3467 -0.9351 0.0729
vn -0.3795 -0.9104 0.1650
vn -0.3956 -0.8932 0.2136
vn -0.7637 -0.6427 0.0602
vn -0.7307 -0.6825 0.0168
vn -0.9941 0.0643 -0.0870
vn -0.9950 0.0939 0.0341
vn -0.9886 0.1478 0.0274
vn -0.9791 0.1525 0.1342
vn -0.0974 -0.8481 0.5208
vn -0.0753 -0.8573 0.5093
vn -0.2246 -0.7872 0.5743
vn -0.9499 0.2450 0.1938
vn -0.7195 0.4695 0.5117
vn -0.7254 0.4704 0.5025
vn -0.7210 0.4701 0.5091
vn -0.7286 0.4706 0.4976
vn -0.2993 0.4607 0.8356
vn 0.4173 -0.3706 0.8298
vn 0.4172 -0.3706 0.8298
vn -0.3170 0.3962 0.8617
vn -0.4108 -0.2655 0.8722
vn -0.2186 -0.4960 0.8404
vn -0.8187 -0.0830 0.5682
vn 0.1303 0.3299 0.9350
vn -0.0772 -0.7722 0.6306
vn 0.6586 -0.6635 -0.3550
vn 0.1954 -0.5887 -0.7844
vn 0.2035 -0.5782 -0.7901
vn 0.1856 -0.6005 -0.7778
vn -0.7646 -0.6277 -0.1463
vn -0.2296 -0.9605 -0.1574
vn 0.6425 -0.5464 0.5372
vn 0.7511 -0.5907 -0.2947
vn 0.8748 -0.4797 -0.0688
vn 0.9054 -0.4073 -0.1197
vn 0.8883 0.3925 -0.2383
vn 0.8854 0.3832 -0.2633
vn 0.8841 0.3798 -0.2724
vn 0.8761 0.3605 -0.3200
vn 0.9782 0.1903 0.0832
vn 0.9874 0.1264 0.0951
vn 0.9611 0.2678 0.0671
vn 0.3851 0.8776 0.2856
vn 0.4964 0.8677 0.0278
vn 0.0884 0.1813 -0.9794
vn 0.6000 0.6670 -0.4418
vn -0.1647 -0.3086 -0.9368
vn -0.7221 -0.3899 -0.5714
vn -0.8541 0.0823 -0.5135
vn -0.8826 0.0641 -0.4658
vn -0.8115 0.1065 -0.5745
vn -0.9741 0.0908 -0.2069
vn -0.0729 -0.8430 0.5330
vn -0.5657 -0.8195 0.0914
vn -0.9820 -0.0681 -0.1763
vn -0.8394 0.0279 -0.5428
vn -0.9013 0.0528 -0.4300
vn -0.8642 0.0370 -0.5017
vn -0.5026 -0.7881 0.3555
vn -0.5333 -0.7237 0.4380
vn -0.9932 -0.0690 0.0936
vn -0.9740 0.1092 0.1983
vn -0.9932 0.0448 0.1077
vn -0.9764 0.1342 0.1691
vn -0.9340 0.1705 0.3141
vn -0.6895 0.3860 0.6128
vn -0.7196 0.3489 0.6003
vn -0.7052 0.3673 0.6064
vn -0.3509 0.3110 0.8833
vn -0.3089 0.2811 0.9086
vn -0.3156 0.2802 0.9066
vn -0.2124 -0.4630 0.8605
vn -0.8287 -0.4764 0.2938
vn -0.9783 0.1540 0.1387
vn -0.9041 0.0977 0.4161
vn -0.2705 -0.7680 0.5806
vn -0.2794 -0.7657 0.5794
vn -0.2567 0.1983 0.9459
vn 0.1062 0.0991 0.9894
vn -0.0800 0.6911 0.7183
vn 0.4152 0.5650 0.7130
vn 0.4285 0.5419 0.7230
vn 0.4306 0.5457 0.7189
vn 0.4527 0.5188 0.7251
vn 0.4587 0.5142 0.7247
vn 0.9493 0.2807 0.1414
vn 0.9694 0.1342 -0.2054
vn 0.9466 0.1384 -0.2912
vn 0.9539 0.1373 -0.2667
vn 0.1759 -0.6133 -0.7700
vn 0.2931 -0.9182 -0.2663
vn 0.5956 -0.5994 -0.5348
vn 0.8662 -0.4997 -0.0013
vn 0.8873 -0.4611 -0.0020
vn 0.7693 -0.6084 -0.1950
vn 0.9518 0.3006 0.0602
vn -0.1252 -0.5699 -0.8121
vn -0.2322 -0.1880 -0.9543
vn -0.7828 0.1213 -0.6104
vn -0.0824 -0.9966 -0.0018
vn 0.0379 -0.8017 -0.5965
vn -0.7836 0.0085 -0.6212
vn -0.5093 -0.7983 0.3215
vn -0.0902 -0.4925 -0.8656
vn -0.0936 -0.4936 -0.8646
vn -0.1088 -0.4706 -0.8756
vn -0.6296 -0.4428 -0.6383
vn -0.6695 -0.3801 -0.6382
vn -0.6676 -0.3683 -0.6471
vn -0.6941 -0.3255 -0.6421
vn -0.7536 -0.2914 -0.5892
vn -0.9767 0.1267 -0.1734
vn -0.9829 0.1128 0.1455
vn -0.8240 0.5353 -0.1855
vn -0.7081 0.6697 -0.2238
vn -0.8006 0.5667 -0.1948
vn -0.6746 0.7002 -0.2337
vn -0.3855 0.7250 0.5708
vn -0.3844 0.7624 0.5206
vn -0.3853 0.7057 0.5946
vn -0.5123 0.3490 0.7847
vn -0.5900 0.2578 0.7651
vn -0.5641 0.2892 0.7734
vn -0.6430 0.1865 0.7428
vn -0.4690 0.8295 0.3033
vn -0.5110 0.7942 0.3288
vn -0.4790 0.8213 0.3100
vn -0.5200 0.7861 0.3342
vn -0.6704 0.4089 0.6192
vn -0.3747 0.3831 0.8443
vn -0.3641 0.3419 0.8663
vn -0.6323 0.3273 0.7022
vn -0.6100 -0.1718 0.7735
vn -0.6096 -0.1727 0.7737
vn -0.6096 -0.1726 0.7737
vn -0.6090 -0.1733 0.7740
vn -0.6804 0.4261 0.5963
vn -0.3476 0.4279 0.8343
vn -0.0049 0.6796 0.7336
vn 0.2436 0.5651 0.7883
vn 0.5984 0.5947 0.5369
vn 0.5413 -0.5037 0.6733
vn 0.5589 -0.4801 0.6761
vn 0.5083 -0.5463 0.6657
vn 0.9683 -0.2139 0.1287
vn 0.7391 0.6646 0.1095
vn 0.9733 0.1334 -0.1870
vn 0.8951 -0.0787 -0.4389
vn 0.9370 -0.1119 -0.3310
vn 0.9302 -0.1078 -0.3507
vn 0.9591 -0.1290 -0.2520
vn 0.9600 -0.1239 -0.2511
vn 0.1767 -0.2000 -0.9637
vn 0.1037 -0.1724 -0.9796
vn 0.1047 -0.1731 -0.9793
vn 0.0624 -0.1566 -0.9857
vn 0.4436 -0.6161 -0.6509
vn 0.0245 -0.9744 0.2233
vn 0.0533 -0.9786 0.1990
vn 0.1205 -0.9827 0.1405
vn 0.4580 -0.8837 0.0962
vn 0.4351 -0.8898 0.1373
vn 0.4577 -0.8805 0.1236
vn 0.1608 -0.9814 0.1048
vn 0.3056 -0.5371 -0.7862
vn -0.1333 -0.4456 -0.8852
vn -0.0487 -0.9846 0.1679
vn -0.1679 -0.4124 -0.8954
vn -0.6839 -0.3300 -0.6507
vn -0.3570 0.4398 -0.8241
vn -0.4700 0.3706 -0.8011
vn -0.4410 0.3937 -0.8066
vn -0.4756 0.6217 -0.6223
vn -0.6324 0.4864 -0.6029
vn -0.5187 0.5891 -0.6196
vn -0.6604 0.4569 -0.5959
vn -0.8523 -0.0801 -0.5169
vn -0.8583 -0.1487 -0.4911
vn -0.8417 -0.0612 -0.5365
vn -0.9878 -0.1520 -0.0344
vn -0.9985 -0.0373 -0.0401
vn -0.9971 -0.0623 -0.0426
vn -0.9979 0.0292 -0.0577
vn -0.9582 0.0635 0.2790
vn -0.9485 0.0892 0.3040
vn -0.9415 0.1061 0.3198
vn -0.9230 0.1440 0.3567
vn -0.6585 0.6844 0.3129
vn -0.3831 0.7800 0.4948
vn -0.7066 -0.4142 0.5737
vn -0.5924 -0.5625 0.5768
vn -0.6350 -0.5126 0.5780
vn -0.3796 -0.4313 0.8185
vn 0.0095 0.8358 0.5490
vn 0.1273 0.2997 0.9455
vn -0.2001 0.1199 0.9724
vn -0.0911 0.7686 0.6332
vn -0.0519 0.5004 0.8642
vn -0.0059 0.4620 0.8869
vn -0.0175 0.4716 0.8816
vn 0.0135 0.4445 0.8957
vn 0.0132 0.4443 0.8958
vn -0.0241 -0.8511 0.5244
vn 0.0541 -0.6099 0.7907
vn 0.0174 -0.3851 0.9227
vn 0.1751 -0.7698 0.6137
vn 0.3045 -0.1759 0.9361
vn 0.5889 -0.4370 0.6799
vn 0.8440 0.4285 -0.3226
vn 0.5089 -0.7922 0.3369
vn 0.4234 -0.8561 0.2964
vn 0.3960 -0.8858 0.2420
vn 0.9239 -0.3232 -0.2050
vn 0.9322 -0.3076 -0.1907
vn 0.9074 -0.3512 -0.2307
vn 0.7183 -0.4584 -0.5234
vn 0.6748 -0.4557 -0.5805
vn 0.6139 -0.4482 -0.6498
vn 0.5850 -0.4441 -0.6787
vn 0.0422 -0.9938 0.1024
vn 0.8485 0.0078 -0.5292
vn 0.7990 -0.1210 -0.5890
vn 0.8206 -0.0706 -0.5671
vn 0.3703 0.3587 -0.8569
vn 0.3688 0.3487 -0.8617
vn 0.3623 0.3099 -0.8790
vn 0.3600 0.2975 -0.8842
vn 0.1143 0.4565 -0.8823
vn 0.1034 0.4281 -0.8978
vn 0.0507 0.2901 -0.9556
vn 0.0359 0.2512 -0.9673
vn -0.3228 0.3477 -0.8803
vn -0.3287 0.3910 -0.8597
vn -0.5550 -0.5268 -0.6438
vn -0.4877 -0.4911 -0.7218
vn -0.4876 -0.4910 -0.7219
vn -0.4110 -0.4469 -0.7946
vn -0.4639 -0.1931 -0.8646
vn -0.4682 -0.1869 -0.8636
vn -0.4588 -0.1708 -0.8720
vn -0.4621 -0.1132 -0.8796
vn -0.8492 0.0088 -0.5280
vn -0.8428 0.0101 -0.5381
vn -0.9972 0.0334 -0.0665
vn -0.7377 0.6678 -0.0994
vn -0.6039 0.7969 -0.0153
vn -0.6758 0.7348 -0.0581
vn -0.5633 0.8262 0.0082
vn -0.8523 -0.5175 0.0755
vn -0.8838 -0.4552 0.1082
vn -0.8631 -0.4977 0.0862
vn -0.8945 -0.4306 0.1200
vn -0.7436 -0.3546 0.5668
vn -0.6062 0.6342 0.4798
vn -0.6095 0.5487 0.5722
vn -0.6088 0.5937 0.5262
vn -0.1862 -0.3781 0.9069
vn -0.1840 -0.3816 0.9058
vn -0.2002 -0.3559 0.9128
vn -0.6754 0.5601 0.4798
vn -0.4640 0.5915 0.6594
vn -0.4159 -0.9094 -0.0081
vn -0.3808 -0.9187 0.1051
vn -0.3962 -0.9163 0.0576
vn -0.3571 -0.9180 0.1725
vn -0.4078 0.1129 0.9061
vn -0.4083 0.1143 0.9057
vn -0.3925 0.1143 0.9126
vn -0.6178 0.2924 0.7300
vn -0.6282 0.3081 0.7144
vn -0.6598 0.3565 0.6615
vn -0.3887 0.6891 0.6116
vn -0.3792 0.6693 0.6389
vn -0.4286 0.6815 0.5932
vn 0.7467 0.6623 -0.0620
vn 0.7609 0.6478 0.0374
vn 0.7643 0.6448 0.0132
vn 0.8093 0.5790 0.0987
vn 0.0205 0.0460 0.9987
vn 0.0157 0.0506 0.9986
vn -0.0005 0.0666 0.9978
vn -0.0101 0.0756 0.9971
vn -0.4215 -0.1489 0.8945
vn -0.3942 -0.0464 0.9179
vn -0.4611 -0.0605 0.8853
vn -0.4594 0.0599 0.8862
vn 0.7875 0.2802 0.5490
vn 0.8041 0.3061 0.5096
vn 0.8335 0.3609 0.4184
vn 0.8466 0.3912 0.3609
vn -0.2107 -0.0225 0.9773
vn -0.2395 0.0003 0.9709
vn -0.3523 -0.0159 0.9358
vn -0.3008 -0.0236 0.9534
vn -0.1787 0.0167 0.9838
vn 0.0548 0.0520 0.9971
vn 0.0076 0.1771 0.9842
vn 0.0482 -0.0287 0.9984
vn -0.1600 0.0322 0.9866
vn -0.1927 -0.0556 0.9797
vn 0.0434 -0.7075 0.7054
vn 0.0399 -0.7898 0.6121
vn 0.1081 -0.6112 0.7841
vn -0.2988 -0.4650 0.8334
vn -0.1349 -0.9712 0.1966
vn -0.9994 0.0339 0.0084
vn -0.9978 0.0046 0.0660
vn -0.9980 0.0155 0.0620
vn -0.9837 -0.0163 0.1791
vn -0.9776 -0.0207 0.2095
vn -0.5129 -0.8539 0.0881
vn -0.7320 -0.6810 -0.0220
vn -0.2425 0.2452 0.9387
vn -0.9820 0.1795 -0.0591
vn -0.9948 0.0966 -0.0324
vn -0.9611 0.2678 -0.0671
vn -0.6494 -0.1356 0.7483
vn -0.0282 0.6487 0.7605
vn -0.0588 0.6505 0.7573
vn -0.0425 0.6502 0.7586
vn -0.0730 0.6505 0.7560
vn -0.9117 -0.3069 0.2733
vn -0.9086 -0.3183 0.2705
vn -0.8775 -0.3576 0.3196
vn -0.8553 -0.3808 0.3513
vn -0.7919 -0.4065 0.4557
vn -0.9743 -0.0636 0.2159
vn 0.1396 0.5673 0.8116
vn 0.3446 -0.2884 0.8934
vn -0.0345 0.2949 0.9549
vn 0.0036 0.2789 0.9603
vn -0.9997 0.0155 0.0171
vn -0.9997 -0.0243 -0.0085
vn -0.9997 0.0169 0.0177
vn -0.9995 -0.0212 -0.0222
vn 0.0024 0.2928 0.9562
vn 0.0258 0.3157 0.9485
vn 0.0029 0.2996 0.9540
vn -0.0620 -0.9616 0.2673
vn -0.0462 -0.9675 0.2485
vn -0.0136 -0.9731 0.2301
vn -0.0047 -0.9724 0.2333
vn -0.9971 0.0440 0.0616
vn -0.1043 -0.3822 0.9182
vn 0.1089 -0.0870 0.9902
vn 0.0121 -0.8704 0.4922
vn -0.0057 -0.7889 0.6145
vn -0.9663 -0.2204 0.1328
vn -0.9951 0.0362 0.0917
vn -0.9837 -0.1048 -0.1462
vn -0.1587 0.0544 0.9858
vn -0.8090 0.0996 0.5793
vn -0.7495 0.0014 0.6620
vn -0.7937 0.0710 0.6042
vn -0.0439 -0.0022 0.9990
vn -0.0719 -0.0279 0.9970
vn -0.0486 0.0083 0.9988
vn 0.0449 -0.9767 0.2097
vn 0.3499 -0.2227 0.9099
vn 0.3301 -0.1249 0.9356
vn 0.3251 -0.0979 0.9406
vn 0.2441 -0.1361 0.9602
vn 0.9411 -0.0844 0.3273
vn 0.9485 -0.1183 0.2939
vn 0.9576 -0.2257 0.1789
vn 0.9690 -0.2469 -0.0059
vn 0.9444 -0.3189 0.0802
vn 0.9611 -0.2530 0.1109
vn 0.9437 -0.3179 0.0912
vn 0.0067 -0.0774 0.9970
vn -0.0265 0.0073 0.9996
vn -0.0360 -0.0328 0.9988
vn -0.0279 0.0761 0.9967
vn 0.6478 -0.2621 0.7153
vn 0.7752 -0.2408 0.5840
vn 0.7395 -0.2518 0.6243
vn 0.7769 -0.2389 0.5825
vn 0.0155 -0.0818 0.9965
vn 0.0285 -0.0492 0.9984
vn 0.9232 -0.0137 0.3840
vn 0.0229 -0.9988 0.0432
vn 0.0052 -1.0000 0.0001
vn 0.0059 -0.9999 0.0090
vn -0.0036 -1.0000 0.0042
vn -0.0110 -0.9996 0.0247
vn -0.0036 -1.0000 0.0033
vn 0.9710 -0.0068 0.2391
vn 0.9967 0.0005 0.0806
vn 0.9824 0.0109 0.1867
vn 0.9987 0.0475 0.0201
vn 0.9935 0.0114 -0.1136
vn 0.6385 0.7695 -0.0097
vn 0.7798 0.2689 -0.5653
vn 0.7992 -0.0293 -0.6003
vn 0.7581 -0.0731 -0.6481
vn 0.7707 -0.0610 -0.6343
vn 0.7358 -0.0953 -0.6704
vn 0.2939 0.0281 -0.9554
vn -0.2576 -0.1579 -0.9533
vn -0.1838 -0.0959 -0.9783
vn -0.2102 -0.1182 -0.9705
vn -0.1507 -0.0686 -0.9862
vn -0.8063 -0.0286 -0.5908
vn -0.8282 0.0021 -0.5604
vn -0.8152 -0.0166 -0.5790
vn -0.0007 -1.0000 -0.0038
vn 0.0007 -1.0000 -0.0068
vn -0.2480 0.0689 0.9663
vn -0.2693 0.0703 0.9605
vn -0.2694 0.0703 0.9604
vn -0.2923 0.0722 0.9536
vn -0.4522 -0.3013 0.8395
vn 0.9488 0.0099 0.3157
vn 0.9643 -0.0366 0.2624
vn 0.6751 0.4751 0.5644
vn 0.7255 0.4082 0.5541
vn 0.6398 0.5167 0.5689
vn 0.8804 0.3234 0.3468
vn 0.8994 0.2319 0.3705
vn 0.8861 0.3427 0.3122
vn 0.9239 0.1109 0.3661
vn 0.9932 -0.0534 0.1036
vn 0.9787 -0.1306 0.1587
vn 0.9985 0.0088 0.0540
vn 0.0191 -0.9997 -0.0140
vn 0.0461 -0.9953 -0.0849
vn -0.0003 -0.9909 0.1345
vn 0.0036 -0.9839 0.1787
vn -0.0110 -0.9511 0.3086
vn -0.2461 -0.8541 0.4581
vn 0.0007 -0.9223 0.3865
vn -0.0109 -0.9271 0.3745
vn 0.0205 -0.8750 0.4837
vn -0.0917 0.5164 0.8514
vn 0.1255 0.6846 0.7181
vn 0.5847 0.5742 0.5730
vn 0.5446 0.8107 0.2148
vn 0.5561 0.8034 0.2127
vn 0.6107 0.7642 0.2074
vn 0.6209 0.7563 0.2062
vn 0.8611 0.4290 0.2729
vn 0.9963 0.0110 0.0850
vn 0.9911 -0.0189 0.1317
vn 0.0988 -0.9657 -0.2402
vn 0.0564 -0.9865 -0.1537
vn -0.9430 -0.0187 -0.3322
vn -0.9689 -0.0249 -0.2461
vn -0.9609 -0.0278 -0.2754
vn -0.9852 0.0183 -0.1704
vn -0.9811 0.0463 -0.1878
vn -0.9891 -0.0067 0.1468
vn -0.9820 0.0497 0.1822
vn -0.9873 0.0125 0.1584
vn -0.9783 0.0711 0.1944
vn -0.9119 0.3383 0.2325
vn -0.7745 0.4370 0.4574
vn -0.7447 0.4693 0.4745
vn -0.7111 0.5145 0.4792
vn -0.6848 0.5498 0.4784
vn -0.6730 0.5895 0.4467
vn 0.0505 0.8634 0.5020
vn -0.1808 0.9834 -0.0148
vn -0.0006 0.9986 0.0523
vn -0.0138 0.9995 0.0282
vn 0.0857 0.9940 0.0679
vn 0.1374 0.9890 0.0548
vn 0.1620 0.8359 0.5244
vn 0.2249 0.8366 0.4995
vn 0.2593 0.8350 0.4854
vn 0.3305 0.8287 0.4517
vn 0.7995 0.3667 0.4757
vn 0.9328 0.1918 0.3052
vn 0.9105 0.3358 0.2413
vn 0.9671 0.0402 0.2512
vn 0.9725 0.0544 0.2266
vn 0.9672 0.0688 0.2446
vn 0.9384 0.3455 -0.0043
vn 0.9531 0.1489 -0.2634
vn 0.9464 0.1898 -0.2615
vn 0.9406 0.2195 -0.2588
vn 0.9340 0.2486 -0.2565
vn 0.5580 -0.0034 -0.8298
vn 0.3544 0.8332 -0.4245
vn 0.2654 0.4756 -0.8387
vn -0.0777 0.8195 -0.5678
vn -0.2157 0.6570 -0.7224
vn -0.5773 0.6664 -0.4719
vn -0.7914 -0.0481 -0.6095
vn -0.9697 0.0205 -0.2433
vn -0.9572 -0.0337 -0.2874
vn -0.9645 0.0120 -0.2637
vn -0.9536 -0.0006 -0.3011
vn -0.1479 -0.3066 0.9403
vn 0.0077 -0.9886 0.1503
vn 0.1216 -0.9586 -0.2573
vn 0.0950 -0.9701 -0.2235
vn -0.8376 -0.4110 -0.3599
vn -0.9400 0.0980 -0.3267
vn -0.9433 0.0095 -0.3318
vn -0.9336 0.3261 -0.1486
vn -0.8542 0.4901 -0.1737
vn -0.7754 0.6308 -0.0302
vn -0.8310 0.5555 -0.0298
vn -0.6834 0.7293 0.0338
vn -0.6327 0.7738 0.0296
vn -0.5773 0.8065 0.1276
vn -0.5324 0.8226 0.1998
vn -0.5247 0.8268 0.2026
vn -0.2936 0.8815 0.3699
vn -0.2194 0.9022 0.3713
vn -0.1572 0.9153 0.3709
vn -0.0870 0.9259 0.3675
vn -0.3465 0.0794 0.9347
vn 0.1420 0.7506 0.6453
vn 0.0047 0.7747 0.6323
vn 0.1696 0.7146 0.6787
vn -0.0275 0.2315 0.9725
vn 0.0836 -0.3632 0.9280
vn 0.9400 0.0883 0.3295
vn 0.9533 0.0734 0.2929
vn 0.6201 -0.6301 0.4673
vn 0.7427 -0.6546 0.1414
vn 0.6963 -0.7126 0.0858
vn 0.6463 -0.7624 0.0324
vn 0.6043 -0.7967 -0.0097
vn 0.7170 -0.6460 -0.2619
vn 0.6491 -0.6905 -0.3193
vn 0.6134 -0.7096 -0.3466
vn 0.4484 -0.5871 -0.6740
vn 0.5293 -0.7458 -0.4046
vn 0.7631 0.4907 -0.4206
vn 0.2169 0.4693 -0.8560
vn 0.1809 0.4166 -0.8909
vn 0.2088 0.3790 -0.9015
vn 0.1720 0.2989 -0.9387
vn -0.1490 0.0537 -0.9874
vn -0.6714 0.1334 -0.7290
vn -0.7043 0.1798 -0.6867
vn -0.7068 0.1965 -0.6796
vn -0.7224 0.2235 -0.6543
vn -0.9615 0.1430 -0.2348
vn -0.9643 0.0504 -0.2598
vn -0.9651 0.0863 -0.2472
vn -0.9275 0.3530 -0.1228
vn -0.8893 0.4458 -0.1017
vn -0.9537 -0.2992 0.0289
vn -0.8502 -0.1547 0.5032
vn -0.2367 -0.4965 0.8351
vn -0.1663 -0.4212 0.8916
vn -0.1894 -0.4456 0.8750
vn -0.1199 -0.3693 0.9215
vn -0.2632 0.8538 0.4491
vn -0.1852 0.8222 0.5382
vn -0.0764 0.8230 0.5629
vn -0.1325 -0.6095 0.7816
vn -0.1248 -0.6270 0.7689
vn -0.1348 -0.6048 0.7849
vn 0.1383 0.7644 0.6297
vn 0.9654 -0.0631 0.2529
vn 0.3340 -0.9370 0.1019
vn 0.8542 -0.2436 -0.4594
vn 0.8622 -0.2487 -0.4413
vn 0.8906 -0.2708 -0.3655
vn 0.8943 -0.2728 -0.3546
vn 0.7808 -0.1674 0.6019
vn 0.7756 -0.1700 0.6079
vn 0.7796 -0.2033 0.5923
vn 0.7972 -0.2396 0.5541
vn 0.7634 0.5744 0.2954
vn 0.7800 0.5529 0.2931
vn 0.8341 0.4745 0.2811
vn 0.8495 0.4495 0.2762
vn 0.9183 -0.1725 0.3564
vn 0.9551 -0.2227 0.1952
vn 0.9302 -0.1862 0.3164
vn 0.9603 -0.2353 0.1498
vn 0.9706 -0.2102 -0.1177
vn 0.9393 -0.2347 -0.2501
vn 0.9334 -0.2081 -0.2923
vn 0.9210 -0.2320 -0.3129
vn 0.8661 -0.1892 -0.4627
vn 0.6392 -0.1186 -0.7599
vn 0.5843 -0.1961 -0.7875
vn 0.6232 -0.1523 -0.7671
vn 0.5662 -0.2030 -0.7988
vn -0.0186 -0.0642 -0.9978
vn 0.0248 -0.1380 -0.9901
vn 0.0088 -0.1316 -0.9913
vn 0.0603 -0.6496 -0.7579
vn 0.1350 -0.6844 -0.7165
vn 0.1367 -0.6856 -0.7150
vn 0.2032 -0.7119 -0.6723
vn 0.3037 0.3277 -0.8946
vn -0.3781 0.6756 -0.6329
vn -0.7216 0.2468 -0.6468
vn -0.8457 0.3870 -0.3674
vn -0.6470 -0.6997 -0.3030
vn -0.6845 -0.6319 -0.3636
vn -0.6669 -0.6662 -0.3339
vn -0.8193 -0.5632 0.1070
vn -0.9685 0.1539 -0.1957
vn -0.9744 0.1534 -0.1641
vn -0.8185 0.5619 0.1198
vn -0.8052 0.5794 0.1264
vn -0.7776 0.6131 0.1396
vn -0.7647 0.6279 0.1448
vn -0.9097 -0.0021 -0.4153
vn -0.4328 -0.7011 0.5667
vn -0.4152 -0.7151 0.5623
vn -0.4329 -0.7006 0.5673
vn -0.3382 -0.7723 0.5378
vn -0.3120 -0.7905 0.5270
vn -0.1225 -0.6318 0.7654
vn -0.0368 0.0092 0.9993
vn -0.0432 0.0123 0.9990
vn -0.0211 0.0013 0.9998
vn 0.3009 -0.0073 0.9536
vn 0.3348 -0.0028 0.9423
vn 0.3936 0.0051 0.9193
vn 0.4066 0.0071 0.9136
vn 0.6589 -0.0840 0.7475
vn 0.8636 -0.1248 0.4884
vn 0.9892 -0.1309 0.0663
vn 0.8207 -0.2829 0.4964
vn 0.4401 0.7794 0.4458
vn 0.4979 0.7834 0.3720
vn 0.4157 0.7775 0.4718
vn 0.6141 0.1970 0.7643
vn 0.3718 -0.8277 0.4202
vn 0.6204 -0.7426 0.2522
vn 0.5265 -0.7736 0.3527
vn 0.7297 -0.6686 0.1432
vn 0.7565 -0.6513 0.0587
vn 0.7322 -0.4960 0.4668
vn 0.8778 -0.4391 0.1914
vn 0.8679 -0.4843 0.1102
vn 0.9372 -0.3459 0.0442
vn 0.8759 -0.4814 -0.0326
vn 0.7639 0.6448 0.0259
vn 0.9468 0.3028 -0.1095
vn 0.8586 0.2797 -0.4296
vn 0.7697 0.4576 -0.4453
vn 0.8423 0.3188 -0.4346
vn 0.7530 0.4834 -0.4464
vn 0.6447 0.0374 -0.7635
vn 0.4710 -0.4800 -0.7402
vn 0.4473 -0.5098 -0.7349
vn 0.3195 -0.4433 -0.8375
vn 0.4160 0.5740 -0.7053
vn -0.1113 0.4807 -0.8698
vn -0.0243 0.0549 -0.9982
vn -0.0238 -0.0968 -0.9950
vn -0.3795 -0.1618 -0.9109
vn -0.2852 -0.7372 -0.6126
vn -0.2655 -0.7169 -0.6446
vn -0.2646 -0.7160 -0.6460
vn -0.2526 -0.7030 -0.6649
vn -0.5659 -0.5387 -0.6242
vn -0.6148 -0.7460 -0.2559
vn -0.8425 -0.1124 -0.5269
vn -0.9339 -0.0923 -0.3455
vn -0.9114 -0.0821 -0.4032
vn -0.9632 -0.0682 -0.2599
vn -0.9946 -0.0821 0.0633
vn -0.9875 -0.1088 0.1141
vn -0.9923 -0.0922 0.0833
vn -0.9835 -0.1197 0.1354
vn 0.3235 -0.0677 0.9438
vn -0.7414 -0.0656 -0.6679
vn -0.7091 0.0010 0.7051
vn -0.6487 -0.0216 0.7608
vn -0.6885 -0.0070 0.7252
vn -0.6318 -0.0273 0.7747
vn -0.3642 0.0343 0.9307
vn -0.0135 -0.0024 0.9999
vn -0.0185 0.9653 0.2606
vn 0.0237 0.9361 0.3509
vn 0.0086 0.9519 0.3064
vn 0.3563 0.7557 0.5495
vn 0.3571 0.7579 0.5460
vn 0.2859 -0.8224 0.4918
vn 0.0067 -0.6975 0.7166
vn 0.1545 -0.6673 0.7286
vn 0.0447 -0.6764 0.7352
vn 0.1645 0.2822 0.9452
vn 0.5591 0.4067 0.7225
vn 0.5718 0.5148 0.6388
vn 0.5661 0.4567 0.6862
vn 0.5734 0.5564 0.6013
vn 0.6626 0.0227 0.7486
vn 0.7123 0.0777 0.6976
vn 0.6978 0.0610 0.7137
vn 0.7494 0.1235 0.6504
vn 0.7521 -0.2033 0.6269
vn 0.7529 -0.2058 0.6251
vn 0.7519 -0.2025 0.6274
vn 0.9050 -0.3888 0.1727
vn 0.9770 -0.0867 0.1947
vn 0.9777 -0.1338 0.1618
vn 0.9841 -0.1649 0.0662
vn 0.9429 -0.3198 -0.0927
vn 0.7299 -0.5141 -0.4505
vn 0.7295 -0.5133 -0.4520
vn 0.7292 -0.5127 -0.4532
vn 0.7288 -0.5118 -0.4548
vn 0.5710 -0.4777 -0.6677
vn 0.2991 0.6312 -0.7156
vn 0.2265 0.3667 -0.9023
vn 0.1816 0.4015 -0.8977
vn 0.1998 0.4501 -0.8704
vn 0.1454 0.4316 -0.8903
vn -0.0774 0.1226 -0.9894
vn -0.2494 0.5244 -0.8142
vn -0.0134 0.4559 -0.8900
vn -0.1886 0.4652 -0.8649
vn 0.0429 0.4151 -0.9088
vn 0.2688 -0.3930 -0.8794
vn -0.0982 -0.6462 -0.7568
vn -0.2091 -0.5350 -0.8186
vn -0.1342 -0.6125 -0.7790
vn -0.2578 -0.4791 -0.8391
vn -0.4681 -0.5575 -0.6856
vn -0.6191 0.2304 -0.7508
vn -0.6744 -0.1190 -0.7287
vn -0.7003 -0.1270 -0.7025
vn -0.7645 -0.1074 -0.6357
vn -0.5052 0.8543 -0.1226
vn -0.5083 0.8525 -0.1217
vn -0.5214 0.8501 -0.0746
vn -0.5229 0.8503 -0.0598
vn -0.5205 0.8538 -0.0133
vn -0.2840 0.9582 0.0356
vn -0.2298 0.9707 0.0708
vn -0.2511 0.9648 0.0784
vn -0.1990 0.9775 0.0704
vn -0.1885 0.9819 0.0207
vn -0.0425 0.9668 0.2518
vn -0.0273 0.9682 0.2486
vn -0.1047 -0.7360 0.6688
vn -0.0769 -0.7324 0.6765
vn 0.4215 0.0580 0.9050
vn 0.4607 -0.6919 0.5560
vn 0.4799 -0.6793 0.5552
vn 0.4771 -0.6814 0.5550
vn 0.4971 -0.6676 0.5543
vn 0.7129 -0.7005 0.0326
vn 0.7540 -0.6562 -0.0309
vn 0.7220 -0.6912 0.0305
vn 0.3234 0.2431 0.9145
vn 0.3215 0.2069 0.9240
vn 0.3128 0.2979 0.9019
vn 0.7690 -0.6326 -0.0918
vn 0.7614 -0.6240 -0.1760
vn 0.7521 -0.2012 0.6276
vn 0.7456 0.5374 -0.3941
vn 0.7501 0.5289 -0.3970
vn 0.6857 0.4743 -0.5521
vn 0.7486 0.4496 -0.4873
vn 0.7166 0.3949 -0.5750
vn 0.6478 0.4375 -0.6236
vn 0.5486 0.4969 -0.6724
vn 0.5319 0.5183 -0.6696
vn 0.2507 0.5709 -0.7818
vn 0.1715 0.4695 -0.8661
vn -0.1620 0.6846 -0.7107
vn -0.6359 0.0641 -0.7691
vn -0.6240 0.0261 -0.7810
vn -0.6290 0.0294 -0.7769
vn -0.6153 0.0097 -0.7883
vn -0.3556 0.6057 -0.7119
vn -0.3504 0.4980 -0.7932
vn -0.3692 0.3461 -0.8625
vn -0.7235 -0.0292 -0.6897
vn -0.7423 -0.1486 -0.6534
vn -0.7430 -0.1503 -0.6522
vn -0.7478 -0.2128 -0.6289
vn -0.8876 -0.3989 -0.2302
vn -0.8743 -0.4498 -0.1825
vn -0.8704 -0.4613 -0.1719
vn -0.8588 -0.4931 -0.1390
vn -0.8460 -0.4678 0.2558
vn -0.7804 -0.4737 0.4081
vn -0.8493 -0.4508 0.2746
vn -0.8124 -0.4061 0.4183
vn -0.7796 -0.3340 0.5298
vn -0.6961 -0.4804 0.5336
vn -0.6094 -0.5605 0.5608
vn -0.6138 -0.5603 0.5562
vn -0.0201 -0.7670 0.6414
vn -0.4147 0.3212 0.8514
vn -0.3411 0.2519 0.9056
vn -0.2905 0.1926 0.9373
vn -0.2520 0.1921 0.9485
vn -0.1778 0.1074 0.9782
vn 0.3351 0.2258 0.9147
vn 0.3343 0.2204 0.9163
vn 0.4916 -0.8524 0.1784
vn 0.2775 -0.8887 0.3650
vn 0.3144 -0.7611 0.5674
vn 0.2584 -0.8345 0.4867
vn 0.3009 -0.6851 0.6634
vn -0.2619 -0.6674 0.6971
vn -0.2654 -0.6253 0.7339
vn -0.2664 -0.6112 0.7453
vn -0.2686 -0.5687 0.7774
vn -0.0393 -0.3097 0.9500
vn -0.0201 -0.4074 0.9130
vn -0.0248 -0.2838 0.9586
vn 0.2618 -0.5054 0.8222
vn 0.3121 -0.5562 0.7702
vn 0.6274 -0.5506 0.5506
vn 0.7373 -0.6015 0.3075
vn 0.7152 -0.5908 0.3734
vn 0.7477 -0.5940 0.2968
vn 0.9373 -0.3024 0.1732
vn 0.9470 -0.2917 0.1342
vn 0.9412 -0.2985 0.1584
vn 0.7208 -0.5871 0.3684
vn 0.6511 -0.5728 0.4980
vn 0.6438 -0.5621 0.5192
vn 0.3129 0.3925 0.8649
vn 0.5392 0.5234 0.6598
vn 0.7061 -0.6781 -0.2041
vn 0.8675 -0.3734 -0.3287
vn 0.8538 -0.3881 -0.3470
vn 0.7839 -0.4136 -0.4631
vn 0.7787 -0.3322 -0.5323
vn 0.7768 -0.3835 -0.4995
vn 0.9624 -0.1090 -0.2489
vn 0.9427 -0.0892 -0.3213
vn 0.9425 -0.0890 -0.3222
vn 0.9046 -0.0596 -0.4220
vn 0.5266 -0.2834 -0.8015
vn 0.5348 -0.2913 -0.7932
vn 0.5370 -0.2931 -0.7910
vn 0.5458 -0.3006 -0.7821
vn 0.1698 -0.3333 -0.9274
vn 0.0127 -0.2557 -0.9667
vn 0.1239 -0.2810 -0.9517
vn -0.0547 -0.2511 -0.9664
vn -0.1224 -0.2231 -0.9671
vn -0.1035 -0.1883 -0.9766
vn -0.6191 0.1065 -0.7780
vn -0.6325 0.0792 -0.7705
vn -0.8980 -0.0252 -0.4394
vn -0.8446 -0.0699 -0.5309
vn -0.9060 -0.0378 -0.4216
vn -0.5744 0.6062 -0.5501
vn -0.6051 0.5860 -0.5390
vn -0.7224 0.5649 -0.3988
vn -0.6820 0.5543 -0.4772
vn -0.7758 0.5413 -0.3241
vn -0.7760 0.5716 -0.2667
vn -0.8861 0.4613 -0.0455
vn -0.8806 0.4733 0.0222
vn -0.8804 0.4738 -0.0216
vn -0.8886 0.4549 0.0588
vn -0.8761 0.4527 0.1661
vn -0.0915 0.7820 0.6165
vn -0.0289 0.3138 0.9491
vn -0.4052 0.3529 0.8434
vn -0.4355 0.3406 0.8333
vn -0.6154 -0.5688 0.5458
vn -0.2867 0.0591 0.9562
vn -0.2104 0.0344 0.9770
vn -0.0383 -0.9956 -0.0852
vn -0.4697 -0.8769 0.1020
vn -0.4607 -0.8779 0.1308
vn -0.4828 -0.8738 0.0574
vn -0.4696 -0.7835 0.4070
vn -0.7201 -0.3596 0.5934
vn -0.6630 -0.3556 0.6588
vn -0.5368 -0.2885 0.7928
vn -0.5272 -0.3095 0.7913
vn -0.4581 -0.2345 0.8574
vn -0.0195 -0.2073 0.9781
vn 0.0051 -0.1844 0.9828
vn 0.3944 -0.1802 0.9011
vn 0.4478 -0.1574 0.8802
vn 0.4843 -0.1410 0.8635
vn 0.5124 -0.1281 0.8492
vn 0.7088 -0.2160 0.6715
vn 0.7620 -0.1920 0.6184
vn 0.7974 -0.1748 0.5775
vn 0.8467 -0.1463 0.5115
vn 0.8895 0.1891 0.4160
vn 0.9771 0.2127 -0.0029
vn 0.9302 -0.3090 0.1979
vn 0.6626 -0.1065 0.7413
vn 0.9742 -0.0445 0.2212
vn 0.9369 -0.3186 0.1440
vn 0.6425 0.2312 0.7306
vn 0.7313 0.5342 0.4241
vn 0.7657 0.5152 0.3850
vn 0.8307 0.4984 0.2481
vn 0.8304 0.5198 0.2007
vn 0.8025 0.5715 0.1716
vn 0.8894 0.4162 -0.1891
vn 0.7172 0.6116 -0.3339
vn 0.7088 0.5978 -0.3745
vn 0.6217 0.5905 -0.5145
vn 0.6404 0.5713 -0.5132
vn 0.1795 -0.6210 -0.7630
vn 0.5069 -0.4248 -0.7500
vn 0.4500 0.6936 -0.5625
vn 0.4624 0.8283 -0.3165
vn -0.0013 0.7163 -0.6978
vn -0.1269 0.8657 -0.4842
vn -0.4207 0.7987 -0.4301
vn -0.5079 0.8191 -0.2666
vn -0.4641 0.8187 -0.3381
vn -0.5668 0.8082 -0.1596
vn -0.6087 0.7862 -0.1063
vn -0.6569 0.7537 0.0214
vn -0.6721 0.7350 0.0900
vn -0.9460 -0.0337 -0.3224
vn -0.9530 -0.0703 -0.2948
vn -0.9325 0.1299 0.3370
vn -0.8987 0.4377 0.0274
vn -0.5072 0.2118 0.8354
vn -0.8530 -0.4141 0.3177
vn -0.7172 0.5787 0.3882
vn -0.6920 0.5146 0.5063
vn -0.6858 0.5294 0.4994
vn -0.2875 0.0939 0.9532
vn -0.4941 -0.8692 0.0163
vn -0.7770 -0.6034 -0.1793
vn -0.8240 -0.5476 -0.1453
vn -0.8456 -0.5182 -0.1283
vn -0.8727 -0.4768 -0.1052
vn -0.8807 -0.2573 0.3977
vn -0.9159 -0.1526 0.3714
vn -0.9100 -0.1733 0.3767
vn -0.9368 -0.0609 0.3444
vn -0.8606 0.2996 0.4119
vn -0.8472 0.2345 0.4767
vn -0.8511 0.2496 0.4620
vn -0.8426 0.2169 0.4930
vn -0.5936 0.2298 0.7713
vn -0.5389 0.2682 0.7985
vn -0.4848 0.3037 0.8202
vn -0.4197 0.3429 0.8404
vn -0.0502 0.2735 0.9605
vn -0.0130 0.2948 0.9555
vn 0.0031 0.3040 0.9527
vn 0.0522 0.3302 0.9424
vn 0.5447 0.2089 0.8122
vn 0.7242 0.3513 0.5934
vn 0.7172 0.3990 0.5713
vn 0.7145 0.4131 0.5647
vn 0.6820 0.5394 0.4938
vn 0.0899 -0.2057 0.9745
vn 0.1500 -0.3146 0.9373
vn 0.2362 -0.2692 0.9337
vn 0.1319 -0.3940 0.9096
vn 0.0895 -0.3917 0.9157
vn 0.6637 -0.4345 0.6089
vn 0.6782 -0.3247 0.6593
vn 0.6543 -0.4019 0.6406
vn 0.7342 -0.2661 0.6246
vn 0.8209 -0.2762 0.4998
vn 0.8262 -0.2578 0.5010
vn 0.8442 -0.3043 0.4412
vn 0.9646 -0.2636 -0.0006
vn 0.9299 -0.3610 -0.0703
vn 0.9823 -0.1771 -0.0601
vn 0.9172 -0.3804 -0.1183
vn 0.8240 -0.3280 -0.4620
vn 0.8238 -0.3078 -0.4760
vn 0.8099 -0.3310 -0.4843
vn 0.7121 -0.4373 -0.5492
vn 0.5854 -0.3498 -0.7313
vn 0.5232 -0.3029 -0.7966
vn 0.5318 -0.3097 -0.7882
vn 0.4706 -0.2642 -0.8419
vn 0.5497 0.5852 -0.5962
vn 0.0419 -0.3122 -0.9491
vn 0.1014 -0.3580 -0.9282
vn 0.0352 -0.3069 -0.9511
vn 0.0513 -0.0710 -0.9962
vn 0.0313 -0.1138 -0.9930
vn 0.0006 -0.1758 -0.9844
vn -0.0349 -0.2467 -0.9685
vn -0.4395 -0.3096 -0.8432
vn -0.4389 -0.3182 -0.8403
vn -0.5049 -0.4049 -0.7623
vn -0.4986 -0.4058 -0.7660
vn -0.5694 -0.4800 -0.6674
vn -0.8048 -0.3123 -0.5047
vn -0.8633 -0.4916 -0.1141
vn -0.7115 0.6215 0.3279
vn -0.7988 -0.2702 0.5375
vn -0.9543 -0.0074 0.2987
vn -0.9036 -0.0246 0.4277
vn -0.9672 0.0451 0.2501
vn -0.7903 -0.1951 -0.5808
vn -0.9644 0.0493 -0.2598
vn -0.8743 0.3545 -0.3316
vn -0.8765 0.4083 -0.2550
vn -0.8756 0.4277 -0.2247
vn -0.8657 0.4811 -0.1378
vn -0.5843 0.7849 -0.2062
vn -0.4831 0.8710 0.0896
vn -0.4325 0.8962 0.0991
vn -0.4347 0.8952 0.0985
vn -0.3887 0.9152 0.1068
vn -0.1989 0.9151 0.3507
vn -0.1956 0.9164 0.3491
vn -0.1972 0.9160 0.3495
vn -0.1941 0.9169 0.3488
vn 0.1509 0.8222 0.5488
vn 0.3515 0.8703 0.3450
vn -0.0415 -0.2425 0.9693
vn -0.1460 -0.1874 0.9714
vn -0.0041 -0.9687 0.2484
vn -0.2390 -0.8884 0.3919
vn -0.6140 -0.6773 0.4053
vn -0.4486 0.5879 0.6731
vn -0.5987 0.1183 0.7922
vn -0.5402 0.0503 0.8400
vn -0.6104 -0.0122 0.7920
vn -0.5963 -0.0307 0.8022
vn -0.5150 0.0131 0.8571
vn -0.3010 -0.9422 0.1474
vn -0.3917 -0.9017 0.1830
vn -0.3564 -0.9235 0.1419
vn -0.3954 -0.9053 0.1551
vn -0.3897 -0.8990 0.1999
vn -0.3093 0.2770 0.9097
vn -0.2776 0.2327 0.9321
vn -0.3800 0.2603 0.8876
vn -0.3408 0.2452 0.9076
vn -0.2259 0.2350 0.9454
vn 0.0572 0.9957 -0.0725
vn 0.0494 0.9967 0.0646
vn 0.0230 0.9997 0.0105
vn 0.9775 -0.1977 -0.0738
vn 0.1604 -0.2705 0.9493
vn 0.2106 -0.1641 0.9637
vn 0.2803 -0.0563 0.9583
vn 0.3812 -0.9242 -0.0240
vn 0.8997 0.0668 0.4314
vn 0.3914 -0.2524 0.8849
vn 0.7325 0.3245 0.5984
vn 0.5884 0.3658 0.7211
vn 0.6457 0.3519 0.6777
vn 0.5474 0.3736 0.7489
vn 0.0001 0.2326 0.9726
vn 0.0297 0.1532 0.9878
vn 0.0097 0.2072 0.9783
vn -0.5770 -0.0163 0.8166
vn -0.4557 -0.0749 0.8870
vn -0.4624 -0.0641 0.8844
vn -0.3939 -0.0962 0.9141
vn -0.4983 -0.5304 0.6858
vn -0.5260 -0.5387 0.6581
vn -0.5151 -0.5025 0.6944
vn 0.7072 -0.5586 0.4334
vn 0.5761 0.0812 0.8133
vn 0.5230 0.0945 0.8471
vn 0.5590 0.0855 0.8247
vn 0.5087 0.0986 0.8553
vn 0.7580 0.1241 0.6404
vn 0.7161 0.1760 0.6754
vn 0.7288 0.1610 0.6656
vn 0.6713 0.2265 0.7057
vn 0.2644 -0.8968 0.3548
vn 0.2535 -0.8945 0.3683
vn 0.2511 -0.8940 0.3711
vn 0.2375 -0.8913 0.3863
vn -0.9459 -0.0675 0.3173
vn -0.9502 -0.1166 0.2889
vn -0.9522 -0.1281 0.2773
vn -0.9567 -0.2060 0.2059
vn -0.1200 -0.1348 0.9836
vn -0.1131 -0.1202 0.9863
vn -0.0143 -0.0768 0.9969
vn -0.1545 -0.0577 0.9863
vn -0.2674 -0.1570 0.9507
vn 0.0403 -0.0634 0.9972
vn -0.9530 -0.2748 0.1279
vn -0.9292 -0.3515 0.1139
vn -0.9464 -0.3082 0.0965
vn -0.9334 -0.2974 0.2006
vn 0.3565 0.2697 0.8945
vn 0.3557 0.2303 0.9058
vn 0.4325 0.2445 0.8679
vn 0.2948 -0.9456 0.1374
vn 0.3318 -0.9377 0.1027
vn 0.3306 -0.9394 0.0907
vn 0.3359 -0.9391 0.0726
vn 0.4012 -0.1358 0.9059
vn 0.2579 -0.0764 0.9631
vn 0.3447 -0.1388 0.9284
vn 0.2294 -0.1371 0.9636
vn 0.2381 -0.0319 0.9707
vn 0.2706 0.0692 0.9602
vn 0.2308 -0.6985 -0.6773
vn 0.2461 -0.4319 0.8677
vn 0.2690 -0.3748 0.8872
vn 0.2826 -0.3917 0.8756
vn 0.0330 0.5233 0.8515
vn 0.4888 0.6118 0.6219
vn 0.0511 -0.9182 0.3928
vn 0.0235 -0.9188 0.3940
vn 0.0018 -0.9689 0.2476
vn 0.0031 -0.9786 0.2060
vn 0.0100 -0.9294 0.3690
vn -0.0086 -0.8949 0.4462
vn -0.7956 0.3536 0.4920
vn -0.7915 0.3472 0.5030
vn -0.7858 0.3848 0.4842
vn -0.4184 0.6660 0.6176
vn -0.4200 0.6674 0.6150
vn -0.4190 0.6669 0.6162
vn -0.4209 0.6679 0.6138
vn -0.2840 0.9494 0.1337
vn -0.0298 0.9976 0.0629
vn -0.4202 0.8833 0.2081
vn -0.0154 0.8906 0.4545
vn -0.0998 0.8543 0.5101
vn -0.0423 0.8805 0.4722
vn 0.0929 0.9956 0.0091
vn 0.1593 0.9870 0.0214
vn 0.2814 0.4888 0.8257
vn 0.8101 0.4694 0.3513
vn 0.9641 0.1680 0.2054
vn 0.9738 0.1167 0.1953
vn 0.9605 0.1641 0.2247
vn 0.9764 0.0945 0.1942
vn 0.9926 0.0167 0.1200
vn 0.9295 0.0020 -0.3688
vn 0.9455 -0.0673 -0.3186
vn 0.9260 -0.0392 -0.3754
vn -0.0010 -1.0000 0.0005
vn 0.0065 -0.9999 -0.0124
vn -0.0170 -0.9998 -0.0050
vn -0.0156 -0.9998 -0.0143
vn -0.0437 -0.9990 0.0086
vn -0.0391 -0.9992 0.0002
vn 0.1967 -0.1563 0.9679
vn 0.2596 -0.0862 0.9619
vn 0.2364 -0.1309 0.9628
vn 0.2507 0.0068 0.9680
vn -0.0556 -0.9694 -0.2390
vn -0.0689 -0.9841 -0.1635
vn -0.0197 -0.9583 -0.2851
vn 0.0454 -0.9889 0.1412
vn -0.0935 -0.3348 0.9376
vn 0.2344 0.0339 0.9715
vn -0.0133 -0.9990 -0.0415
vn 0.0172 -0.9997 -0.0198
vn 0.8346 -0.0732 -0.5460
vn 0.6718 0.0968 -0.7344
vn 0.6695 0.0520 -0.7410
vn 0.6706 0.0956 -0.7356
vn 0.1301 -0.0934 -0.9871
vn 0.1157 -0.0840 -0.9897
vn 0.1055 -0.0774 -0.9914
vn 0.0856 -0.0645 -0.9942
vn 0.0149 0.9510 -0.3090
vn -0.5943 0.2834 -0.7527
vn -0.6204 0.0175 -0.7841
vn -0.6640 -0.0224 -0.7474
vn -0.6508 -0.0104 -0.7591
vn -0.6943 -0.0515 -0.7178
vn -0.9969 -0.0187 -0.0763
vn -0.9991 0.0146 -0.0389
vn -0.9987 0.0442 -0.0262
vn -0.9982 0.0598 -0.0078
vn -0.9537 0.0123 0.3007
vn -0.9452 0.0318 0.3250
vn -0.9643 -0.0006 0.2649
vn -0.9653 -0.0325 0.2591
vn 0.3528 -0.6077 0.7115
vn -0.0668 -0.9747 -0.2134
vn -0.0370 -0.9925 -0.1168
vn -0.0553 -0.9823 -0.1790
vn -0.0232 -0.9996 0.0133
vn -0.0138 -0.9962 0.0865
vn -0.9934 0.0521 0.1020
vn -0.9453 0.0763 0.3171
vn -0.9747 0.0738 0.2109
vn -0.9117 0.1166 0.3941
vn -0.7583 0.5393 0.3661
vn -0.7574 0.5068 0.4118
vn -0.7310 0.6156 0.2943
vn -0.4784 0.8107 0.3375
vn -0.4061 0.7836 0.4702
vn -0.3388 0.7829 0.5218
vn 0.1434 -0.1286 0.9813
vn 0.1050 -0.4139 0.9042
vn 0.1419 -0.3937 0.9082
vn 0.1210 -0.4018 0.9077
vn 0.2128 -0.4256 0.8795
vn 0.2601 -0.4341 0.8625
vn 0.2166 -0.4309 0.8760
vn 0.0515 0.9122 0.4064
vn 0.4832 0.8193 0.3085
vn 0.4616 0.8187 0.3416
vn 0.4772 0.8193 0.3177
vn 0.2874 0.9573 -0.0300
vn 0.7147 0.6983 0.0398
vn 0.7607 0.6488 0.0217
vn 0.8894 0.4492 -0.0848
vn 0.8671 0.4941 -0.0633
vn 0.9601 0.1616 -0.2285
vn 0.9781 0.1023 -0.1812
vn 0.9748 0.0487 -0.2176
vn 0.9648 0.1333 -0.2266
vn 0.9639 -0.0290 -0.2648
vn 0.9498 0.1133 -0.2917
vn 0.9794 -0.0229 -0.2004
vn 0.9813 0.0110 -0.1920
vn 0.9356 0.0674 -0.3466
vn 0.8861 0.2616 -0.3826
vn 0.6755 0.1382 -0.7243
vn 0.6729 0.1348 -0.7274
vn -0.1428 0.2898 -0.9464
vn -0.1775 0.1987 -0.9639
vn -0.1861 0.2221 -0.9571
vn -0.2518 0.0843 -0.9641
vn -0.9040 0.1220 -0.4097
vn -0.8870 0.0518 -0.4588
vn -0.9051 0.1278 -0.4054
vn -0.4364 0.8613 -0.2602
vn -0.9916 0.1278 -0.0184
vn -0.9712 0.2376 -0.0159
vn -0.9660 0.0611 0.2511
vn -0.9794 0.0290 0.2000
vn -0.9989 -0.0176 0.0440
vn -0.8948 0.4199 0.1518
vn -0.9085 0.3869 0.1581
vn -0.9336 0.3153 0.1703
vn -0.9456 0.2726 0.1774
vn -0.8799 -0.0054 0.4752
vn -0.9310 0.0783 0.3566
vn -0.9574 0.0656 0.2812
vn -0.3755 0.7066 0.5998
vn -0.1547 0.8388 0.5220
vn -0.0838 0.8279 0.5546
vn -0.0898 0.8292 0.5517
vn -0.0109 0.8109 0.5851
vn 0.4938 0.8247 0.2757
vn 0.4165 0.8346 0.3606
vn 0.4520 0.8179 0.3559
vn 0.4514 0.7997 0.3959
vn 0.4865 0.7745 0.4043
vn 0.9190 0.0051 -0.3942
vn 0.2599 -0.4334 0.8629
vn 0.5021 0.8191 0.2772
vn 0.9480 0.2749 -0.1606
vn 0.9520 0.1773 -0.2495
vn 0.8277 0.4015 -0.3920
vn 0.6644 0.4066 -0.6271
vn 0.5929 0.4787 -0.6475
vn 0.5969 0.4752 -0.6464
vn 0.5191 0.5435 -0.6596
vn -0.1310 0.3519 -0.9268
vn -0.1439 0.3339 -0.9316
vn -0.7463 0.4420 -0.4977
vn -0.9126 0.1794 -0.3675
vn -0.9722 0.2281 -0.0520
vn -0.9313 0.3623 0.0376
vn -0.9606 0.0818 0.2658
vn -0.9553 -0.0481 0.2917
vn -0.8716 -0.2681 -0.4104
vn -0.7553 -0.6527 0.0588
vn -0.5437 -0.0318 0.8387
vn -0.5441 -0.0021 0.8390
vn -0.5498 -0.0315 0.8347
vn 0.1585 -0.5334 0.8309
vn 0.0741 -0.7857 0.6141
vn 0.3499 -0.8387 0.4173
vn 0.3265 -0.8063 0.4932
vn 0.3149 -0.7898 0.5264
vn 0.6920 -0.0747 -0.7181
vn 0.6858 -0.0722 -0.7242
vn 0.6521 -0.0587 -0.7559
vn 0.6304 -0.0497 -0.7747
vn 0.7918 -0.1434 -0.5937
vn 0.7485 -0.2619 -0.6093
vn 0.7952 -0.1313 -0.5919
vn 0.4922 0.0355 0.8697
vn 0.7078 0.0021 0.7064
vn 0.9113 0.1463 -0.3848
vn 0.2749 -0.7289 0.6270
vn 0.5524 0.8021 0.2271
vn 0.9708 0.2378 0.0314
vn 0.9791 -0.0217 -0.2020
vn 0.8654 -0.4986 0.0497
vn 0.6328 -0.6568 -0.4101
vn 0.6226 -0.6666 -0.4100
vn 0.6074 -0.6789 -0.4125
vn 0.5953 -0.6888 -0.4138
vn 0.3052 -0.6959 -0.6500
vn 0.2835 -0.6165 -0.7345
vn 0.2951 -0.6577 -0.6931
vn 0.2731 -0.5805 -0.7671
vn -0.1136 -0.6960 -0.7090
vn -0.1701 -0.6512 -0.7396
vn -0.1496 -0.6679 -0.7291
vn -0.2039 -0.6229 -0.7553
vn -0.4896 -0.6649 -0.5641
vn -0.5742 -0.6029 -0.5539
vn -0.5334 -0.6339 -0.5601
vn -0.6002 -0.5810 -0.5497
vn -0.6977 -0.7164 -0.0018
vn -0.6853 -0.7282 -0.0105
vn -0.6931 -0.7209 -0.0051
vn -0.6790 -0.7340 -0.0148
vn -0.6844 -0.5624 0.4639
vn -0.6517 -0.5743 0.4954
vn -0.6284 -0.5812 0.5170
vn -0.5969 -0.5901 0.5436
vn -0.7057 -0.1654 0.6889
vn -0.4774 -0.2243 0.8496
vn -0.9702 -0.1883 -0.1524
vn -0.5826 -0.0707 0.8097
vn -0.5927 -0.0777 0.8017
vn -0.3544 -0.0057 0.9351
vn 0.0492 -0.0132 0.9987
vn 0.0610 -0.0071 0.9981
vn 0.0798 0.0026 0.9968
vn 0.0934 0.0095 0.9956
vn 0.4695 0.0290 0.8825
vn 0.6648 -0.0300 0.7464
vn 0.5777 0.0040 0.8162
vn 0.6682 -0.0232 0.7437
vn 0.7013 -0.0448 0.7114
vn 0.9162 -0.0430 0.3985
vn 0.9874 0.0523 -0.1492
vn 0.8221 -0.0243 -0.5688
vn 0.9579 -0.2292 0.1727
vn 0.9271 -0.0006 0.3749
vn 0.9943 -0.1022 0.0307
vn 0.9954 -0.0953 0.0031
vn 0.9942 -0.0745 -0.0778
vn 0.9905 -0.0624 -0.1224
vn 0.7585 0.6394 -0.1258
vn 0.7070 0.6888 -0.1604
vn 0.7448 0.6534 -0.1356
vn 0.6946 0.6993 -0.1687
vn 0.9092 -0.0665 -0.4111
vn 0.8772 -0.0885 -0.4719
vn 0.8124 -0.1474 -0.5642
vn 0.8506 -0.0915 -0.5178
vn 0.6745 -0.2236 -0.7036
vn 0.3624 0.3204 -0.8752
vn 0.4963 -0.1103 -0.8611
vn 0.3850 -0.1577 -0.9093
vn 0.4677 -0.1232 -0.8752
vn 0.3586 -0.1683 -0.9182
vn -0.0699 -0.1339 -0.9885
vn -0.1888 -0.1692 -0.9673
vn -0.0988 -0.1426 -0.9848
vn -0.2273 -0.1799 -0.9571
vn -0.5880 -0.1506 -0.7947
vn -0.7212 -0.2040 -0.6620
vn -0.7184 -0.1829 -0.6712
vn -0.7649 -0.2147 -0.6072
vn -0.8132 -0.1962 -0.5479
vn -0.9629 -0.1859 -0.1956
vn -0.9721 -0.2340 -0.0132
vn -0.9787 -0.2012 0.0418
vn -0.9440 -0.2231 0.2431
vn -0.9023 -0.1907 0.3867
vn -0.8683 -0.1979 0.4549
vn -0.8404 -0.1851 0.5094
vn -0.4905 0.8277 0.2727
vn -0.4869 0.8332 0.2620
vn -0.3697 0.8786 0.3022
vn -0.4127 0.8586 0.3041
vn -0.2114 0.9312 0.2969
vn -0.1395 0.9540 0.2655
vn -0.0767 0.9639 0.2550
vn 0.0438 -0.6238 0.7803
vn 0.1317 -0.5738 0.8084
vn 0.1869 -0.6655 0.7226
vn -0.0561 -0.8693 0.4912
vn 0.0228 0.9629 0.2689
vn 0.0564 0.9717 0.2292
vn 0.0567 0.9789 0.1962
vn 0.0152 0.9823 0.1868
vn 0.2092 0.9778 0.0089
vn 0.2073 0.9716 -0.1144
vn 0.2091 0.9771 -0.0401
vn 0.2053 0.9632 -0.1737
vn 0.3638 0.8231 0.4361
vn 0.5938 0.7922 0.1411
vn 0.5474 0.8319 0.0912
vn 0.5803 0.8046 0.1263
vn 0.5327 0.8430 0.0743
vn 0.7915 -0.4204 0.4435
vn 0.8557 -0.4397 0.2727
vn 0.8455 -0.3939 0.3605
vn 0.9400 -0.3365 -0.0560
vn 0.9164 -0.3753 -0.1393
vn 0.9223 -0.3671 -0.1205
vn 0.8942 -0.4014 -0.1985
vn 0.8805 -0.2079 -0.4261
vn 0.8322 -0.2117 -0.5124
vn 0.6416 -0.2822 -0.7132
vn 0.5141 -0.3136 -0.7983
vn 0.2668 -0.5752 -0.7733
vn 0.0452 0.4632 -0.8851
vn 0.0518 0.4554 -0.8888
vn 0.0435 0.4646 -0.8844
vn -0.1390 -0.5022 -0.8535
vn -0.1089 -0.5474 -0.8298
vn -0.1268 -0.5203 -0.8445
vn -0.0880 -0.5772 -0.8118
vn -0.1763 0.3586 -0.9167
vn -0.1684 0.3954 -0.9029
vn -0.1337 0.5378 -0.8324
vn -0.1217 0.5820 -0.8041
vn -0.5733 0.2127 -0.7913
vn -0.5758 0.5513 -0.6037
vn -0.8336 0.1719 -0.5249
vn -0.8472 -0.5117 -0.1431
vn -0.8231 -0.5381 -0.1816
vn -0.8374 -0.5228 -0.1596
vn -0.8689 0.4098 -0.2775
vn -0.8804 0.3899 -0.2700
vn -0.9217 0.3066 -0.2377
vn -0.9311 0.2843 -0.2284
vn -0.8423 0.5020 0.1965
vn -0.5090 0.8300 0.2279
vn -0.7400 -0.6029 0.2982
vn -0.6851 -0.6013 0.4112
vn -0.6934 -0.6022 0.3958
vn -0.6231 -0.5914 0.5118
vn -0.6454 -0.7400 0.1893
vn -0.3207 -0.8051 0.4991
vn -0.3554 -0.8285 0.4327
vn -0.3612 -0.8321 0.4209
vn -0.3953 -0.8505 0.3470
vn -0.1932 0.2505 0.9487
vn -0.1364 0.2512 0.9583
vn -0.1426 0.2512 0.9574
vn -0.0829 0.2512 0.9644
vn 0.3209 0.2972 0.8993
vn -0.5407 -0.6717 0.5063
vn -0.6069 -0.6262 0.4895
vn -0.4811 -0.7122 0.5112
vn -0.5329 -0.3434 0.7734
vn 0.0608 -0.6517 0.7560
vn 0.1870 -0.6680 0.7203
vn 0.3146 -0.7020 0.6389
vn 0.7359 -0.4373 0.5169
vn 0.7093 -0.4306 0.5581
vn 0.7764 -0.4041 0.4837
vn 0.8118 0.5803 0.0655
vn 0.8238 0.5094 -0.2487
vn 0.7816 0.5203 -0.3442
vn 0.8071 0.5247 -0.2706
vn 0.7320 0.5511 -0.4005
vn 0.6070 0.5470 -0.5766
vn 0.5051 0.5725 -0.6459
vn 0.3719 0.5661 -0.7357
vn 0.3423 0.5593 -0.7550
vn 0.3726 0.5426 -0.7528
vn 0.7188 -0.0847 -0.6900
vn 0.5689 -0.1606 -0.8066
vn 0.6592 -0.0821 -0.7475
vn 0.3166 0.0865 -0.9446
vn -0.1234 0.0668 -0.9901
vn 0.0371 0.4722 -0.8807
vn -0.3038 0.3956 -0.8667
vn -0.5480 -0.4868 -0.6803
vn -0.5669 -0.4996 -0.6550
vn -0.6277 -0.4771 -0.6151
vn -0.6395 -0.4807 -0.6000
vn -0.7209 -0.4400 -0.5355
vn -0.8427 0.0788 -0.5326
vn -0.9871 -0.0764 -0.1407
vn -0.9840 -0.0807 -0.1591
vn -0.9855 -0.0789 -0.1500
vn -0.8651 -0.4891 -0.1115
vn -0.8884 -0.4343 0.1488
vn -0.9338 -0.3189 0.1624
vn -0.9255 -0.3405 0.1660
vn -0.9561 -0.2305 0.1810
vn -0.7227 0.2557 0.6421
vn -0.7382 0.2799 0.6137
vn -0.7437 0.2883 0.6031
vn -0.7548 0.3080 0.5792
vn -0.3283 0.4745 0.8167
vn -0.6670 -0.6497 0.3647
vn -0.6674 -0.6335 0.3916
vn -0.6913 -0.7200 0.0608
vn -0.6038 -0.7751 0.1860
vn -0.5547 -0.7908 0.2587
vn -0.4420 -0.8459 0.2985
vn -0.1972 0.2282 0.9534
vn -0.0879 0.1072 0.9903
vn -0.1698 0.2158 0.9616
vn -0.4593 -0.8768 0.1423
vn -0.4154 -0.9076 0.0615
vn -0.5062 -0.8568 0.0986
vn 0.3367 -0.2730 0.9011
vn 0.6603 -0.1164 0.7419
vn 0.6836 -0.0588 0.7275
vn 0.6930 -0.0352 0.7201
vn 0.0143 0.2219 0.9750
vn 0.0878 0.1302 0.9876
vn 0.0260 0.2071 0.9780
vn 0.5570 0.2392 0.7953
vn 0.7102 0.0139 0.7039
vn 0.9539 0.1964 0.2267
vn 0.9502 0.1370 0.2798
vn 0.9534 0.1787 0.2432
vn 0.9440 -0.3270 0.0439
vn 0.9443 -0.3040 0.1263
vn 0.9030 -0.4190 -0.0955
vn 0.7606 -0.4012 0.5105
vn 0.5441 -0.5967 0.5899
vn 0.4749 -0.5899 0.6530
vn 0.4923 -0.5924 0.6378
vn 0.4085 -0.5790 0.7056
vn 0.0416 -0.6647 0.7459
vn -0.1845 -0.9679 0.1706
vn -0.0138 -0.9927 -0.1200
vn 0.1331 -0.1613 0.9779
vn 0.1849 0.1018 0.9775
vn 0.3622 -0.2856 0.8873
vn 0.7215 -0.4216 0.5493
vn 0.6994 -0.4489 0.5562
vn 0.7303 -0.4104 0.5462
vn 0.5418 0.1768 0.8217
vn 0.3414 0.3737 0.8624
vn 0.2957 0.3843 0.8746
vn 0.2158 0.4013 0.8902
vn 0.1734 0.4094 0.8957
vn 0.2231 0.7445 0.6293
vn 0.9439 0.3285 0.0332
vn 0.9947 -0.0212 0.1005
vn 0.9320 -0.0064 -0.3624
vn 0.8961 -0.0267 -0.4431
vn 0.9299 0.0006 -0.3679
vn 0.8513 -0.0210 -0.5242
vn 0.4248 0.4400 -0.7912
vn 0.1974 0.3503 -0.9156
vn -0.1778 0.5259 -0.8318
vn -0.1752 0.5225 -0.8344
vn -0.1762 0.5237 -0.8335
vn -0.1743 0.5211 -0.8355
vn -0.4854 0.5053 -0.7135
vn -0.5037 0.4871 -0.7134
vn -0.6050 0.4889 -0.6285
vn -0.5576 0.4598 -0.6912
vn -0.6952 0.4624 -0.5503
vn -0.8197 0.4116 -0.3983
vn -0.8598 0.3485 -0.3732
vn -0.9881 -0.0754 -0.1341
vn -0.9489 -0.2527 0.1888
vn -0.6971 -0.0627 0.7143
vn -0.7504 -0.2128 0.6258
vn -0.7285 -0.1603 0.6660
vn -0.7436 -0.2154 0.6330
vn -0.7617 -0.2535 0.5963
vn -0.7015 -0.7126 0.0010
vn -0.9636 -0.2463 0.1037
vn -0.9061 -0.4036 0.1270
vn -0.9347 -0.3354 0.1172
vn -0.8348 0.2134 0.5075
vn -0.8471 0.1749 0.5017
vn -0.8483 0.1991 0.4906
vn -0.3312 0.3124 0.8903
vn -0.3160 0.2931 0.9024
vn -0.2965 0.2979 0.9074
vn -0.4589 -0.8642 0.2062
vn -0.5400 -0.8247 0.1685
vn -0.5513 -0.3914 0.7368
vn -0.4663 -0.4565 0.7578
vn -0.6232 -0.2971 0.7234
vn -0.1700 -0.4711 0.8655
vn 0.0227 -0.2037 0.9788
vn 0.0350 -0.2248 0.9738
vn 0.0334 -0.2216 0.9746
vn 0.0506 -0.2501 0.9669
vn -0.3656 -0.0879 0.9266
vn -0.3156 0.2372 0.9188
vn -0.0402 0.2876 0.9569
vn 0.0907 0.5491 0.8308
vn 0.5117 0.4849 0.7092
vn 0.5603 0.5562 0.6138
vn 0.5424 0.5289 0.6527
vn 0.5868 0.5978 0.5462
vn 0.9537 0.2217 0.2034
vn 0.9535 0.2217 0.2042
vn 0.6639 0.6973 -0.2701
vn 0.8511 0.5041 -0.1468
vn 0.5562 0.1061 -0.8242
vn 0.7922 0.0336 -0.6094
vn 0.9191 -0.3829 -0.0926
vn 0.8375 -0.4973 -0.2266
vn 0.4746 -0.8800 0.0203
vn 0.4743 -0.8801 0.0208
vn 0.4740 -0.8803 0.0202
vn 0.3483 0.3439 0.8720
vn 0.6153 0.3040 0.7273
vn 0.7501 -0.3840 0.5384
vn 0.5628 -0.1785 0.8071
vn 0.8616 0.3976 0.3156
vn 0.5307 0.8098 0.2503
vn 0.5529 0.8161 0.1682
vn 0.5683 0.8166 0.1007
vn 0.5549 0.8250 -0.1071
vn 0.5577 0.8290 -0.0405
vn 0.5922 0.7728 -0.2280
vn 0.5051 0.0294 -0.8626
vn -0.1331 -0.1356 -0.9818
vn 0.0109 -0.3736 -0.9275
vn -0.3608 -0.3167 -0.8772
vn -0.3866 -0.3485 -0.8539
vn -0.3881 -0.3513 -0.8521
vn -0.4139 -0.3838 -0.8255
vn -0.8402 -0.2702 -0.4701
vn -0.9473 0.0051 -0.3203
vn -0.9599 0.0184 -0.2796
vn -0.9535 0.0111 -0.3012
vn -0.9656 0.0251 -0.2587
vn -0.8631 0.2941 -0.4105
vn -0.8958 0.0579 0.4407
vn -0.9623 -0.1047 -0.2511
vn -0.9546 -0.0701 -0.2894
vn -0.9665 -0.1354 -0.2180
vn -0.9785 -0.1840 0.0934
vn -0.7806 0.2379 0.5780
vn -0.8046 0.2357 0.5450
vn -0.9917 -0.0383 0.1227
vn -0.9735 -0.1248 0.1915
vn -0.9887 -0.0580 0.1385
vn -0.8051 -0.1625 0.5705
vn -0.8276 -0.0542 0.5587
vn -0.8361 -0.1019 0.5391
vn -0.5354 -0.3237 0.7801
vn -0.9282 -0.3572 0.1043
vn -0.8882 -0.4215 0.1831
vn -0.8894 -0.4199 0.1807
vn -0.8495 -0.4682 0.2433
vn -0.7010 -0.2155 0.6798
vn -0.7714 -0.0410 0.6350
vn -0.8028 -0.0157 0.5960
vn -0.8195 0.1383 0.5562
vn -0.5507 0.3674 0.7495
vn -0.5533 0.7664 0.3264
vn -0.5150 0.7377 0.4365
vn -0.5328 0.7519 0.3883
vn -0.1052 0.8599 0.4996
vn -0.0301 0.9732 0.2281
vn 0.4205 0.8940 0.1544
vn 0.4199 0.8925 0.1645
vn 0.4201 0.8934 0.1590
vn 0.4202 0.8911 0.1716
vn 0.3111 -0.3579 0.8804
vn 0.3596 -0.3873 0.8489
vn 0.6330 -0.2688 0.7259
vn 0.6290 -0.2387 0.7398
vn 0.6276 -0.2248 0.7454
vn 0.6226 -0.1947 0.7580
vn -0.3521 -0.2776 0.8938
vn 0.9354 0.0057 0.3536
vn 0.7973 -0.1732 0.5782
vn 0.5997 0.5784 0.5530
vn 0.9995 -0.0191 -0.0247
vn 0.8307 -0.5540 -0.0551
vn 0.9789 0.0256 0.2029
vn 0.9737 0.0592 0.2198
vn 0.9939 0.0020 0.1106
vn 0.9823 0.0992 -0.1590
vn 0.9852 0.1017 -0.1383
vn 0.9843 0.1066 -0.1406
vn 0.8604 -0.2887 -0.4200
vn 0.4604 -0.4852 -0.7434
vn 0.7394 -0.2682 -0.6175
vn 0.3914 -0.2438 -0.8874
vn 0.4098 -0.3036 -0.8602
vn 0.3917 -0.2456 -0.8867
vn 0.6227 0.7406 -0.2525
vn 0.1887 0.7638 -0.6172
vn 0.1505 0.7092 -0.6887
vn 0.1066 0.6410 -0.7601
vn 0.0847 0.6051 -0.7917
vn -0.3459 0.7033 -0.6210
vn -0.3728 0.8690 -0.3254
vn -0.5171 -0.4081 -0.7523
vn -0.4674 -0.5004 -0.7288
vn -0.4219 -0.5255 -0.7388
vn -0.4343 -0.1767 -0.8833
vn -0.1892 0.6485 -0.7373
vn 0.0309 -0.7611 -0.6479
vn -0.1512 -0.4467 -0.8818
vn -0.5123 -0.5007 -0.6977
vn -0.5311 -0.4222 -0.7346
vn -0.7603 -0.4494 -0.4690
vn -0.9684 -0.1566 -0.1940
vn -0.8034 0.5815 0.1277
vn -0.8698 0.4770 0.1259
vn -0.8515 0.5087 0.1271
vn -0.6906 0.5639 0.4529
vn -0.9973 0.0294 0.0673
vn -0.8078 -0.3390 -0.4823
vn -0.8346 -0.3783 -0.4004
vn -0.7802 -0.3601 -0.5115
vn -0.9806 -0.1937 0.0303
vn -0.9395 -0.3406 0.0357
vn -0.9512 -0.3038 0.0543
vn -0.9446 -0.3274 0.0233
vn -0.6953 -0.2879 0.6585
vn -0.7298 -0.2573 0.6334
vn -0.9964 -0.0483 0.0698
vn -0.9107 -0.1886 -0.3675
vn -0.9219 0.2926 0.2539
vn -0.9040 0.3903 0.1745
vn -0.9170 0.3299 0.2242
vn -0.8884 0.4399 0.1312
vn -0.5706 0.7771 0.2656
vn -0.0090 -0.5549 0.8319
vn 0.3251 -0.0739 0.9428
vn 0.2776 -0.3467 0.8960
vn -0.2679 -0.0984 0.9584
vn -0.1665 -0.1219 0.9785
vn -0.3903 -0.1431 0.9095
vn -0.4444 -0.1920 0.8750
vn -0.6165 -0.1737 0.7680
vn -0.6023 -0.1261 0.7883
vn -0.5784 -0.1644 0.7990
vn -0.5211 0.0163 0.8533
vn -0.4724 -0.2886 0.8328
vn -0.5379 -0.2506 0.8049
vn -0.6635 -0.2193 0.7153
vn -0.6527 -0.2072 0.7287
vn -0.3324 -0.1085 0.9369
vn -0.6163 -0.3355 0.7124
vn 0.6118 -0.4612 0.6426
vn -0.0695 0.0267 0.9972
vn -0.1653 0.0870 0.9824
vn 0.0151 -0.0259 0.9995
vn 0.4087 -0.1216 0.9045
vn 0.4461 -0.1078 0.8884
vn 0.4831 -0.1138 0.8681
vn 0.5048 -0.1059 0.8567
vn 0.4540 -0.0856 0.8869
vn -0.8734 -0.0784 0.4807
vn 0.2116 0.1058 0.9716
vn -0.3525 0.3524 0.8669
vn -0.2134 0.2647 0.9404
vn -0.2941 0.3001 0.9074
vn -0.1813 0.2514 0.9508
vn -0.1759 0.3029 0.9366
vn 0.7251 -0.6618 -0.1904
vn 0.7307 -0.6578 -0.1827
vn 0.7082 -0.7047 -0.0427
vn 0.6954 -0.7186 0.0099
vn -0.0768 -0.8864 -0.4566
vn -0.2602 -0.0214 0.9653
vn -0.3235 -0.0978 0.9412
vn -0.3220 -0.2443 0.9147
vn -0.3033 -0.3515 0.8857
vn -0.9192 -0.3690 0.1373
vn -0.0349 0.9985 0.0412
vn -0.0350 0.9990 0.0295
vn -0.0085 0.9980 0.0628
vn 0.3446 0.3000 0.8895
vn 0.4818 0.2704 0.8335
vn 0.5595 0.2519 0.7896
vn 0.3181 -0.9339 0.1633
vn 0.2911 -0.9410 0.1728
vn 0.6700 0.3330 0.6635
vn 0.7916 0.2262 0.5677
vn 0.7785 0.2629 0.5699
vn 0.8730 0.1987 0.4454
vn 0.9204 0.0468 0.3882
vn 0.8577 0.0378 0.5128
vn 0.9439 -0.1276 0.3046
vn 0.6524 -0.5136 0.5573
vn 0.6025 -0.7248 0.3341
vn 0.8462 0.2264 0.4824
vn 0.9734 0.0798 0.2149
vn 0.9504 0.0126 0.3109
vn 0.9914 0.0276 0.1278
vn 0.9875 0.0439 -0.1511
vn 0.8365 0.2292 -0.4978
vn 0.8180 0.2640 -0.5111
vn 0.8228 0.2556 -0.5076
vn 0.8052 0.2863 -0.5193
vn 0.3738 -0.1896 -0.9079
vn 0.1037 -0.1271 -0.9864
vn 0.1534 -0.1762 -0.9723
vn 0.1850 -0.1889 -0.9644
vn 0.2168 -0.2081 -0.9538
vn 0.2187 -0.1739 -0.9602
vn -0.4695 0.0125 -0.8828
vn -0.2311 -0.4232 -0.8761
vn -0.5060 -0.4367 -0.7438
vn -0.5322 -0.4167 -0.7370
vn -0.6925 -0.3796 -0.6134
vn -0.7439 0.4152 -0.5236
vn -0.5347 0.7752 -0.3363
vn -0.8282 0.5183 -0.2131
vn -0.7863 0.6044 0.1278
vn -0.4262 -0.6701 -0.6077
vn -0.7061 -0.3953 -0.5875
vn -0.9299 -0.1250 -0.3458
vn -0.9978 -0.0318 -0.0574
vn -0.9913 -0.1264 0.0359
vn -0.8834 0.0911 0.4597
vn -0.6992 -0.2588 0.6665
vn -0.4829 -0.0917 0.8709
vn -0.4444 -0.3640 0.8186
vn -0.4278 -0.3847 0.8179
vn -0.4271 -0.3855 0.8179
vn -0.4186 -0.3963 0.8171
vn -0.8748 -0.3580 0.3264
vn -0.8115 -0.3409 0.4746
vn -0.8940 -0.3199 0.3138
vn -0.7400 -0.1078 0.6639
vn -0.7222 -0.1289 0.6796
vn -0.6773 -0.1890 0.7110
vn -0.7753 -0.1719 0.6077
vn 0.4088 -0.7048 0.5798
vn 0.3497 -0.6978 0.6251
vn 0.4485 -0.6884 0.5700
vn 0.3626 -0.6921 0.6241
vn 0.2447 -0.6908 0.6804
vn 0.1265 -0.5142 0.8483
vn 0.0525 -0.4973 0.8660
vn 0.0658 -0.5007 0.8631
vn -0.0334 -0.4751 0.8793
vn -0.5273 -0.6095 0.5920
vn -0.5039 -0.7058 0.4980
vn 0.5591 -0.1619 0.8131
vn 0.5922 -0.2220 0.7746
vn 0.6331 -0.2929 0.7166
vn 0.4503 -0.0126 0.8928
vn 0.4451 -0.0120 0.8954
vn 0.4161 -0.0085 0.9093
vn 0.4088 -0.0077 0.9126
vn 0.4675 -0.5602 0.6838
vn 0.3480 -0.1844 0.9192
vn 0.4538 -0.2058 0.8670
vn 0.7419 -0.1111 0.6612
vn 0.7624 -0.0617 0.6442
vn 0.7451 -0.1446 0.6511
vn 0.7855 -0.0848 0.6131
vn 0.9157 -0.2412 0.3214
vn 0.9168 -0.1879 0.3523
vn 0.9479 -0.2587 0.1861
vn 0.9198 -0.2694 0.2853
vn 0.9281 -0.3572 0.1046
vn 0.8943 -0.3588 0.2673
vn 0.9029 -0.0105 0.4297
vn 0.9945 -0.0946 -0.0438
vn 0.9930 -0.0209 -0.1160
vn 0.8297 -0.3891 -0.4002
vn 0.7843 -0.3781 -0.4919
vn 0.5876 -0.5462 -0.5971
vn 0.5402 -0.6053 -0.5846
vn 0.0131 0.0579 -0.9982
vn -0.1078 0.2012 -0.9736
vn -0.0614 0.1240 -0.9904
vn -0.0843 -0.2093 -0.9742
vn -0.5936 0.0070 -0.8047
vn -0.5618 -0.0091 -0.8272
vn -0.5743 0.0028 -0.8186
vn -0.5543 -0.0006 -0.8323
vn -0.6964 0.3066 -0.6488
vn -0.8580 0.2820 -0.4294
vn -0.9925 -0.0866 -0.0865
vn -0.9374 0.3409 -0.0711
vn -0.9817 0.0029 0.1906
vn -0.9632 0.0065 0.2688
vn -0.9455 0.0037 0.3257
vn -0.1027 -0.3819 0.9185
vn -0.7485 -0.1929 0.6345
vn -0.6872 -0.1854 0.7024
vn -0.6018 -0.1355 0.7870
vn -0.4853 -0.0725 0.8713
vn -0.4245 -0.0185 0.9053
vn -0.5503 -0.3336 0.7654
vn -0.2771 -0.7022 0.6559
vn -0.6052 -0.4525 0.6550
vn -0.7076 -0.1646 0.6871
vn -0.6930 -0.1278 0.7095
vn -0.7567 0.1813 0.6281
vn -0.7643 0.1946 0.6148
vn -0.7638 0.1937 0.6157
vn -0.7661 0.1987 0.6113
vn -0.2764 -0.9504 0.1424
vn -0.2862 -0.9507 0.1192
vn -0.2561 -0.9536 0.1582
vn -0.6537 0.2949 0.6969
vn -0.5403 0.2840 0.7921
vn -0.5659 0.2917 0.7712
vn 0.1072 0.9803 0.1659
vn 0.0474 0.9953 0.0842
vn 0.1496 0.9590 0.2405
vn 0.1930 0.9711 -0.1401
vn 0.1014 0.9870 -0.1251
vn -0.1146 0.0793 0.9902
vn -0.2161 0.0808 0.9730
vn -0.1249 0.0937 0.9877
vn -0.2392 0.0628 0.9689
vn -0.3007 0.0911 0.9493
vn -0.2424 0.0903 0.9660
vn -0.2709 -0.0487 0.9614
vn 0.0397 -0.4874 0.8723
vn -0.5202 -0.7707 -0.3681
vn -0.4788 -0.7916 -0.3796
vn -0.5553 -0.7503 -0.3588
vn -0.3946 0.2943 0.8705
vn -0.2929 0.4683 0.8336
vn -0.5326 0.3478 0.7716
vn -0.4977 -0.8666 0.0369
vn -0.4497 -0.8057 -0.3856
vn -0.4821 0.2600 0.8367
vn -0.4423 0.2454 0.8626
vn -0.5292 0.2075 0.8227
vn -0.1632 0.3376 0.9270
vn 0.1774 0.6430 0.7450
vn 0.1886 0.6630 0.7245
vn 0.2491 0.7645 0.5946
vn 0.2633 0.7866 0.5585
vn -0.4699 -0.2255 0.8534
vn -0.0216 0.2894 0.9570
vn -0.5471 -0.6797 0.4886
vn -0.5789 -0.7155 0.3910
vn -0.5753 -0.7092 0.4074
vn -0.6159 -0.6939 0.3731
vn -0.2084 -0.3202 0.9241
vn -0.3802 -0.0890 0.9206
vn 0.0506 -0.0478 0.9976
vn -0.1012 -0.9649 -0.2424
vn -0.9538 0.1200 0.2755
vn -0.9586 0.1339 0.2515
vn -0.9560 0.1262 0.2647
vn -0.9599 0.1383 0.2440
vn -0.3080 0.1883 0.9325
vn -0.3731 -0.4685 0.8008
vn -0.9635 -0.2556 0.0794
vn -0.8053 -0.0519 0.5906
vn -0.4940 -0.0092 0.8694
vn -0.4438 -0.0558 0.8944
vn -0.4817 -0.0215 0.8761
vn -0.4291 -0.0690 0.9006
vn -0.7276 -0.0289 0.6854
vn -0.1661 -0.0786 0.9830
vn -0.1654 -0.0798 0.9830
vn 0.9846 -0.1686 0.0456
vn 0.5885 -0.7054 0.3952
vn 0.5497 -0.8339 0.0497
vn 0.0702 -0.9905 0.1185
vn 0.0708 -0.9839 0.1638
vn 0.0681 -0.9974 0.0220
vn -0.4786 -0.2389 0.8449
vn -0.6182 -0.1102 0.7782
vn -0.6842 -0.1245 0.7186
vn -0.6275 -0.1122 0.7705
vn -0.5076 0.1119 0.8543
vn -0.5137 0.1375 0.8469
vn 0.0188 0.8650 0.5014
vn 0.4045 0.8713 0.2779
vn -0.4936 -0.0982 0.8641
vn -0.7332 0.0891 0.6741
vn -0.8167 0.2802 0.5045
vn -0.7946 0.1449 0.5896
vn -0.7961 0.2960 0.5279
vn -0.7430 0.4117 0.5277
vn -0.1628 -0.5254 0.8352
vn -0.1274 -0.5188 0.8454
vn -0.1484 -0.5225 0.8397
vn -0.2118 -0.0903 0.9731
vn -0.4249 0.1672 0.8897
vn 0.2552 -0.8198 0.5126
vn 0.4077 -0.7689 0.4925
vn 0.4281 -0.7817 0.4534
vn 0.4556 -0.7467 0.4846
vn -0.2999 -0.7265 0.6183
vn 0.2511 -0.3089 0.9173
vn -0.3280 0.0974 0.9396
vn -0.3220 0.1017 0.9413
vn -0.2271 0.1035 0.9684
vn -0.1751 0.0796 0.9813
vn -0.0937 0.0743 0.9928
vn -0.0352 0.0762 0.9965
vn -0.3108 -0.3319 0.8906
vn -0.3139 -0.3236 0.8926
vn -0.3084 -0.3385 0.8890
vn -0.9277 0.3715 -0.0372
vn -0.9173 0.3975 -0.0235
vn -0.4556 -0.4589 0.7628
vn -0.3473 -0.3888 0.8534
vn -0.4258 -0.4075 0.8078
vn -0.1174 0.0274 0.9927
vn -0.9436 0.1653 0.2869
vn -0.9465 0.1257 0.2971
vn -0.9483 0.1473 0.2812
vn -0.2571 0.0330 0.9658
vn -0.2226 0.0777 0.9718
vn -0.3112 -0.0389 0.9495
vn -0.0543 -0.5142 0.8559
vn -0.3183 -0.3725 0.8717
vn -0.8509 -0.4449 0.2793
vn -0.8431 -0.5229 0.1256
vn -0.8497 -0.4897 0.1956
vn 0.1323 -0.9314 0.3391
vn 0.1024 -0.9584 0.2665
vn 0.1181 -0.9458 0.3025
vn 0.0890 -0.9685 0.2327
vn -0.1178 -0.4659 0.8770
vn -0.0748 0.0853 0.9935
vn -0.1000 0.0652 0.9929
vn -0.0847 0.0774 0.9934
vn 0.3288 -0.4612 0.8241
vn -0.3324 -0.0956 0.9383
vn -0.9916 -0.0331 0.1252
vn -0.8640 0.0101 0.5033
vn -0.6112 0.7891 0.0614
vn -0.1558 0.1609 0.9746
vn -0.9436 0.1150 0.3104
vn -0.0953 0.8259 0.5557
vn -0.2514 0.5256 0.8127
vn -0.2901 0.5693 0.7693
vn -0.2484 0.5222 0.8158
vn -0.9228 -0.2901 0.2536
vn -0.7796 -0.5845 0.2252
vn -0.7788 -0.5854 0.2253
vn -0.7844 -0.5856 0.2044
vn -0.8310 -0.5274 0.1769
vn -0.3614 0.6998 0.6162
vn -0.4093 0.6944 0.5919
vn 0.8157 0.5752 -0.0611
vn 0.7504 0.6536 -0.0990
vn 0.1318 0.7378 0.6621
vn 0.1143 0.6992 0.7057
vn 0.0553 0.6256 0.7781
vn -0.0703 0.6031 0.7946
vn -0.5861 0.2487 0.7711
vn -0.6489 -0.3646 0.6678
vn -0.6468 -0.3628 0.6708
vn -0.6478 -0.3637 0.6694
vn -0.6451 -0.3619 0.6730
vn -0.8938 0.2174 0.3922
vn -0.8944 0.2159 0.3916
vn -0.8900 0.2260 0.3960
vn -0.2874 0.3556 0.8893
vn -0.1323 0.0298 0.9908
vn -0.1095 0.0355 0.9934
vn -0.2956 0.0050 0.9553
vn 0.7065 0.6505 -0.2789
vn 0.1267 0.1671 0.9778
vn -0.0289 -0.0494 0.9984
vn -0.0614 -0.0275 0.9977
vn -0.2182 -0.0130 0.9758
vn -0.3732 0.0353 0.9271
vn -0.4121 0.0929 0.9064
vn -0.4042 0.7635 0.5037
vn -0.1868 0.9535 0.2364
vn -0.1181 0.9339 0.3376
vn -0.0760 0.9293 0.3613
vn -0.0444 0.9017 0.4302
vn -0.0437 0.9025 0.4285
vn 0.2234 0.3373 0.9145
vn 0.5303 0.1705 0.8305
vn 0.2944 -0.3711 0.8807
vn 0.2893 -0.4487 0.8456
vn 0.2715 -0.4199 0.8660
vn 0.2631 -0.4473 0.8548
vn -0.3708 -0.3242 0.8703
vn -0.3335 0.4462 0.8305
vn -0.3389 0.4897 0.8033
vn -0.4894 0.4431 0.7511
vn -0.4382 0.5629 0.7008
vn -0.6647 -0.6736 0.3230
vn -0.8205 -0.4246 0.3827
vn -0.8353 -0.4870 0.2550
vn -0.8299 -0.4562 0.3212
vn -0.8362 -0.5151 0.1880
vn -0.9012 -0.0397 0.4316
vn -0.6500 0.7022 0.2906
vn -0.6518 0.7084 0.2710
vn -0.6516 0.7075 0.2734
vn -0.6529 0.7126 0.2567
vn -0.2666 0.9463 0.1830
vn -0.1065 0.9774 -0.1825
vn -0.1071 0.9789 -0.1742
vn -0.0742 0.9731 -0.2183
vn 0.0772 0.9949 0.0644
vn 0.6692 0.6643 -0.3330
vn 0.7083 0.7058 -0.0109
vn 0.7083 0.6980 -0.1056
vn 0.7273 0.6856 0.0310
vn 0.7469 0.6649 0.0027
vn 0.6580 0.6536 0.3740
vn 0.7867 0.2004 0.5839
vn 0.9200 -0.3129 0.2361
vn 0.8944 -0.3133 0.3192
vn 0.9174 -0.3127 0.2459
vn 0.7726 -0.5733 0.2728
vn 0.2265 -0.3917 0.8918
vn 0.1667 0.4028 0.9000
vn 0.0611 0.3474 0.9357
vn 0.0062 0.3168 0.9485
vn -0.0492 0.2845 0.9574
vn -0.0471 -0.0400 0.9981
vn 0.2078 -0.8578 0.4701
vn 0.1972 -0.8599 0.4709
vn 0.2010 -0.8607 0.4678
vn 0.8684 0.2768 0.4114
vn 0.8040 0.4378 0.4024
vn 0.8791 0.2868 0.3807
vn 0.5795 0.6837 0.4435
vn -0.2365 0.4902 0.8389
vn 0.4146 0.2513 0.8746
vn -0.0209 -0.9593 0.2817
vn -0.1147 -0.9606 0.2531
vn 0.0006 -0.9639 0.2663
vn -0.1726 -0.9583 0.2276
vn -0.8979 0.2088 0.3876
vn -0.4016 0.0309 0.9153
vn -0.3669 0.0693 0.9277
vn -0.3294 0.1556 0.9313
vn -0.2713 0.2072 0.9399
vn -0.2104 -0.8561 0.4720
vn -0.2024 -0.8636 0.4617
vn -0.2894 -0.8455 0.4488
vn -0.2211 -0.8618 0.4565
vn -0.3170 -0.8344 0.4509
vn -0.6925 0.3505 0.6305
vn -0.6764 0.3453 0.6505
vn -0.5251 0.5546 0.6456
vn -0.4620 0.6682 0.5832
vn -0.8607 0.4548 0.2286
vn -0.6803 0.6368 0.3629
vn -0.9834 -0.0864 0.1596
vn -0.8224 0.5580 0.1107
vn -0.8187 0.5743 -0.0051
vn -0.8279 0.5606 -0.0179
vn -0.8004 0.5226 -0.2936
vn -0.8319 0.5249 -0.1802
vn -0.0525 0.9681 -0.2450
vn -0.0074 0.9557 -0.2942
vn 0.3087 0.8925 -0.3289
vn 0.5680 0.6395 -0.5182
vn 0.6020 0.6172 -0.5067
vn 0.7064 0.6098 -0.3593
vn 0.9977 0.0662 0.0163
vn 0.9995 0.0224 0.0204
vn 0.9991 0.0388 0.0191
vn 0.9997 -0.0012 0.0231
vn 0.9381 -0.3096 0.1550
vn 0.7994 0.5215 0.2983
vn 0.6736 0.6273 0.3909
vn 0.7395 0.5773 0.3461
vn 0.5064 0.5389 0.6731
vn 0.5541 0.4332 0.7108
vn 0.5331 0.4820 0.6954
vn 0.5643 0.4106 0.7162
vn 0.5650 0.4106 0.7157
vn 0.2441 -0.8386 0.4869
vn 0.2165 -0.8542 0.4727
vn 0.2045 -0.8604 0.4667
vn 0.6285 -0.0041 0.7778
vn 0.6103 -0.1017 0.7856
vn 0.6499 0.0275 0.7595
vn 0.2477 0.2711 0.9301
vn 0.8883 0.2445 0.3888
vn 0.8932 0.2948 0.3394
vn 0.1175 -0.9522 0.2820
vn 0.3191 0.2525 0.9135
vn -0.0703 0.1948 0.9783
vn -0.0447 0.1733 0.9839
vn -0.0512 0.1786 0.9826
vn -0.0223 0.1544 0.9878
vn -0.6916 0.0061 0.7222
vn -0.6397 0.0919 0.7631
vn -0.6164 0.1269 0.7771
vn -0.5645 0.1970 0.8016
vn -0.4484 -0.0890 0.8894
vn -0.9155 -0.1297 0.3810
vn -0.8458 -0.1542 0.5108
vn -0.9436 0.0018 0.3312
vn -0.5631 0.3608 0.7435
vn -0.3457 -0.8352 0.4277
vn -0.8960 0.1610 0.4139
vn -0.9465 0.1605 0.2800
vn -0.9926 0.1210 0.0070
vn -0.9843 0.0539 0.1680
vn -0.3575 0.8031 -0.4767
vn -0.2042 0.9492 0.2395
vn -0.9957 -0.0246 -0.0894
vn -0.9898 0.0332 -0.1384
vn -0.9799 0.1160 -0.1624
vn -0.7831 0.6216 0.0202
vn -0.6050 0.7887 -0.1093
vn -0.5710 0.6796 -0.4605
vn -0.7683 0.5366 -0.3491
vn -0.1803 0.6374 -0.7492
vn -0.1808 0.7417 -0.6459
vn -0.1377 0.6788 -0.7213
vn -0.1092 0.7912 -0.6017
vn 0.5749 0.4113 -0.7074
vn 0.2643 0.6925 -0.6713
vn 0.2780 0.7585 -0.5894
vn 0.2792 0.7646 -0.5809
vn 0.2893 0.8171 -0.4987
vn 0.5780 0.7461 -0.3305
vn 0.5878 0.7494 -0.3048
vn 0.5851 0.7485 -0.3120
vn 0.5964 0.7516 -0.2818
vn 0.7779 0.6244 -0.0707
vn 0.7547 0.6559 0.0146
vn 0.7474 0.6632 0.0385
vn 0.7205 0.6842 0.1126
vn 0.8256 0.4933 0.2740
vn 0.9857 0.1642 0.0371
vn 0.9369 0.1634 0.3090
vn 0.9591 -0.0092 0.2829
vn 0.9053 0.1498 0.3975
vn 0.6641 -0.5667 0.4878
vn 0.8200 -0.1024 0.5632
vn 0.9426 -0.1266 0.3089
vn 0.9095 -0.0685 0.4101
vn 0.9452 -0.0462 0.3232
vn 0.6777 0.0441 0.7340
vn 0.6961 0.0694 0.7146
vn 0.6727 -0.0730 0.7363
vn 0.2692 -0.4281 0.8627
vn -0.0759 -0.1988 0.9771
vn -0.1678 -0.2747 0.9468
vn -0.1451 -0.2561 0.9557
vn -0.2529 -0.3430 0.9046
vn -0.5733 -0.2368 0.7844
vn -0.6610 -0.7115 0.2384
vn -0.7042 -0.6729 0.2264
vn -0.7695 -0.6044 0.2062
vn -0.5670 -0.8144 -0.1236
vn -0.5613 -0.8108 -0.1660
vn -0.5978 -0.7957 -0.0968
vn -0.8005 -0.5670 0.1944
vn -0.9126 -0.0847 0.3999
vn -0.9307 -0.0285 0.3648
vn -0.9499 -0.1098 0.2926
vn -0.7794 -0.0520 0.6243
vn -0.7817 -0.0538 0.6214
vn -0.7861 -0.0571 0.6155
vn -0.7896 -0.0599 0.6107
vn -0.9550 -0.0961 0.2806
vn -0.9996 -0.0049 0.0261
vn 0.2188 -0.1948 -0.9561
vn 0.2164 -0.1488 -0.9649
vn 0.2199 -0.2319 -0.9476
vn 0.4648 0.1744 -0.8681
vn -0.9637 -0.1938 -0.1835
vn -0.9682 -0.1883 -0.1646
vn -0.8622 0.0212 -0.5062
vn -0.8662 0.0743 -0.4941
vn -0.7080 0.1590 -0.6881
vn -0.7998 0.2282 -0.5552
vn -0.6587 0.2858 -0.6960
vn -0.5325 0.1774 -0.8276
vn -0.1110 0.5705 -0.8138
vn -0.0578 0.5496 -0.8334
vn 0.0563 0.2706 -0.9611
vn 0.1219 0.2484 -0.9610
vn 0.1480 0.2395 -0.9595
vn 0.2420 0.2041 -0.9486
vn 0.5717 0.2306 -0.7874
vn 0.5854 0.2557 -0.7694
vn 0.6247 0.2660 -0.7342
vn 0.6595 0.2889 -0.6940
vn 0.7243 0.3006 -0.6205
vn 0.8986 0.1091 -0.4250
vn 0.9468 0.1798 -0.2668
vn 0.9646 0.0771 -0.2523
vn 0.9981 0.0192 0.0581
vn 0.7651 0.0702 0.6400
vn 0.7846 0.0482 0.6181
vn 0.9445 -0.0171 0.3282
vn 0.8246 -0.0130 0.5655
vn 0.9069 -0.0245 0.4206
vn 0.8846 -0.4318 0.1763
vn 0.8085 -0.5495 0.2107
vn 0.8641 -0.4673 0.1868
vn 0.7760 -0.5905 0.2218
vn 0.3670 -0.9302 -0.0006
vn 0.2733 -0.9600 0.0611
vn 0.3033 -0.9516 0.0503
vn 0.1778 -0.9751 0.1324
vn -0.1095 -0.9854 0.1305
vn -0.1964 -0.9774 0.0782
vn -0.2443 -0.9685 0.0490
vn -0.2994 -0.9540 0.0136
vn -0.2987 -0.9542 0.0154
vn -0.4979 -0.8496 -0.1738
vn -0.2938 0.2361 0.9262
vn 0.6395 0.7612 0.1076
vn 0.5337 0.8388 0.1077
vn 0.5002 0.8592 0.1075
vn 0.7156 0.4612 -0.5246
vn 0.7423 0.4281 -0.5155
vn 0.7516 0.4161 -0.5118
vn 0.0362 0.9118 0.4089
vn 0.0716 0.8770 0.4750
vn -0.0228 0.9020 0.4312
vn 0.7744 0.3855 -0.5017
vn 0.9468 0.2871 -0.1456
vn 0.9368 0.3125 -0.1572
vn 0.9485 0.2827 -0.1428
vn 0.6760 0.7291 0.1069
vn -0.5798 0.4692 0.6661
vn -0.8429 0.4668 0.2675
vn -0.8539 0.3858 0.3493
vn -0.8430 0.4662 0.2683
vn -0.5190 0.2100 0.8286
vn -0.5721 -0.8195 -0.0336
vn -0.9137 -0.4061 0.0161
vn -0.8537 -0.4237 -0.3027
vn -0.3482 -0.9001 -0.2619
vn -0.2347 -0.5927 -0.7705
vn 0.2207 -0.2724 -0.9365
vn -0.9651 -0.1078 -0.2388
vn -0.9592 -0.2091 -0.1906
vn -0.5854 -0.3011 -0.7528
vn -0.6387 -0.2494 -0.7280
vn -0.6584 -0.2124 -0.7221
vn -0.6808 -0.1922 -0.7068
vn -0.6919 -0.1563 -0.7049
vn -0.4966 0.0721 -0.8650
vn -0.1295 -0.0226 -0.9913
vn -0.0800 -0.1171 -0.9899
vn -0.0946 -0.1650 -0.9817
vn -0.0412 -0.1981 -0.9793
vn 0.2229 -0.1253 -0.9668
vn 0.4842 -0.2046 -0.8507
vn 0.5668 -0.1274 -0.8139
vn 0.6426 -0.1858 -0.7433
vn 0.6805 -0.0736 -0.7291
vn 0.7613 -0.1491 -0.6311
vn 0.8959 0.0473 -0.4417
vn 0.9663 -0.1543 -0.2061
vn 0.9648 -0.1743 -0.1971
vn 0.0733 0.8555 -0.5125
vn 0.4584 0.2930 -0.8390
vn -0.1187 -0.3001 -0.9465
vn 0.1563 -0.2190 -0.9631
vn 0.1343 -0.3036 -0.9433
vn 0.1344 -0.3045 -0.9430
vn 0.1086 -0.3958 -0.9119
vn 0.5107 -0.7830 -0.3551
vn 0.5292 -0.7827 -0.3276
vn 0.5146 -0.7798 -0.3565
vn 0.5734 -0.7835 -0.2395
vn 0.6101 -0.7674 -0.1973
vn 0.6601 0.0006 0.7512
vn 0.7177 -0.0254 0.6959
vn 0.5940 0.0271 0.8040
vn 0.6210 -0.7599 -0.1923
vn 0.3574 -0.9333 0.0342
vn 0.2754 0.4049 0.8719
vn 0.0549 0.3150 0.9475
vn 0.2106 0.3564 0.9103
vn -0.0069 0.3530 0.9356
vn -0.0682 0.4307 0.8999
vn -0.3849 0.5254 0.7588
vn 0.0744 0.9111 0.4055
vn 0.0735 0.9125 0.4025
vn 0.0627 0.9105 0.4087
vn 0.0161 0.8817 0.4716
vn -0.1168 0.5469 -0.8290
vn 0.1373 0.6049 -0.7844
vn 0.0464 0.5672 -0.8222
vn 0.3491 0.5720 -0.7423
vn 0.3951 0.5848 -0.7085
vn 0.4561 0.5439 -0.7043
vn 0.0300 0.9439 0.3289
vn 0.0668 0.9474 0.3132
vn -0.0011 0.9598 0.2808
vn -0.0313 0.9494 0.3124
vn 0.0563 -0.6216 0.7813
vn 0.0299 -0.5669 0.8233
vn 0.0363 -0.5805 0.8134
vn -0.3635 -0.6303 0.6860
vn -0.3442 -0.5764 0.7412
vn -0.3557 -0.6091 0.7088
vn -0.3389 -0.5621 0.7545
vn 0.0300 0.0702 0.9971
vn -0.0201 -0.0417 0.9989
vn -0.0484 -0.1048 0.9933
vn -0.3652 -0.1063 0.9248
vn -0.1846 0.2771 0.9429
vn 0.0055 -0.5692 0.8222
vn -0.0420 -0.5455 0.8370
vn -0.0130 -0.5537 0.8326
vn -0.0338 0.6423 0.7657
vn -0.1045 0.7211 0.6849
vn -0.0412 0.7047 0.7083
vn 0.8109 0.5770 0.0978
vn 0.3902 0.8216 0.4157
vn 0.8312 0.4493 0.3276
vn -0.0660 0.5073 0.8592
vn 0.0840 0.8236 0.5609
vn 0.2082 0.1437 0.9675
vn 0.1341 0.2282 0.9643
vn 0.1065 0.2583 0.9602
vn 0.0408 0.3283 0.9437
vn -0.8601 0.0033 0.5102
vn -0.9941 0.0917 0.0572
vn -0.9876 0.1189 0.1026
vn 0.1704 0.9211 0.3500
vn 0.0040 1.0000 -0.0058
vn 0.0034 1.0000 -0.0005
vn 0.0187 0.9944 -0.1042
vn -0.0071 0.2536 0.9673
vn -0.0030 0.2786 0.9604
vn -0.0067 0.2787 0.9603
vn -0.0111 0.3028 0.9530
vn -0.0062 0.2983 0.9545
vn -0.0037 -0.9393 0.3431
vn -0.0266 -0.9448 0.3265
vn -0.0805 0.6127 0.7862
vn 0.9478 0.1350 0.2889
vn 0.9117 0.2302 0.3404
vn 0.9506 0.1250 0.2842
vn 0.1042 0.3482 0.9316
vn 0.0198 -0.9715 0.2362
vn -0.1299 -0.8638 0.4868
vn -0.0167 0.2623 0.9648
vn 0.0051 0.1385 0.9904
vn -0.0247 0.0969 0.9950
vn -0.0326 0.0681 0.9971
vn -0.0759 0.1032 0.9918
vn 0.9951 0.0273 0.0950
vn 0.9990 -0.0046 0.0435
vn 0.9985 -0.0262 0.0483
vn 0.9894 -0.1446 0.0111
vn -0.0063 -0.9705 0.2410
vn -0.0475 -0.9871 0.1531
vn -0.0247 -0.9791 0.2021
vn -0.0683 -0.9919 0.1074
vn -0.0472 0.1128 0.9925
vn -0.0251 0.1250 0.9918
vn -0.0553 -0.0068 0.9984
vn -0.0226 0.0697 0.9973
vn -0.0628 -0.0468 0.9969
vn -0.0519 -0.0769 0.9957
vn -0.0367 0.0085 0.9993
vn 0.9890 -0.0157 0.1468
vn 0.9901 -0.0157 0.1398
vn 0.9891 -0.0249 0.1449
vn 0.9920 -0.0400 0.1197
vn 0.9938 -0.0142 0.1107
vn -0.2354 0.2756 0.9320
vn 0.2100 0.4008 0.8918
vn 0.1308 0.4651 0.8755
vn 0.0709 0.5289 0.8457
vn 0.0611 0.5881 0.8065
vn 0.0506 0.5621 0.8255
vn 0.0741 0.1735 0.9820
vn 0.3005 -0.3993 0.8662
vn 0.5991 -0.5570 0.5752
vn 0.5060 -0.6118 0.6080
vn 0.5308 -0.5645 0.6321
vn 0.5110 -0.5623 0.6501
vn -0.1543 0.7812 0.6050
vn -0.2048 0.7813 0.5896
vn -0.1656 0.7816 0.6014
vn -0.7721 0.2555 0.5819
vn -0.0916 -0.2575 0.9619
vn 0.0361 0.3446 0.9380
vn 0.7012 -0.6974 -0.1483
vn 0.6463 -0.7527 -0.1255
vn 0.3775 0.3208 0.8687
vn 0.2825 0.3265 0.9020
vn 0.4493 0.2719 0.8510
vn 0.0592 0.2000 0.9780
vn 0.0541 0.1646 0.9849
vn 0.1037 0.1065 0.9889
vn 0.1083 0.0795 0.9909
vn 0.1856 0.0192 0.9824
vn -0.0237 0.9933 0.1129
vn 0.0432 0.9985 0.0342
vn 0.5935 0.2877 0.7516
vn 0.7947 0.2713 0.5431
vn 0.7996 0.2836 0.5293
vn 0.8796 0.2521 0.4033
vn 0.2167 -0.9745 0.0578
vn 0.1946 -0.9802 0.0366
vn 0.2231 -0.9746 0.0200
vn 0.8424 -0.3691 0.3926
vn 0.9608 0.1586 0.2276
vn 0.9923 -0.0214 0.1221
vn 0.9683 -0.2033 0.1453
vn 0.8073 -0.5829 0.0920
vn 0.7898 -0.6108 0.0562
vn 0.7675 -0.6409 0.0146
vn 0.7444 -0.6673 -0.0231
vn 0.9961 0.0824 0.0321
vn 0.9984 -0.0454 -0.0333
vn 0.9099 -0.0084 -0.4149
vn 0.8981 -0.1183 -0.4236
vn 0.9069 0.0243 -0.4207
vn 0.7644 -0.2934 -0.5741
vn 0.5668 0.0055 -0.8239
vn 0.5833 0.0912 -0.8071
vn 0.5848 -0.0230 -0.8109
vn 0.3486 0.0598 -0.9354
vn 0.3299 0.0924 -0.9395
vn 0.3336 0.0855 -0.9388
vn 0.3068 0.1311 -0.9427
vn -0.0028 0.1781 -0.9840
vn -0.0099 0.2006 -0.9796
vn -0.0058 0.1864 -0.9825
vn -0.0123 0.2078 -0.9781
vn -0.5983 -0.4149 -0.6854
vn -0.3924 0.0495 -0.9185
vn -0.4637 0.0521 -0.8845
vn -0.4071 0.0544 -0.9117
vn -0.4710 0.0607 -0.8800
vn -0.8401 -0.3736 -0.3932
vn -0.8837 -0.3897 -0.2592
vn -0.8897 -0.2935 -0.3498
vn -0.9350 -0.3204 -0.1522
vn -0.9238 -0.3619 0.1249
vn -0.9455 -0.2690 0.1837
vn -0.9262 -0.2063 0.3157
vn -0.9565 -0.2023 0.2103
vn -0.9426 -0.1868 0.2766
vn -0.8273 -0.1545 0.5401
vn 0.4486 -0.8653 0.2238
vn 0.0106 -0.9919 0.1262
vn 0.0456 -0.9670 0.2508
vn 0.0139 -0.9902 0.1391
vn -0.1408 -0.8834 0.4471
vn -0.4482 -0.7716 0.4515
vn 0.8617 -0.1859 0.4721
vn 0.8128 -0.1975 0.5481
vn 0.8478 -0.1589 0.5060
vn 0.7909 -0.1836 0.5838
vn 0.9186 -0.2588 0.2985
vn 0.6765 -0.4713 0.5659
vn 0.6839 -0.1763 0.7080
vn 0.9723 -0.2299 -0.0433
vn 0.9468 -0.3005 -0.1155
vn 0.9346 -0.2529 -0.2501
vn 0.7008 -0.3244 -0.6353
vn 0.7143 -0.2577 -0.6506
vn 0.6898 -0.3671 -0.6241
vn 0.5138 0.1042 -0.8516
vn 0.4952 0.0683 -0.8661
vn 0.4904 0.0598 -0.8694
vn 0.4678 0.0189 -0.8836
vn 0.2870 -0.0053 -0.9579
vn 0.1273 -0.0165 -0.9917
vn -0.0956 -0.0943 -0.9909
vn -0.4013 0.2200 -0.8891
vn -0.5244 -0.1213 -0.8428
vn -0.5875 -0.0812 -0.8052
vn -0.7709 -0.2590 -0.5819
vn -0.9234 -0.2171 -0.3167
vn -0.9998 -0.0173 -0.0047
vn -0.9539 -0.0535 -0.2952
vn -0.9738 0.0562 -0.2205
vn -0.9819 0.0309 0.1866
vn -0.6902 -0.6587 0.2996
vn -0.7060 -0.6282 0.3269
vn -0.6985 -0.6434 0.3133
vn -0.7167 -0.6042 0.3482
vn -0.9154 -0.1030 0.3892
vn -0.9120 -0.0934 0.3993
vn -0.9262 0.0174 0.3766
vn -0.9245 0.0607 0.3764
vn -0.9271 0.1652 0.3365
vn -0.9296 0.1715 0.3264
vn -0.3138 -0.9494 0.0137
vn -0.2916 -0.9552 0.0507
vn -0.9472 0.2453 0.2066
vn -0.9084 0.2504 0.3348
vn -0.9348 0.2747 0.2249
vn -0.7440 0.3635 0.5607
vn -0.7918 0.3118 0.5251
vn -0.8303 0.2649 0.4903
vn -0.8660 0.2142 0.4518
vn -0.6687 0.3089 0.6763
vn -0.0560 0.9976 0.0400
vn -0.0342 0.9984 0.0458
vn -0.5819 0.2276 0.7808
vn -0.4826 0.2078 0.8508
vn -0.5121 0.2798 0.8121
vn -0.4028 0.2085 0.8912
vn -0.6391 0.3480 0.6859
vn -0.6485 -0.6648 -0.3708
vn -0.6165 -0.7332 -0.2870
vn -0.6543 -0.6494 -0.3876
vn -0.7215 -0.6920 0.0260
vn -0.5780 0.2171 0.7866
vn -0.5730 0.1585 0.8041
vn 0.9376 0.1551 0.3113
vn -0.4153 -0.4762 0.7751
vn -0.5391 -0.6799 0.4971
vn -0.5704 -0.6420 0.5123
vn 0.0315 0.6020 0.7979
vn -0.0949 0.3545 0.9302
vn -0.1327 0.6545 0.7443
vn -0.1446 0.6824 0.7166
vn -0.1266 0.6728 0.7289
vn -0.3845 -0.7338 0.5600
vn -0.2744 -0.7130 0.6452
vn -0.3108 -0.7218 0.6184
vn -0.1848 -0.6860 0.7038
vn -0.1686 -0.1005 0.9806
vn -0.1676 -0.1015 0.9806
vn -0.5553 -0.0496 0.8301
vn -0.5213 -0.0165 0.8532
vn -0.5282 -0.0211 0.8489
vn -0.4940 0.0177 0.8693
vn 0.0670 -0.9975 -0.0240
vn -0.5744 -0.8080 0.1309
vn -0.5701 -0.0996 0.8155
vn -0.4261 0.0846 0.9007
vn -0.8666 0.1188 0.4846
vn -0.8301 0.1576 0.5349
vn -0.7695 0.2113 0.6026
vn -0.7209 0.2488 0.6468
vn -0.5309 0.8285 0.1780
vn 0.0030 0.9675 0.2528
vn -0.7164 0.1229 0.6868
vn -0.3483 -0.1624 0.9232
vn -0.1849 -0.5296 0.8279
vn -0.6734 -0.0626 0.7367
vn -0.6723 -0.0671 0.7372
vn -0.6733 -0.0642 0.7366
vn -0.6721 -0.0701 0.7371
vn 0.2375 -0.7976 0.5544
vn 0.1571 -0.8764 0.4553
vn 0.1587 -0.8682 0.4702
vn -0.8538 -0.0211 0.5201
vn -0.7545 -0.0252 0.6558
vn -0.7455 0.0156 0.6664
vn -0.6906 0.1002 0.7163
vn -0.6697 0.0564 0.7405
vn -0.6667 0.0205 0.7450
vn -0.3059 -0.3449 0.8874
vn -0.7429 -0.2813 0.6074
vn -0.7254 -0.2596 0.6375
vn -0.7387 -0.2754 0.6152
vn -0.8967 0.4404 -0.0441
vn -0.8514 0.5184 -0.0800
vn -0.6120 -0.5432 0.5749
vn -0.5758 -0.4927 0.6524
vn -0.9409 0.1692 0.2935
vn -0.0526 -0.2002 0.9783
vn -0.9480 -0.3154 -0.0434
vn -0.9329 -0.2544 0.2550
vn -0.9465 0.1687 0.2750
vn -0.1196 -0.7866 0.6057
vn -0.3821 -0.7526 0.5363
vn -0.4110 -0.7944 0.4473
vn -0.4010 -0.7800 0.4805
vn -0.8467 -0.4082 0.3413
vn -0.0830 -0.2105 0.9741
vn 0.0837 0.0571 0.9949
vn 0.0203 -0.2823 0.9591
vn 0.0479 -0.3112 0.9491
vn -0.0213 -0.2417 0.9701
vn 0.6569 -0.4855 0.5769
vn 0.6419 -0.4892 0.5905
vn 0.5653 -0.5034 0.6535
vn 0.5495 -0.5049 0.6656
vn 0.1519 -0.9736 -0.1703
vn -0.4406 -0.0143 0.8976
vn -0.3658 0.0392 0.9299
vn -0.3938 0.0195 0.9190
vn -0.3187 0.0711 0.9452
vn -0.4200 -0.4623 0.7809
vn -0.2864 -0.7760 0.5619
vn -0.3035 -0.7806 0.5464
vn -0.2575 -0.7685 0.5858
vn -0.1726 -0.3990 0.9006
vn 0.0341 0.7127 0.7006
vn 0.0345 0.7107 0.7026
vn 0.0354 0.7055 0.7078
vn 0.0361 0.7030 0.7103
vn -0.1225 0.1499 0.9811
vn 0.1114 -0.0065 0.9938
vn 0.4468 0.1153 0.8872
vn 0.4486 0.3845 0.8068
vn 0.4833 0.3637 0.7964
vn 0.4544 0.3806 0.8054
vn 0.4909 0.3589 0.7938
vn 0.8619 0.1286 0.4906
vn 0.8654 0.1262 0.4849
vn 0.8751 0.1194 0.4690
vn 0.8779 0.1177 0.4642
vn 0.9525 -0.2067 0.2236
vn 0.9716 -0.1607 0.1735
vn 0.9519 -0.2907 0.0968
vn 0.9717 -0.1596 0.1740
vn 0.9007 -0.3618 -0.2404
vn 0.8601 0.0485 -0.5078
vn 0.6855 -0.6972 -0.2100
vn 0.4542 -0.6539 -0.6051
vn 0.4030 -0.6000 -0.6911
vn 0.4405 -0.6155 -0.6536
vn 0.3718 -0.5020 -0.7809
vn 0.3116 -0.4588 -0.8321
vn 0.0623 -0.5791 -0.8129
vn 0.0390 -0.5660 -0.8235
vn 0.0256 -0.5585 -0.8291
vn -0.0082 -0.5381 -0.8428
vn -0.1128 -0.2230 -0.9683
vn -0.1518 -0.2907 -0.9447
vn -0.1501 -0.2873 -0.9460
vn -0.1788 -0.3370 -0.9244
vn -0.4682 -0.0757 -0.8804
vn -0.4744 -0.0345 -0.8796
vn -0.8265 0.0726 -0.5582
vn -0.7491 0.5217 -0.4083
vn -0.8338 -0.4909 -0.2528
vn -0.8586 -0.4434 -0.2575
vn -0.8436 -0.4727 -0.2546
vn -0.8617 -0.4366 -0.2586
vn -0.7436 0.4046 -0.5323
vn -0.6462 0.6955 -0.3141
vn -0.9061 0.4129 0.0917
vn -0.6017 0.6709 0.4334
vn -0.8714 0.1451 0.4687
vn -0.8372 0.4202 0.3500
vn -0.9994 -0.0329 0.0056
vn -0.8420 -0.4616 -0.2791
vn -0.6449 -0.7628 -0.0463
vn -0.6572 -0.7537 -0.0060
vn -0.6506 -0.7588 -0.0288
vn -0.6617 -0.7497 0.0083
vn -0.8906 0.4396 0.1166
vn -0.9206 0.3674 0.1325
vn -0.8598 0.4452 0.2498
vn -0.7876 0.2951 0.5409
vn -0.7476 0.2970 0.5941
vn -0.7178 0.3052 0.6258
vn -0.6584 0.2950 0.6925
vn -0.6237 0.2819 0.7290
vn -0.3929 0.0851 0.9156
vn -0.3709 0.0850 0.9248
vn -0.4402 -0.0006 0.8979
vn -0.2758 -0.9423 0.1899
vn -0.2625 -0.9221 0.2844
vn -0.2710 -0.9354 0.2271
vn -0.2567 -0.9119 0.3203
vn -0.5026 -0.0686 0.8618
vn -0.5257 -0.0121 0.8506
vn -0.5261 -0.0110 0.8504
vn -0.5353 0.0143 0.8445
vn -0.5373 -0.4869 0.6887
vn -0.3744 0.1202 0.9195
vn -0.3674 0.2898 0.8838
vn -0.5412 0.3076 0.7826
vn -0.6562 0.5064 0.5594
vn -0.4642 0.4332 0.7726
vn -0.2700 0.3873 0.8815
vn -0.0603 0.0969 0.9935
vn -0.4375 0.2087 0.8747
vn 0.0841 0.5010 0.8614
vn -0.2093 0.4768 0.8537
vn -0.8718 -0.4678 0.1451
vn -0.9111 -0.3870 0.1419
vn -0.9132 -0.3810 0.1448
vn -0.1934 0.5623 0.8040
vn -0.2618 -0.1868 0.9469
vn 0.7936 0.5862 0.1627
vn 0.8263 0.5050 0.2494
vn 0.8025 0.5746 0.1607
vn 0.8165 0.5202 0.2505
vn -0.1047 0.6047 0.7895
vn 0.1565 0.8738 0.4604
vn 0.1704 0.8696 0.4634
vn 0.1148 0.8852 0.4508
vn -0.9434 -0.2015 0.2635
vn -0.9435 -0.2007 0.2635
vn -0.9464 -0.1862 0.2638
vn -0.8360 -0.0523 0.5462
vn -0.0529 0.8937 0.4456
vn 0.0064 0.9057 0.4238
vn -0.0066 0.9472 0.3204
vn 0.9557 0.2620 -0.1342
vn 0.9253 0.3051 0.2253
vn 0.9248 0.3007 0.2329
vn 0.9247 0.2996 0.2350
vn 0.9241 0.2956 0.2422
vn -0.0255 0.8242 0.5658
vn -0.8244 0.5321 0.1929
vn -0.9742 -0.1141 0.1945
vn -0.9489 0.2982 -0.1030
vn -0.8265 0.2184 -0.5188
vn -0.5881 0.4587 -0.6661
vn -0.5244 0.4089 -0.7469
vn -0.5400 0.4208 -0.7289
vn -0.4609 0.3605 -0.8109
vn -0.0199 0.3850 -0.9227
vn -0.1974 0.4903 -0.8489
vn -0.0719 0.4267 -0.9016
vn -0.1823 -0.3018 -0.9358
vn -0.1055 -0.2492 -0.9627
vn 0.1796 -0.3645 -0.9137
vn 0.5509 -0.2672 -0.7906
vn 0.6943 0.4200 -0.5844
vn 0.6285 0.4176 -0.6562
vn 0.6908 0.4450 -0.5700
vn 0.6789 -0.2694 -0.6830
vn 0.9533 -0.2336 -0.1912
vn 0.9563 -0.2289 -0.1817
vn 0.9597 -0.2135 -0.1827
vn 0.9176 0.3695 0.1465
vn 0.9194 0.0268 0.3924
vn 0.6433 0.7475 0.1658
vn 0.7593 -0.0455 0.6492
vn -0.6170 0.6888 0.3805
vn 0.6491 0.5890 0.4814
vn 0.6374 0.5715 0.5169
vn 0.6290 0.5595 0.5397
vn 0.6092 0.5316 0.5885
vn 0.3631 0.4524 0.8145
vn 0.3463 0.4167 0.8405
vn 0.2528 0.7499 0.6114
vn 0.2272 0.7075 0.6692
vn 0.2356 0.7206 0.6521
vn 0.2048 0.6681 0.7154
vn -0.0243 0.5816 0.8131
vn 0.0237 0.8398 0.5425
vn 0.0401 0.7884 0.6138
vn -0.4081 0.5532 -0.7263
vn -0.1535 0.5126 -0.8448
vn -0.0964 0.8820 -0.4614
vn 0.0632 0.0544 -0.9965
vn -0.0574 0.9389 0.3394
vn -0.0617 0.9300 0.3624
vn 0.3349 -0.4770 0.8126
vn 0.3045 -0.4342 0.8478
vn 0.3160 -0.4507 0.8349
vn 0.0615 -0.6313 0.7731
vn 0.0493 0.1131 0.9924
vn 0.2961 -0.0700 0.9526
vn 0.2135 -0.0893 0.9728
vn 0.3087 -0.0796 0.9478
vn 0.0153 -0.7353 0.6775
vn 0.0210 -0.6845 0.7287
vn 0.1134 0.6074 0.7863
vn 0.0804 0.6018 0.7946
vn -0.0001 0.6133 0.7898
vn 0.0379 0.7562 0.6532
vn 0.0006 0.9366 -0.3505
vn 0.0211 0.9305 -0.3656
vn 0.0089 0.9381 -0.3461
vn 0.0233 0.9284 -0.3708
vn -0.0636 0.9944 0.0838
vn 0.0694 0.2594 0.9633
vn 0.0590 0.2853 0.9566
vn -0.0033 0.4389 0.8985
vn -0.0104 0.4568 0.8895
vn 0.0198 0.9931 -0.1153
vn 0.9904 0.0362 -0.1332
vn 0.9953 0.0952 0.0160
vn 0.9929 0.0983 -0.0669
vn 0.9941 0.0979 0.0473
vn 0.9961 0.0459 0.0752
vn -0.0223 0.4297 0.9027
vn -0.0176 0.4071 0.9132
vn -0.0336 0.3618 0.9316
vn -0.4103 0.1767 0.8947
vn 0.9189 0.2514 0.3039
vn 0.0802 -0.8452 0.5284
vn 0.0354 -0.8988 0.4369
vn -0.0182 -0.9474 0.3197
vn -0.2111 -0.2652 0.9408
vn -0.0654 0.1762 0.9822
vn 0.9717 0.0359 0.2334
vn 0.4685 -0.7846 0.4060
vn 0.4821 -0.7975 0.3627
vn 0.4775 -0.7933 0.3778
vn 0.4900 -0.8054 0.3337
vn 0.9920 0.0110 0.1258
vn 0.3441 -0.1357 0.9291
vn 0.1676 0.1888 0.9676
vn 0.1241 0.0734 0.9895
vn 0.0899 0.0822 0.9926
vn 0.0154 0.0662 0.9977
vn 0.0527 0.0254 0.9983
vn 0.9375 0.0159 0.3477
vn 0.9382 0.0165 0.3456
vn 0.9455 0.0164 0.3252
vn 0.9736 -0.0185 0.2276
vn 0.9754 -0.0214 0.2195
vn 0.6517 0.0462 0.7571
vn 0.6642 0.0063 0.7475
vn 0.6593 0.0231 0.7515
vn 0.6707 -0.0166 0.7415
vn 0.9924 -0.0531 0.1108
vn 0.2001 -0.1069 0.9739
vn 0.2009 -0.1076 0.9737
vn 0.2028 -0.1094 0.9731
vn -0.0274 -0.3974 0.9173
vn -0.6261 -0.6228 0.4692
vn -0.1778 -0.7218 0.6689
vn 0.2572 -0.1878 0.9479
vn 0.2401 -0.1650 0.9566
vn 0.2439 -0.1693 0.9549
vn 0.2311 -0.1516 0.9610
vn -0.5672 -0.4439 0.6937
vn -0.1768 -0.0510 0.9829
vn 0.5559 -0.2179 0.8022
vn 0.5813 -0.2044 0.7876
vn 0.6018 -0.1924 0.7751
vn 0.6254 -0.1804 0.7591
vn -0.1753 -0.0290 0.9841
vn 0.0376 -0.4338 0.9002
vn -0.0126 -0.4313 0.9021
vn 0.0133 -0.4295 0.9030
vn -0.0270 -0.4399 0.8977
vn 0.4358 -0.2594 0.8618
vn 0.4614 -0.2446 0.8528
vn 0.4361 -0.2646 0.8601
vn 0.7806 0.1190 0.6135
vn 0.8227 0.1287 0.5537
vn 0.7895 0.1211 0.6017
vn 0.9381 0.2694 0.2177
vn 0.9336 0.2708 0.2345
vn 0.9520 0.2568 0.1666
vn 0.8326 0.1306 0.5383
vn 0.6258 -0.1622 0.7630
vn 0.5859 -0.1652 0.7934
vn 0.0821 -0.5151 0.8532
vn 0.0427 -0.4578 0.8880
vn -0.6109 -0.5765 0.5426
vn -0.6784 -0.5570 0.4792
vn -0.6263 -0.5757 0.5257
vn -0.9120 -0.3322 0.2406
vn -0.8981 -0.3700 0.2376
vn -0.8943 -0.3781 0.2392
vn -0.8875 -0.3981 0.2322
vn -0.8959 -0.4350 -0.0897
vn -0.8871 -0.4544 -0.0807
vn -0.8984 -0.4294 -0.0922
vn -0.6901 -0.5527 0.4672
vn -0.1868 -0.9486 0.2556
vn -0.2805 -0.7123 0.6434
vn 0.4186 -0.5742 0.7036
vn 0.5110 -0.4939 0.7036
vn 0.5330 -0.4720 0.7022
vn 0.5886 -0.4136 0.6946
vn 0.2881 -0.9409 0.1778
vn 0.2272 -0.9290 0.2922
vn 0.2856 -0.9408 0.1824
vn -0.1507 -0.9339 0.3242
vn 0.4913 -0.0454 0.8698
vn 0.1979 -0.1048 0.9746
vn 0.2377 -0.5973 0.7660
vn 0.3514 -0.7637 0.5415
vn 0.3680 -0.7701 0.5211
vn 0.4034 -0.7818 0.4754
vn 0.4138 -0.7844 0.4621
vn 0.4084 -0.7901 0.4570
vn 0.1127 0.7111 0.6940
vn 0.1244 0.6972 0.7060
vn 0.5686 -0.5745 0.5887
vn 0.6060 -0.5914 0.5320
vn 0.0359 0.6304 0.7754
vn -0.1076 0.5929 0.7981
vn 0.2148 0.4486 0.8676
vn -0.1278 0.7811 0.6112
vn 0.3622 0.2334 0.9024
vn 0.3465 0.2369 0.9077
vn 0.3632 0.3205 0.8748
vn 0.6377 -0.7701 0.0146
vn 0.6355 -0.7692 0.0668
vn 0.4549 0.2974 0.8394
vn 0.5027 0.2005 0.8409
vn 0.4909 0.1905 0.8501
vn 0.5165 0.1282 0.8466
vn 0.0554 0.9974 0.0469
vn 0.2015 0.9703 0.1339
vn 0.8313 0.2741 0.4836
vn 0.9447 0.2642 0.1941
vn 0.9730 0.2309 -0.0017
vn 0.2199 -0.9755 0.0093
vn 0.2174 -0.9760 0.0074
vn 0.8343 0.5488 0.0534
vn 0.3479 -0.9356 -0.0597
vn 0.9326 0.3394 -0.1226
vn 0.9953 0.0957 0.0132
vn 0.9983 0.0275 -0.0509
vn 0.9017 0.0661 -0.4272
vn 0.9435 -0.0384 -0.3293
vn 0.9217 -0.0018 -0.3878
vn 0.8297 -0.4367 -0.3477
vn 0.7954 -0.4709 -0.3816
vn 0.7441 -0.5138 -0.4270
vn 0.7074 -0.5407 -0.4552
vn 0.9155 0.1082 -0.3875
vn 0.9118 0.0986 -0.3986
vn 0.6530 -0.1039 -0.7502
vn 0.7081 -0.0028 -0.7061
vn 0.2591 -0.1910 -0.9468
vn 0.1155 -0.1859 -0.9758
vn 0.1799 -0.1023 -0.9783
vn 0.0791 -0.1860 -0.9794
vn -0.0682 -0.2041 -0.9766
vn -0.3275 0.0567 -0.9431
vn -0.2538 -0.3016 -0.9191
vn -0.2534 -0.3009 -0.9194
vn -0.6276 -0.3325 -0.7040
vn -0.6683 -0.2109 -0.7134
vn -0.6528 -0.2623 -0.7107
vn -0.5604 0.0658 -0.8256
vn -0.6854 -0.1464 -0.7133
vn -0.8271 -0.2309 -0.5124
vn -0.8684 -0.1740 -0.4643
vn -0.9720 -0.2195 0.0839
vn -0.9661 -0.1962 0.1676
vn -0.0177 -0.9996 0.0221
vn 0.9401 -0.0587 0.3357
vn 0.9414 -0.0878 0.3257
vn 0.9418 -0.1084 0.3183
vn 0.9419 -0.1274 0.3109
vn 0.9723 -0.2240 -0.0667
vn 0.9646 -0.2231 -0.1408
vn 0.9479 -0.2011 -0.2470
vn 0.7210 -0.2193 -0.6573
vn 0.5299 0.0428 -0.8470
vn 0.4564 0.0497 -0.8884
vn 0.4940 0.0462 -0.8682
vn 0.4201 0.0525 -0.9060
vn 0.3697 -0.2243 -0.9017
vn 0.2883 -0.2674 -0.9195
vn 0.2515 -0.2864 -0.9245
vn 0.1715 -0.3239 -0.9304
vn 0.3239 -0.0310 -0.9456
vn -0.0983 -0.0788 -0.9920
vn -0.2239 -0.1539 -0.9624
vn -0.4698 -0.1772 -0.8648
vn -0.8059 -0.0258 -0.5915
vn -0.7889 0.0128 -0.6144
vn -0.8262 -0.1111 -0.5524
vn -0.9194 0.0758 -0.3860
vn -0.8451 -0.2612 -0.4663
vn -0.8475 -0.2434 -0.4717
vn -0.8313 -0.5470 -0.0989
vn -0.8346 -0.5432 -0.0911
vn -0.8335 -0.5444 -0.0942
vn -0.8372 -0.5403 -0.0851
vn -0.9959 -0.0649 0.0632
vn -0.9987 0.0478 0.0169
vn -0.9997 0.0171 0.0158
vn -0.9920 0.1255 -0.0134
vn -0.9885 0.1506 -0.0111
vn -0.9829 0.1798 -0.0388
vn -0.9224 0.0987 -0.3733
vn -0.9216 0.1575 -0.3548
vn -0.9168 0.1359 -0.3755
vn -0.5786 -0.8146 -0.0406
vn -0.2368 -0.9698 -0.0594
vn -0.2331 -0.9713 -0.0484
vn -0.2419 -0.9696 -0.0359
vn -0.9806 0.1907 0.0445
vn -0.9660 0.2373 0.1027
vn -0.6422 0.7648 -0.0520
vn -0.6696 0.7386 0.0785
vn -0.6514 0.7586 -0.0146
vn -0.1682 0.9825 0.0794
vn -0.1682 0.9833 0.0691
vn -0.1508 0.9867 0.0604
vn -0.8891 0.1615 0.4283
vn -0.8100 0.0714 0.5820
vn -0.7653 0.2387 0.5978
vn -0.7713 0.3497 0.5319
vn -0.6752 -0.5732 -0.4643
vn -0.8554 -0.3789 -0.3532
vn -0.6017 0.2219 0.7673
vn -0.0487 0.9891 0.1391
vn -0.6684 0.6609 0.3412
vn -0.2173 0.5814 0.7841
vn -0.1800 0.6070 0.7740
vn -0.3855 -0.7333 0.5601
vn -0.5022 -0.4985 0.7066
vn -0.4911 0.0251 0.8707
vn -0.7579 -0.2397 0.6068
vn -0.7454 -0.1286 0.6541
vn -0.7527 -0.3081 0.5818
vn -0.7772 0.3455 0.5259
vn -0.7265 0.3007 0.6179
vn -0.7786 0.3323 0.5323
vn -0.6494 -0.7151 -0.2586
vn -0.9334 -0.2961 -0.2026
vn -0.8062 0.1884 -0.5608
vn -0.8722 0.4376 -0.2187
vn -0.5530 0.8053 -0.2136
vn -0.6312 -0.2009 0.7492
vn -0.8011 -0.0037 0.5985
vn -0.8594 -0.0462 0.5092
vn -0.8456 -0.0191 0.5335
vn -0.8571 -0.0538 0.5124
vn -0.9494 0.1392 0.2815
vn -0.9162 0.1880 0.3539
vn -0.9120 0.1851 0.3660
vn -0.9005 0.2074 0.3823
vn 0.2151 -0.8750 0.4338
vn 0.1826 -0.8958 0.4052
vn 0.1801 -0.8817 0.4361
vn -0.8879 -0.0324 0.4588
vn -0.8506 -0.0047 0.5258
vn -0.7545 -0.2957 0.5859
vn -0.8291 0.5513 -0.0925
vn -0.7177 0.6690 0.1930
vn -0.7377 -0.4845 0.4702
vn -0.8183 -0.4144 0.3984
vn -0.9299 -0.2224 0.2930
vn -0.9372 -0.3484 -0.0158
vn -0.3703 -0.7349 0.5681
vn 0.3742 -0.3611 0.8541
vn -0.0323 -0.2314 0.9723
vn -0.0365 -0.2334 0.9717
vn -0.2362 -0.7618 0.6032
vn 0.0838 -0.9429 0.3223
vn -0.0300 -0.5053 0.8624
vn 0.6006 0.1657 0.7822
vn 0.6168 0.0647 0.7845
vn 0.6652 0.0476 0.7452
vn 0.6503 -0.0065 0.7597
vn 0.6351 -0.0180 0.7722
vn 0.6436 -0.0768 0.7615
vn 0.8981 -0.2365 0.3707
vn 0.9234 -0.3389 0.1802
vn 0.8984 -0.3913 -0.1994
vn 0.8371 -0.4087 -0.3636
vn 0.7539 -0.3651 -0.5462
vn 0.7113 -0.3562 -0.6059
vn 0.6400 -0.3075 -0.7042
vn 0.6519 -0.3130 -0.6907
vn 0.2451 -0.3408 -0.9076
vn 0.1880 -0.3094 -0.9322
vn 0.2069 0.0368 -0.9777
vn 0.1951 0.0153 -0.9807
vn 0.2009 0.0260 -0.9793
vn -0.4833 -0.0618 -0.8733
vn -0.2327 -0.7389 -0.6324
vn -0.2400 -0.7140 -0.6577
vn -0.2447 -0.5591 -0.7922
vn -0.2621 -0.5566 -0.7883
vn -0.5135 0.4272 -0.7441
vn -0.6341 0.3046 -0.7107
vn -0.5949 0.3200 -0.7374
vn -0.5921 0.2454 -0.7676
vn -0.6821 0.2688 -0.6801
vn -0.7354 0.2905 -0.6122
vn -0.8961 0.3067 -0.3209
vn -0.8961 0.3066 -0.3208
vn -0.8962 0.3066 -0.3207
vn -0.6846 -0.7108 0.1611
vn -0.7412 -0.6710 -0.0187
vn -0.7247 -0.6868 0.0559
vn -0.3992 -0.8932 -0.2069
vn -0.9226 0.3846 0.0289
vn -0.8780 0.1717 0.4468
vn -0.8754 0.4828 -0.0235
vn -0.8750 0.4835 0.0259
vn -0.8548 0.4638 0.2327
vn -0.6362 0.6186 0.4611
vn -0.8978 -0.3728 0.2346
vn -0.8871 -0.3809 0.2607
vn -0.8902 -0.3851 0.2433
vn -0.8844 -0.4165 0.2105
vn -0.8855 -0.4225 0.1935
vn -0.7757 0.0323 0.6303
vn -0.8087 0.0625 0.5849
vn -0.8301 0.0975 0.5490
vn -0.8797 0.1009 0.4646
vn -0.8362 0.0448 0.5466
vn -0.7679 0.4273 0.4772
vn -0.7410 0.5296 0.4129
vn -0.5064 0.7055 0.4959
vn -0.3370 0.7048 0.6243
vn -0.2158 0.6157 0.7579
vn -0.1796 0.6443 0.7433
vn -0.1693 0.6484 0.7423
vn -0.1753 0.6824 0.7097
vn -0.2241 0.8375 0.4983
vn -0.9725 -0.1539 0.1750
vn -0.9565 -0.1808 0.2290
vn -0.9700 -0.1242 0.2088
vn -0.9756 -0.2090 -0.0678
vn -0.3676 0.6665 0.6486
vn -0.3410 0.6395 0.6890
vn -0.4157 0.6543 0.6317
vn -0.4275 0.6442 0.6342
vn -0.4953 0.6534 0.5725
vn 0.7770 0.6292 0.0181
vn 0.7856 0.6177 -0.0351
vn 0.4989 0.8206 0.2786
vn 0.5201 0.7861 0.3341
vn 0.4735 0.8396 0.2661
vn 0.0995 0.8886 0.4477
vn -0.9527 -0.1505 0.2639
vn -0.9560 -0.1290 0.2635
vn -0.9993 0.0092 -0.0372
vn -0.9930 -0.0448 -0.1092
vn -0.9954 0.0919 0.0256
vn -0.0205 0.9369 0.3491
vn 0.0777 0.9715 0.2239
vn 0.0529 0.9701 0.2368
vn 0.8235 0.5405 0.1726
vn 0.7127 0.4072 0.5711
vn 0.7183 0.4016 0.5682
vn 0.6528 0.3683 0.6620
vn 0.6518 0.3778 0.6576
vn -0.2655 0.9434 0.1987
vn -0.2573 0.9449 0.2024
vn -0.1648 0.9555 0.2449
vn -0.1591 0.9557 0.2476
vn -0.2942 0.9385 -0.1809
vn -0.2924 0.9392 -0.1800
vn -0.2825 0.9440 -0.1707
vn -0.2820 0.9443 -0.1695
vn 0.0218 0.3518 -0.9358
vn 0.0222 0.3713 -0.9282
vn 0.1868 0.5451 -0.8173
vn 0.5942 0.3831 -0.7072
vn 0.3465 0.9287 0.1320
vn 0.3695 0.9282 0.0437
vn 0.3961 0.9149 -0.0779
vn 0.4001 0.9111 -0.0985
vn 0.6993 0.6717 -0.2447
vn 0.7480 0.4060 -0.5250
vn 0.9249 0.3405 -0.1692
vn -0.8349 0.2267 0.5016
vn -0.8710 0.2706 0.4101
vn -0.8697 0.2320 0.4357
vn -0.8700 0.2700 0.4125
vn -0.9743 0.1777 0.1385
vn -0.9929 0.1101 0.0458
vn -0.9920 0.1150 0.0525
vn -0.9962 0.0858 0.0127
vn -0.1089 0.9422 0.3168
vn -0.1013 0.9316 0.3491
vn -0.1295 0.9385 0.3200
vn -0.1118 0.9266 0.3592
vn -0.1151 0.9346 0.3364
vn -0.9329 0.2845 -0.2207
vn -0.9516 0.2201 -0.2147
vn -0.8416 0.3474 -0.4136
vn -0.9536 0.1986 -0.2262
vn -0.8861 0.3358 -0.3193
vn -0.7404 0.4146 -0.5290
vn -0.6716 0.4054 -0.6201
vn -0.6618 0.3992 -0.6345
vn -0.6090 0.7654 -0.2080
vn -0.1055 0.9369 0.3334
vn 0.7028 -0.2969 0.6465
vn 0.6739 -0.2561 0.6930
vn 0.6872 -0.2746 0.6725
vn 0.3474 -0.4936 0.7973
vn 0.3869 -0.0901 0.9177
vn 0.3983 -0.1034 0.9114
vn 0.2364 0.6134 0.7535
vn -0.3720 0.7970 0.4757
vn -0.4767 0.7868 0.3921
vn -0.4685 0.7884 0.3986
vn 0.0529 0.7021 0.7101
vn -0.2994 0.9518 -0.0670
vn -0.0077 0.9405 -0.3397
vn -0.0038 0.9376 -0.3476
vn 0.0512 0.7436 0.6667
vn 0.8387 0.1008 0.5352
vn 0.5091 0.1706 0.8436
vn -0.1583 -0.5308 0.8326
vn 0.0130 0.4173 0.9087
vn -0.0020 0.4369 0.8995
vn 0.9924 -0.1215 0.0216
vn 0.9906 -0.1283 0.0472
vn 0.9911 -0.1263 0.0413
vn 0.4512 -0.8879 0.0898
vn 0.4701 -0.8754 0.1124
vn 0.4650 -0.8788 0.1070
vn 0.4859 -0.8639 0.1325
vn 0.9888 0.0891 0.1201
vn 0.9970 0.0437 0.0637
vn 0.9928 0.0703 0.0970
vn 0.9982 0.0327 0.0502
vn 0.9250 -0.1513 0.3487
vn 0.0604 -0.8419 0.5362
vn 0.0536 -0.8694 0.4912
vn 0.0588 -0.8491 0.5249
vn 0.0530 -0.8732 0.4846
vn -0.0608 -0.5151 0.8550
vn -0.0638 -0.5910 0.8042
vn -0.0631 -0.5559 0.8289
vn -0.0646 -0.6167 0.7845
vn 0.1642 -0.8596 0.4839
vn 0.5218 -0.1192 0.8447
vn 0.1298 -0.0238 0.9913
vn 0.4817 0.1798 0.8577
vn 0.4960 0.2061 0.8435
vn 0.5273 0.2674 0.8065
vn 0.5412 0.2959 0.7871
vn 0.8126 -0.5819 0.0321
vn -0.0499 -0.4713 0.8806
vn 0.1696 0.0467 0.9844
vn 0.1272 0.0309 0.9914
vn 0.1409 0.0624 0.9881
vn 0.0694 0.0816 0.9943
vn 0.1405 -0.0099 0.9900
vn -0.8294 0.1609 0.5349
vn -0.8223 0.1646 0.5447
vn -0.8118 0.1697 0.5587
vn -0.8044 0.1737 0.5682
vn -0.3074 0.8312 0.4632
vn -0.2984 0.8122 0.5013
vn -0.3198 0.8567 0.4048
vn 0.5124 0.2370 0.8254
vn -0.2569 0.3862 0.8859
vn 0.0116 0.5779 0.8160
vn 0.5806 0.3490 0.7356
vn 0.6001 0.3488 0.7198
vn 0.6241 0.3478 0.6996
vn 0.6415 0.3473 0.6841
vn 0.0487 0.7016 0.7109
vn 0.0560 0.6914 0.7203
vn 0.0561 0.6913 0.7204
vn 0.0626 0.6822 0.7285
vn 0.7388 0.3789 0.5573
vn 0.7961 0.5921 -0.1252
vn 0.8106 0.5703 -0.1331
vn 0.8093 0.5607 -0.1751
vn 0.7941 0.4950 -0.3527
vn 0.7784 0.5092 -0.3671
vn 0.7887 0.4502 -0.4187
vn 0.7806 0.4407 -0.4431
vn 0.9569 0.2158 0.1943
vn 0.9570 0.2024 0.2077
vn 0.5891 -0.1554 0.7929
vn 0.2521 -0.5437 0.8005
vn 0.1727 -0.5379 0.8251
vn -0.6446 -0.5815 0.4964
vn -0.6535 -0.5821 0.4838
vn -0.9166 -0.3209 0.2386
vn 0.7009 0.2076 0.6824
vn 0.6942 0.2968 0.6558
vn 0.7599 0.2841 0.5847
vn 0.7784 0.2234 0.5866
vn 0.8678 0.2470 0.4312
vn 0.7820 0.1088 0.6137
vn 0.2347 0.9634 0.1294
vn 0.1992 0.9774 0.0701
vn 0.1886 0.9802 0.0606
vn 0.9483 0.2504 -0.1949
vn 0.9426 0.2467 -0.2253
vn 0.9093 0.3193 -0.2668
vn -0.0126 -0.0604 -0.9981
vn 0.0837 -0.0924 -0.9922
vn 0.0600 -0.0846 -0.9946
vn -0.1016 -0.9335 -0.3438
vn 0.7489 0.0464 -0.6611
vn 0.8702 0.1220 -0.4774
vn 0.8841 0.1007 -0.4563
vn 0.8610 0.1601 -0.4828
vn 0.7472 -0.1484 -0.6478
vn 0.6275 -0.0609 -0.7763
vn 0.6044 -0.0125 -0.7966
vn 0.2498 -0.0851 -0.9645
vn 0.1509 -0.1354 -0.9792
vn -0.2544 -0.3019 -0.9188
vn -0.2059 0.0816 -0.9752
vn -0.5050 -0.5236 -0.6861
vn -0.5822 -0.4847 -0.6527
vn -0.5709 -0.4770 -0.6682
vn -0.7214 -0.3785 -0.5800
vn -0.3451 -0.1018 -0.9330
vn -0.3212 -0.1103 -0.9406
vn -0.4251 -0.0717 -0.9023
vn -0.8519 -0.2221 -0.4742
vn -0.8774 -0.1790 -0.4452
vn -0.9922 -0.0757 -0.0985
vn 0.3087 -0.9510 0.0146
vn -0.1538 -0.9807 -0.1208
vn 0.9494 -0.2381 -0.2047
vn 0.8416 -0.2601 -0.4733
vn 0.8295 -0.2250 -0.5112
vn 0.8379 -0.2481 -0.4862
vn 0.6784 -0.4660 -0.5680
vn 0.6404 -0.4957 -0.5866
vn 0.6759 -0.4643 -0.5724
vn 0.3887 0.0856 -0.9174
vn 0.6200 -0.5145 -0.5924
vn 0.5769 -0.5583 -0.5963
vn 0.0039 -0.1086 -0.9941
vn -0.0819 0.0200 -0.9964
vn -0.0927 -0.0629 -0.9937
vn -0.6017 0.0725 -0.7955
vn -0.5336 0.0101 -0.8457
vn -0.5047 -0.0211 -0.8630
vn -0.5127 -0.0299 -0.8581
vn -0.8114 -0.1126 -0.5735
vn -0.8335 -0.1840 -0.5210
vn -0.9434 0.0352 -0.3298
vn -0.9317 0.0613 -0.3579
vn -0.6583 0.0507 -0.7510
vn -0.1467 -0.5983 -0.7877
vn -0.2088 0.0039 -0.9780
vn -0.1925 0.0063 -0.9813
vn -0.2842 -0.0079 -0.9587
vn -0.9170 0.2280 -0.3273
vn -0.9215 0.2672 -0.2818
vn -0.9216 0.2681 -0.2807
vn -0.9227 0.2984 -0.2442
vn -0.6165 0.7746 -0.1407
vn -0.9794 0.1370 -0.1482
vn -0.9806 0.1600 -0.1133
vn -0.9681 0.2400 -0.0723
vn -0.9607 0.2776 -0.0081
vn -0.9539 0.0953 0.2846
vn -0.9174 0.1757 0.3570
vn -0.8401 0.2977 0.4535
vn -0.8037 0.3473 0.4831
vn -0.6111 -0.7797 -0.1365
vn -0.6627 -0.7461 -0.0654
vn -0.6168 -0.7770 -0.1254
vn -0.6709 -0.7396 -0.0537
vn -0.9231 0.2670 0.2767
vn -0.9119 0.2754 0.3042
vn -0.9356 0.2564 0.2427
vn -0.3247 0.8903 0.3193
vn -0.3937 0.8307 0.3936
vn -0.5148 0.7698 0.3775
vn -0.4469 0.8069 0.3863
vn -0.1675 0.7331 0.6592
vn -0.7436 0.2179 0.6321
vn -0.7648 -0.3003 0.5700
vn -0.7537 -0.3336 0.5662
vn -0.9037 -0.2011 0.3780
vn -0.7935 0.4307 0.4300
vn -0.8140 0.4202 0.4010
vn -0.8640 -0.1489 0.4809
vn -0.8272 -0.0697 0.5575
vn -0.8157 -0.0500 0.5763
vn -0.9138 0.2044 0.3510
vn -0.9299 0.2099 0.3021
vn -0.9904 -0.0140 0.1375
vn -0.9951 0.0362 0.0923
vn -0.9935 0.0600 0.0967
vn 0.1204 -0.9816 0.1482
vn 0.1979 -0.8948 0.4001
vn -0.9890 0.0914 0.1161
vn -0.9746 0.0713 0.2121
vn -0.9741 0.1196 0.1919
vn -0.9682 0.1313 0.2132
vn -0.9636 0.1769 0.2004
vn -0.9601 0.1554 0.2324
vn -0.9620 0.1540 0.2255
vn -0.3224 -0.5311 0.7835
vn 0.6064 -0.5269 0.5956
vn 0.5563 -0.2603 0.7892
vn 0.6900 -0.5633 0.4546
vn 0.2774 -0.7336 0.6203
vn 0.7357 -0.0036 0.6773
vn 0.8549 -0.3578 0.3756
vn 0.9243 -0.3739 0.0766
vn 0.9225 -0.3807 0.0644
vn 0.8156 -0.3923 -0.4253
vn 0.8142 -0.3849 -0.4346
vn 0.7322 -0.6133 -0.2962
vn 0.6225 -0.7102 -0.3287
vn 0.7330 -0.6069 -0.3071
vn 0.4099 -0.6988 -0.5862
vn 0.4128 -0.6549 -0.6330
vn 0.3247 -0.7434 -0.5847
vn 0.6269 -0.2431 -0.7402
vn 0.2112 0.0443 -0.9764
vn 0.1449 -0.8632 -0.4837
vn 0.1775 -0.8351 -0.5206
vn -0.2319 -0.5267 -0.8178
vn -0.3191 0.1149 -0.9407
vn -0.3518 0.1116 -0.9294
vn -0.3296 0.1142 -0.9372
vn -0.3637 0.1107 -0.9249
vn -0.0010 -0.9981 -0.0621
vn -0.4933 -0.8081 -0.3220
vn -0.4642 -0.8795 0.1047
vn -0.5430 -0.8213 0.1752
vn -0.5584 -0.8115 0.1725
vn -0.8005 0.2896 -0.5248
vn -0.8201 0.3406 -0.4599
vn -0.8090 0.4546 -0.3727
vn -0.8248 0.4660 -0.3202
vn -0.7831 0.5244 -0.3343
vn -0.7691 0.4893 0.4111
vn -0.8812 0.4702 0.0495
vn -0.6437 -0.7653 -0.0048
vn -0.6498 -0.7538 0.0981
vn -0.6495 -0.7571 0.0707
vn -0.6510 -0.7388 0.1742
vn -0.9140 0.0939 0.3947
vn -0.9150 0.0988 0.3912
vn -0.8049 0.4673 0.3657
vn -0.8357 0.5465 -0.0540
vn -0.7339 0.6724 0.0963
vn -0.7600 0.6444 -0.0845
vn -0.6499 0.7524 0.1076
vn -0.6520 0.7501 0.1108
vn -0.6096 0.7830 0.1237
vn -0.2802 0.8548 0.4369
vn -0.1411 0.9234 0.3569
vn -0.9879 -0.1443 0.0568
vn -0.9841 -0.1121 0.1375
vn -0.9796 -0.0224 0.1998
vn -0.3143 0.5496 -0.7740
vn -0.1033 0.9943 0.0269
vn 0.0365 0.8110 0.5840
vn -0.5328 0.8120 0.2381
vn 0.9237 0.3153 0.2178
vn 0.9237 0.3151 0.2178
vn 0.9500 0.2922 0.1103
vn 0.9380 0.3168 0.1405
vn 0.3230 0.9072 0.2697
vn 0.1267 0.9573 0.2600
vn -0.9826 0.1808 -0.0422
vn -0.9732 0.1860 -0.1352
vn -0.9669 0.1152 -0.2278
vn -0.9636 0.1440 -0.2253
vn -0.0278 0.9624 0.2703
vn -0.0782 0.9539 0.2897
vn -0.1821 0.9820 0.0498
vn 0.5313 0.3899 0.7521
vn 0.5113 0.4122 0.7541
vn -0.0182 0.9077 0.4191
vn 0.0436 0.3276 0.9438
vn -0.0805 0.6217 0.7791
vn 0.3786 0.5267 0.7611
vn -0.3666 0.3635 0.8564
vn -0.3391 0.3447 0.8753
vn -0.3470 0.3501 0.8701
vn -0.3195 0.3315 0.8877
vn -0.6603 0.1671 0.7322
vn -0.6904 0.2156 0.6905
vn -0.7482 0.2093 0.6296
vn -0.0788 0.9375 0.3389
vn -0.0918 0.9403 0.3276
vn 0.9816 0.1572 -0.1085
vn 0.9828 0.1778 0.0490
vn 0.9837 0.1777 -0.0286
vn 0.9828 0.1749 0.0601
vn 0.9821 0.1774 0.0635
vn 0.9517 -0.2070 0.2268
vn -0.1211 0.9333 0.3381
vn 0.8943 -0.2330 0.3820
vn 0.7187 -0.3212 0.6167
vn 0.6131 0.1584 0.7739
vn 0.1147 0.2397 0.9641
vn -0.3712 0.7970 0.4764
vn -0.8464 0.5205 -0.1127
vn -0.6815 0.7298 -0.0540
vn -0.7869 0.5291 0.3176
vn -0.7951 0.5307 0.2937
vn -0.7958 0.5311 0.2909
vn -0.8060 0.5327 0.2582
vn -0.7597 0.6483 -0.0506
vn 0.1770 0.3184 0.9313
vn 0.1865 0.2814 0.9413
vn 0.1864 0.3107 0.9321
vn 0.1951 0.2591 0.9459
vn 0.9927 -0.1194 0.0142
vn 0.6089 -0.0697 0.7902
vn 0.1302 0.2492 0.9597
vn 0.9523 0.1184 0.2812
vn 0.9676 0.0884 0.2364
vn 0.0756 -0.0257 0.9968
vn 0.0745 -0.0255 0.9969
vn 0.0753 -0.0257 0.9968
vn 0.0735 -0.0251 0.9970
vn 0.9765 -0.0384 0.2122
vn 0.9721 -0.0546 0.2280
vn 0.3123 -0.0750 0.9470
vn -0.1074 0.0324 0.9937
vn 0.9707 0.0654 0.2313
vn 0.9903 0.1368 0.0244
vn 0.9878 0.1072 0.1125
vn -0.1978 -0.3936 0.8978
vn -0.1021 -0.3238 0.9406
vn -0.0904 -0.3144 0.9450
vn -0.3228 -0.6331 0.7036
vn -0.5658 -0.4630 0.6823
vn -0.5686 -0.4659 0.6779
vn -0.5892 -0.4858 0.6456
vn 0.5051 0.1240 0.8541
vn 0.4215 -0.9043 0.0681
vn 0.2847 -0.9584 0.0211
vn 0.2404 -0.9706 -0.0123
vn -0.5922 -0.4895 0.6401
vn -0.0272 -0.1578 0.9871
vn -0.0157 -0.1391 0.9901
vn -0.1099 -0.2080 0.9719
vn 0.1224 -0.3726 0.9199
vn 0.2139 -0.4477 0.8682
vn 0.1834 -0.3848 0.9046
vn 0.1669 -0.5207 0.8373
vn 0.2387 -0.5294 0.8141
vn -0.0081 -0.2504 0.9681
vn 0.9993 -0.0377 0.0082
vn 0.9807 -0.0844 0.1765
vn 0.9992 -0.0319 0.0256
vn 0.9736 -0.0785 0.2145
vn 0.2058 -0.1688 0.9639
vn 0.2465 -0.1445 0.9583
vn 0.3457 -0.0827 0.9347
vn 0.3954 -0.0500 0.9171
vn 0.5458 -0.4994 0.6729
vn 0.5755 -0.5076 0.6412
vn 0.8954 0.4445 0.0246
vn 0.8756 0.4815 -0.0389
vn 0.8829 0.4696 0.0068
vn 0.8722 0.4850 -0.0631
vn 0.9842 0.1699 -0.0505
vn 0.3231 -0.3328 0.8859
vn 0.3414 -0.2079 0.9166
vn 0.3263 -0.3092 0.8933
vn 0.3961 0.0787 0.9148
vn 0.2602 0.1093 0.9593
vn 0.4684 0.0664 0.8810
vn 0.5683 -0.0299 0.8223
vn 0.6609 -0.0111 0.7504
vn -0.3958 -0.7745 0.4934
vn -0.3948 -0.7815 0.4832
vn -0.3387 -0.8238 0.4546
vn -0.3021 -0.8281 0.4721
vn -0.2123 -0.7940 0.5697
vn -0.2163 -0.7819 0.5847
vn 0.2065 -0.4892 0.8474
vn 0.7435 -0.3361 0.5781
vn 0.7288 0.1366 0.6710
vn 0.7447 0.1302 0.6546
vn 0.7393 0.1188 0.6628
vn 0.4836 -0.1068 0.8687
vn 0.5167 -0.0108 0.8561
vn 0.5211 0.0033 0.8535
vn 0.5434 0.0828 0.8354
vn -0.3261 0.8690 0.3722
vn -0.0555 0.8852 0.4618
vn 0.3498 0.9298 0.1141
vn 0.3615 0.9265 0.1046
vn 0.3748 0.9206 0.1098
vn 0.3341 0.9363 0.1084
vn 0.2763 0.9550 0.1079
vn 0.1950 0.9730 0.1236
vn 0.5531 0.7669 -0.3256
vn 0.3643 0.5319 -0.7644
vn 0.3353 0.6275 -0.7027
vn 0.3501 0.5817 -0.7342
vn 0.3194 0.6729 -0.6672
vn 0.0600 0.4229 -0.9042
vn 0.0588 0.4580 -0.8870
vn 0.0391 0.4306 -0.9017
vn -0.0240 0.4455 -0.8950
vn -0.0647 0.4208 -0.9048
vn -0.7686 0.0791 -0.6349
vn -0.7994 0.1343 -0.5856
vn -0.7950 0.1441 -0.5893
vn -0.5566 -0.0143 -0.8307
vn -0.9120 -0.3959 -0.1073
vn -0.5658 -0.7946 -0.2203
vn 0.3336 -0.9391 0.0821
vn -0.0089 0.0005 -1.0000
vn 0.6542 -0.2315 0.7200
vn 0.6263 -0.2722 0.7305
vn 0.6414 -0.2505 0.7252
vn 0.6151 -0.2888 0.7336
vn 0.4065 -0.7913 0.4567
vn 0.1894 0.7648 0.6157
vn 0.7596 0.3370 0.5563
vn 0.7786 0.3466 0.5231
vn 0.7564 0.3354 0.5615
vn 0.5453 -0.5978 0.5876
vn 0.2889 0.5448 0.7872
vn 0.3595 0.4608 0.8114
vn 0.9206 -0.3740 0.1127
vn 0.7944 -0.3210 0.5156
vn 0.8942 -0.0687 0.4423
vn 0.7291 0.5054 0.4615
vn 0.7399 0.4947 0.4559
vn 0.6980 0.5352 0.4759
vn -0.9412 -0.3342 -0.0501
vn -0.7960 0.0576 -0.6026
vn -0.6464 0.0477 -0.7615
vn -0.6008 0.0554 -0.7975
vn 0.0540 0.4556 -0.8885
vn 0.1100 0.4434 -0.8895
vn 0.7739 0.4354 -0.4599
vn 0.2358 -0.8717 -0.4296
vn 0.2353 -0.8533 -0.4653
vn 0.2364 -0.8514 -0.4682
vn 0.2362 -0.8395 -0.4894
vn 0.2384 -0.8367 -0.4931
vn -0.3610 -0.9257 -0.1131
vn 0.8736 0.3161 0.3701
vn 0.8978 0.2796 0.3403
vn 0.9400 0.2212 0.2596
vn 0.9396 0.3421 -0.0127
vn 0.9570 0.2899 -0.0012
vn 0.9532 0.3021 -0.0141
vn 0.9030 0.2132 -0.3731
vn 0.8653 0.1902 -0.4638
vn -0.0383 -0.0518 -0.9979
vn 0.7505 0.0455 -0.6593
vn 0.5996 0.0180 -0.8001
vn 0.1627 -0.1129 -0.9802
vn 0.0860 -0.0896 -0.9923
vn -0.0394 -0.1151 -0.9926
vn -0.2764 0.1754 -0.9449
vn -0.2517 -0.1344 -0.9584
vn -0.3844 -0.8260 -0.4122
vn -0.5587 -0.5208 -0.6455
vn -0.5657 -0.5202 -0.6399
vn -0.5682 -0.5194 -0.6383
vn -0.5743 -0.5187 -0.6334
vn -0.3138 -0.7276 -0.6100
vn -0.3307 -0.7036 -0.6289
vn -0.3148 -0.7263 -0.6110
vn -0.3870 -0.8942 -0.2251
vn 0.0961 -0.9431 -0.3184
vn 0.3459 -0.9078 -0.2374
vn 0.8493 -0.2862 -0.4435
vn 0.3857 -0.2390 -0.8911
vn 0.5242 -0.5598 -0.6417
vn 0.4317 0.0267 -0.9016
vn -0.2580 0.2111 -0.9428
vn 0.1339 -0.4331 -0.8913
vn 0.0573 -0.0830 -0.9949
vn 0.0199 -0.1706 -0.9851
vn -0.3964 -0.0461 -0.9169
vn -0.5621 0.0089 -0.8270
vn -0.6929 0.1438 -0.7065
vn -0.7809 0.0954 -0.6173
vn -0.8599 0.1539 -0.4867
vn -0.8568 0.1504 -0.4932
vn -0.8461 0.1135 -0.5209
vn -0.8254 0.0713 -0.5601
vn -0.2987 -0.0105 -0.9543
vn -0.8566 0.3370 -0.3906
vn -0.8792 0.2799 -0.3857
vn -0.8767 0.2870 -0.3861
vn -0.8890 0.2515 -0.3826
vn -0.9484 0.3117 0.0579
vn -0.9270 0.3646 0.0881
vn -0.9554 0.2859 0.0738
vn -0.9574 0.2739 0.0911
vn -0.9611 0.2580 0.0988
vn -0.5586 -0.8124 -0.1673
vn -0.5752 -0.8028 -0.1574
vn -0.9445 0.2477 0.2157
vn -0.3489 0.9132 0.2105
vn -0.7016 0.5968 0.3894
vn -0.6950 0.6026 0.3921
vn -0.9182 -0.3904 0.0674
vn -0.9281 -0.3663 0.0665
vn -0.9691 -0.2396 -0.0583
vn -0.9774 -0.1923 -0.0878
vn -0.9530 0.2168 0.2117
vn -0.8319 0.4360 0.3432
vn -0.9745 -0.1127 0.1943
vn -0.9912 0.0149 0.1318
vn -0.9847 -0.0535 -0.1659
vn -0.9790 -0.0809 -0.1870
vn -0.9843 -0.0560 -0.1675
vn 0.1613 -0.9523 -0.2592
vn 0.1116 -0.9879 -0.1078
vn 0.0479 -0.9747 0.2182
vn -0.9957 0.0919 -0.0117
vn -0.9938 0.1107 0.0078
vn -0.9438 -0.3151 0.0997
vn 0.7314 -0.6361 0.2458
vn 0.7841 -0.5917 0.1873
vn 0.7980 -0.5881 0.1320
vn 0.8039 -0.5884 0.0866
vn 0.7808 -0.6242 0.0260
vn 0.7830 -0.5497 -0.2911
vn 0.7916 -0.5327 -0.2993
vn 0.5866 -0.3750 -0.7179
vn 0.6298 -0.4638 -0.6231
vn 0.6139 -0.4281 -0.6632
vn 0.3461 -0.7400 -0.5768
vn 0.2074 -0.1837 -0.9608
vn 0.2066 -0.1837 -0.9610
vn 0.2160 -0.1861 -0.9585
vn -0.0382 -0.0213 -0.9990
vn 0.3490 -0.3308 -0.8768
vn 0.2857 -0.4141 -0.8642
vn 0.3711 -0.4093 -0.8335
vn 0.2949 -0.3604 -0.8850
vn 0.2501 -0.4022 -0.8807
vn -0.3784 0.1320 -0.9162
vn -0.4225 0.1318 -0.8968
vn -0.4477 0.2468 -0.8595
vn -0.4708 0.1847 -0.8627
vn -0.5533 0.3029 -0.7760
vn -0.5096 0.3451 -0.7881
vn -0.7627 0.5396 -0.3566
vn -0.8797 -0.1771 -0.4413
vn -0.9294 -0.1952 -0.3133
vn -0.8722 -0.1264 -0.4724
vn -0.9765 0.0824 -0.1991
vn -0.9777 0.0507 -0.2039
vn -0.9677 0.1176 -0.2231
vn -0.9725 0.0846 -0.2172
vn -0.9496 0.1929 -0.2470
vn -0.8020 0.5613 -0.2044
vn -0.6650 0.6201 -0.4162
vn -0.6440 0.7081 -0.2896
vn -0.4809 0.6221 -0.6179
vn -0.4245 0.8369 -0.3456
vn -0.3745 0.9127 -0.1636
vn -0.3515 0.9214 -0.1657
vn -0.2834 0.9162 -0.2832
vn -0.0817 0.9962 0.0291
vn -0.9861 -0.1658 -0.0087
vn -0.9912 -0.1325 -0.0010
vn -0.9877 -0.1542 0.0274
vn -0.2011 0.9720 0.1215
vn -0.2108 0.9617 0.1751
vn -0.2017 0.9715 0.1249
vn -0.5672 0.8226 -0.0397
vn -0.9840 0.0108 0.1780
vn -0.9799 -0.0121 0.1991
vn -0.9825 0.0098 0.1860
vn -0.9758 -0.0335 0.2162
vn -0.9695 -0.0691 0.2351
vn -0.0844 0.0991 0.9915
vn -0.0595 0.0564 0.9966
vn -0.1270 0.1722 0.9768
vn 0.0189 0.9638 0.2660
vn 0.0804 0.9469 0.3113
vn 0.0607 0.9532 0.2962
vn 0.1265 0.9305 0.3437
vn 0.9951 0.0391 0.0912
vn 0.9962 0.0103 0.0863
vn 0.0548 0.9850 0.1633
vn -0.0103 0.9869 0.1612
vn -0.9633 0.1311 -0.2344
vn -0.7361 0.4212 -0.5299
vn -0.3958 0.8574 -0.3289
vn -0.1498 0.7932 -0.5903
vn -0.0035 0.7689 -0.6394
vn -0.1450 0.7846 -0.6028
vn 0.0032 0.7504 -0.6610
vn 0.2023 0.6838 -0.7010
vn 0.0914 0.9956 -0.0201
vn 0.0914 0.9956 -0.0202
vn 0.1050 0.9942 -0.0235
vn 0.1286 0.9913 -0.0297
vn 0.2365 0.6548 -0.7178
vn 0.3780 0.8981 -0.2247
vn 0.3834 0.8988 -0.2126
vn 0.3713 0.9063 -0.2018
vn 0.3596 0.9111 -0.2013
vn 0.3379 0.9176 -0.2094
vn 0.8665 0.3542 -0.3519
vn 0.9727 0.1186 -0.1996
vn 0.0317 0.9734 0.2268
vn -0.0268 0.9435 0.3304
vn -0.0315 0.9551 0.2947
vn 0.1591 0.9490 0.2722
vn 0.0399 0.9737 0.2244
vn 0.0213 0.9755 0.2191
vn -0.3685 0.8472 0.3826
vn 0.9427 0.2507 0.2203
vn 0.8030 -0.0487 0.5940
vn 0.5341 0.5931 0.6025
vn -0.8183 0.4870 0.3052
vn -0.8292 0.4709 0.3012
vn -0.8213 0.4826 0.3042
vn -0.5482 0.7377 -0.3942
vn 0.6908 0.6192 0.3733
vn 0.3319 0.6999 0.6324
vn 0.1705 0.5721 0.8022
vn 0.1872 0.3355 0.9233
vn 0.4098 -0.2264 0.8836
vn 0.9504 -0.3101 0.0219
vn 0.9464 0.1097 0.3037
vn 0.0056 0.3136 0.9495
vn 0.3411 0.4763 0.8104
vn 0.3428 0.4823 0.8062
vn 0.3438 0.4856 0.8038
vn 0.3455 0.4915 0.7994
vn -0.1182 0.4409 0.8897
vn 0.2672 0.6098 0.7462
vn 0.2994 0.6463 0.7019
vn 0.2643 0.5971 0.7574
vn 0.9621 0.0520 0.2679
vn -0.1563 -0.0484 0.9865
vn 0.2610 0.1783 0.9487
vn 0.3309 0.1822 0.9259
vn 0.2916 0.1803 0.9394
vn 0.3564 0.1832 0.9162
vn 0.5083 -0.2384 0.8275
vn 0.5495 -0.2452 0.7987
vn 0.5010 -0.2370 0.8324
vn 0.3183 -0.4717 0.8223
vn 0.3113 -0.4955 0.8109
vn 0.5935 -0.6422 0.4851
vn 0.6222 -0.5960 0.5076
vn 0.5501 -0.7033 0.4503
vn 0.0554 0.1509 0.9870
vn 0.2103 0.1147 0.9709
vn 0.3533 0.1639 0.9210
vn 0.3766 0.1190 0.9187
vn 0.5301 0.2064 0.8224
vn 0.4383 -0.8953 0.0795
vn 0.4994 -0.8649 0.0499
vn 0.5421 -0.8403 0.0048
vn 0.5804 0.5189 0.6276
vn 0.5555 0.5251 0.6448
vn 0.5650 0.5228 0.6383
vn 0.2847 0.2457 0.9266
vn 0.5171 -0.8557 -0.0184
vn 0.6140 -0.7858 -0.0748
vn 0.6167 -0.7835 -0.0764
vn 0.6908 -0.7124 -0.1236
vn -0.0095 -0.9742 0.2257
vn -0.9765 -0.2143 0.0219
vn 0.0752 -0.5730 -0.8161
vn 0.1915 -0.5763 -0.7945
vn 0.1741 -0.5766 -0.7982
vn 0.2735 -0.7880 0.5516
vn 0.3108 -0.7366 0.6006
vn 0.2936 -0.7603 0.5794
vn 0.5291 -0.8429 -0.0976
vn 0.5228 -0.8445 -0.1160
vn 0.5431 -0.8377 -0.0567
vn 0.3293 -0.7080 0.6247
vn 0.0806 -0.6444 0.7605
vn 0.4048 -0.8220 -0.4006
vn 0.3909 -0.8192 -0.4196
vn 0.4010 -0.8210 -0.4064
vn 0.3871 -0.8181 -0.4253
vn 0.2214 -0.5758 -0.7870
vn 0.1031 -0.9096 0.4025
vn 0.1217 -0.9178 0.3779
vn 0.1595 -0.9316 0.3267
vn 0.1744 -0.9355 0.3074
vn 0.1708 -0.9328 0.3173
vn 0.7653 -0.4011 -0.5034
vn -0.1043 -0.4974 -0.8612
vn 0.5764 0.0759 -0.8136
vn 0.1924 -0.0724 -0.9786
vn 0.2006 -0.0530 -0.9782
vn 0.1970 -0.0299 -0.9800
vn 0.1718 0.0080 -0.9851
vn 0.1457 0.0308 -0.9889
vn -0.4132 0.8931 0.1776
vn -0.6789 0.6791 -0.2792
vn -0.7412 0.6146 -0.2700
vn -0.7687 0.5824 -0.2644
vn -0.8335 0.4929 -0.2495
vn -0.8715 -0.0375 0.4890
vn -0.6592 -0.0790 0.7478
vn -0.6279 0.0804 0.7741
vn -0.6463 -0.0007 0.7631
vn -0.6017 0.1717 0.7800
vn -0.8818 0.2550 0.3968
vn -0.8998 0.2224 0.3753
vn -0.8989 0.2647 0.3491
vn -0.9015 0.3249 0.2861
vn 0.0227 -0.3269 0.9448
vn 0.5499 -0.8344 -0.0368
vn 0.9183 -0.3843 -0.0950
vn 0.9085 -0.4017 -0.1148
vn 0.9275 -0.3660 -0.0762
vn 0.7607 -0.1225 0.6374
vn 0.7566 -0.1131 0.6441
vn 0.7587 -0.1172 0.6408
vn 0.7553 -0.1100 0.6460
vn 0.7661 -0.3248 -0.5546
vn 0.6519 -0.5475 0.5247
vn 0.9009 -0.3968 0.1756
vn 0.8606 -0.4939 0.1243
vn 0.8480 -0.5006 0.1738
vn 0.8162 -0.5628 0.1308
vn 0.8527 -0.5185 0.0630
vn 0.4725 -0.8754 -0.1020
vn 0.6522 -0.7385 0.1708
vn 0.6068 -0.7360 -0.3002
vn 0.3732 -0.6617 -0.6503
vn -0.0784 0.1527 -0.9851
vn -0.0935 0.2533 -0.9629
vn -0.0896 0.2270 -0.9698
vn -0.6384 0.2352 -0.7329
vn -0.4714 0.7415 0.4775
vn -0.4643 0.7500 0.4710
vn -0.4787 0.7322 0.4845
vn 0.0024 -0.7538 0.6571
vn 0.2678 -0.7318 0.6267
vn 0.2201 -0.8427 -0.4913
vn -0.7925 0.5915 0.1487
vn -0.4790 0.8566 0.1918
vn -0.3864 0.9199 0.0671
vn -0.4123 0.9055 0.1004
vn -0.3473 0.9376 0.0170
vn -0.4521 0.6703 -0.5885
vn -0.5652 0.7805 0.2671
vn -0.8811 -0.2014 -0.4279
vn -0.6704 0.5150 -0.5342
vn -0.8902 0.3838 0.2456
vn -0.5926 0.6263 0.5065
vn 0.2353 0.1499 0.9603
vn 0.2540 0.1524 0.9551
vn 0.2606 0.1805 0.9484
vn 0.2318 0.2313 0.9449
vn 0.9325 -0.3554 -0.0649
vn 0.5907 -0.5349 0.6042
vn 0.7807 -0.4166 0.4659
vn 0.9265 0.1558 0.3426
vn 0.9416 0.1663 0.2928
vn 0.9536 0.1758 0.2443
vn 0.9637 0.1860 0.1914
vn 0.9937 0.0786 -0.0793
vn 0.9926 0.0830 -0.0882
vn 0.9918 0.0854 -0.0950
vn 0.1598 -0.9244 0.3463
vn 0.1615 -0.9245 0.3453
vn 0.1555 -0.9242 0.3487
vn 0.9896 0.0922 -0.1107
vn 0.8197 0.0831 -0.5668
vn 0.4533 -0.1311 -0.8816
vn 0.4903 -0.2041 -0.8473
vn 0.4967 -0.1640 -0.8523
vn 0.4822 -0.2128 -0.8498
vn -0.4781 -0.5164 -0.7105
vn -0.4959 -0.5109 -0.7021
vn -0.5652 -0.4852 -0.6672
vn -0.5858 -0.4767 -0.6554
vn -0.0728 0.1162 -0.9906
vn -0.4849 0.7239 0.4907
vn -0.9608 0.2736 -0.0443
vn -0.9572 0.2887 0.0198
vn -0.9603 0.2778 -0.0258
vn -0.9555 0.2926 0.0377
vn -0.9596 -0.0215 -0.2805
vn -0.9748 -0.0380 0.2197
vn -0.9337 -0.3113 -0.1771
vn -0.2165 -0.8981 0.3827
vn 0.5497 -0.6853 -0.4777
vn -0.1781 -0.4974 -0.8490
vn -0.1050 -0.5805 -0.8074
vn -0.1402 -0.5419 -0.8287
vn -0.2716 -0.7487 -0.6048
vn -0.9799 -0.1875 -0.0686
vn 0.0754 0.0011 0.9972
vn 0.0202 0.0368 0.9991
vn -0.0120 0.0574 0.9983
vn -0.0713 0.0952 0.9929
vn 0.7940 -0.0731 0.6036
vn 0.7197 -0.4352 0.5409
vn -0.6715 0.1182 0.7315
vn -0.6221 0.1137 0.7747
vn -0.6438 0.1158 0.7564
vn -0.6095 0.1126 0.7847
vn 0.2121 0.2549 0.9434
vn 0.4997 0.4931 0.7121
vn 0.5640 0.4715 0.6779
vn 0.5321 0.4895 0.6909
vn 0.6759 0.4359 0.5943
vn 0.8348 0.4563 0.3079
vn 0.2773 -0.7405 0.6122
vn 0.2981 -0.7379 0.6055
vn 0.2833 -0.7397 0.6104
vn 0.3063 -0.7373 0.6022
vn 0.9334 0.0376 0.3569
vn 0.9991 -0.0197 0.0370
vn 1.0000 -0.0060 0.0079
vn 1.0000 0.0005 -0.0050
vn 0.9993 0.0157 -0.0349
vn 0.1539 -0.9242 0.3496
vn -0.0701 -0.9973 0.0209
vn 0.2730 -0.9620 -0.0013
vn -0.2252 -0.4664 -0.8554
vn 0.4211 -0.1135 -0.8999
vn -0.3638 -0.1582 -0.9179
vn -0.3138 -0.1197 -0.9419
vn -0.3236 -0.1272 -0.9376
vn -0.2288 -0.0557 -0.9719
vn -0.9344 -0.3422 -0.0992
vn -0.9335 -0.3570 -0.0333
vn -0.9070 -0.4149 -0.0729
vn -0.8896 -0.4566 -0.0141
vn -0.8883 -0.4575 -0.0413
vn -0.8856 -0.4561 -0.0880
vn -0.6888 -0.6256 -0.3662
vn -0.6104 -0.6281 -0.4826
vn -0.3259 -0.8593 -0.3942
vn -0.2151 -0.4512 -0.8661
vn -0.9600 0.1897 -0.2059
vn -0.9430 0.2048 -0.2623
vn -0.9774 0.1758 -0.1174
vn -0.9663 0.2575 0.0051
vn -0.4041 0.5305 0.7451
vn -0.4222 0.5202 0.7424
vn -0.4727 0.4883 0.7336
vn -0.4923 0.4749 0.7294
vn 0.0067 0.5066 0.8621
vn 0.0261 0.5226 0.8522
vn 0.0459 0.5393 0.8409
vn 0.0706 0.5581 0.8268
vn 0.4788 0.5137 0.7120
vn -0.0395 0.6212 0.7826
vn -0.0638 0.5245 0.8490
vn 0.0111 0.6688 0.7433
vn 0.1310 -0.5678 0.8127
vn 0.2795 -0.5487 0.7879
vn 0.2094 -0.5592 0.8022
vn 0.3614 -0.5316 0.7660
vn 0.7727 0.3617 0.5217
vn 0.7238 0.3461 0.5969
vn 0.7112 0.3423 0.6140
vn 0.6618 0.3260 0.6750
vn 0.5853 -0.4893 0.6465
vn 0.5804 -0.4954 0.6462
vn 0.5829 -0.4929 0.6460
vn 0.8330 0.3006 0.4645
vn 0.8317 0.2941 0.4710
vn 0.8326 0.2973 0.4674
vn 0.4798 0.3092 0.8211
vn 0.4090 0.3748 0.8320
vn 0.4482 0.4303 0.7835
vn 0.4906 0.4600 0.7400
vn 0.5781 -0.4982 0.6462
vn 0.8468 -0.4275 0.3164
vn 0.8425 -0.4762 0.2518
vn 0.8419 -0.4791 0.2484
vn 0.8344 -0.5151 0.1963
vn 0.6113 -0.6180 0.4943
vn 0.5700 -0.6710 0.4742
vn 0.5298 -0.7162 0.4543
vn 0.4882 -0.7578 0.4330
vn 0.9216 -0.0563 -0.3840
vn 0.7281 -0.4991 -0.4699
vn 0.5007 -0.6496 -0.5722
vn -0.4998 -0.8660 0.0152
vn -0.3764 -0.9158 0.1399
vn -0.4385 -0.8948 0.0845
vn -0.3289 -0.9256 0.1874
vn -0.3154 -0.9299 0.1892
vn -0.2031 -0.9662 -0.1588
vn -0.6088 -0.7911 -0.0592
vn -0.6080 -0.7935 -0.0258
vn -0.6080 -0.7938 -0.0127
vn -0.6063 -0.7951 0.0152
vn -0.8917 -0.4241 -0.1583
vn -0.6858 -0.3158 -0.6558
vn -0.9250 -0.1510 -0.3487
vn -0.9776 0.1980 -0.0712
vn -0.9753 0.2112 -0.0650
vn -0.6634 0.5856 0.4658
vn -0.2015 0.8176 0.5394
vn -0.5095 -0.8320 0.2196
vn -0.8027 0.5641 0.1936
vn -0.0020 0.6738 0.7389
vn 0.0582 0.7230 0.6884
vn -0.0305 -0.3693 0.9288
vn -0.1362 -0.6938 0.7072
vn 0.0620 -0.7139 0.6975
vn -0.0094 -0.6932 0.7207
vn 0.2479 0.3091 0.9182
vn 0.1519 0.3854 0.9102
vn 0.1698 0.3622 0.9165
vn 0.0492 0.4296 0.9017
vn 0.8340 0.3036 0.4607
vn 0.5156 0.2934 0.8050
vn 0.2999 0.8803 0.3677
vn 0.2903 0.9132 0.2859
vn 0.2969 0.8920 0.3409
vn 0.6188 0.3715 0.6921
vn 0.5587 0.3636 0.7454
vn 0.5870 0.3676 0.7214
vn 0.2871 0.9207 0.2645
vn 0.6267 0.7762 0.0684
vn 0.8258 0.2933 0.4817
vn 0.9114 0.2212 0.3469
vn 0.9063 0.2432 0.3456
vn 0.9755 0.1394 0.1700
vn 0.9946 0.0857 0.0583
vn 0.9995 0.0279 -0.0118
vn 0.9985 0.0540 -0.0029
vn 0.6235 -0.3936 -0.6755
vn 0.6458 -0.3711 -0.6672
vn 0.6329 -0.3837 -0.6724
vn 0.6514 -0.3657 -0.6648
vn 0.3230 -0.4403 -0.8377
vn 0.3260 -0.4407 -0.8363
vn 0.3321 -0.4404 -0.8341
vn 0.3328 -0.4404 -0.8338
vn 0.0032 -0.5185 -0.8551
vn -0.1377 -0.5354 -0.8333
vn -0.1723 -0.5155 -0.8394
vn -0.2379 -0.5247 -0.8174
vn -0.3816 -0.5444 -0.7470
vn -0.6138 0.0621 -0.7870
vn -0.6619 -0.4276 -0.6156
vn -0.8610 -0.4128 -0.2970
vn -0.8403 -0.3656 -0.4002
vn -0.9069 -0.3550 -0.2270
vn -0.8263 -0.3551 -0.4372
vn -0.9790 -0.2022 -0.0254
vn -0.9674 -0.2479 -0.0509
vn -0.8270 -0.5492 0.1205
vn -0.7854 -0.4883 0.3804
vn -0.7353 0.4843 0.4742
vn -0.2414 -0.7406 0.6272
vn -0.2171 -0.7037 0.6765
vn -0.4066 0.3450 0.8460
vn 0.0253 0.4368 0.8992
vn -0.0515 0.7420 0.6684
vn -0.0342 0.8107 0.5844
vn -0.0455 0.7651 0.6423
vn -0.0276 0.8342 0.5507
vn 0.0088 -0.0275 0.9996
vn 0.3191 0.4720 0.8218
vn 0.2862 0.5067 0.8133
vn 0.2922 0.5012 0.8145
vn 0.2400 0.5517 0.7987
vn 0.4435 -0.4832 0.7549
vn 0.5093 -0.3261 0.7964
vn 0.3595 0.8171 0.4507
vn 0.6550 -0.5996 0.4599
vn 0.8794 0.1780 0.4416
vn 0.6185 0.6296 0.4701
vn 0.6506 0.3747 0.6606
vn 0.8888 0.1838 0.4199
vn 0.5901 0.7672 -0.2516
vn 0.7962 0.5620 -0.2242
vn 0.5679 0.6312 -0.5283
vn 0.5591 0.6401 -0.5270
vn 0.4816 0.6355 -0.6035
vn 0.4542 0.6262 -0.6337
vn 0.3902 0.5769 -0.7176
vn 0.6487 0.3637 -0.6685
vn 0.0806 0.3505 -0.9331
vn 0.0819 0.3288 -0.9409
vn -0.0037 0.2845 -0.9587
vn -0.0389 0.2622 -0.9642
vn -0.1509 0.4028 -0.9028
vn -0.1571 0.4280 -0.8900
vn -0.1893 -0.8315 -0.5223
vn -0.3534 -0.7368 -0.5763
vn -0.2667 -0.7888 -0.5538
vn -0.4051 -0.7015 -0.5864
vn -0.4113 -0.7051 -0.5776
vn -0.8694 -0.4221 -0.2569
vn -0.8795 -0.4002 -0.2576
vn -0.9675 -0.1873 0.1700
vn -0.9563 -0.0576 0.2868
vn -0.9660 -0.1362 0.2196
vn -0.9483 -0.0480 0.3136
vn -0.8453 0.1954 0.4973
vn -0.6370 0.3447 0.6895
vn -0.5525 0.2497 0.7952
vn -0.6320 0.2811 0.7222
vn -0.5750 0.2067 0.7916
vn -0.6989 0.1786 0.6925
vn -0.3403 0.4273 0.8376
vn -0.3116 0.5207 0.7948
vn -0.3210 0.4931 0.8086
vn -0.2926 0.5773 0.7623
vn 0.0820 -0.2985 0.9509
vn 0.1156 -0.1862 0.9757
vn 0.0932 -0.2623 0.9605
vn 0.1263 -0.1485 0.9808
vn -0.1592 0.8172 0.5539
vn -0.1341 0.8917 0.4323
vn -0.1531 0.8383 0.5232
vn -0.1277 0.9070 0.4012
vn 0.0900 -0.0369 0.9953
vn 0.0864 -0.0777 0.9932
vn 0.0895 -0.0431 0.9951
vn 0.0857 -0.0828 0.9929
vn 0.1597 -0.7594 0.6308
vn 0.1512 -0.7417 0.6534
vn 0.2732 -0.7301 0.6264
vn 0.1837 -0.6956 0.6945
vn 0.2752 -0.7416 0.6118
vn 0.2238 -0.3255 0.9187
vn -0.1994 -0.2930 0.9351
vn -0.3188 -0.3611 0.8763
vn -0.2741 -0.6302 0.7264
vn 0.9915 0.0154 0.1291
vn 0.9935 0.0203 0.1117
vn 0.5665 -0.5395 0.6229
vn 0.5942 -0.5959 0.5402
vn 0.5709 -0.5548 0.6052
vn 0.8985 0.4382 0.0246
vn 0.8101 0.5801 -0.0850
vn 0.7568 0.6484 -0.0830
vn 0.7744 0.6271 -0.0843
vn 0.7972 -0.1194 0.5917
vn 0.7334 -0.2598 0.6282
vn 0.7546 -0.2142 0.6203
vn 0.7229 -0.2557 0.6420
vn 0.3070 -0.4139 0.8570
vn 0.7306 0.0069 0.6828
vn 0.7580 0.0160 0.6521
vn 0.8771 0.0537 0.4773
vn -0.1966 -0.8444 0.4984
vn -0.1636 -0.8842 0.4374
vn 0.4128 -0.7332 0.5404
vn 0.7965 0.1069 0.5951
vn 0.7577 0.0824 0.6473
vn 0.8249 0.0507 0.5630
vn 0.3787 0.7131 -0.5900
vn 0.6614 0.5605 -0.4984
vn 0.2430 0.0474 -0.9689
vn -0.2358 0.3245 -0.9160
vn -0.2593 -0.4845 -0.8355
vn 0.0894 -0.3935 -0.9150
vn 0.8559 0.0543 0.5142
vn 0.8093 0.0334 0.5864
vn 0.8203 0.0414 0.5704
vn 0.7403 -0.0861 0.6667
vn 0.7386 0.3264 0.5899
vn 0.4428 0.6820 0.5820
vn 0.6875 0.5446 0.4803
vn 0.7335 0.1961 0.6508
vn 0.6921 -0.5846 0.4235
vn 0.8614 0.4455 0.2438
vn 0.8800 0.4072 0.2448
vn 0.9250 0.3269 0.1935
vn 0.9167 0.3334 0.2202
vn 0.9439 0.3124 0.1072
vn -0.4649 0.3528 -0.8121
vn -0.0901 -0.3557 -0.9303
vn -0.0396 -0.6661 -0.7448
vn 0.8885 0.3460 0.3015
vn 0.9700 0.2390 -0.0454
vn 0.8799 0.2744 -0.3879
vn 0.8512 0.1397 -0.5060
vn 0.8494 0.0327 -0.5267
vn 0.6176 -0.1456 -0.7729
vn 0.6350 -0.2363 -0.7355
vn 0.6021 -0.2274 -0.7654
vn 0.5419 0.0142 -0.8403
vn 0.0715 -0.0476 -0.9963
vn 0.0487 -0.0326 -0.9983
vn 0.0277 -0.0081 -0.9996
vn 0.0712 -0.9110 0.4063
vn 0.1218 -0.5127 -0.8499
vn -0.1217 -0.5976 -0.7925
vn -0.0778 -0.4698 -0.8794
vn -0.2291 -0.5408 -0.8093
vn -0.3016 -0.7428 -0.5977
vn 0.3622 -0.7352 -0.5729
vn 0.2995 -0.7307 -0.6135
vn 0.2544 -0.6268 -0.7365
vn 0.2340 -0.6582 -0.7155
vn 0.2493 -0.7359 -0.6295
vn 0.0173 -0.6126 -0.7902
vn 0.0499 -0.1211 -0.9914
vn -0.2148 -0.0599 -0.9748
vn -0.4454 -0.0187 -0.8951
vn -0.7050 -0.0049 -0.7092
vn -0.8464 0.0106 -0.5324
vn -0.8899 0.2513 -0.3807
vn -0.9687 0.0405 -0.2450
vn -0.9482 0.1694 -0.2687
vn -0.8858 0.1865 -0.4250
vn -0.8687 0.3193 -0.3788
vn -0.9151 0.3291 -0.2331
vn -0.3922 -0.8973 -0.2026
vn -0.4238 -0.8844 -0.1956
vn -0.6255 0.7691 -0.1312
vn -0.6368 0.7605 -0.1273
vn -0.6471 0.7524 -0.1237
vn -0.6624 0.7398 -0.1181
vn -0.9467 -0.1137 -0.3015
vn -0.9239 -0.0806 -0.3741
vn -0.9467 0.2755 -0.1669
vn -0.9873 -0.0392 -0.1539
vn -0.8826 -0.0656 -0.4655
vn -0.8939 -0.0030 -0.4482
vn 0.2236 -0.8858 -0.4067
vn 0.1605 -0.9234 -0.3486
vn -0.9556 0.0468 -0.2908
vn -0.9867 0.0580 -0.1518
vn -0.9830 0.0779 -0.1660
vn 0.8227 -0.5571 -0.1130
vn 0.4312 -0.6849 -0.5874
vn 0.4593 -0.6709 -0.5822
vn 0.4346 -0.6837 -0.5862
vn 0.4639 -0.6688 -0.5809
vn -0.0354 -0.6833 -0.7293
vn -0.0007 -0.6320 -0.7750
vn -0.0769 -0.7074 -0.7026
vn 0.5728 -0.3486 -0.7419
vn 0.2208 -0.1877 -0.9571
vn -0.7450 -0.4029 -0.5317
vn -0.9491 -0.3033 -0.0856
vn 0.3396 -0.3207 -0.8842
vn -0.1455 0.0952 -0.9848
vn -0.2057 0.1144 -0.9719
vn -0.4578 0.3691 -0.8088
vn -0.5232 -0.8490 -0.0736
vn -0.7902 -0.0343 -0.6119
vn -0.7647 0.0180 -0.6441
vn -0.7301 0.4407 -0.5222
vn -0.7106 0.4695 -0.5240
vn -0.6611 0.4774 -0.5789
vn -0.4600 0.4918 -0.7393
vn -0.3335 0.5811 -0.7423
vn -0.3114 0.7787 -0.5446
vn -0.9938 -0.1093 -0.0225
vn -0.9926 -0.1193 -0.0237
vn -0.5650 0.7053 -0.4282
vn -0.4779 0.8192 -0.3170
vn -0.5455 0.7202 -0.4288
vn -0.4496 0.8407 -0.3017
vn -0.6355 0.7695 -0.0631
vn -0.1929 0.9784 0.0742
vn -0.9059 -0.4172 0.0724
vn -0.8265 -0.5625 0.0218
vn -0.6780 -0.7214 0.1406
vn -0.7289 -0.6783 0.0923
vn -0.4536 -0.1868 0.8714
vn -0.9000 0.1851 0.3946
vn -0.0096 -0.0278 0.9996
vn 0.0973 0.9716 0.2158
vn 0.0734 0.9792 0.1893
vn 0.1084 0.9623 0.2496
vn 0.9769 0.0238 0.2125
vn 0.9874 -0.0751 0.1391
vn 0.8804 -0.2127 0.4238
vn -0.0305 0.9953 0.0919
vn -0.1322 0.9862 0.0999
vn -0.1267 0.9911 0.0397
vn -0.0795 0.9960 0.0409
vn -0.0563 0.9969 0.0553
vn -0.0039 0.9015 -0.4328
vn 0.0234 0.5456 0.8377
vn 0.0015 -0.4277 0.9039
vn -0.2088 -0.3359 0.9184
vn -0.2687 -0.4338 0.8600
vn -0.3689 -0.3844 0.8463
vn -0.4333 -0.4578 0.7763
vn -0.1492 0.9223 0.3564
vn 0.1469 0.9885 -0.0346
vn 0.0585 0.9759 0.2102
vn 0.0548 0.9766 0.2080
vn -0.8468 0.5238 0.0928
vn -0.8517 0.5157 0.0927
vn -0.8631 0.5022 0.0542
vn -0.8815 0.4655 0.0794
vn -0.8529 0.5207 0.0380
vn -0.7138 0.6428 0.2781
vn -0.7417 0.6707 0.0118
vn -0.8434 0.5041 0.1857
vn -0.6722 0.7169 0.1852
vn -0.8118 0.4958 0.3086
vn 0.2322 0.1076 0.9667
vn 0.1689 0.5299 0.8310
vn 0.2965 0.7396 0.6043
vn 0.8368 -0.5243 0.1574
vn 0.8365 -0.5149 0.1875
vn 0.8314 -0.4952 0.2521
vn 0.8272 -0.4835 0.2864
vn 0.8239 -0.4865 0.2908
vn 0.2021 0.6148 0.7623
vn 0.3743 0.6169 0.6923
vn 0.4104 0.4574 0.7889
vn 0.6364 0.5104 0.5783
vn 0.5955 0.3788 0.7085
vn 0.7463 0.3649 0.5566
vn 0.8444 0.0048 0.5358
vn 0.7691 0.0318 0.6383
vn 0.8119 -0.0033 0.5838
vn 0.4515 -0.2292 0.8623
vn 0.5104 -0.7517 0.4177
vn 0.6205 -0.7831 0.0416
vn 0.6103 0.2860 0.7387
vn 0.7185 0.3053 0.6249
vn 0.7249 0.3556 0.5900
vn 0.7979 0.3286 0.5054
vn 0.5697 -0.8212 -0.0326
vn 0.5702 -0.8167 -0.0887
vn 0.5906 0.5155 0.6208
vn 0.8974 0.4392 0.0429
vn 0.9121 0.4062 0.0558
vn 0.9449 0.3154 0.0876
vn 0.9124 0.2262 0.3412
vn 0.4793 0.8654 0.1463
vn 0.7405 0.6517 0.1643
vn 0.7775 0.6178 0.1176
vn 0.8074 0.5853 0.0739
vn 0.8359 0.5481 0.0290
vn 0.8629 -0.5046 0.0286
vn 0.7960 -0.6012 0.0696
vn 0.8471 -0.5301 0.0391
vn 0.7723 -0.6299 0.0821
vn 0.8244 0.5625 -0.0631
vn 0.8068 0.5834 0.0934
vn 0.7986 0.6006 0.0387
vn 0.8198 0.5609 0.1155
vn 0.9733 0.1648 0.1599
vn 0.9980 0.0260 0.0569
vn 0.9890 0.1118 0.0970
vn 0.9997 -0.0147 0.0183
vn 0.9945 -0.1042 0.0067
vn 0.8364 -0.1251 -0.5336
vn 0.8512 -0.2562 -0.4581
vn 0.8415 -0.1866 -0.5070
vn 0.8280 -0.3148 -0.4640
vn 0.4192 -0.5691 -0.7074
vn 0.1790 -0.4452 -0.8773
vn 0.1228 -0.4305 -0.8942
vn 0.2167 -0.3679 -0.9042
vn 0.3409 -0.3192 -0.8842
vn 0.1239 -0.3592 -0.9250
vn -0.0504 -0.3891 -0.9198
vn -0.4058 -0.4666 -0.7859
vn -0.3954 -0.4770 -0.7849
vn -0.3917 -0.4799 -0.7850
vn -0.3767 -0.4947 -0.7832
vn -0.8057 -0.3436 -0.4825
vn -0.8182 -0.2334 -0.5255
vn -0.7750 -0.4161 -0.4757
vn -0.8806 -0.3937 -0.2637
vn -0.9736 -0.2033 0.1039
vn -0.9621 -0.2265 0.1519
vn -0.8575 -0.0846 0.5075
vn -0.7285 0.1668 0.6644
vn -0.5635 -0.1943 0.8029
vn -0.5720 -0.0955 0.8147
vn -0.5671 -0.1604 0.8079
vn -0.5736 -0.0686 0.8162
vn -0.7514 0.2101 0.6255
vn -0.6768 0.2230 0.7016
vn -0.7587 0.2092 0.6169
vn -0.5171 0.6832 0.5156
vn -0.4406 -0.0159 0.8976
vn 0.2248 -0.7461 0.6267
vn -0.3513 -0.8049 0.4783
vn -0.3506 -0.8042 0.4800
vn -0.3498 -0.7980 0.4907
vn 0.1186 -0.7455 0.6559
vn -0.3330 -0.3901 0.8584
vn -0.4101 -0.4197 0.8097
vn 0.9294 -0.3433 0.1355
vn 0.9253 -0.3526 0.1399
vn 0.9232 -0.3201 0.2126
vn 0.9203 -0.3072 0.2420
vn 0.9095 -0.2553 0.3282
vn 0.9041 0.3960 0.1604
vn 0.8825 0.4381 0.1712
vn 0.8114 0.5500 0.1981
vn 0.7887 0.5795 0.2053
vn 0.8241 0.5599 -0.0854
vn 0.9323 0.0193 0.3611
vn 0.9171 -0.0243 0.3978
vn 0.8896 0.0646 0.4521
vn -0.1453 -0.8983 0.4146
vn -0.1484 -0.8977 0.4148
vn -0.1729 -0.8709 0.4601
vn -0.2074 -0.8465 0.4903
vn -0.2279 -0.8349 0.5010
vn 0.9985 0.0376 0.0385
vn 0.9644 0.1524 0.2162
vn 0.9438 0.0266 0.3294
vn 0.9019 0.1486 0.4055
vn 0.8765 0.0163 0.4811
vn 0.9783 0.0182 -0.2063
vn 0.9243 0.0745 0.3742
vn 0.9451 -0.2373 0.2247
vn 0.8339 0.5469 0.0746
vn 0.4500 0.7988 0.3993
vn 0.9516 -0.3018 -0.0582
vn 0.9117 -0.4068 -0.0578
vn 0.9464 -0.3181 -0.0568
vn 0.8915 -0.4496 -0.0553
vn 0.9593 0.2815 -0.0221
vn 0.9664 0.2044 -0.1557
vn 0.9745 0.0410 -0.2204
vn 0.8440 0.1858 -0.5032
vn 0.8059 0.2176 -0.5506
vn 0.6068 0.1419 -0.7821
vn 0.6136 0.0084 -0.7895
vn 0.5696 -0.2006 -0.7970
vn 0.2281 -0.4821 -0.8459
vn 0.1669 -0.3467 -0.9230
vn 0.1530 -0.2466 -0.9570
vn -0.1927 -0.2948 -0.9359
vn -0.2174 -0.3828 -0.8979
vn 0.1933 -0.3909 -0.8999
vn 0.1717 -0.4169 -0.8926
vn 0.1747 -0.2841 -0.9428
vn -0.2372 -0.1357 -0.9620
vn -0.1992 -0.4430 -0.8741
vn -0.3659 -0.2718 -0.8901
vn -0.1173 -0.4576 -0.8814
vn -0.0451 -0.3876 -0.9207
vn -0.5361 -0.2895 -0.7930
vn -0.5635 -0.2723 -0.7799
vn -0.5811 -0.1066 -0.8069
vn -0.5976 -0.2546 -0.7603
vn -0.8058 -0.0843 -0.5861
vn -0.7707 0.0912 -0.6306
vn -0.6988 -0.6125 -0.3695
vn -0.4313 -0.8900 -0.1478
vn -0.3898 -0.9059 -0.1656
vn -0.4132 -0.8968 -0.1584
vn -0.4353 0.8013 -0.4104
vn -0.8413 0.4089 -0.3534
vn -0.9078 -0.1089 -0.4051
vn -0.9100 -0.0523 -0.4112
vn -0.7755 -0.1552 -0.6119
vn -0.7755 -0.1553 -0.6119
vn -0.8206 -0.0300 -0.5708
vn -0.8655 0.1163 -0.4873
vn 0.3132 -0.8610 -0.4007
vn 0.2711 -0.8683 -0.4154
vn -0.9138 0.0205 -0.4057
vn -0.9268 0.0585 -0.3710
vn -0.5780 -0.4141 -0.7032
vn -0.5773 -0.3819 -0.7217
vn -0.5777 -0.4058 -0.7083
vn -0.9800 -0.1293 -0.1515
vn -0.9883 -0.0676 -0.1370
vn -0.9924 -0.0023 -0.1229
vn -0.9926 0.0478 -0.1120
vn -0.9924 0.0484 -0.1136
vn -0.1270 -0.7223 -0.6798
vn -0.1662 -0.6961 -0.6984
vn -0.2699 -0.3585 -0.8936
vn -0.6122 -0.2444 -0.7520
vn -0.6237 -0.2007 -0.7555
vn -0.6124 -0.1685 -0.7724
vn -0.6076 -0.1205 -0.7850
vn -0.2915 -0.2494 -0.9235
vn 0.3051 -0.8679 -0.3921
vn 0.2740 -0.9056 -0.3238
vn 0.2882 -0.8897 -0.3542
vn -0.3635 -0.6845 -0.6319
vn -0.5403 -0.0041 -0.8414
vn -0.4618 0.0668 -0.8845
vn -0.4155 0.0484 -0.9083
vn -0.3791 0.1014 -0.9198
vn -0.3162 0.0719 -0.9460
vn -0.3441 0.4987 -0.7956
vn -0.9749 0.1798 -0.1314
vn -0.9756 0.1725 -0.1361
vn -0.9755 0.1731 -0.1355
vn -0.9761 0.1661 -0.1404
vn -0.9924 -0.1180 -0.0342
vn -0.8217 0.2492 -0.5126
vn -0.8282 0.2979 -0.4747
vn -0.8184 0.2876 -0.4974
vn -0.5580 0.6547 -0.5100
vn -0.8333 -0.2595 0.4881
vn -0.9085 -0.3739 0.1866
vn -0.8879 -0.3566 0.2906
vn -0.9030 -0.4185 0.0972
vn -0.8980 0.4125 -0.1530
vn -0.9228 0.3649 -0.1240
vn -0.8669 0.4421 -0.2301
vn -0.9275 0.3274 -0.1802
vn 0.1105 0.9627 0.2468
vn 0.0835 0.9664 0.2431
vn 0.6980 -0.4010 0.5933
vn 0.6957 -0.4008 0.5961
vn 0.6218 -0.4422 0.6464
vn 0.5457 -0.4350 0.7162
vn 0.3404 -0.4519 0.8246
vn 0.2541 -0.4108 0.8756
vn 0.1073 -0.4359 0.8936
vn -0.0558 -0.8418 0.5370
vn -0.0780 0.9734 0.2155
vn -0.0500 0.9871 0.1521
vn -0.0784 0.9676 0.2401
vn -0.4193 -0.5699 0.7067
vn -0.4460 -0.4898 0.7491
vn -0.7351 -0.3517 0.5796
vn -0.7709 -0.3584 0.5266
vn -0.7975 -0.3617 0.4829
vn -0.8218 -0.3646 0.4379
vn -0.9891 0.0175 0.1464
vn -0.9917 -0.0034 0.1284
vn -0.9917 0.0855 0.0961
vn -0.9928 0.0772 0.0920
vn -0.9855 0.1579 0.0625
vn -0.9542 -0.2311 -0.1902
vn -0.2338 0.7164 0.6574
vn -0.4303 0.8648 0.2587
vn -0.1749 0.8658 0.4688
vn -0.0976 0.9871 0.1267
vn 0.2533 0.7772 0.5760
vn 0.3838 0.6652 0.6405
vn 0.3674 0.7076 0.6036
vn 0.7159 0.6868 0.1256
vn 0.6710 0.6941 0.2606
vn 0.6711 0.6941 0.2605
vn 0.6229 0.6894 0.3698
vn -0.1285 0.9916 0.0127
vn -0.0668 0.9407 -0.3326
vn 0.5863 0.5887 0.5566
vn 0.5010 0.6383 0.5844
vn 0.4238 0.6379 0.6430
vn 0.4406 0.5576 0.7035
vn 0.9734 -0.2115 0.0882
vn 0.9678 -0.2185 0.1249
vn 0.9761 -0.1844 0.1146
vn 0.8612 -0.4821 0.1609
vn 0.9331 -0.2293 0.2770
vn 0.2033 0.7237 0.6595
vn 0.3203 0.7667 0.5564
vn 0.4886 0.7149 0.5002
vn 0.7249 0.5354 0.4335
vn 0.7844 0.4161 0.4600
vn 0.8879 0.1082 0.4471
vn 0.8814 0.0536 0.4693
vn 0.6279 -0.7774 0.0369
vn 0.7037 -0.6860 0.1846
vn 0.6866 -0.7120 0.1474
vn 0.3891 -0.9211 -0.0136
vn 0.7053 0.4131 0.5762
vn 0.7588 0.6419 0.1106
vn 0.8191 0.5704 0.0604
vn 0.8539 0.5108 0.0995
vn 0.8603 0.4997 0.1013
vn 0.8442 0.5122 0.1583
vn 0.8929 0.3675 0.2602
vn 0.9250 -0.3307 -0.1873
vn 0.9205 -0.3358 -0.1999
vn 0.9144 -0.3424 -0.2158
vn 0.9105 -0.3463 -0.2260
vn 0.8422 0.5392 0.0033
vn 0.9130 0.2750 -0.3012
vn 0.9219 0.2656 -0.2822
vn 0.9349 0.2513 -0.2505
vn 0.9430 0.2417 -0.2286
vn 0.5456 0.7728 -0.3243
vn 0.5502 0.5558 -0.6232
vn 0.5777 0.5502 -0.6030
vn 0.5270 0.5600 -0.6393
vn 0.7971 -0.5537 -0.2411
vn 0.8399 0.5320 -0.1078
vn 0.9335 0.1083 -0.3419
vn 0.8129 -0.0654 -0.5787
vn 0.5610 -0.0991 -0.8218
vn 0.8208 -0.1446 -0.5525
vn 0.3782 -0.3796 -0.8443
vn 0.1652 -0.1994 -0.9659
vn 0.1125 -0.2625 -0.9583
vn -0.4765 -0.3502 -0.8064
vn -0.4206 -0.3146 -0.8510
vn -0.4618 -0.3264 -0.8248
vn -0.3309 -0.2203 -0.9176
vn -0.7347 -0.5124 -0.4447
vn -0.6751 -0.5716 -0.4663
vn -0.7271 -0.1479 -0.6704
vn -0.7192 -0.1343 -0.6817
vn -0.7254 -0.1454 -0.6728
vn -0.9293 -0.2866 -0.2331
vn -0.9145 -0.3486 -0.2052
vn -0.9009 -0.3937 -0.1829
vn -0.8744 -0.4645 0.1401
vn -0.8886 -0.4072 0.2112
vn -0.8846 -0.4271 0.1872
vn -0.8955 -0.3165 0.3129
vn -0.8292 0.1919 0.5249
vn -0.3521 -0.8109 0.4674
vn -0.8602 -0.5093 0.0278
vn -0.8388 -0.5248 0.1451
vn -0.8516 -0.5187 0.0762
vn -0.8428 -0.5258 0.1152
vn -0.6735 -0.4760 0.5655
vn -0.6823 -0.5013 0.5322
vn -0.6943 -0.5422 0.4733
vn -0.6980 -0.5574 0.4497
vn 0.2730 -0.6222 0.7337
vn 0.9396 0.1331 0.3153
vn 0.9666 0.1259 0.2233
vn 0.9632 0.0756 0.2579
vn 0.6025 0.7772 -0.1815
vn 0.1045 -0.8845 0.4546
vn 0.0203 -0.8655 0.5005
vn 0.0803 -0.8795 0.4691
vn -0.0015 -0.8590 0.5120
vn -0.0984 -0.9907 0.0938
vn -0.1184 -0.9868 0.1105
vn -0.0863 -0.9928 0.0829
vn 0.9809 -0.0140 -0.1941
vn 0.9996 -0.0276 -0.0046
vn 0.9809 -0.1038 0.1648
vn 0.8756 0.4280 0.2237
vn 0.9932 0.1128 0.0294
vn 0.9183 -0.3948 -0.0307
vn 0.9945 -0.0398 -0.0973
vn 0.2970 0.9475 0.1183
vn 0.7077 0.7011 -0.0872
vn 0.7074 0.7000 -0.0977
vn 0.7077 0.7004 -0.0932
vn 0.9514 -0.3034 -0.0531
vn 0.4693 -0.8568 -0.2136
vn 0.4438 -0.8577 -0.2594
vn 0.4611 -0.8573 -0.2291
vn 0.9201 0.3508 -0.1740
vn 0.8258 0.3560 -0.4374
vn 0.7854 0.3342 -0.5209
vn 0.7037 0.3711 -0.6059
vn 0.5646 0.2150 -0.7969
vn 0.5716 0.1811 -0.8003
vn 0.2938 -0.0011 -0.9559
vn 0.2634 -0.0870 -0.9607
vn 0.2471 -0.0945 -0.9644
vn 0.0249 0.1373 -0.9902
vn -0.0614 -0.0328 -0.9976
vn 0.0021 0.1186 -0.9929
vn -0.2064 -0.2647 -0.9420
vn 0.1940 -0.2396 -0.9513
vn 0.0598 0.0162 -0.9981
vn 0.0723 0.1532 -0.9855
vn -0.2205 0.1278 -0.9670
vn -0.4558 0.1150 -0.8826
vn -0.5810 0.2839 -0.7628
vn -0.6324 -0.5936 -0.4976
vn -0.6941 -0.4934 -0.5243
vn -0.6441 -0.5320 -0.5497
vn -0.6545 -0.5178 -0.5509
vn -0.6665 -0.5144 -0.5396
vn -0.6558 -0.5279 -0.5397
vn -0.0849 -0.9689 -0.2325
vn -0.5225 -0.6198 -0.5855
vn -0.5258 0.4504 -0.7216
vn -0.7071 0.1629 -0.6881
vn -0.6884 0.0097 -0.7252
vn -0.7010 0.0960 -0.7067
vn -0.6729 -0.0673 -0.7367
vn -0.6529 -0.5505 -0.5203
vn -0.5389 -0.2940 -0.7894
vn -0.5772 -0.1608 -0.8006
vn -0.6068 -0.2055 -0.7679
vn 0.4686 0.1310 -0.8736
vn -0.7233 -0.1487 -0.6744
vn -0.8023 0.0245 -0.5964
vn -0.4187 -0.7428 -0.5224
vn 0.3120 -0.8745 -0.3713
vn 0.0378 -0.7242 -0.6885
vn -0.9133 0.0605 -0.4028
vn -0.9078 0.0987 -0.4077
vn -0.7098 0.1704 -0.6835
vn -0.7543 0.1806 -0.6312
vn -0.7313 0.1752 -0.6592
vn -0.7405 -0.6590 0.1316
vn -0.1388 -0.5118 -0.8478
vn -0.5789 -0.4388 -0.6872
vn -0.7629 -0.2166 -0.6092
vn -0.2718 -0.0747 0.9595
vn -0.1526 -0.0344 0.9877
vn -0.0902 -0.0698 0.9935
vn -0.0593 -0.0358 0.9976
vn -0.9859 -0.0199 0.1660
vn -0.9709 -0.0290 0.2375
vn -0.9648 -0.0465 0.2590
vn -0.9865 0.0298 0.1613
vn -0.3367 -0.0971 0.9366
vn -0.3430 -0.1871 0.9205
vn -0.9977 0.0400 0.0544
vn -0.9969 0.0780 0.0038
vn -0.5855 -0.0905 -0.8056
vn 0.3183 -0.8487 -0.4223
vn -0.2327 0.0161 -0.9724
vn -0.9157 0.4013 0.0202
vn -0.6000 0.0590 -0.7979
vn -0.6952 -0.0093 -0.7188
vn -0.6339 0.0352 -0.7726
vn -0.7213 -0.0304 -0.6919
vn -0.8534 0.1678 -0.4935
vn -0.8375 0.1969 -0.5098
vn -0.7574 -0.1478 0.6360
vn -0.8005 -0.2477 0.5457
vn -0.6436 0.4814 -0.5950
vn -0.6665 0.5405 -0.5134
vn -0.5277 0.5775 -0.6229
vn -0.5966 0.5383 -0.5952
vn -0.7214 0.5957 -0.3532
vn -0.7895 0.3269 -0.5194
vn -0.8186 0.4822 -0.3121
vn -0.7426 0.5617 -0.3647
vn 0.0886 0.9698 0.2273
vn 0.0759 0.9710 0.2265
vn 0.0543 0.9771 0.2055
vn 0.0593 0.9801 0.1893
vn -0.0031 0.9424 -0.3345
vn -0.0231 0.9899 0.1397
vn 0.0335 0.9759 0.2158
vn -0.0776 0.9874 0.1381
vn 0.1875 -0.9185 -0.3481
vn -0.0851 0.9667 0.2412
vn -0.0890 0.9700 0.2262
vn -0.1174 0.9723 0.2019
vn -0.1038 0.9755 0.1940
vn -0.0828 0.9753 0.2047
vn 0.0159 0.0864 0.9961
vn -0.0297 0.0158 0.9994
vn -0.0058 0.0526 0.9986
vn -0.0585 -0.0295 0.9978
vn 0.0660 0.8934 0.4444
vn -0.0231 0.9281 0.3715
vn 0.0077 0.9176 0.3974
vn -0.0704 0.9412 0.3305
vn 0.2110 -0.0359 0.9768
vn 0.9982 0.0184 0.0573
vn 0.9998 -0.0093 0.0157
vn 0.9975 -0.0127 0.0696
vn 0.9983 -0.0468 0.0338
vn 0.9978 -0.0621 -0.0233
vn 0.9922 -0.1243 -0.0038
vn 0.1566 0.9746 0.1600
vn 0.2434 0.9656 0.0915
vn 0.2053 0.9724 0.1107
vn 0.1325 0.4415 -0.8874
vn 0.6898 0.6216 -0.3713
vn 0.9879 -0.1552 0.0034
vn 0.9688 -0.2444 0.0405
vn 0.9893 -0.0762 0.1243
vn 0.9857 0.0026 0.1684
vn 0.9977 0.0674 0.0094
vn 0.2192 0.9696 0.1083
vn 0.2595 0.9639 0.0597
vn 0.2715 0.9609 -0.0547
vn 0.2986 0.9506 -0.0853
vn 0.6815 0.7230 0.1135
vn 0.7558 0.6517 0.0631
vn 0.6899 0.7172 0.0986
vn 0.7367 0.6496 -0.1877
vn 0.8396 0.5352 -0.0924
vn 0.8137 0.4845 -0.3212
vn 0.9958 0.0293 -0.0870
vn 0.9932 -0.0227 -0.1139
vn 0.9903 -0.0521 -0.1285
vn 0.9832 -0.1000 -0.1526
vn 0.6145 -0.7888 0.0143
vn 0.8619 0.4903 0.1293
vn 0.6434 0.7351 0.2139
vn 0.6774 0.3670 0.6376
vn 0.7317 0.3484 0.5859
vn 0.6952 0.3615 0.6213
vn 0.7460 0.3429 0.5709
vn 0.8092 0.5241 0.2654
vn 0.9943 -0.0879 -0.0598
vn 0.4221 -0.8986 0.1197
vn 0.7279 -0.6587 0.1906
vn 0.7213 -0.6534 0.2296
vn 0.7323 -0.6617 0.1611
vn 0.7903 0.2750 -0.5476
vn 0.7787 0.2637 -0.5694
vn 0.7870 0.2718 -0.5539
vn 0.5407 0.2544 -0.8019
vn 0.5868 0.2743 -0.7618
vn 0.4737 0.1917 -0.8595
vn 0.7760 0.2605 -0.5745
vn 0.4991 0.5641 -0.6578
vn 0.6275 0.0061 -0.7786
vn 0.4294 -0.7643 -0.4811
vn 0.1976 -0.1035 -0.9748
vn 0.1669 -0.1606 -0.9728
vn -0.2409 -0.0449 -0.9695
vn -0.4829 -0.3148 -0.8171
vn -0.7295 -0.1528 -0.6667
vn -0.3593 -0.8026 -0.4761
vn -0.5113 -0.8015 -0.3100
vn -0.4265 -0.8317 -0.3555
vn -0.5589 -0.7682 -0.3124
vn -0.5651 -0.7590 -0.3235
vn -0.8665 -0.4963 -0.0539
vn -0.8657 -0.4979 -0.0518
vn 0.0845 -0.9883 -0.1272
vn -0.8500 -0.5163 0.1043
vn 0.9996 0.0272 0.0030
vn 0.9934 0.1010 0.0551
vn 0.9978 0.0606 -0.0252
vn 0.9945 0.1040 0.0103
vn 0.9890 0.0289 -0.1448
vn -0.0620 -0.9961 0.0627
vn -0.1073 -0.9479 -0.3000
vn -0.0278 -0.9117 -0.4098
vn -0.1963 -0.9227 -0.3318
vn 0.9310 -0.0058 -0.3649
vn 0.9446 -0.0456 -0.3251
vn 0.8719 0.4577 -0.1740
vn 0.9421 -0.0316 -0.3340
vn 0.8155 -0.1421 -0.5610
vn 0.7079 0.7016 -0.0818
vn 0.7425 0.2638 -0.6157
vn 0.7972 0.2778 -0.5360
vn 0.7417 0.2235 -0.6324
vn 0.4851 -0.8546 -0.1855
vn 0.2431 -0.9629 -0.1171
vn 0.2510 -0.9612 -0.1148
vn 0.2631 -0.9584 -0.1107
vn 0.2692 -0.9570 -0.1082
vn 0.4524 -0.7672 -0.4547
vn 0.8216 -0.0683 -0.5660
vn 0.1265 0.2769 -0.9525
vn 0.1576 0.2552 -0.9539
vn 0.0613 0.2016 -0.9776
vn 0.0510 0.2183 -0.9745
vn -0.2400 0.2479 -0.9386
vn -0.2584 0.2727 -0.9267
vn -0.3426 -0.4550 -0.8220
vn -0.2284 0.0190 -0.9734
vn -0.2283 0.0739 -0.9708
vn -0.4025 -0.0669 -0.9130
vn -0.2788 0.0153 -0.9602
vn -0.3742 -0.0988 -0.9221
vn -0.2727 -0.4593 -0.8454
vn -0.4644 -0.7004 0.5421
vn -0.2471 -0.4833 0.8398
vn -0.5186 -0.1442 0.8428
vn -0.4953 -0.1432 0.8568
vn -0.5160 -0.1442 0.8443
vn -0.4935 -0.1431 0.8579
vn -0.0282 -0.0594 0.9978
vn -0.0889 -0.0545 0.9946
vn -0.0593 -0.0521 0.9969
vn -0.1402 -0.0903 0.9860
vn -0.4193 -0.8909 -0.1748
vn -0.0327 -0.4895 -0.8714
vn -0.6790 0.1636 -0.7157
vn -0.9063 0.0864 -0.4136
vn -0.0778 -0.0639 0.9949
vn -0.0587 -0.0329 0.9977
vn -0.9610 -0.1271 0.2456
vn -0.9779 -0.1396 0.1554
vn -0.9511 -0.2722 0.1459
vn -0.9803 -0.1742 -0.0926
vn -0.7922 -0.6050 -0.0798
vn -0.8297 -0.5517 -0.0851
vn -0.7176 -0.6856 -0.1221
vn -0.8711 -0.3145 -0.3771
vn -0.9123 -0.1723 -0.3714
vn -0.9947 -0.0061 -0.1029
vn -0.9977 0.0245 0.0634
vn -0.9889 0.0961 -0.1136
vn -0.9790 0.1014 -0.1769
vn -0.9820 0.1000 -0.1602
vn -0.9824 0.0977 -0.1594
vn -0.8706 0.2052 0.4472
vn -0.8615 0.2146 0.4601
vn -0.8221 0.2490 0.5120
vn -0.8070 0.2607 0.5300
vn -0.7447 -0.1454 0.6514
vn -0.6130 0.2629 -0.7450
vn -0.6029 0.3031 -0.7380
vn -0.6476 0.2708 -0.7123
vn -0.5061 0.2944 -0.8107
vn -0.3857 0.4756 -0.7906
vn -0.3369 0.5786 -0.7428
vn -0.5092 0.4866 -0.7099
vn -0.5039 0.5089 -0.6979
vn -0.4617 0.5190 -0.7193
vn -0.2249 0.5258 -0.8203
vn -0.0567 0.5230 -0.8505
vn -0.0445 0.6172 -0.7856
vn 0.0955 0.5663 -0.8187
vn 0.0843 0.5820 -0.8088
vn 0.3251 0.5785 -0.7481
vn 0.4419 0.5595 -0.7012
vn 0.4387 0.5946 -0.6738
vn 0.4954 0.5192 -0.6964
vn 0.7579 0.5742 -0.3096
vn 0.9625 0.2138 -0.1670
vn 0.9610 0.2201 -0.1677
vn 0.9202 0.3646 -0.1424
vn 0.9333 0.3293 -0.1432
vn 0.4059 0.0250 0.9136
vn 0.4156 0.0531 0.9080
vn 0.4331 0.1065 0.8950
vn 0.4440 0.1391 0.8852
vn 0.9081 0.4061 -0.1023
vn 0.8789 0.4556 -0.1414
vn 0.7303 -0.6824 0.0319
vn 0.6786 -0.7340 -0.0267
vn 0.7160 -0.6981 -0.0006
vn 0.4083 -0.8862 0.2190
vn 0.9553 0.2100 0.2080
vn 0.8261 0.5285 -0.1954
vn 0.2245 0.9442 0.2410
vn 0.1986 0.9550 0.2202
vn 0.9996 0.0263 -0.0142
vn 0.9949 0.0291 -0.0969
vn 0.2734 0.9229 -0.2710
vn 0.3821 0.8494 -0.3641
vn 0.5724 0.7243 -0.3843
vn 0.4649 0.6928 -0.5513
vn 0.6800 0.5326 -0.5039
vn 0.7088 0.4360 -0.5545
vn 0.9038 -0.0858 -0.4192
vn 0.8924 -0.1316 -0.4316
vn 0.8838 -0.1971 -0.4243
vn 0.8925 -0.2145 -0.3967
vn 0.8686 -0.2371 -0.4351
vn 0.6604 0.5790 -0.4782
vn 0.7210 0.5430 -0.4304
vn 0.7513 0.4732 -0.4600
vn 0.7784 0.4952 -0.3858
vn 0.8030 0.4067 -0.4357
vn 0.7584 0.3201 -0.5677
vn 0.7227 0.2865 -0.6290
vn 0.7362 -0.6654 0.1237
vn 0.4946 -0.8614 0.1159
vn -0.4746 -0.3984 -0.7849
vn -0.3866 -0.3772 -0.8416
vn -0.4019 -0.3821 -0.8322
vn 0.3007 -0.9040 -0.3039
vn 0.3016 -0.8996 -0.3157
vn 0.3012 -0.9021 -0.3089
vn 0.3023 -0.8982 -0.3193
vn 0.4790 0.2134 -0.8515
vn 0.4219 0.1433 -0.8952
vn -0.0374 -0.1078 -0.9935
vn 0.0176 -0.1136 -0.9934
vn -0.0049 -0.1098 -0.9939
vn -0.0339 -0.4448 -0.8950
vn -0.2751 -0.8135 -0.5124
vn -0.3442 -0.7955 -0.4987
vn -0.5927 -0.4073 -0.6948
vn -0.5917 -0.4055 -0.6968
vn -0.5785 -0.4168 -0.7011
vn -0.8265 -0.4775 -0.2982
vn -0.8169 -0.4850 -0.3122
vn -0.7494 -0.5743 -0.3295
vn -0.7686 -0.5445 -0.3359
vn -0.6794 -0.6530 -0.3347
vn -0.1496 -0.7768 -0.6117
vn 0.9718 0.0125 -0.2353
vn 0.9653 -0.0020 -0.2611
vn 0.9636 -0.0213 -0.2665
vn -0.2539 -0.9090 -0.3305
vn -0.3053 -0.8598 -0.4092
vn 0.8925 0.0433 -0.4490
vn 0.8408 -0.0282 -0.5406
vn 0.7504 -0.0617 -0.6581
vn 0.7809 -0.1254 -0.6119
vn 0.7781 -0.4331 -0.4550
vn 0.7355 -0.4708 -0.4872
vn 0.6832 -0.5113 -0.5214
vn 0.6362 -0.5436 -0.5475
vn 0.6670 0.1589 -0.7279
vn 0.6205 0.0757 -0.7805
vn 0.9236 -0.3300 -0.1950
vn 0.4105 -0.1275 -0.9029
vn 0.3305 -0.0026 -0.9438
vn 0.3052 -0.0706 -0.9497
vn 0.2757 0.0431 -0.9603
vn 0.2670 -0.1158 -0.9567
vn -0.0126 -0.1618 -0.9867
vn -0.0047 -0.2239 -0.9746
vn -0.0119 -0.1667 -0.9859
vn -0.0030 -0.2388 -0.9711
vn -0.0013 -0.9258 -0.3780
vn -0.5558 -0.1541 -0.8169
vn -0.8904 -0.4510 0.0617
vn -0.1541 -0.0939 0.9836
vn -0.0400 -0.0944 0.9947
vn -0.0646 -0.0907 0.9938
vn -0.0359 -0.0500 0.9981
vn -0.2844 -0.5751 0.7671
vn -0.3741 -0.5087 0.7754
vn -0.2760 -0.6297 0.7262
vn -0.7355 -0.5886 0.3356
vn -0.6980 -0.6502 0.3000
vn -0.6400 -0.7022 0.3118
vn -0.4993 -0.8405 0.2105
vn -0.6836 -0.7224 -0.1041
vn -0.6010 -0.7868 -0.1404
vn -0.4238 -0.7058 -0.5677
vn -0.5983 -0.6521 -0.4656
vn -0.4804 -0.6844 -0.5484
vn -0.6675 -0.6051 -0.4338
vn -0.7914 -0.2582 -0.5541
vn -0.7650 -0.1905 -0.6152
vn -0.7727 -0.1959 -0.6037
vn -0.5512 0.1618 -0.8186
vn -0.6979 0.1671 -0.6964
vn -0.6099 0.2219 -0.7608
vn -0.6334 0.2546 -0.7307
vn -0.8100 0.1200 -0.5740
vn -0.9761 0.0773 -0.2032
vn -0.3398 0.2770 -0.8988
vn -0.3458 0.2777 -0.8963
vn -0.4061 0.3104 -0.8595
vn -0.4017 0.3274 -0.8552
vn -0.3924 0.3502 -0.8505
vn -0.7050 0.2135 -0.6763
vn -0.6668 0.2033 -0.7170
vn -0.3301 0.2979 -0.8957
vn -0.1522 0.3655 -0.9183
vn -0.0917 0.5645 -0.8203
vn 0.0007 0.4216 -0.9068
vn 0.3343 0.5478 -0.7669
vn 0.5201 0.4693 -0.7137
vn 0.5977 0.4553 -0.6599
vn 0.8962 0.4222 -0.1363
vn 0.9834 -0.1586 -0.0884
vn 0.8347 -0.5483 0.0519
vn 0.8706 -0.4894 0.0511
vn 0.9516 -0.2413 0.1905
vn 0.9540 -0.2351 0.1860
vn 0.9617 -0.2139 0.1713
vn 0.9806 -0.1498 0.1265
vn 0.1879 0.7586 -0.6239
vn 0.5800 0.8021 -0.1421
vn 0.9827 -0.1833 0.0250
vn 0.9859 -0.1660 0.0211
vn 0.2705 0.8304 -0.4871
vn 0.2497 0.7712 -0.5856
vn 0.4537 0.5604 -0.6929
vn 0.5502 0.5141 -0.6580
vn 0.4545 0.0791 -0.8872
vn 0.4528 0.0849 -0.8876
vn 0.4950 0.0840 -0.8648
vn 0.5082 0.0857 -0.8569
vn 0.4848 0.1062 -0.8682
vn 0.6776 -0.6815 -0.2764
vn 0.6984 -0.6716 -0.2473
vn 0.6964 -0.6725 -0.2506
vn 0.7148 -0.6625 -0.2241
vn 0.5158 0.3438 -0.7847
vn 0.5134 0.2901 -0.8076
vn 0.4113 0.1936 -0.8907
vn 0.4050 0.1785 -0.8967
vn 0.3244 0.1247 -0.9377
vn 0.2420 0.0962 -0.9655
vn 0.3345 0.0941 -0.9377
vn -0.3742 -0.3856 -0.8434
vn -0.4448 -0.3724 -0.8146
vn 0.0184 -0.2128 -0.9769
vn 0.0024 -0.1940 -0.9810
vn -0.4812 -0.4919 -0.7256
vn -0.4990 -0.4835 -0.7192
vn -0.4028 -0.5577 -0.7257
vn 0.9679 0.0163 -0.2507
vn 0.9715 0.0156 -0.2367
vn 0.7320 -0.3370 -0.5921
vn 0.6960 -0.3353 -0.6350
vn 0.7331 -0.3678 -0.5721
vn 0.7963 -0.0808 -0.5994
vn 0.8458 -0.0300 -0.5327
vn 0.8205 -0.0397 -0.5702
vn 0.8634 0.0046 -0.5045
vn -0.3019 -0.8566 -0.4184
vn -0.2561 -0.8790 -0.4023
vn 0.8083 0.0027 -0.5888
vn 0.5168 -0.6787 -0.5218
vn 0.3939 -0.0829 0.9154
vn 0.6998 -0.1167 -0.7047
vn 0.6693 -0.1860 -0.7194
vn 0.6437 -0.2886 -0.7088
vn 0.3559 -0.5557 -0.7514
vn 0.3260 -0.4265 0.8437
vn -0.7228 0.6420 0.2557
vn 0.4085 -0.3364 -0.8485
vn -0.0262 -0.9984 0.0492
vn 0.0038 -0.3362 0.9418
vn -0.0149 -0.3843 0.9231
vn 0.0012 -0.2754 0.9613
vn 0.0037 -0.3432 0.9392
vn -0.0211 -0.3957 0.9182
vn -0.0215 -0.3949 0.9185
vn -0.1109 -0.8648 0.4897
vn -0.1805 -0.8388 0.5137
vn -0.2701 -0.9523 0.1418
vn -0.2000 -0.9791 -0.0368
vn -0.4983 -0.8584 -0.1215
vn -0.2299 -0.9382 -0.2588
vn -0.1109 -0.9603 -0.2561
vn -0.1449 -0.8968 -0.4180
vn -0.0282 -0.8659 -0.4995
vn -0.0530 -0.8083 -0.5863
vn -0.3728 -0.6844 -0.6265
vn -0.4854 -0.3104 -0.8173
vn -0.4596 -0.2580 -0.8498
vn -0.3279 -0.1985 -0.9236
vn -0.3457 -0.1631 -0.9240
vn -0.4836 0.1466 -0.8629
vn -0.1469 0.1823 -0.9722
vn -0.2159 0.2342 -0.9479
vn -0.0938 0.2252 -0.9698
vn -0.0715 0.2810 -0.9570
vn -0.6096 0.2762 -0.7431
vn -0.5327 0.3019 -0.7906
vn -0.0356 0.2855 -0.9577
vn 0.0102 0.3322 -0.9432
vn 0.4303 0.3397 -0.8363
vn 0.5609 0.3053 -0.7695
vn 0.6165 0.3489 -0.7058
vn 0.5363 0.4272 -0.7279
vn 0.9882 0.1531 -0.0080
vn 0.5791 -0.4892 0.6522
vn 0.8029 -0.0444 0.5944
vn 0.8101 -0.0487 0.5843
vn 0.7864 -0.0352 0.6167
vn 0.9872 0.1584 -0.0168
vn 0.4684 0.5007 -0.7279
vn 0.9819 -0.1883 0.0224
vn 0.9089 0.3446 -0.2349
vn 0.9621 0.0715 -0.2631
vn 0.3141 0.3613 -0.8780
vn 0.3993 0.0905 -0.9123
vn 0.1006 -0.1845 -0.9777
vn 0.0154 -0.4896 -0.8718
vn -0.0126 -0.4902 -0.8715
vn -0.0518 -0.4897 -0.8703
vn -0.0839 -0.4888 -0.8683
vn 0.2842 -0.9584 -0.0278
vn 0.3409 0.0887 -0.9359
vn -0.3484 -0.3928 -0.8511
vn 0.0817 -0.2712 -0.9590
vn 0.0803 -0.2783 -0.9571
vn -0.4185 -0.5207 -0.7441
vn 0.7330 -0.6121 -0.2967
vn 0.7293 -0.5887 -0.3487
vn 0.7503 -0.5330 -0.3911
vn 0.8152 -0.4159 -0.4032
vn 0.5360 -0.5141 -0.6696
vn 0.0890 -0.1311 0.9874
vn -0.0200 -0.0545 0.9983
vn 0.0697 -0.0468 0.9965
vn 0.7455 -0.3192 -0.5851
vn 0.7625 -0.3784 -0.5249
vn 0.0615 -0.0337 0.9975
vn 0.0470 -0.0194 0.9987
vn 0.9308 -0.0978 -0.3521
vn 0.8073 -0.0177 -0.5899
vn -0.2231 -0.8931 -0.3907
vn -0.1453 -0.9240 -0.3538
vn -0.0096 0.0280 0.9996
vn 0.0761 -0.0241 0.9968
vn 0.0688 -0.2561 0.9642
vn 0.0934 -0.0473 0.9945
vn 0.1125 -0.3732 0.9209
vn 0.0381 -0.4812 0.8758
vn 0.0194 -0.9490 0.3147
vn -0.0166 -0.8581 0.5132
vn -0.0201 -0.9596 0.2807
vn -0.0289 -0.9957 -0.0885
vn 0.0390 -0.9104 -0.4120
vn 0.0371 -0.8068 -0.5897
vn -0.0080 -0.5886 -0.8083
vn 0.0322 -0.3012 -0.9530
vn -0.0881 -0.2287 -0.9695
vn -0.0966 -0.2077 -0.9734
vn -0.0436 0.1578 -0.9865
vn 0.0564 0.2442 -0.9681
vn 0.0468 0.2988 -0.9532
vn 0.3280 0.2932 -0.8980
vn 0.4465 0.2880 -0.8472
vn 0.6711 0.2632 -0.6931
vn 0.7922 0.2015 -0.5761
vn 0.3941 0.2972 -0.8697
vn 0.3989 0.2936 -0.8687
vn 0.9704 0.1365 -0.1991
vn 0.9855 0.0937 -0.1416
vn 0.9887 0.0992 -0.1121
vn 0.7798 -0.0316 0.6253
vn 0.9393 0.1829 0.2904
vn 0.9153 0.2563 0.3106
vn 0.9284 0.2184 0.3006
vn 0.9002 0.2940 0.3213
vn 0.9947 0.0955 0.0391
vn 0.9915 0.1011 0.0825
vn 0.5431 -0.0715 -0.8366
vn 0.4237 -0.5285 -0.7356
vn 0.8537 -0.3587 -0.3775
vn 0.3916 -0.0457 0.9190
vn 0.0931 -0.0832 0.9922
vn 0.8043 -0.0124 -0.5941
vn 0.0674 -0.0410 0.9969
vn 0.0599 -0.0354 0.9976
vn 0.1931 -0.3070 0.9319
vn 0.4625 -0.5572 0.6897
vn 0.3201 -0.8922 0.3186
vn 0.2463 -0.8633 0.4406
vn 0.1699 -0.9569 0.2353
vn 0.1845 -0.8569 0.4813
vn 0.1737 -0.9705 -0.1673
vn 0.1503 -0.8639 -0.4808
vn 0.1077 -0.7640 -0.6362
vn 0.1312 -0.4390 -0.8888
vn 0.0990 -0.3962 -0.9128
vn 0.0438 0.1665 -0.9851
vn 0.1292 0.2348 -0.9634
vn 0.5079 0.1985 -0.8383
vn 0.5697 0.2557 -0.7811
vn 0.6424 0.2451 -0.7261
vn 0.6045 0.2293 -0.7629
vn 0.4612 0.3098 -0.8314
vn 0.9872 0.0951 -0.1279
vn 0.9944 0.0364 0.0997
vn 0.9634 0.0178 0.2676
vn 0.9585 -0.0369 0.2828
vn 0.9845 -0.1233 0.1249
vn 0.9706 -0.0909 0.2230
vn 0.9587 -0.2699 0.0894
vn 0.7471 -0.5354 0.3940
vn 0.7079 -0.7013 0.0846
vn 0.6695 -0.7289 0.1431
vn 0.7122 -0.7019 -0.0135
vn 0.2809 -0.9527 0.1161
vn 0.3689 -0.9030 -0.2201
vn 0.3147 -0.9037 -0.2904
vn 0.3943 -0.7327 -0.5547
vn 0.7115 -0.4890 -0.5046
vn 0.5905 -0.5322 -0.6066
vn 0.7294 -0.4488 -0.5164
vn 0.7110 -0.1730 -0.6816
vn 0.5458 -0.1300 -0.8278
vn 0.6464 -0.0013 -0.7630
vn 0.4843 0.0219 -0.8746
vn 0.7013 0.1795 -0.6899
vn 0.9730 0.0324 -0.2286
vn 0.9736 0.0751 -0.2155
vn 0.9981 0.0114 -0.0606
vn 0.9737 -0.1921 -0.1227
vn 0.9207 -0.3885 -0.0384
vn 0.6692 -0.7320 -0.1277
vn 0.6145 -0.7662 -0.1879
vn 0.8704 -0.3196 -0.3745
vn 0.9415 -0.1458 -0.3037
vn 0.7885 0.0138 -0.6149
f 1/1/1 2/2/2 3/3/3
f 3/3/3 2/2/2 4/4/4
f 4/4/5 2/2/6 5/5/7
f 6/6/8 7/7/9 8/8/10
f 8/8/11 7/7/12 9/9/13
f 9/9/14 10/10/15 11/11/16
f 11/11/17 10/10/18 12/12/19
f 13/13/20 14/14/21 15/15/22
f 16/16/23 17/17/23 18/18/23
f 19/19/24 20/20/25 21/21/26
f 21/22/26 20/23/25 22/24/27
f 22/24/27 20/23/25 23/25/28
f 24/26/29 25/27/29 26/28/29
f 25/27/30 23/29/30 26/28/30
f 23/29/31 20/20/31 26/28/31
f 20/20/32 19/19/32 26/28/32
f 26/28/33 19/19/34 27/30/35
f 19/19/36 21/21/37 27/30/38
f 27/30/38 21/21/37 28/31/39
f 28/32/40 21/22/41 29/33/42
f 21/22/43 22/24/44 29/33/45
f 22/24/44 30/34/46 29/33/45
f 29/33/47 30/34/47 31/35/47
f 32/36/48 31/35/48 33/37/48
f 31/35/49 30/34/49 33/37/49
f 33/37/50 30/34/50 34/38/50
f 30/34/51 22/24/51 34/38/51
f 34/38/52 22/24/52 35/39/52
f 22/24/53 23/25/53 35/39/53
f 23/25/54 25/40/54 35/39/54
f 35/39/55 25/40/55 36/41/55
f 25/27/56 24/26/56 36/42/56
f 36/42/57 24/26/58 37/43/59
f 37/43/59 24/26/58 38/44/60
f 24/26/61 26/28/61 38/44/61
f 38/44/62 26/28/62 39/45/62
f 26/28/33 27/30/35 39/45/63
f 39/45/64 27/30/65 40/46/66
f 40/46/67 27/30/67 41/47/67
f 27/30/68 28/31/69 41/47/70
f 41/48/70 28/32/69 42/49/71
f 28/32/40 29/33/42 42/49/72
f 29/33/73 31/35/73 42/49/73
f 31/35/74 32/36/74 42/49/74
f 42/49/75 32/36/75 43/50/75
f 43/50/76 32/36/77 44/51/78
f 45/52/79 44/51/80 46/53/81
f 44/51/78 32/36/77 46/53/82
f 32/36/83 33/37/84 46/53/85
f 33/37/84 34/38/86 46/53/85
f 46/53/87 34/38/87 47/54/87
f 34/38/88 35/39/88 47/54/88
f 35/39/89 36/41/89 47/54/89
f 36/42/90 37/43/90 47/55/90
f 47/55/91 37/43/91 48/56/91
f 37/43/59 38/44/60 48/56/92
f 38/44/60 39/45/93 48/56/92
f 39/45/94 49/57/94 48/56/94
f 48/56/95 49/57/95 50/58/95
f 51/59/96 50/58/97 52/60/98
f 50/58/97 49/57/99 52/60/98
f 52/60/100 49/57/101 53/61/102
f 49/57/101 39/45/103 53/61/102
f 53/61/104 39/45/64 54/62/105
f 39/45/64 40/46/66 54/62/105
f 54/62/106 40/46/107 55/63/108
f 40/46/107 41/47/109 55/63/108
f 56/64/110 55/63/111 57/65/112
f 55/63/108 41/47/109 57/65/113
f 57/66/114 41/48/115 58/67/116
f 41/48/115 42/49/117 58/67/116
f 58/67/118 42/49/118 59/68/118
f 42/49/119 43/50/120 59/68/120
f 59/68/121 43/50/121 60/69/121
f 43/50/122 44/51/122 60/69/122
f 44/51/123 18/18/123 60/69/123
f 18/18/124 17/17/124 60/69/124
f 60/69/125 17/17/125 61/70/125
f 17/17/126 16/16/126 61/70/126
f 61/70/127 16/16/127 62/71/127
f 62/71/128 16/16/129 63/72/130
f 16/16/131 18/18/131 63/72/131
f 18/18/132 44/51/132 63/72/132
f 44/51/133 45/52/133 63/72/133
f 63/72/134 45/52/79 64/73/135
f 64/73/135 45/52/79 65/74/136
f 45/52/79 46/53/81 65/74/136
f 46/53/137 47/54/138 65/74/139
f 47/55/138 48/56/140 65/75/139
f 65/75/141 48/56/142 66/76/143
f 48/56/144 50/58/144 66/76/144
f 50/58/145 51/59/145 66/76/145
f 51/59/146 52/60/146 66/76/146
f 66/76/147 52/60/147 67/77/147
f 52/60/148 53/61/148 67/77/148
f 53/61/149 54/62/149 67/77/149
f 67/77/150 54/62/151 68/78/152
f 54/62/106 55/63/108 68/78/153
f 55/63/111 56/64/110 68/78/154
f 68/78/155 56/64/155 69/79/155
f 56/64/156 15/15/156 69/79/156
f 69/79/157 15/15/158 70/80/159
f 70/80/160 15/15/22 71/81/161
f 15/15/22 14/14/21 71/81/161
f 71/81/162 14/14/163 72/82/164
f 72/82/164 14/14/163 73/83/165
f 14/14/163 13/13/166 73/83/165
f 73/83/167 13/13/168 74/84/169
f 74/84/170 13/13/171 75/85/172
f 75/85/173 13/13/173 76/86/173
f 13/13/20 15/15/22 76/86/174
f 15/15/175 56/64/175 76/86/175
f 76/86/176 56/64/176 77/87/176
f 56/64/110 57/65/112 77/87/177
f 57/66/112 58/67/178 77/88/177
f 77/88/179 58/67/179 78/89/179
f 78/89/180 58/67/180 79/90/180
f 58/67/181 59/68/181 79/90/181
f 79/90/182 59/68/183 80/91/184
f 59/68/183 60/69/185 80/91/184
f 60/69/185 61/70/186 80/91/184
f 61/70/187 62/71/187 80/91/187
f 80/91/188 62/71/189 81/92/190
f 62/71/128 63/72/130 81/92/191
f 63/72/192 64/73/192 81/92/192
f 81/92/193 64/73/193 82/93/193
f 82/93/194 64/73/135 83/94/195
f 64/73/135 65/74/136 83/94/195
f 83/95/196 65/75/196 84/96/196
f 65/75/141 66/76/143 84/96/197
f 66/76/198 67/77/198 84/96/198
f 84/96/199 67/77/199 85/97/199
f 67/77/150 68/78/152 85/97/200
f 68/78/201 69/79/201 85/97/201
f 85/97/202 69/79/202 86/98/202
f 69/79/157 70/80/159 86/98/203
f 70/80/160 71/81/161 86/98/204
f 87/99/205 86/98/206 88/100/207
f 86/98/208 71/81/209 88/100/210
f 88/100/210 71/81/209 89/101/211
f 71/81/209 72/82/212 89/101/211
f 89/101/213 72/82/213 90/102/213
f 72/82/164 73/83/165 90/102/214
f 90/102/215 73/83/216 91/103/217
f 91/103/217 73/83/216 92/104/218
f 93/105/219 94/106/220 95/107/221
f 95/107/222 94/106/223 96/108/224
f 94/109/223 92/104/225 96/110/224
f 96/110/226 92/104/227 97/111/228
f 92/104/227 73/83/229 97/111/228
f 73/83/167 74/84/169 97/111/230
f 97/112/231 74/113/170 98/114/232
f 74/113/170 75/115/172 98/114/232
f 98/114/233 75/115/233 99/116/233
f 75/115/234 76/117/235 99/116/236
f 99/116/236 76/117/235 100/118/237
f 76/117/238 77/88/238 100/118/238
f 77/88/239 78/89/239 100/118/239
f 100/118/240 78/89/240 101/119/240
f 78/89/241 79/90/241 101/119/241
f 101/119/242 79/90/242 102/120/242
f 103/121/243 102/120/244 104/122/245
f 102/120/246 79/90/246 104/122/246
f 79/90/247 80/91/247 104/122/247
f 80/91/188 81/92/190 104/122/248
f 81/92/249 82/93/250 104/122/251
f 104/122/251 82/93/250 105/123/252
f 82/93/250 83/94/253 105/123/252
f 83/95/254 84/96/255 105/124/256
f 84/96/255 85/97/257 105/124/256
f 85/97/258 86/98/258 105/124/258
f 86/98/259 87/99/260 105/124/261
f 106/125/262 105/124/263 107/126/264
f 105/124/261 87/99/260 107/126/265
f 107/126/266 87/99/266 108/127/266
f 87/99/205 88/100/207 108/127/267
f 109/128/268 108/127/268 110/129/268
f 108/127/267 88/100/207 110/129/269
f 88/100/210 89/101/211 110/129/270
f 110/129/271 89/101/272 111/130/273
f 89/101/274 90/102/275 111/130/276
f 90/102/275 91/103/277 111/130/276
f 112/131/278 111/130/279 113/132/280
f 111/130/281 91/103/282 113/132/283
f 113/132/283 91/103/282 114/133/284
f 91/103/285 92/104/286 114/133/287
f 92/104/286 94/109/288 114/133/287
f 114/133/289 94/109/289 115/134/289
f 94/109/220 93/135/219 115/134/290
f 115/134/291 93/135/292 116/136/293
f 116/137/294 93/105/294 117/138/294
f 93/105/295 95/107/295 117/138/295
f 117/138/296 95/107/296 118/139/296
f 95/107/297 96/108/297 118/139/297
f 96/108/298 97/112/298 118/139/298
f 97/112/299 98/114/300 118/139/301
f 98/114/300 99/116/302 118/139/301
f 118/139/301 99/116/302 119/140/303
f 119/140/304 99/116/304 120/141/304
f 99/116/305 100/118/305 120/141/305
f 100/118/306 101/119/306 120/141/306
f 120/141/307 101/119/307 121/142/307
f 101/119/308 102/120/308 121/142/308
f 102/120/244 103/121/243 121/142/309
f 121/142/310 103/121/310 122/143/310
f 103/121/311 104/122/312 122/143/313
f 104/122/312 105/123/263 122/143/313
f 105/123/263 106/144/262 122/143/313
f 122/143/314 106/144/315 123/145/316
f 106/125/317 107/126/318 123/146/319
f 107/126/318 108/127/320 123/146/319
f 108/127/321 124/147/321 123/146/321
f 123/146/322 124/147/323 125/148/324
f 125/148/325 124/147/326 126/149/327
f 124/147/326 108/127/328 126/149/327
f 126/149/329 108/127/330 127/150/331
f 108/127/330 109/128/332 127/150/331
f 109/128/333 110/129/271 127/150/334
f 110/129/271 111/130/273 127/150/334
f 111/130/335 112/131/336 127/150/337
f 127/150/337 112/131/336 128/151/338
f 128/151/339 112/131/340 129/152/341
f 129/152/341 112/131/340 130/153/342
f 130/153/343 112/131/278 131/154/344
f 112/131/278 113/132/280 131/154/344
f 113/132/283 114/133/284 131/154/345
f 131/154/346 114/133/347 132/155/348
f 114/133/347 115/134/349 132/155/348
f 132/155/350 115/134/351 133/156/352
f 133/156/352 115/134/351 134/157/353
f 115/134/291 116/136/293 134/157/354
f 134/157/355 116/136/356 135/158/357
f 135/159/358 136/160/359 137/161/360
f 138/162/361 137/163/361 139/164/361
f 137/161/362 140/165/362 139/166/362
f 139/166/363 140/165/364 141/167/365
f 140/165/364 142/168/366 141/167/365
f 141/167/367 142/168/368 143/169/369
f 144/170/370 145/171/371 146/172/372
f 147/173/373 148/174/374 149/175/375
f 149/176/376 148/177/377 146/172/378
f 146/172/378 148/177/377 150/178/379
f 150/179/380 148/174/381 151/180/382
f 148/174/381 147/173/383 151/180/382
f 152/181/384 153/182/385 154/183/386
f 154/183/386 153/182/385 155/184/387
f 153/182/388 156/185/389 155/184/390
f 155/184/390 156/185/389 157/186/391
f 156/185/392 158/187/393 157/186/394
f 157/186/394 158/187/393 159/188/395
f 159/188/395 158/187/393 160/189/396
f 161/190/397 162/191/398 163/192/399
f 160/189/396 164/193/400 165/194/401
f 164/193/402 166/195/403 165/194/404
f 165/194/405 166/195/405 167/196/405
f 166/195/406 163/192/406 167/196/406
f 163/192/407 162/191/408 167/196/409
f 162/191/408 168/197/410 167/196/409
f 167/196/409 168/197/410 169/198/411
f 168/197/412 170/199/412 169/198/412
f 169/198/413 170/199/413 171/200/413
f 171/200/414 172/201/414 173/202/414
f 173/202/415 172/201/416 174/203/417
f 174/203/418 172/201/418 175/204/418
f 175/204/419 172/201/420 176/205/421
f 172/201/420 171/200/422 176/205/421
f 151/180/423 176/205/424 177/206/425
f 176/205/424 171/200/426 177/206/425
f 177/206/425 171/200/426 178/207/427
f 171/200/428 170/199/428 178/207/428
f 178/207/429 170/199/429 179/208/429
f 170/199/430 168/197/430 179/208/430
f 168/197/431 162/191/398 179/208/432
f 162/191/398 161/190/397 179/208/432
f 179/208/433 161/190/434 180/209/435
f 161/190/434 181/210/436 180/209/435
f 180/209/437 181/210/438 182/211/439
f 181/210/440 161/190/441 182/211/442
f 182/211/442 161/190/441 183/212/443
f 184/213/444 183/212/444 185/214/444
f 183/212/445 161/190/445 185/214/445
f 161/190/397 163/192/399 185/214/446
f 163/192/447 166/195/403 185/214/448
f 166/195/403 164/193/402 185/214/448
f 185/214/449 164/193/449 186/215/449
f 186/215/450 164/193/450 187/216/450
f 187/216/451 164/193/451 188/217/451
f 164/193/400 160/189/396 188/217/452
f 160/189/396 158/187/393 188/217/452
f 188/217/453 158/187/454 189/218/455
f 190/219/456 191/220/457 192/221/458
f 192/221/459 191/220/459 193/222/459
f 194/223/460 195/224/461 196/225/462
f 196/225/462 195/224/461 197/226/463
f 198/227/464 199/228/465 200/229/466
f 201/230/467 202/231/468 203/232/469
f 202/231/468 204/233/470 203/232/469
f 204/233/470 200/229/466 203/232/469
f 200/229/466 199/228/465 203/232/469
f 199/228/471 205/234/472 203/232/473
f 203/232/473 205/234/472 197/226/474
f 197/226/475 205/234/476 206/235/477
f 206/235/477 205/234/476 207/236/478
f 205/234/472 199/228/471 207/236/479
f 207/236/479 199/228/471 208/237/480
f 199/228/465 198/227/464 208/237/481
f 209/238/482 210/239/483 211/240/484
f 212/241/485 213/242/486 214/243/487
f 211/240/488 214/243/489 215/244/490
f 214/243/489 216/245/491 215/244/490
f 217/246/492 215/244/492 218/247/492
f 215/244/493 216/245/493 218/247/493
f 218/247/494 216/245/494 219/248/494
f 216/245/495 214/243/496 219/248/497
f 214/243/496 213/242/498 219/248/497
f 219/248/499 213/242/499 220/249/499
f 220/249/500 213/242/501 221/250/502
f 213/242/501 212/241/503 221/250/502
f 221/250/504 212/241/505 222/251/506
f 212/241/485 214/243/487 222/251/507
f 214/243/487 211/240/484 222/251/507
f 222/251/507 211/240/484 223/252/508
f 211/240/484 210/239/483 223/252/508
f 223/252/509 210/239/510 224/253/511
f 210/239/510 209/238/512 224/253/511
f 224/253/513 209/238/513 225/254/513
f 209/238/514 211/240/488 225/254/515
f 211/240/488 215/244/490 225/254/515
f 226/255/516 227/256/517 228/257/518
f 228/257/519 227/256/520 229/258/521
f 227/259/520 230/260/522 229/261/521
f 229/261/523 230/260/524 231/262/525
f 232/263/526 231/262/527 233/264/528
f 231/262/527 230/260/529 233/264/528
f 233/264/528 230/260/529 234/265/530
f 235/266/531 234/265/531 236/267/531
f 234/265/530 230/260/529 236/267/532
f 230/260/529 227/259/533 236/267/532
f 227/259/533 226/268/534 236/267/532
f 236/267/535 226/268/535 237/269/535
f 237/270/536 226/255/536 238/271/536
f 226/255/516 228/257/518 238/271/537
f 238/271/538 228/257/539 239/272/540
f 239/272/540 228/257/539 240/273/541
f 228/257/519 229/258/521 240/273/542
f 240/273/543 229/258/523 241/274/544
f 229/261/523 231/262/525 241/275/544
f 241/275/545 231/262/527 242/276/546
f 231/262/527 232/263/526 242/276/546
f 242/276/547 232/263/548 243/277/549
f 243/277/549 232/263/548 244/278/550
f 232/263/548 233/264/551 244/278/550
f 233/264/552 234/265/553 244/278/554
f 234/265/553 235/266/555 244/278/554
f 244/278/556 235/266/556 245/279/556
f 235/266/557 236/267/558 245/279/559
f 236/267/558 237/269/560 245/279/559
f 245/279/559 237/269/560 246/280/561
f 237/270/562 238/271/562 246/281/562
f 247/282/563 246/281/564 248/283/565
f 246/281/564 238/271/566 248/283/565
f 238/271/566 239/272/567 248/283/565
f 248/283/568 239/272/569 249/284/570
f 249/284/570 239/272/569 250/285/571
f 239/272/572 240/273/572 250/285/572
f 250/286/573 240/287/574 251/288/575
f 240/287/543 241/275/544 251/288/575
f 241/275/544 225/254/515 251/288/575
f 225/254/515 215/244/490 251/288/575
f 215/244/490 217/246/576 251/288/575
f 251/288/575 217/246/576 252/289/577
f 252/289/578 217/246/578 253/290/578
f 253/290/579 217/246/580 254/291/581
f 217/246/580 218/247/582 254/291/581
f 254/291/583 218/247/583 255/292/583
f 218/247/584 219/248/584 255/292/584
f 219/248/585 220/249/585 255/292/585
f 255/292/586 220/249/586 256/293/586
f 220/249/587 221/250/587 256/293/587
f 256/293/588 221/250/588 257/294/588
f 221/250/504 222/251/506 257/294/589
f 222/251/590 223/252/591 257/294/592
f 257/294/592 223/252/591 258/295/593
f 223/252/594 224/253/594 258/295/594
f 224/253/595 225/254/595 258/295/595
f 225/254/596 241/275/545 258/295/597
f 241/275/545 242/276/546 258/295/597
f 242/276/598 259/296/598 258/295/598
f 258/295/593 259/296/599 260/297/600
f 259/296/599 242/276/547 260/297/600
f 242/276/547 243/277/549 260/297/600
f 260/297/601 243/277/602 261/298/603
f 243/277/602 244/278/604 261/298/603
f 244/278/604 245/279/605 261/298/603
f 245/279/605 246/280/606 261/298/603
f 246/281/606 247/282/607 261/299/603
f 261/299/603 247/282/607 262/300/608
f 262/300/608 247/282/607 263/301/609
f 247/282/610 248/283/611 263/301/612
f 248/283/611 249/284/613 263/301/612
f 263/301/614 249/284/614 264/302/614
f 265/303/615 264/304/616 266/305/617
f 264/302/618 249/284/618 266/306/618
f 249/284/619 250/285/619 266/306/619
f 250/286/573 251/288/575 266/305/620
f 266/305/620 251/288/575 267/307/621
f 251/288/575 252/289/577 267/307/621
f 267/307/622 252/289/622 268/308/622
f 268/308/623 252/289/624 269/309/625
f 252/289/624 253/290/626 269/309/625
f 269/309/627 253/290/628 270/310/629
f 271/311/630 270/310/630 272/312/630
f 270/310/629 253/290/628 272/312/631
f 253/290/632 254/291/632 272/312/632
f 272/312/633 254/291/634 273/313/635
f 254/291/634 255/292/636 273/313/635
f 255/292/637 256/293/637 273/313/637
f 256/293/638 257/294/639 273/313/640
f 273/313/640 257/294/639 274/314/641
f 275/315/642 274/314/643 276/316/644
f 274/314/643 257/294/592 276/316/644
f 257/294/592 258/295/593 276/316/644
f 258/295/593 260/297/600 276/316/644
f 260/297/601 261/298/603 276/316/645
f 261/299/603 262/300/646 276/317/645
f 276/317/647 262/300/647 277/318/647
f 277/318/648 262/300/648 278/319/648
f 262/300/649 263/301/650 278/319/651
f 263/301/650 264/302/652 278/319/651
f 279/320/653 278/321/654 280/322/655
f 278/321/654 264/304/616 280/322/655
f 264/304/616 265/303/615 280/322/655
f 281/323/656 280/322/657 282/324/658
f 280/322/655 265/303/615 282/324/659
f 265/303/615 266/305/617 282/324/659
f 266/305/620 267/307/621 282/324/660
f 282/324/661 267/307/661 283/325/661
f 283/325/662 267/307/663 284/326/664
f 284/326/664 267/307/663 285/327/665
f 267/307/666 268/308/667 285/327/668
f 285/327/668 268/308/667 286/328/669
f 287/329/670 286/328/671 288/330/672
f 288/330/672 286/328/671 289/331/673
f 286/328/674 268/308/675 289/331/676
f 268/308/675 269/309/677 289/331/676
f 289/331/678 269/309/679 290/332/680
f 269/309/679 270/310/681 290/332/680
f 290/332/680 270/310/681 291/333/682
f 291/333/683 270/310/684 292/334/685
f 270/310/684 271/311/686 292/334/685
f 292/334/687 271/311/688 293/335/689
f 293/335/690 271/311/691 294/336/692
f 271/311/691 272/312/693 294/336/692
f 272/312/633 273/313/635 294/336/694
f 294/336/695 273/313/695 295/337/695
f 273/313/640 274/314/641 295/337/696
f 274/314/697 275/315/697 295/337/697
f 295/337/698 275/315/699 296/338/700
f 296/338/701 275/315/701 297/339/701
f 275/340/642 276/317/644 297/341/702
f 276/317/644 277/318/703 297/341/702
f 277/318/704 278/319/705 297/341/706
f 278/321/705 279/320/707 297/342/706
f 298/343/708 297/342/708 299/344/708
f 297/342/709 279/320/710 299/344/711
f 299/344/711 279/320/710 300/345/712
f 279/320/710 280/322/713 300/345/712
f 280/322/657 281/323/656 300/345/714
f 300/345/715 281/323/716 301/346/717
f 281/323/718 282/324/719 301/346/720
f 301/346/720 282/324/719 302/347/721
f 282/324/722 283/325/722 302/347/722
f 283/325/723 284/326/723 302/347/723
f 284/326/724 285/327/724 302/347/724
f 285/327/668 286/328/669 302/347/725
f 302/347/726 286/328/727 303/348/728
f 286/328/729 287/329/729 303/348/729
f 303/349/730 287/350/731 304/351/732
f 304/351/732 287/350/731 305/352/733
f 305/352/733 287/350/731 306/353/734
f 287/354/735 288/355/735 306/356/735
f 306/356/736 288/355/737 307/357/738
f 307/357/738 288/355/737 308/358/739
f 288/330/740 289/331/740 308/359/740
f 289/331/741 290/332/741 308/359/741
f 290/332/742 291/333/743 308/359/744
f 308/359/744 291/333/743 309/360/745
f 291/333/683 292/334/685 309/360/746
f 310/361/747 309/362/748 311/363/749
f 309/360/750 292/334/750 311/364/750
f 312/365/751 311/364/751 313/366/751
f 311/364/752 292/334/687 313/366/753
f 292/334/687 293/335/689 313/366/753
f 313/366/754 293/335/754 314/367/754
f 293/335/755 294/336/756 314/367/757
f 294/336/756 295/337/758 314/367/757
f 314/367/759 295/337/759 315/368/759
f 295/337/698 296/338/700 315/368/760
f 315/368/761 296/338/762 316/369/763
f 316/369/763 296/338/762 317/370/764
f 317/370/765 296/338/766 318/371/767
f 296/338/766 297/339/768 318/371/767
f 297/342/769 298/343/769 318/372/769
f 298/343/770 299/344/770 318/372/770
f 318/372/771 299/344/772 319/373/773
f 299/344/772 300/345/774 319/373/773
f 319/373/775 300/345/775 320/374/775
f 300/345/715 301/346/717 320/374/776
f 320/374/777 301/346/778 321/375/779
f 301/346/780 302/347/726 321/375/781
f 302/347/726 303/348/728 321/375/781
f 303/349/730 304/351/732 321/376/782
f 321/376/783 304/351/784 322/377/785
f 322/377/786 304/351/786 323/378/786
f 304/351/787 305/352/788 323/378/789
f 305/352/788 306/353/790 323/378/789
f 323/379/791 306/356/792 324/380/793
f 306/356/792 325/381/794 324/380/793
f 324/380/795 325/381/796 326/382/797
f 326/382/798 325/381/798 327/383/798
f 325/381/799 306/356/800 327/383/801
f 306/356/800 307/357/738 327/383/801
f 327/383/801 307/357/738 328/384/802
f 307/357/738 308/358/739 328/384/802
f 308/358/803 309/362/804 328/384/805
f 328/384/805 309/362/804 329/385/806
f 309/362/748 310/361/747 329/385/807
f 310/361/808 330/386/808 329/385/808
f 329/385/809 330/386/810 331/387/811
f 331/387/811 330/386/810 332/388/812
f 332/388/813 330/386/813 333/389/813
f 333/389/814 330/386/815 334/390/816
f 330/386/815 310/361/817 334/390/816
f 310/361/747 311/363/749 334/390/818
f 311/363/819 312/391/820 334/390/821
f 334/390/821 312/391/820 335/392/822
f 335/392/823 312/391/823 336/393/823
f 312/365/824 313/366/824 336/394/824
f 313/366/825 314/367/826 336/394/827
f 314/367/826 315/368/761 336/394/827
f 315/368/761 316/369/763 336/394/827
f 336/394/828 316/369/829 337/395/830
f 316/369/829 317/370/831 337/395/830
f 317/370/831 318/371/832 337/395/830
f 337/395/833 318/371/834 338/396/835
f 338/397/835 318/372/834 339/398/836
f 318/372/834 319/373/837 339/398/836
f 319/373/838 320/374/777 339/398/839
f 320/374/777 321/375/779 339/398/839
f 339/399/840 321/376/783 340/400/841
f 321/376/783 322/377/785 340/400/841
f 322/377/842 323/378/842 340/400/842
f 340/400/843 323/378/844 341/401/845
f 341/401/845 323/378/844 342/402/846
f 323/379/847 324/380/848 342/403/849
f 343/404/850 342/402/851 344/405/852
f 342/403/849 324/380/848 344/406/853
f 344/406/853 324/380/848 345/407/854
f 324/380/795 326/382/797 345/407/855
f 345/407/856 326/382/857 346/408/858
f 326/382/857 327/383/859 346/408/858
f 327/383/859 328/384/860 346/408/858
f 328/384/860 329/385/861 346/408/858
f 329/385/861 331/387/862 346/408/858
f 346/408/858 331/387/862 347/409/863
f 347/409/864 331/387/811 348/410/865
f 331/387/811 332/388/812 348/410/865
f 348/410/866 332/388/866 349/411/866
f 349/411/867 332/388/868 350/412/869
f 332/388/868 333/389/870 350/412/869
f 350/412/871 333/389/814 351/413/872
f 333/389/814 334/390/816 351/413/872
f 334/390/816 335/392/873 351/413/872
f 351/413/874 335/392/875 352/414/876
f 335/392/875 336/393/877 352/414/876
f 352/414/878 336/393/879 353/415/880
f 336/393/879 337/416/881 353/415/880
f 337/416/882 338/417/883 353/415/884
f 353/415/884 338/417/883 354/418/885
f 355/419/886 354/420/885 356/421/887
f 354/420/885 338/422/883 356/421/887
f 338/422/883 339/399/888 356/421/887
f 356/421/887 339/399/888 357/423/889
f 339/399/840 340/400/841 357/423/890
f 357/423/891 340/400/892 358/424/893
f 340/400/892 341/401/894 358/424/893
f 358/424/893 341/401/894 359/425/895
f 341/401/896 342/402/851 359/425/897
f 342/402/851 343/404/850 359/425/897
f 343/404/898 360/426/898 359/425/898
f 359/425/899 360/426/900 361/427/901
f 360/426/900 362/428/902 361/427/901
f 361/427/903 362/428/904 363/429/905
f 363/429/905 362/428/904 364/430/906
f 364/430/907 362/428/908 365/431/909
f 365/431/910 362/428/902 366/432/911
f 362/428/902 360/426/900 366/432/911
f 366/432/912 360/426/912 367/433/912
f 360/426/913 343/404/914 367/433/915
f 368/434/916 367/433/917 369/435/918
f 367/433/915 343/404/914 369/435/919
f 369/435/919 343/404/914 370/436/920
f 370/436/920 343/404/914 371/437/921
f 343/404/850 344/405/852 371/437/922
f 371/437/923 344/405/923 372/438/923
f 344/406/853 345/407/854 372/439/924
f 372/439/925 345/407/926 373/440/927
f 374/441/928 373/440/927 375/442/929
f 373/440/927 345/407/926 375/442/929
f 345/407/930 346/408/931 375/442/932
f 375/442/932 346/408/931 376/443/933
f 346/408/934 347/409/935 376/443/936
f 376/443/936 347/409/935 377/444/937
f 347/409/938 348/410/939 377/444/940
f 377/444/940 348/410/939 378/445/941
f 378/445/941 348/410/939 379/446/942
f 348/410/939 349/411/943 379/446/942
f 379/446/944 349/411/867 380/447/945
f 349/411/867 350/412/869 380/447/945
f 380/447/946 350/412/947 381/448/948
f 350/412/949 351/413/950 381/448/951
f 351/413/950 352/414/952 381/448/951
f 352/414/952 353/415/953 381/448/951
f 381/448/951 353/415/953 382/449/954
f 353/415/955 354/418/956 382/449/957
f 382/449/957 354/418/956 383/450/958
f 354/420/956 355/419/959 383/451/958
f 383/451/960 355/419/960 384/452/960
f 355/419/961 356/421/961 384/452/961
f 356/421/962 357/423/891 384/452/963
f 357/423/891 358/424/893 384/452/963
f 384/452/964 358/424/964 385/453/964
f 385/453/965 358/424/893 386/454/966
f 358/424/893 359/425/895 386/454/966
f 359/425/967 361/427/967 386/454/967
f 386/454/968 361/427/969 387/455/970
f 361/427/971 363/429/971 387/455/971
f 387/455/972 363/429/973 388/456/974
f 363/429/973 364/430/975 388/456/974
f 388/456/974 364/430/975 389/457/976
f 364/430/907 365/431/909 389/457/977
f 389/457/977 365/431/909 390/458/978
f 365/431/979 366/432/980 390/458/981
f 390/458/981 366/432/980 391/459/982
f 366/432/983 367/433/984 391/459/985
f 367/433/984 368/434/986 391/459/985
f 391/459/987 368/434/987 392/460/987
f 392/460/988 368/434/988 393/461/988
f 368/434/916 369/435/918 393/461/989
f 369/435/990 370/436/990 393/461/990
f 393/461/991 370/436/991 394/462/991
f 370/436/992 371/437/992 394/462/992
f 371/437/993 372/438/993 394/462/993
f 394/463/994 372/439/995 395/464/996
f 372/439/995 373/440/997 395/464/996
f 395/464/996 373/440/997 396/465/998
f 373/440/999 374/441/999 396/465/999
f 396/465/1000 374/441/1001 397/466/1002
f 397/466/1002 374/441/1001 398/467/1003
f 374/441/1004 375/442/1004 398/467/1004
f 398/467/1005 375/442/1005 399/468/1005
f 375/442/1006 376/443/1006 399/468/1006
f 376/443/1007 377/444/1007 399/468/1007
f 377/444/1008 378/445/1008 399/468/1008
f 399/468/1009 378/445/1009 400/469/1009
f 378/445/1010 379/446/1011 400/469/1012
f 400/469/1012 379/446/1011 401/470/1013
f 379/446/1011 380/447/1014 401/470/1013
f 401/470/1013 380/447/1014 402/471/1015
f 402/471/1015 380/447/1014 403/472/1016
f 380/447/946 381/448/948 403/472/1017
f 381/448/948 382/449/1018 403/472/1017
f 403/472/1019 382/449/1019 404/473/1019
f 382/449/957 383/450/958 404/473/1020
f 383/451/1021 384/452/1021 404/474/1021
f 384/452/1022 385/453/1022 404/474/1022
f 404/474/1023 385/453/1024 405/475/1025
f 385/453/965 386/454/966 405/475/1026
f 386/454/968 387/455/970 405/475/1027
f 405/475/1028 387/455/1029 406/476/1030
f 406/476/1030 387/455/1029 407/477/1031
f 387/455/1032 388/456/1033 407/477/1034
f 407/477/1034 388/456/1033 408/478/1035
f 409/479/1036 408/478/1037 410/480/1038
f 408/478/1037 388/456/1039 410/480/1038
f 388/456/1040 389/457/1041 410/480/1042
f 410/480/1042 389/457/1041 411/481/1043
f 389/457/1044 390/458/1045 411/481/1046
f 411/481/1046 390/458/1045 412/482/1047
f 390/458/1048 391/459/1048 412/482/1048
f 391/459/1049 392/460/1050 412/482/1051
f 412/482/1051 392/460/1050 413/483/1052
f 208/237/1053 413/484/1054 414/485/1055
f 413/486/1054 392/487/1056 414/488/1055
f 392/487/1056 393/489/1057 414/488/1055
f 415/490/1058 414/488/1059 416/491/1060
f 416/491/1060 414/488/1059 417/492/1061
f 414/488/1059 393/489/1062 417/492/1061
f 417/492/1061 393/489/1062 418/493/1063
f 393/489/1062 394/494/1064 418/493/1063
f 418/493/1065 394/494/1066 419/495/1067
f 394/494/1066 395/496/1068 419/495/1067
f 395/496/1069 396/497/1070 419/495/1071
f 419/495/1071 396/497/1070 420/498/1072
f 396/497/1073 397/499/1074 420/498/1075
f 420/498/1075 397/499/1074 421/500/1076
f 397/466/1002 398/467/1003 421/501/1077
f 421/501/1078 398/467/1079 422/502/1080
f 398/467/1081 399/468/1082 422/502/1083
f 399/468/1082 400/469/1084 422/502/1083
f 422/502/1085 400/469/1086 423/503/1087
f 400/469/1086 401/470/1088 423/503/1087
f 401/470/1088 402/471/1089 423/503/1087
f 423/503/1090 402/471/1090 424/504/1090
f 424/504/1091 402/471/1091 425/505/1091
f 402/471/1015 403/472/1016 425/505/1092
f 403/472/1016 404/473/1023 425/505/1092
f 404/474/1023 405/475/1025 425/506/1092
f 405/475/1093 406/476/1093 425/506/1093
f 425/506/1094 406/476/1095 426/507/1096
f 406/476/1097 407/477/1097 426/507/1097
f 407/477/1098 408/478/1098 426/507/1098
f 426/507/1099 408/478/1100 427/508/1101
f 408/478/1100 409/479/1102 427/508/1101
f 427/508/1103 409/479/1103 428/509/1103
f 409/479/1104 410/480/1105 428/509/1106
f 428/509/1106 410/480/1105 429/510/1107
f 410/480/1108 411/481/1109 429/510/1110
f 429/510/1110 411/481/1109 430/511/1111
f 411/481/1112 412/482/1112 430/511/1112
f 412/482/1113 413/483/1113 430/511/1113
f 413/484/1054 208/237/1053 430/512/1114
f 430/512/1114 208/237/1053 431/513/1115
f 208/237/1116 198/227/1116 431/513/1116
f 198/227/1117 432/514/1117 431/513/1117
f 431/513/1118 432/514/1118 433/515/1118
f 432/514/1119 198/227/1119 433/515/1119
f 198/227/1120 200/229/1121 433/515/1122
f 434/516/1123 433/515/1122 435/517/1124
f 433/515/1122 200/229/1121 435/517/1124
f 435/517/1125 200/229/1126 436/518/1127
f 436/518/1127 200/229/1126 437/519/1128
f 200/229/1126 204/233/1129 437/519/1128
f 204/233/1130 202/231/1131 437/519/1132
f 437/519/1132 202/231/1131 438/520/1133
f 202/231/1131 201/230/1134 438/520/1133
f 438/520/1135 201/230/1136 439/521/1137
f 201/230/467 203/232/469 439/521/1138
f 203/232/1139 197/226/463 439/521/1140
f 439/521/1140 197/226/463 440/522/1141
f 197/226/463 195/224/461 440/522/1141
f 440/522/1142 195/224/1142 441/523/1142
f 441/523/1143 195/224/1143 442/524/1143
f 195/224/461 194/223/460 442/524/1144
f 443/525/1145 442/524/1146 444/526/1147
f 442/524/1146 194/223/1148 444/526/1147
f 444/527/1149 194/528/1150 445/529/1151
f 445/529/1152 194/528/1153 446/530/1154
f 446/530/1154 194/528/1153 447/531/1155
f 194/532/1156 196/533/1157 447/534/1158
f 448/535/1159 449/536/1159 450/537/1159
f 449/536/1160 451/538/1161 450/537/1162
f 451/538/1161 452/539/1163 450/537/1162
f 450/537/1164 452/539/1165 453/540/1166
f 453/540/1166 452/539/1165 454/541/1167
f 454/541/1168 452/539/1169 455/542/1170
f 452/539/1169 451/538/1171 455/542/1170
f 455/542/1172 451/538/1173 456/543/1174
f 451/538/1173 449/536/1175 456/543/1174
f 457/544/1176 456/543/1177 458/545/1178
f 459/546/1179 458/545/1178 460/547/1180
f 460/547/1180 458/545/1178 461/548/1181
f 458/545/1178 456/543/1177 461/548/1181
f 456/543/1174 449/536/1175 461/548/1182
f 462/549/1183 461/548/1182 463/550/1184
f 461/548/1182 449/536/1175 463/550/1184
f 449/536/1175 448/535/1185 463/550/1184
f 463/550/1186 448/535/1187 464/551/1188
f 448/535/1189 450/537/1190 464/551/1191
f 464/551/1191 450/537/1190 465/552/1192
f 450/537/1193 453/540/1194 465/552/1195
f 465/552/1195 453/540/1194 466/553/1196
f 466/553/1196 453/540/1194 467/554/1197
f 453/540/1194 454/541/1198 467/554/1197
f 454/541/1199 455/542/1199 467/554/1199
f 467/554/1200 455/542/1201 468/555/1202
f 469/556/1203 470/557/1203 471/558/1203
f 471/558/1204 470/557/1204 472/559/1204
f 472/559/1205 470/557/1206 473/560/1207
f 474/561/1208 473/560/1207 475/562/1209
f 473/560/1207 470/557/1206 475/562/1209
f 470/557/1206 469/556/1210 475/562/1209
f 475/562/1211 469/556/1212 476/563/1213
f 469/556/1214 471/558/1215 476/563/1216
f 476/563/1216 471/558/1215 477/564/1217
f 477/564/1218 471/558/1219 478/565/1220
f 479/566/1221 478/565/1222 480/567/1223
f 478/565/1220 471/558/1219 480/567/1224
f 480/567/1224 471/558/1219 481/568/1225
f 471/558/1226 472/559/1226 481/568/1226
f 481/569/1227 472/570/1227 482/571/1227
f 472/570/1228 473/572/1229 482/571/1230
f 482/571/1230 473/572/1229 483/573/1231
f 483/573/1231 473/572/1229 484/574/1232
f 485/575/1233 486/576/1234 487/577/1235
f 488/578/1236 489/579/1237 490/580/1238
f 489/579/1237 491/581/1239 490/580/1238
f 490/580/1238 491/581/1239 492/582/1240
f 492/582/1240 491/581/1239 493/583/1241
f 493/583/1242 491/581/1243 494/584/1244
f 491/581/1243 495/585/1245 494/584/1244
f 487/577/1246 494/584/1247 496/586/1248
f 494/584/1249 495/585/1249 496/586/1249
f 496/586/1250 495/585/1250 497/587/1250
f 495/585/1245 491/581/1243 497/587/1251
f 497/587/1252 491/581/1239 498/588/1253
f 491/581/1239 489/579/1237 498/588/1253
f 498/588/1254 489/579/1254 499/589/1254
f 499/589/1255 489/579/1256 500/590/1257
f 489/579/1258 488/578/1259 500/590/1260
f 488/578/1259 501/591/1261 500/590/1260
f 500/590/1262 501/591/1262 502/592/1262
f 502/592/1263 501/591/1263 503/593/1263
f 501/591/1264 488/578/1265 503/593/1266
f 488/578/1265 490/580/1267 503/593/1266
f 490/580/1268 492/582/1269 503/593/1270
f 503/593/1270 492/582/1269 504/594/1271
f 492/582/1272 493/583/1273 504/594/1274
f 504/594/1274 493/583/1273 505/595/1275
f 493/583/1276 494/584/1276 505/595/1276
f 494/584/1247 487/577/1246 505/595/1277
f 487/577/1246 486/576/1278 505/595/1277
f 505/595/1277 486/576/1278 506/596/1279
f 506/596/1279 486/576/1278 507/597/1280
f 486/576/1278 484/598/1281 507/597/1280
f 484/598/1281 473/560/1207 507/597/1280
f 473/560/1207 474/561/1208 507/597/1280
f 507/597/1282 474/561/1283 508/599/1284
f 474/561/1283 475/562/1285 508/599/1284
f 475/562/1211 476/563/1213 508/599/1286
f 476/563/1213 477/564/1287 508/599/1286
f 508/599/1286 477/564/1287 509/600/1288
f 477/564/1218 478/565/1220 509/600/1289
f 478/565/1220 479/566/1290 509/600/1289
f 509/600/1289 479/566/1290 510/601/1291
f 510/601/1292 479/566/1292 511/602/1292
f 511/603/1293 479/604/1294 512/605/1295
f 512/605/1295 479/604/1294 513/606/1296
f 514/607/1297 513/606/1296 515/608/1298
f 513/606/1296 479/604/1294 515/608/1298
f 479/566/1221 480/567/1223 515/609/1299
f 515/609/1300 480/567/1301 516/610/1302
f 480/611/1224 481/569/1225 516/612/1303
f 481/569/1304 482/571/1305 516/612/1306
f 482/571/1305 483/573/1307 516/612/1306
f 516/612/1306 483/573/1307 517/613/1308
f 483/573/1309 484/574/1310 517/613/1308
f 484/598/1310 486/576/1234 517/614/1308
f 486/576/1234 485/575/1233 517/614/1308
f 517/614/1308 485/575/1233 518/615/1311
f 485/575/1233 487/577/1235 518/615/1311
f 487/577/1235 496/586/1312 518/615/1311
f 518/615/1311 496/586/1312 519/616/1313
f 496/586/1312 497/587/1314 519/616/1313
f 497/587/1314 498/588/1315 519/616/1313
f 498/588/1315 499/589/1316 519/616/1313
f 519/616/1313 499/589/1316 520/617/1317
f 520/617/1318 499/589/1255 521/618/1319
f 499/589/1255 500/590/1257 521/618/1319
f 521/618/1320 500/590/1321 522/619/1322
f 500/590/1321 502/592/1323 522/619/1322
f 522/619/1324 502/592/1325 523/620/1326
f 502/592/1327 503/593/1327 523/620/1327
f 503/593/1270 504/594/1271 523/620/1328
f 523/620/1328 504/594/1271 524/621/1329
f 524/621/1330 504/594/1274 525/622/1331
f 504/594/1274 505/595/1275 525/622/1331
f 505/595/1275 506/596/1332 525/622/1331
f 506/596/1332 507/597/1282 525/622/1331
f 507/597/1282 508/599/1284 525/622/1331
f 508/599/1333 509/600/1334 525/622/1335
f 509/600/1334 510/601/1336 525/622/1335
f 510/601/1337 511/602/1338 525/622/1331
f 525/622/1331 511/602/1338 526/623/1339
f 511/603/1340 512/605/1340 526/624/1340
f 526/624/1341 512/605/1342 527/625/1343
f 512/605/1342 513/606/1344 527/625/1343
f 528/626/1345 527/625/1346 529/627/1347
f 527/625/1346 513/606/1348 529/627/1347
f 513/606/1348 514/607/1349 529/627/1347
f 529/627/1350 514/607/1350 530/628/1350
f 514/607/1297 515/608/1298 530/628/1351
f 515/608/1300 516/612/1302 530/628/1352
f 516/612/1306 517/613/1308 530/628/1353
f 517/613/1308 518/629/1311 530/628/1353
f 530/628/1353 518/629/1311 531/630/1354
f 518/615/1311 519/616/1313 531/631/1354
f 519/616/1313 520/617/1317 531/631/1354
f 531/631/1354 520/617/1317 532/632/1355
f 520/617/1356 521/618/1357 532/632/1358
f 532/632/1358 521/618/1357 533/633/1359
f 533/633/1360 521/618/1320 534/634/1361
f 521/618/1320 522/619/1322 534/634/1361
f 534/634/1362 522/619/1362 535/635/1362
f 522/619/1324 523/620/1326 535/635/1363
f 523/620/1328 524/621/1329 535/635/1364
f 535/635/1364 524/621/1329 536/636/1365
f 524/621/1330 525/622/1331 536/636/1366
f 525/622/1331 526/623/1339 536/636/1366
f 536/636/1366 526/623/1339 537/637/1367
f 538/638/1368 537/637/1368 539/639/1368
f 537/637/1369 526/623/1369 539/639/1369
f 539/639/1370 526/623/1371 540/640/1372
f 526/623/1373 527/641/1373 540/640/1373
f 540/640/1374 527/641/1374 541/642/1374
f 527/625/1375 528/626/1376 541/643/1375
f 541/643/1375 528/626/1376 542/644/1377
f 542/645/1378 543/646/1379 544/647/1380
f 543/646/1379 545/648/1381 544/647/1380
f 544/647/1382 545/648/1383 546/649/1384
f 545/648/1385 543/646/1385 546/649/1385
f 546/649/1386 543/646/1386 547/650/1386
f 543/646/1387 542/645/1387 547/650/1387
f 542/644/1377 528/626/1376 547/651/1388
f 528/626/1345 529/627/1347 547/651/1389
f 529/627/1390 530/628/1390 547/651/1390
f 530/628/1353 531/630/1354 547/651/1391
f 547/650/1392 531/631/1392 548/652/1392
f 548/652/1393 531/631/1394 549/653/1395
f 531/631/1394 532/632/1396 549/653/1395
f 532/632/1397 533/633/1398 549/653/1399
f 549/653/1399 533/633/1398 550/654/1400
f 533/633/1401 534/634/1402 550/654/1403
f 550/654/1403 534/634/1402 551/655/1404
f 534/634/1405 535/635/1406 551/655/1407
f 551/655/1407 535/635/1406 552/656/1408
f 535/635/1409 536/636/1410 552/656/1411
f 552/656/1411 536/636/1410 553/657/1412
f 553/657/1413 536/636/1414 554/658/1415
f 536/636/1414 537/637/1416 554/658/1415
f 537/637/1417 538/638/1417 554/658/1417
f 554/658/1418 538/638/1418 555/659/1418
f 538/638/1419 539/639/1419 555/659/1419
f 539/639/1370 540/640/1372 555/659/1420
f 555/659/1420 540/640/1372 556/660/1421
f 556/660/1422 540/640/1422 557/661/1422
f 540/640/1423 541/642/1424 557/661/1425
f 557/661/1425 541/642/1424 558/662/1426
f 558/662/1427 541/642/1428 559/663/1429
f 559/663/1429 541/642/1428 560/664/1430
f 541/642/1428 542/665/1431 560/664/1430
f 542/665/1432 544/666/1432 560/664/1432
f 560/664/1433 544/666/1433 561/667/1433
f 544/647/1382 546/649/1384 561/668/1434
f 561/668/1435 546/649/1435 562/669/1435
f 546/649/1436 547/650/1436 562/669/1436
f 547/650/1437 548/652/1438 562/669/1439
f 548/652/1438 563/670/1440 562/669/1439
f 562/669/1441 563/670/1442 564/671/1443
f 564/671/1443 563/670/1442 565/672/1444
f 563/670/1445 548/652/1446 565/672/1447
f 548/652/1446 549/653/1448 565/672/1447
f 565/672/1447 549/653/1448 566/673/1449
f 567/674/1450 566/673/1450 568/675/1450
f 566/673/1451 549/653/1452 568/675/1453
f 549/653/1452 550/654/1454 568/675/1453
f 568/675/1455 550/654/1456 569/676/1457
f 550/654/1456 551/655/1458 569/676/1457
f 569/676/1459 551/655/1460 570/677/1461
f 551/655/1460 552/656/1462 570/677/1461
f 570/677/1461 552/656/1462 571/678/1463
f 571/678/1464 552/656/1465 572/679/1466
f 552/656/1465 553/657/1467 572/679/1466
f 572/679/1466 553/657/1467 573/680/1468
f 553/657/1467 554/658/1469 573/680/1468
f 554/658/1469 555/659/1470 573/680/1468
f 574/681/1471 573/680/1472 575/682/1473
f 573/680/1472 555/659/1474 575/682/1473
f 555/659/1474 556/660/1475 575/682/1473
f 575/682/1473 556/660/1475 576/683/1476
f 556/660/1475 557/661/1477 576/683/1476
f 577/684/1478 578/685/1479 579/686/1480
f 578/685/1481 576/687/1481 579/686/1481
f 576/683/1476 557/661/1477 579/688/1482
f 557/661/1477 558/662/1483 579/688/1482
f 579/688/1482 558/662/1483 580/689/1484
f 558/662/1483 559/663/1485 580/689/1484
f 559/663/1486 560/664/1487 580/689/1488
f 560/664/1487 561/667/1489 580/689/1488
f 580/689/1490 561/667/1490 581/690/1490
f 561/668/1491 562/669/1492 581/691/1493
f 562/669/1492 564/671/1494 581/691/1493
f 581/692/1495 564/693/1496 582/694/1497
f 582/695/1498 564/696/1499 583/697/1500
f 564/696/1499 565/698/1501 583/697/1500
f 583/697/1502 565/698/1447 584/699/1503
f 584/699/1503 565/698/1447 585/700/1504
f 565/698/1447 566/701/1449 585/700/1504
f 585/700/1504 566/701/1449 586/702/1505
f 566/701/1506 567/703/1506 586/702/1506
f 587/704/1507 586/702/1508 588/705/1509
f 588/705/1510 586/702/1511 589/706/1512
f 586/702/1511 567/703/1513 589/706/1512
f 567/674/1514 568/675/1515 589/707/1516
f 568/675/1515 569/676/1517 589/707/1516
f 569/676/1518 570/677/1518 589/707/1518
f 589/707/1519 570/677/1519 590/708/1519
f 570/677/1520 571/678/1520 590/708/1520
f 591/709/1521 590/710/1522 592/711/1523
f 590/708/1524 571/678/1525 592/712/1526
f 571/678/1525 572/679/1527 592/712/1526
f 572/679/1528 573/680/1528 592/712/1528
f 573/680/1472 574/681/1471 592/712/1529
f 592/711/1530 574/713/1531 593/714/1532
f 574/713/1531 575/715/1533 593/714/1532
f 593/714/1534 575/715/1534 594/716/1534
f 575/715/1535 576/687/1536 594/716/1537
f 576/687/1536 578/685/1538 594/716/1537
f 594/716/1539 578/685/1540 595/717/1541
f 578/685/1540 577/684/1542 595/717/1541
f 596/718/1543 597/719/1543 598/720/1543
f 597/719/1544 595/717/1545 598/720/1546
f 595/717/1547 577/684/1547 598/720/1547
f 577/684/1478 579/686/1480 598/720/1548
f 598/720/1548 579/686/1480 599/721/1549
f 579/686/1480 580/722/1550 599/721/1549
f 599/721/1551 580/722/1552 600/723/1553
f 580/722/1552 581/692/1495 600/723/1553
f 581/692/1495 582/694/1497 600/723/1553
f 600/723/1554 582/694/1554 601/724/1554
f 582/695/1555 583/697/1556 601/725/1557
f 601/725/1557 583/697/1556 602/726/1558
f 583/697/1556 584/699/1559 602/726/1558
f 602/726/1558 584/699/1559 603/727/1560
f 584/699/1559 585/700/1561 603/727/1560
f 585/700/1561 586/702/1562 603/727/1560
f 586/702/1562 587/704/1563 603/727/1560
f 603/727/1564 587/704/1565 604/728/1566
f 604/728/1567 587/704/1567 605/729/1567
f 605/729/1568 587/704/1568 606/730/1568
f 587/704/1507 588/705/1509 606/730/1569
f 606/730/1570 588/705/1570 607/731/1570
f 588/705/1571 589/706/1572 607/731/1573
f 589/706/1572 590/710/1574 607/731/1573
f 590/710/1574 591/709/1575 607/731/1573
f 607/731/1576 591/709/1576 608/732/1576
f 608/732/1577 591/709/1578 609/733/1579
f 591/709/1521 592/711/1523 609/733/1580
f 592/711/1581 593/714/1582 609/733/1583
f 609/733/1583 593/714/1582 610/734/1584
f 610/734/1585 593/714/1586 611/735/1587
f 593/714/1586 594/716/1588 611/735/1587
f 594/716/1589 595/717/1589 611/735/1589
f 611/735/1590 595/717/1545 612/736/1591
f 595/717/1545 597/719/1544 612/736/1591
f 613/737/1592 612/736/1593 614/738/1594
f 612/736/1593 597/719/1595 614/738/1594
f 614/738/1596 597/719/1597 615/739/1598
f 616/740/1599 615/739/1600 617/741/1601
f 618/742/1602 619/743/1602 620/744/1602
f 619/743/1603 621/745/1604 620/744/1605
f 622/746/1606 620/744/1607 623/747/1608
f 623/747/1609 620/744/1609 624/748/1609
f 620/744/1605 621/745/1604 624/748/1610
f 624/748/1611 621/745/1612 625/749/1613
f 625/749/1614 621/745/1615 626/750/1616
f 621/745/1617 619/743/1617 626/750/1617
f 626/750/1618 619/743/1619 627/751/1620
f 619/743/1619 618/742/1621 627/751/1620
f 618/742/1622 617/741/1622 627/751/1622
f 617/741/1623 615/739/1623 627/751/1623
f 627/751/1624 615/739/1624 628/752/1624
f 628/752/1625 615/739/1625 629/753/1625
f 615/739/1626 597/719/1626 629/753/1626
f 597/719/1627 596/718/1627 629/753/1627
f 629/753/1628 596/718/1629 630/754/1630
f 596/718/1631 598/720/1631 630/754/1631
f 598/720/1632 599/721/1633 630/754/1634
f 599/721/1633 600/723/1635 630/754/1634
f 630/754/1636 600/723/1636 631/755/1636
f 600/723/1637 601/724/1637 631/755/1637
f 631/755/1638 601/724/1638 632/756/1638
f 601/725/1639 602/726/1640 632/757/1641
f 632/757/1641 602/726/1640 633/758/1642
f 602/726/1640 603/727/1564 633/758/1642
f 603/727/1564 604/728/1566 633/758/1642
f 633/758/1643 604/728/1643 634/759/1643
f 604/728/1644 605/729/1644 634/759/1644
f 605/729/1645 606/730/1646 634/759/1647
f 634/759/1647 606/730/1646 635/760/1648
f 635/760/1649 606/730/1650 636/761/1651
f 606/730/1650 607/731/1652 636/761/1651
f 607/731/1652 608/732/1653 636/761/1651
f 636/761/1651 608/732/1653 637/762/1654
f 637/762/1654 608/732/1653 638/763/1655
f 608/732/1577 609/733/1579 638/763/1656
f 609/733/1583 610/734/1584 638/763/1657
f 610/734/1658 611/735/1659 638/763/1660
f 638/763/1660 611/735/1659 639/764/1661
f 611/735/1659 612/736/1662 639/764/1661
f 612/736/1593 613/737/1592 639/764/1663
f 639/764/1664 613/737/1665 640/765/1666
f 640/765/1667 613/737/1668 641/766/1669
f 641/766/1670 613/737/1671 642/767/1672
f 613/737/1671 614/738/1596 642/767/1672
f 614/738/1596 615/739/1598 642/767/1672
f 615/739/1600 616/740/1599 642/767/1673
f 642/767/1673 616/740/1599 643/768/1674
f 616/740/1599 617/741/1601 643/768/1674
f 643/768/1675 617/741/1676 644/769/1677
f 617/741/1678 618/742/1678 644/769/1678
f 618/742/1679 620/744/1680 644/769/1681
f 620/744/1680 622/746/1682 644/769/1681
f 644/769/1683 622/746/1683 645/770/1683
f 645/770/1684 622/746/1684 646/771/1684
f 622/746/1606 623/747/1608 646/771/1685
f 646/771/1686 623/747/1686 647/772/1686
f 623/747/1687 624/748/1688 647/772/1689
f 647/772/1689 624/748/1688 648/773/1690
f 624/748/1611 625/749/1613 648/773/1691
f 625/749/1613 649/774/1692 648/773/1691
f 650/775/1693 648/773/1693 651/776/1693
f 648/773/1694 649/774/1694 651/776/1694
f 651/776/1695 649/774/1695 652/777/1695
f 649/774/1696 625/749/1696 652/777/1696
f 625/749/1614 626/750/1616 652/777/1697
f 652/777/1697 626/750/1616 653/778/1698
f 626/750/1699 627/751/1700 653/778/1700
f 627/751/1700 628/752/1701 653/778/1700
f 628/752/1702 629/753/1702 653/778/1702
f 653/778/1703 629/753/1703 654/779/1703
f 629/753/1628 630/754/1630 654/779/1704
f 630/754/1705 631/755/1705 654/779/1705
f 631/755/1706 632/756/1706 654/779/1706
f 654/779/1707 632/756/1708 655/780/1709
f 655/781/1709 632/757/1708 656/782/1710
f 632/757/1708 633/758/1711 656/782/1710
f 656/782/1710 633/758/1711 657/783/1712
f 633/758/1713 634/759/1713 657/783/1713
f 634/759/1714 635/760/1714 657/783/1714
f 657/783/1715 635/760/1715 658/784/1715
f 658/784/1716 635/760/1717 659/785/1718
f 635/760/1717 636/761/1719 659/785/1718
f 636/761/1720 637/762/1720 659/785/1720
f 659/785/1721 637/762/1722 660/786/1723
f 660/786/1723 637/762/1722 661/787/1724
f 637/762/1654 638/763/1655 661/787/1725
f 638/763/1726 639/764/1726 661/787/1726
f 661/787/1727 639/764/1728 662/788/1729
f 639/764/1664 640/765/1666 662/788/1730
f 662/788/1731 640/765/1667 663/789/1732
f 640/765/1667 641/766/1669 663/789/1732
f 663/789/1733 641/766/1734 664/790/1735
f 664/790/1736 641/766/1737 665/791/1738
f 641/766/1739 642/767/1739 665/791/1739
f 665/791/1740 642/767/1741 666/792/1742
f 642/767/1741 643/768/1743 666/792/1742
f 643/768/1675 644/769/1677 666/792/1744
f 644/769/1677 645/770/1745 666/792/1744
f 666/792/1744 645/770/1745 667/793/1746
f 667/793/1746 645/770/1745 668/794/1747
f 645/770/1748 646/771/1748 668/794/1748
f 668/794/1749 646/771/1750 669/795/1751
f 646/771/1752 647/772/1752 669/795/1752
f 669/795/1753 647/772/1753 670/796/1753
f 647/772/1754 648/773/1755 670/796/1756
f 648/773/1755 650/775/1757 670/796/1756
f 670/797/1758 650/798/1759 468/555/1202
f 468/555/1760 650/798/1761 671/799/1762
f 650/798/1761 651/800/1763 671/799/1762
f 671/799/1764 651/800/1764 672/801/1764
f 651/776/1765 652/777/1765 672/802/1765
f 652/777/1766 653/778/1766 672/802/1766
f 653/778/1767 654/779/1767 672/802/1767
f 654/779/1768 655/780/1768 672/802/1768
f 655/803/1769 673/804/1769 672/805/1769
f 672/805/1770 673/804/1771 674/806/1772
f 674/806/1773 673/804/1774 675/807/1775
f 673/804/1776 655/803/1776 675/807/1776
f 675/807/1777 655/803/1777 676/808/1777
f 655/803/1778 656/809/1778 676/808/1778
f 676/808/1779 656/809/1780 677/810/1781
f 656/782/1710 657/783/1712 677/811/1782
f 677/811/1783 657/783/1784 678/812/1785
f 657/783/1784 658/784/1786 678/812/1785
f 658/784/1787 659/785/1787 678/812/1787
f 659/785/1788 660/786/1788 678/812/1788
f 660/786/1789 679/813/1790 678/812/1791
f 678/812/1792 679/813/1792 680/814/1792
f 681/815/1793 680/814/1793 682/816/1793
f 682/816/1794 680/814/1794 683/817/1794
f 680/814/1795 679/813/1795 683/817/1795
f 683/817/1796 679/813/1790 684/818/1797
f 679/813/1790 660/786/1789 684/818/1797
f 660/786/1798 661/787/1798 684/818/1798
f 661/787/1727 662/788/1729 684/818/1799
f 684/818/1800 662/788/1801 685/819/1802
f 662/788/1803 663/789/1803 685/819/1803
f 663/789/1733 664/790/1735 685/819/1804
f 686/820/1805 685/821/1806 687/822/1807
f 687/822/1808 685/821/1809 688/823/1810
f 685/821/1809 664/824/1811 688/823/1810
f 688/823/1812 664/824/1736 689/825/1813
f 664/790/1736 665/791/1738 689/826/1813
f 665/791/1814 666/792/1814 689/826/1814
f 666/792/1815 667/793/1815 689/826/1815
f 667/793/1816 668/794/1817 689/826/1818
f 689/826/1818 668/794/1817 690/827/1819
f 668/794/1749 669/795/1751 690/827/1820
f 690/828/1821 669/829/1821 691/830/1821
f 669/831/1822 670/797/1822 691/832/1822
f 670/797/1758 468/555/1202 691/832/1823
f 468/555/1202 455/542/1201 691/832/1823
f 455/542/1824 456/543/1177 691/832/1825
f 456/543/1177 457/544/1176 691/832/1825
f 692/833/1826 691/830/1827 693/834/1828
f 691/832/1827 457/544/1829 693/835/1828
f 693/835/1828 457/544/1829 694/836/1830
f 457/544/1829 458/545/1831 694/836/1830
f 458/545/1832 459/546/1833 694/836/1830
f 694/836/1830 459/546/1833 695/837/1834
f 695/837/1834 459/546/1833 696/838/1835
f 459/546/1179 460/547/1180 696/838/1836
f 697/839/1837 698/840/1837 699/841/1837
f 696/838/1838 699/841/1838 700/842/1838
f 447/534/1839 701/843/1840 193/844/1841
f 701/843/1842 700/842/1843 193/844/1844
f 193/844/1844 700/842/1843 702/845/1845
f 700/842/1843 699/841/1846 702/845/1845
f 699/841/1847 698/840/1847 702/845/1847
f 702/845/1848 698/840/1848 703/846/1848
f 703/846/1849 698/840/1850 704/847/1851
f 704/847/1851 698/840/1850 705/848/1852
f 698/840/1850 697/839/1853 705/848/1852
f 706/849/1854 705/848/1855 707/850/1856
f 705/848/1855 697/839/1857 707/850/1856
f 697/839/1858 699/841/1858 707/850/1858
f 707/850/1859 699/841/1860 708/851/1861
f 699/841/1860 696/838/1836 708/851/1861
f 696/838/1836 460/547/1180 708/851/1861
f 460/547/1180 461/548/1862 708/851/1861
f 461/548/1182 462/549/1183 708/851/1863
f 708/851/1864 462/549/1865 709/852/1866
f 462/549/1867 463/550/1186 709/852/1868
f 463/550/1186 464/551/1188 709/852/1868
f 709/852/1868 464/551/1188 710/853/1869
f 464/551/1191 465/552/1192 710/853/1870
f 710/853/1870 465/552/1192 711/854/1871
f 465/552/1872 466/553/1873 711/854/1874
f 711/854/1874 466/553/1873 712/855/1875
f 712/855/1875 466/553/1873 713/856/1876
f 466/553/1873 467/554/1877 713/856/1876
f 713/856/1876 467/554/1877 714/857/1878
f 467/554/1879 468/555/1879 714/857/1879
f 714/857/1880 468/555/1880 715/858/1880
f 468/555/1881 671/799/1881 715/858/1881
f 715/859/1882 671/860/1883 716/861/1884
f 671/860/1883 672/805/1770 716/861/1884
f 672/805/1770 674/806/1772 716/861/1884
f 716/861/1884 674/806/1773 717/862/1885
f 674/806/1773 675/807/1775 717/862/1885
f 675/807/1886 676/808/1887 717/862/1888
f 717/862/1888 676/808/1887 718/863/1889
f 676/808/1779 677/810/1781 718/863/1890
f 677/810/1891 678/864/1892 718/863/1893
f 678/864/1892 680/865/1894 718/863/1893
f 718/863/1893 680/865/1894 719/866/1895
f 680/865/1896 681/867/1896 719/866/1896
f 719/866/1897 681/867/1897 720/868/1897
f 720/868/1898 681/867/1899 721/869/1900
f 681/815/1901 682/816/1901 721/870/1901
f 682/816/1902 683/817/1902 721/870/1902
f 683/817/1903 684/818/1903 721/870/1903
f 684/818/1800 685/819/1802 721/870/1904
f 685/821/1905 686/820/1905 721/869/1905
f 686/820/1805 687/822/1807 721/869/1900
f 721/869/1900 687/822/1807 722/871/1906
f 722/871/1907 687/822/1907 723/872/1907
f 723/872/1908 687/822/1808 724/873/1909
f 687/822/1808 688/823/1810 724/873/1909
f 724/873/1910 688/823/1910 725/874/1910
f 688/823/1812 689/825/1813 725/874/1911
f 689/825/1912 690/828/1912 725/874/1912
f 690/828/1913 691/830/1914 725/874/1915
f 691/830/1914 692/833/1916 725/874/1915
f 725/874/1917 692/833/1918 726/875/1919
f 692/833/1920 693/834/1828 726/875/1921
f 726/875/1921 693/834/1828 727/876/1922
f 693/835/1828 694/836/1830 727/877/1922
f 694/836/1830 695/837/1834 727/877/1922
f 727/877/1922 695/837/1834 728/878/1923
f 695/837/1834 696/838/1835 728/878/1923
f 696/838/1924 700/842/1925 728/878/1926
f 728/878/1926 700/842/1925 729/879/1927
f 729/879/1927 700/842/1925 730/880/1928
f 700/842/1929 701/843/1930 730/880/1931
f 701/843/1930 447/534/1932 730/880/1931
f 447/534/1158 196/533/1157 730/880/1933
f 730/880/1933 196/533/1157 731/881/1934
f 196/225/1935 197/226/475 731/882/1936
f 731/882/1936 197/226/475 732/883/1937
f 197/226/475 206/235/477 732/883/1937
f 732/883/1938 206/235/1939 733/884/1940
f 206/235/1939 207/236/1941 733/884/1940
f 207/236/1942 208/237/1942 733/884/1942
f 208/237/1053 414/485/1055 733/884/1943
f 414/488/1055 415/490/1944 733/885/1943
f 733/885/1945 415/490/1946 734/886/1947
f 415/490/1946 416/491/1948 734/886/1947
f 735/887/1949 734/886/1950 736/888/1951
f 734/886/1950 416/491/1952 736/888/1951
f 736/888/1951 416/491/1952 737/889/1953
f 416/491/1952 417/492/1954 737/889/1953
f 417/492/1955 418/493/1955 737/889/1955
f 418/493/1065 419/495/1067 737/889/1956
f 737/889/1956 419/495/1067 738/890/1957
f 419/495/1071 420/498/1072 738/890/1958
f 738/890/1958 420/498/1072 739/891/1959
f 739/891/1959 420/498/1072 740/892/1960
f 420/498/1072 421/500/1961 740/892/1960
f 740/892/1962 421/500/1963 741/893/1964
f 421/500/1078 422/894/1080 741/893/1965
f 741/893/1966 422/894/1967 742/895/1968
f 422/894/1967 423/896/1969 742/895/1968
f 742/895/1970 423/896/1970 743/897/1970
f 743/897/1971 423/896/1971 744/898/1971
f 744/898/1972 423/896/1972 745/899/1972
f 423/503/1973 424/504/1973 745/900/1973
f 424/504/1974 425/505/1094 745/900/1975
f 425/506/1094 426/507/1096 745/901/1975
f 745/901/1975 426/507/1096 746/902/1976
f 426/507/1977 427/508/1977 746/902/1977
f 427/508/1978 428/509/1979 746/902/1980
f 428/509/1979 429/510/1981 746/902/1980
f 429/510/1981 430/511/1982 746/902/1980
f 430/512/1983 431/513/1983 746/903/1983
f 431/513/1984 433/515/1984 746/903/1984
f 746/903/1985 433/515/1985 747/904/1985
f 747/904/1986 433/515/1122 748/905/1987
f 433/515/1122 434/516/1123 748/905/1987
f 434/516/1988 435/517/1989 748/905/1990
f 748/905/1990 435/517/1989 749/906/1991
f 750/907/1992 749/906/1993 751/908/1994
f 749/906/1993 435/517/1125 751/908/1994
f 435/517/1125 436/518/1127 751/908/1994
f 751/908/1995 436/518/1996 752/909/1997
f 436/518/1996 437/519/1132 752/909/1997
f 437/519/1132 438/520/1133 752/909/1997
f 753/910/1998 752/909/1999 754/911/2000
f 752/909/2001 438/520/1135 754/911/2002
f 438/520/1135 439/521/1137 754/911/2002
f 439/521/2003 440/522/2004 754/911/2005
f 754/911/2005 440/522/2004 755/912/2006
f 440/522/2004 441/523/2007 755/912/2006
f 441/523/2007 442/524/2008 755/912/2006
f 442/524/2008 443/525/2009 755/912/2006
f 443/525/2010 756/913/2010 755/912/2010
f 756/913/2011 757/914/2012 755/912/2013
f 755/912/2014 757/914/2015 758/915/2016
f 758/915/2017 757/914/2017 759/916/2017
f 757/914/2012 756/913/2011 759/916/2018
f 759/916/2019 756/913/2020 760/917/2021
f 756/913/2022 443/525/2022 760/917/2022
f 443/525/2023 444/526/2024 760/917/2025
f 760/917/2025 444/526/2024 761/918/2026
f 761/918/2027 444/526/2027 762/919/2027
f 444/527/1149 445/529/1151 762/920/2028
f 762/920/2029 445/529/2030 763/921/2031
f 445/529/2030 446/530/2032 763/921/2031
f 763/921/2033 446/530/2033 764/922/2033
f 446/530/1154 447/531/1155 764/922/2034
f 447/531/1839 193/222/1841 764/922/2035
f 193/222/2036 191/220/2036 764/922/2036
f 191/220/2037 190/219/2038 764/922/2039
f 190/219/2038 765/923/2040 764/922/2039
f 764/922/2041 765/923/2041 766/924/2041
f 766/924/2042 765/923/2042 767/925/2042
f 765/923/2043 190/219/2043 767/925/2043
f 767/925/2044 190/219/2044 768/926/2044
f 190/219/2045 769/927/2046 768/926/2047
f 769/927/2046 189/218/2048 768/926/2047
f 189/218/455 158/187/454 768/926/2049
f 158/187/393 156/185/392 768/926/2050
f 768/926/2050 156/185/392 770/928/2051
f 156/185/2052 153/182/2052 770/928/2052
f 153/182/2053 152/181/2053 770/928/2053
f 770/928/2054 152/181/2054 771/929/2054
f 771/929/2055 152/181/2056 772/930/2057
f 152/181/384 154/183/386 772/930/2058
f 772/930/2059 154/183/2060 773/931/2061
f 154/183/386 155/184/387 773/931/2062
f 773/931/2062 155/184/387 774/932/2063
f 774/932/2064 155/184/2064 775/933/2064
f 155/184/2065 157/186/2065 775/933/2065
f 157/186/394 159/188/395 775/933/2066
f 775/933/2067 159/188/2068 776/934/2069
f 776/934/2069 159/188/2068 777/935/2070
f 159/188/2068 160/189/2071 777/935/2070
f 777/935/2072 160/189/2073 778/936/2074
f 160/189/396 165/194/401 778/936/2075
f 778/936/2076 165/194/2076 779/937/2076
f 780/938/2077 779/937/2078 781/939/2079
f 781/939/2079 779/937/2078 782/940/2080
f 779/937/2081 165/194/2081 782/940/2081
f 165/194/2082 167/196/2082 782/940/2082
f 782/940/2083 167/196/2084 783/941/2085
f 167/196/2084 169/198/2086 783/941/2085
f 169/198/2086 171/200/2087 783/941/2085
f 171/200/2087 173/202/2088 783/941/2085
f 783/941/2089 173/202/2090 784/942/2091
f 173/202/415 174/203/417 784/942/2092
f 784/942/2092 174/203/417 785/943/2093
f 785/943/2094 174/203/2095 786/944/2096
f 174/203/2097 175/204/2097 786/944/2097
f 786/944/2098 175/204/2099 787/945/2100
f 787/945/2101 788/946/2102 789/947/2103
f 790/948/2104 791/949/2104 792/950/2104
f 791/949/2105 793/951/2105 792/950/2105
f 792/950/2106 793/951/2107 794/952/2108
f 795/953/2109 794/952/2110 796/954/2111
f 794/952/2110 793/951/2112 796/954/2111
f 796/954/2113 793/951/2113 797/955/2113
f 798/956/2114 797/955/2115 799/957/2116
f 797/955/2117 793/951/2117 799/957/2117
f 793/951/2118 791/949/2118 799/957/2118
f 791/949/2119 789/947/2119 799/957/2119
f 789/947/2120 788/946/2120 799/957/2120
f 799/957/2121 788/946/2121 800/958/2121
f 788/946/2102 787/945/2101 800/958/2122
f 787/945/2100 175/204/2099 800/958/2123
f 175/204/2124 176/205/2124 800/958/2124
f 800/958/2125 176/205/2126 801/959/2127
f 176/205/424 151/180/423 801/959/2128
f 151/180/2129 147/173/2130 801/959/2131
f 801/959/2131 147/173/2130 802/960/2132
f 802/960/2133 147/173/373 803/961/2134
f 147/173/373 149/175/375 803/961/2134
f 803/962/2135 149/176/376 804/963/2136
f 149/176/376 146/172/378 804/963/2136
f 146/172/2137 145/171/2138 804/963/2139
f 804/963/2139 145/171/2138 805/964/2140
f 145/171/371 144/170/370 805/964/2141
f 805/964/2142 144/170/2143 806/965/2144
f 144/170/2143 807/966/2145 806/965/2144
f 808/967/2146 809/968/2147 810/969/2148
f 811/970/2149 812/971/2149 813/972/2149
f 813/972/2150 812/971/2151 814/973/2152
f 814/973/2153 812/971/2153 815/974/2153
f 812/971/2154 811/970/2154 815/974/2154
f 815/974/2155 811/970/2156 816/975/2157
f 811/970/2156 813/972/2150 816/975/2157
f 813/972/2150 814/973/2152 816/975/2157
f 816/975/2157 814/973/2152 817/976/2158
f 817/976/2158 814/973/2152 818/977/2159
f 818/977/2160 814/973/2160 819/978/2160
f 820/979/2161 819/978/2162 821/980/2163
f 821/980/2163 819/978/2162 822/981/2164
f 819/978/2162 814/973/2165 822/981/2164
f 814/973/2166 815/974/2166 822/981/2166
f 822/981/2167 815/974/2167 823/982/2167
f 815/974/2168 816/975/2169 823/982/2170
f 823/982/2170 816/975/2169 824/983/2171
f 816/975/2172 817/976/2172 824/983/2172
f 825/984/2173 824/985/2174 826/986/2175
f 826/986/2175 824/985/2174 827/987/2176
f 824/985/2177 817/988/2177 827/987/2177
f 828/989/2178 827/987/2179 829/990/2180
f 827/987/2179 817/988/2181 829/990/2180
f 817/988/2182 818/991/2182 829/990/2182
f 818/991/2183 819/992/2184 829/990/2185
f 829/990/2185 819/992/2184 830/993/2186
f 819/978/2162 820/979/2161 830/994/2187
f 830/994/2188 820/979/2189 831/995/2190
f 820/979/2191 821/980/2191 831/995/2191
f 832/996/2192 831/995/2193 833/997/2194
f 833/997/2194 831/995/2193 834/998/2195
f 831/995/2193 821/980/2196 834/998/2195
f 821/980/2197 822/981/2197 834/998/2197
f 822/981/2198 823/982/2198 834/998/2198
f 834/998/2199 823/982/2200 835/999/2201
f 835/999/2202 823/982/2202 836/1000/2202
f 823/982/2170 824/983/2171 836/1000/2203
f 836/1001/2204 824/985/2205 837/1002/2206
f 824/985/2205 825/984/2207 837/1002/2206
f 825/984/2208 810/969/2208 837/1002/2208
f 837/1002/2209 810/969/2210 838/1003/2211
f 839/1004/2212 838/1003/2213 840/1005/2214
f 838/1003/2215 810/969/2215 840/1005/2215
f 810/969/2216 809/968/2216 840/1005/2216
f 840/1005/2217 809/968/2217 841/1006/2217
f 841/1006/2218 809/968/2219 842/1007/2220
f 842/1007/2220 809/968/2219 843/1008/2221
f 809/968/2147 808/967/2146 843/1008/2222
f 844/1009/2223 843/1008/2224 845/1010/2225
f 843/1008/2224 808/967/2226 845/1010/2225
f 808/967/2227 810/969/2228 845/1010/2229
f 810/969/2228 825/984/2230 845/1010/2229
f 845/1010/2229 825/984/2230 846/1011/2231
f 825/984/2232 826/986/2175 846/1011/2233
f 846/1011/2233 826/986/2175 847/1012/2234
f 826/986/2175 827/987/2176 847/1012/2234
f 827/987/2176 828/989/2235 847/1012/2234
f 848/1013/2236 847/1012/2236 849/1014/2236
f 847/1012/2237 828/989/2237 849/1014/2237
f 828/989/2238 829/990/2238 849/1014/2238
f 829/990/2239 830/993/2240 849/1014/2241
f 850/1015/2242 849/1014/2241 851/1016/2243
f 849/1014/2241 830/993/2240 851/1016/2243
f 830/994/2188 831/995/2190 851/1017/2244
f 851/1017/2244 831/995/2190 852/1018/2245
f 831/995/2246 832/996/2246 852/1018/2246
f 852/1018/2247 832/996/2192 853/1019/2248
f 853/1019/2248 832/996/2192 854/1020/2249
f 832/996/2192 833/997/2194 854/1020/2249
f 833/997/2250 834/998/2251 854/1020/2252
f 854/1020/2252 834/998/2251 855/1021/2253
f 834/998/2199 835/999/2201 855/1021/2254
f 855/1021/2255 835/999/2256 856/1022/2257
f 835/999/2258 836/1000/2259 856/1022/2260
f 856/1022/2260 836/1000/2259 857/1023/2261
f 836/1001/2259 837/1002/2262 857/1024/2261
f 857/1024/2263 837/1002/2209 858/1025/2264
f 837/1002/2209 838/1003/2211 858/1025/2264
f 838/1003/2211 839/1004/2265 858/1025/2264
f 859/1026/2266 858/1025/2267 860/1027/2268
f 858/1025/2269 839/1004/2269 860/1027/2269
f 839/1004/2212 840/1005/2214 860/1027/2270
f 840/1005/2214 841/1006/2271 860/1027/2270
f 841/1006/2218 842/1007/2220 860/1027/2272
f 860/1027/2273 842/1007/2273 861/1028/2273
f 861/1028/2274 842/1007/2275 862/1029/2276
f 842/1007/2275 843/1008/2277 862/1029/2276
f 863/1030/2278 862/1029/2279 864/1031/2280
f 862/1029/2279 843/1008/2281 864/1031/2280
f 843/1008/2224 844/1009/2223 864/1031/2282
f 864/1031/2283 844/1009/2284 865/1032/2285
f 844/1009/2286 845/1010/2286 865/1032/2286
f 845/1010/2229 846/1011/2231 865/1032/2287
f 846/1011/2288 847/1012/2289 865/1032/2285
f 847/1012/2289 848/1013/2290 865/1032/2285
f 865/1032/2285 848/1013/2290 866/1033/2291
f 867/1034/2292 868/1035/2292 869/1036/2292
f 868/1035/2293 866/1033/2293 869/1036/2293
f 866/1033/2291 848/1013/2290 869/1036/2294
f 869/1036/2294 848/1013/2290 870/1037/2295
f 870/1037/2295 848/1013/2290 871/1038/2296
f 848/1013/2297 849/1014/2297 871/1038/2297
f 849/1014/2298 850/1015/2298 871/1038/2298
f 871/1038/2299 850/1015/2299 872/1039/2299
f 850/1015/2242 851/1016/2243 872/1039/2300
f 872/1040/2301 851/1017/2302 873/1041/2303
f 851/1017/2302 852/1018/2304 873/1041/2303
f 852/1018/2305 853/1019/2305 873/1041/2305
f 874/1042/2306 873/1041/2307 875/1043/2308
f 873/1041/2307 853/1019/2309 875/1043/2308
f 875/1043/2310 853/1019/2311 876/1044/2312
f 853/1019/2311 854/1020/2313 876/1044/2312
f 876/1044/2314 854/1020/2315 877/1045/2316
f 854/1020/2315 855/1021/2317 877/1045/2316
f 855/1021/2255 856/1022/2257 877/1045/2318
f 877/1045/2319 856/1022/2320 878/1046/2321
f 856/1022/2320 857/1023/2322 878/1046/2321
f 857/1024/2323 858/1025/2323 878/1047/2323
f 858/1025/2324 859/1026/2324 878/1047/2324
f 878/1047/2321 859/1026/2325 879/1048/2326
f 879/1048/2326 859/1026/2325 880/1049/2327
f 859/1026/2266 860/1027/2268 880/1049/2328
f 860/1027/2268 861/1028/2329 880/1049/2328
f 880/1049/2328 861/1028/2329 881/1050/2330
f 881/1050/2331 861/1028/2331 882/1051/2331
f 861/1028/2332 862/1029/2333 882/1051/2334
f 882/1051/2334 862/1029/2333 883/1052/2335
f 862/1029/2336 863/1030/2336 883/1052/2336
f 883/1052/2337 863/1030/2338 884/1053/2339
f 885/1054/2340 884/1053/2341 886/1055/2342
f 884/1053/2339 863/1030/2338 886/1055/2343
f 863/1030/2344 864/1031/2283 886/1055/2345
f 886/1055/2345 864/1031/2283 887/1056/2346
f 864/1031/2283 865/1032/2285 887/1056/2346
f 865/1032/2285 866/1033/2291 887/1056/2346
f 866/1033/2347 868/1035/2348 887/1056/2349
f 887/1056/2349 868/1035/2348 888/1057/2350
f 888/1057/2351 868/1035/2351 889/1058/2351
f 868/1035/2352 867/1034/2352 889/1058/2352
f 889/1058/2353 867/1034/2354 890/1059/2355
f 867/1034/2356 869/1036/2356 890/1059/2356
f 890/1059/2357 869/1036/2294 891/1060/2358
f 869/1061/2294 870/1062/2295 891/1063/2358
f 891/1063/2359 870/1062/2360 892/1064/2361
f 870/1062/2360 871/1065/2362 892/1064/2361
f 871/1065/2362 872/1040/2363 892/1064/2361
f 892/1064/2361 872/1040/2363 893/1066/2364
f 872/1040/2301 873/1041/2303 893/1066/2365
f 873/1041/2303 874/1042/2366 893/1066/2365
f 893/1066/2367 874/1042/2368 894/1067/2369
f 894/1067/2369 874/1042/2368 895/1068/2370
f 895/1068/2371 874/1042/2372 896/1069/2373
f 874/1042/2372 875/1043/2374 896/1069/2373
f 875/1043/2374 876/1044/2375 896/1069/2373
f 896/1069/2376 876/1044/2377 897/1070/2378
f 876/1044/2377 877/1045/2319 897/1070/2378
f 897/1070/2378 877/1045/2319 898/1071/2379
f 877/1045/2319 878/1046/2321 898/1071/2379
f 878/1046/2321 879/1072/2326 898/1071/2379
f 898/1071/2380 879/1072/2326 899/1073/2381
f 900/1074/2382 899/1073/2382 901/1075/2382
f 899/1073/2381 879/1072/2326 901/1075/2383
f 901/1076/2383 879/1048/2326 902/1077/2384
f 879/1048/2326 880/1049/2327 902/1077/2384
f 902/1077/2385 880/1049/2386 903/1078/2387
f 880/1049/2386 881/1050/2388 903/1078/2387
f 903/1078/2389 881/1050/2390 904/1079/2391
f 881/1050/2390 882/1051/2392 904/1079/2391
f 882/1051/2393 883/1052/2394 904/1079/2395
f 883/1052/2394 884/1053/2396 904/1079/2395
f 904/1079/2395 884/1053/2396 905/1080/2397
f 884/1053/2341 885/1054/2340 905/1080/2398
f 905/1081/2399 885/1082/2399 906/1083/2399
f 906/1083/2400 907/1084/2401 908/1085/2402
f 908/1085/2403 907/1084/2404 909/1086/2405
f 806/965/2406 909/1086/2407 910/1087/2408
f 909/1086/2405 907/1084/2404 910/1087/2409
f 910/1087/2410 907/1084/2411 911/1088/2412
f 907/1084/2401 906/1083/2400 911/1088/2413
f 906/1083/2414 885/1082/2414 911/1088/2414
f 912/1089/2415 911/1088/2416 913/1090/2417
f 911/1088/2418 885/1082/2418 913/1090/2418
f 885/1054/2340 886/1055/2342 913/1091/2419
f 886/1055/2420 887/1056/2420 913/1091/2420
f 913/1091/2421 887/1056/2421 914/1092/2421
f 887/1056/2422 888/1057/2422 914/1092/2422
f 888/1057/2423 889/1058/2423 914/1092/2423
f 889/1058/2353 890/1059/2355 914/1092/2424
f 914/1092/2425 890/1059/2357 915/1093/2426
f 890/1059/2357 891/1060/2358 915/1093/2426
f 916/1094/2427 915/1095/2428 917/1096/2429
f 915/1095/2428 891/1063/2430 917/1096/2429
f 891/1063/2430 892/1064/2431 917/1096/2429
f 892/1064/2361 893/1066/2364 917/1096/2432
f 893/1066/2433 894/1067/2434 917/1096/2435
f 917/1096/2435 894/1067/2434 918/1097/2436
f 894/1067/2437 895/1068/2437 918/1097/2437
f 918/1097/2438 895/1068/2439 919/1098/2440
f 895/1068/2439 896/1069/2441 919/1098/2440
f 919/1098/2440 896/1069/2441 920/1099/2442
f 896/1069/2376 897/1070/2378 920/1099/2443
f 897/1070/2378 898/1071/2379 920/1099/2444
f 920/1099/2444 898/1071/2379 921/1100/2445
f 898/1071/2446 899/1073/2446 921/1100/2446
f 899/1073/2447 900/1074/2447 921/1100/2447
f 900/1074/2448 901/1075/2448 921/1100/2448
f 921/1100/2449 901/1075/2450 922/1101/2451
f 922/1102/2451 901/1076/2450 923/1103/2452
f 901/1076/2453 902/1077/2454 923/1103/2455
f 923/1103/2455 902/1077/2454 924/1104/2456
f 902/1077/2454 903/1078/2457 924/1104/2456
f 925/1105/2458 924/1106/2459 926/1107/2460
f 924/1104/2456 903/1078/2457 926/1108/2461
f 903/1078/2389 904/1079/2391 926/1108/2462
f 926/1107/2463 904/1109/2464 927/1110/2465
f 927/1110/2465 904/1109/2464 928/1111/2466
f 904/1109/2464 905/1081/2467 928/1111/2466
f 905/1081/2468 906/1083/2468 928/1111/2468
f 906/1083/2469 908/1085/2470 928/1111/2471
f 928/1111/2471 908/1085/2470 929/1112/2472
f 930/1113/2473 929/1112/2474 931/1114/2475
f 931/1114/2475 929/1112/2474 932/1115/2476
f 929/1112/2474 908/1085/2477 932/1115/2476
f 908/1085/2477 909/1086/2478 932/1115/2476
f 909/1086/2407 806/965/2406 932/1115/2479
f 806/965/2406 807/966/2480 932/1115/2479
f 807/966/2480 933/1116/2481 932/1115/2479
f 932/1115/2479 933/1116/2481 934/1117/2482
f 934/1117/2483 933/1116/2484 935/1118/2485
f 933/1116/2486 807/966/2487 935/1118/2488
f 807/966/2487 144/170/2489 935/1118/2488
f 936/1119/2490 935/1118/2491 937/1120/2492
f 935/1118/2493 144/170/2493 937/1120/2493
f 144/170/2494 146/172/2494 937/1120/2494
f 937/1120/2495 146/172/2496 938/1121/2497
f 938/1121/2498 146/172/2499 939/1122/2500
f 146/172/378 150/178/379 939/1122/2501
f 940/1123/2502 939/1122/2502 941/1124/2502
f 939/1122/2503 150/178/2503 941/1124/2503
f 150/179/2504 151/180/2504 941/1125/2504
f 151/180/2505 177/206/2505 941/1125/2505
f 177/206/2506 178/207/2507 941/1125/2508
f 178/207/2507 179/208/2509 941/1125/2508
f 941/1125/2510 179/208/2510 942/1126/2510
f 179/208/433 180/209/435 942/1126/2511
f 180/209/435 943/1127/2512 942/1126/2511
f 942/1126/2513 943/1127/2513 944/1128/2513
f 944/1128/2514 943/1127/2515 945/1129/2516
f 945/1129/2517 943/1127/2518 946/1130/2519
f 943/1127/2518 180/209/437 946/1130/2519
f 947/1131/2520 946/1130/2519 948/1132/2521
f 946/1130/2519 180/209/437 948/1132/2521
f 180/209/437 182/211/439 948/1132/2521
f 182/211/442 183/212/443 948/1132/2522
f 948/1132/2522 183/212/443 949/1133/2523
f 183/212/2524 184/213/2524 949/1133/2524
f 950/1134/2525 949/1133/2526 951/1135/2527
f 949/1133/2528 184/213/2528 951/1135/2528
f 184/213/2529 185/214/2529 951/1135/2529
f 951/1135/2530 185/214/2530 952/1136/2530
f 185/214/2531 186/215/2532 952/1136/2533
f 186/215/2532 187/216/2534 952/1136/2533
f 187/216/2534 953/1137/2535 952/1136/2533
f 952/1136/2536 953/1137/2537 954/1138/2538
f 954/1138/2538 953/1137/2537 955/1139/2539
f 953/1137/2540 187/216/2541 955/1139/2542
f 187/216/2541 188/217/2543 955/1139/2542
f 955/1139/2544 188/217/2545 956/1140/2546
f 188/217/2545 189/218/2547 956/1140/2546
f 189/218/2547 769/927/2548 956/1140/2546
f 956/1140/2546 769/927/2548 957/1141/2549
f 957/1141/2549 769/927/2548 958/1142/2550
f 769/927/2548 190/219/456 958/1142/2550
f 190/219/456 192/221/458 958/1142/2550
f 192/221/2551 193/222/2552 958/1142/2553
f 958/1142/2553 193/222/2552 959/1143/2554
f 959/1143/2554 193/222/2552 960/1144/2555
f 193/844/2556 961/1145/2556 960/1146/2556
f 960/1146/2557 961/1145/2558 962/1147/2559
f 963/1148/2560 962/1147/2559 964/1149/2561
f 962/1147/2559 961/1145/2558 964/1149/2561
f 961/1145/2562 193/844/2562 964/1149/2562
f 193/844/2563 702/845/2563 964/1149/2563
f 702/845/2564 703/846/2565 964/1149/2566
f 964/1149/2566 703/846/2565 965/1150/2567
f 965/1150/2568 703/846/2569 966/1151/2570
f 703/846/2571 704/847/2571 966/1151/2571
f 966/1151/2572 704/847/2572 967/1152/2572
f 704/847/2573 705/848/2573 967/1152/2573
f 705/848/1855 706/849/1854 967/1152/2574
f 967/1152/2574 706/849/1854 968/1153/2575
f 968/1153/2576 706/849/2577 969/1154/2578
f 706/849/2579 707/850/2580 969/1154/2581
f 707/850/2580 708/851/2582 969/1154/2581
f 969/1154/2581 708/851/2582 970/1155/2583
f 708/851/1864 709/852/1866 970/1155/2584
f 970/1155/2584 709/852/1866 971/1156/2585
f 709/852/1868 710/853/1869 971/1156/2586
f 971/1156/2587 710/853/2588 972/1157/2589
f 710/853/1870 711/854/1871 972/1157/2590
f 711/854/1871 712/855/2591 972/1157/2590
f 972/1157/2590 712/855/2591 973/1158/2592
f 973/1158/2593 712/855/2593 974/1159/2593
f 712/855/1875 713/856/1876 974/1159/2594
f 974/1159/2594 713/856/1876 975/1160/2595
f 713/856/1876 714/857/1878 975/1160/2595
f 975/1160/2595 714/857/1878 976/1161/2596
f 714/857/2597 715/858/2598 976/1161/2599
f 976/1161/2599 715/858/2598 977/1162/2600
f 715/859/1882 716/861/1884 977/1163/2601
f 977/1163/2601 716/861/1884 978/1164/2602
f 716/861/1884 717/862/1885 978/1164/2602
f 978/1164/2603 717/862/2604 979/1165/2605
f 717/862/2606 718/863/2606 979/1165/2606
f 979/1165/2607 718/863/2608 980/1166/2609
f 718/863/2610 719/866/2611 980/1166/2612
f 980/1166/2612 719/866/2611 981/1167/2613
f 719/866/2614 720/868/2615 981/1167/2616
f 981/1167/2616 720/868/2615 982/1168/2617
f 720/868/1898 721/869/1900 982/1168/2618
f 721/869/1900 722/871/1906 982/1168/2618
f 982/1168/2619 722/871/2620 983/1169/2621
f 983/1169/2621 722/871/2620 984/1170/2622
f 722/871/2623 723/872/2624 984/1170/2625
f 984/1170/2625 723/872/2624 985/1171/2626
f 723/872/2624 724/873/2627 985/1171/2626
f 985/1171/2626 724/873/2627 986/1172/2628
f 724/873/2627 725/874/1917 986/1172/2628
f 725/874/1917 726/875/1919 986/1172/2628
f 726/875/1919 727/876/2629 986/1172/2628
f 986/1172/2628 727/876/2629 987/1173/2630
f 987/1173/2630 727/876/2629 988/1174/2631
f 727/877/1922 728/878/1923 988/1175/2632
f 728/878/2633 729/879/2633 988/1175/2633
f 988/1175/2634 729/879/2635 989/1176/2636
f 729/879/2637 730/880/2637 989/1176/2637
f 730/880/1933 731/881/1934 989/1176/2638
f 731/882/2639 732/883/2640 989/1177/2641
f 989/1178/2641 732/1179/2640 990/1180/2642
f 732/1179/2640 733/885/1945 990/1180/2642
f 733/885/1945 734/886/1947 990/1180/2642
f 734/886/1950 735/887/1949 990/1180/2643
f 990/1180/2644 735/887/2644 991/1181/2644
f 735/887/2645 736/888/2645 991/1181/2645
f 991/1181/2646 736/888/1951 992/1182/2647
f 736/888/1951 737/889/1953 992/1182/2647
f 737/889/1953 738/890/1958 992/1182/2647
f 992/1182/2647 738/890/1958 993/1183/2648
f 738/890/1958 739/891/1959 993/1183/2648
f 994/1184/2649 993/1183/2650 995/1185/2651
f 993/1183/2652 739/891/2653 995/1185/2654
f 739/891/2653 740/892/2655 995/1185/2654
f 995/1185/2656 740/892/1962 996/1186/2657
f 996/1186/2657 740/892/1962 997/1187/2658
f 740/892/1962 741/893/1964 997/1187/2658
f 997/1187/2659 741/893/2659 998/1188/2659
f 998/1188/2660 741/893/1966 999/1189/2661
f 741/893/1966 742/895/1968 999/1189/2661
f 742/895/2662 743/897/2662 999/1189/2662
f 743/897/2663 744/898/2664 999/1189/2665
f 999/1189/2665 744/898/2664 1000/1190/2666
f 1000/1190/2666 744/898/2664 1001/1191/2667
f 744/898/2664 745/899/1975 1001/1191/2667
f 745/899/1975 746/903/1976 1001/1191/2667
f 1001/1191/2668 746/903/2669 1002/1192/2670
f 746/903/2669 747/904/2671 1002/1192/2670
f 1002/1192/2672 747/904/2673 1003/1193/2674
f 747/904/2673 748/905/2675 1003/1193/2674
f 748/905/2675 749/906/2676 1003/1193/2674
f 1003/1193/2674 749/906/2676 1004/1194/2677
f 1004/1194/2678 749/906/1993 1005/1195/2679
f 749/906/1993 750/907/1992 1005/1195/2679
f 1005/1195/2680 750/907/2681 1006/1196/2682
f 750/907/2683 751/908/2684 1006/1196/2685
f 1006/1196/2685 751/908/2684 1007/1197/2686
f 751/908/1995 752/909/1997 1007/1197/2687
f 1007/1197/2688 752/909/1999 1008/1198/2689
f 752/909/1999 753/910/1998 1008/1198/2689
f 1008/1198/2690 753/910/2691 1009/1199/2692
f 753/910/2691 754/911/2693 1009/1199/2692
f 754/911/2693 755/912/2014 1009/1199/2692
f 755/912/2014 758/915/2016 1009/1199/2692
f 1009/1199/2692 758/915/2016 1010/1200/2694
f 1010/1200/2695 758/915/2696 1011/1201/2697
f 758/915/2698 759/916/2698 1011/1201/2698
f 759/916/2019 760/917/2021 1011/1201/2699
f 1011/1201/2699 760/917/2021 1012/1202/2700
f 760/917/2701 761/918/2701 1012/1202/2701
f 761/918/2702 762/919/2702 1012/1202/2702
f 1012/1203/2703 762/920/2029 1013/1204/2704
f 762/920/2029 763/921/2031 1013/1204/2704
f 763/921/2705 764/922/2705 1013/1204/2705
f 764/922/2706 766/924/2706 1013/1204/2706
f 1013/1204/2707 766/924/2708 1014/1205/2709
f 1014/1205/2710 766/924/2711 1015/1206/2712
f 766/924/2711 767/925/2713 1015/1206/2712
f 767/925/2714 768/926/2050 1015/1206/2715
f 768/926/2050 770/928/2051 1015/1206/2715
f 770/928/2716 771/929/2717 1015/1206/2718
f 1015/1206/2718 771/929/2717 1016/1207/2719
f 771/929/2055 772/930/2057 1016/1207/2720
f 1016/1207/2721 772/930/2721 1017/1208/2721
f 772/930/2059 773/931/2061 1017/1208/2722
f 1018/1209/2723 1017/1208/2723 1019/1210/2723
f 1017/1208/2724 773/931/2725 1019/1210/2726
f 773/931/2725 774/932/2727 1019/1210/2726
f 1019/1210/2728 774/932/2728 1020/1211/2728
f 774/932/2729 775/933/2729 1020/1211/2729
f 775/933/2067 776/934/2069 1020/1211/2730
f 776/934/2069 777/935/2070 1020/1211/2730
f 1020/1211/2731 777/935/2731 1021/1212/2731
f 777/935/2072 778/936/2074 1021/1212/2732
f 1021/1212/2733 778/936/2734 1022/1213/2735
f 778/936/2734 779/937/2736 1022/1213/2735
f 779/937/2078 780/938/2077 1022/1213/2737
f 1023/1214/2738 1022/1213/2737 1024/1215/2739
f 1022/1213/2737 780/938/2077 1024/1215/2739
f 1024/1215/2740 780/938/2741 1025/1216/2742
f 780/938/2741 781/939/2743 1025/1216/2742
f 781/939/2743 782/940/2744 1025/1216/2742
f 782/940/2744 783/941/2745 1025/1216/2742
f 783/941/2089 784/942/2091 1025/1216/2746
f 1025/1216/2747 784/942/2748 1026/1217/2749
f 784/942/2092 785/943/2093 1026/1217/2750
f 1026/1217/2750 785/943/2093 1027/1218/2751
f 1027/1218/2752 785/943/2094 1028/1219/2753
f 785/943/2094 786/944/2096 1028/1219/2753
f 786/944/2098 787/945/2100 1028/1219/2754
f 787/945/2755 789/947/2755 1028/1219/2755
f 789/947/2756 791/949/2756 1028/1219/2756
f 791/949/2757 790/948/2757 1028/1219/2757
f 1028/1219/2758 790/948/2758 1029/1220/2758
f 790/948/2759 792/950/2759 1029/1220/2759
f 1029/1220/2760 792/950/2761 1030/1221/2762
f 792/950/2106 794/952/2108 1030/1221/2763
f 794/1222/2764 795/1223/2764 1030/1224/2764
f 795/1223/2765 1031/1225/2765 1030/1224/2765
f 1030/1224/2766 1031/1225/2767 1032/1226/2768
f 1031/1225/2769 143/169/2770 1032/1226/2771
f 143/169/2770 142/168/2772 1032/1226/2771
f 142/168/2773 140/165/2773 1032/1226/2773
f 1032/1226/2774 140/165/2775 1033/1227/2776
f 140/165/2775 137/161/2777 1033/1227/2776
f 137/161/2778 136/160/2778 1033/1227/2778
f 1033/1227/2779 136/160/2780 1034/1228/2781
f 136/160/359 135/159/358 1034/1228/2782
f 135/159/2783 116/137/2784 1034/1228/2785
f 1034/1228/2785 116/137/2784 1035/1229/2786
f 116/137/2787 117/138/2787 1035/1229/2787
f 1035/1229/2788 117/138/2788 1036/1230/2788
f 117/138/2789 118/139/2789 1036/1230/2789
f 118/139/2790 119/140/2791 1036/1230/2792
f 119/140/2791 120/141/2793 1036/1230/2792
f 120/141/2794 121/142/2795 1036/1230/2796
f 1036/1230/2796 121/142/2795 1037/1231/2797
f 1037/1231/2798 121/142/2799 1038/1232/2800
f 121/142/2799 122/143/2801 1038/1232/2800
f 122/143/314 123/145/316 1038/1232/2802
f 123/145/322 125/1233/324 1038/1232/2803
f 1038/1232/2804 125/1233/2804 1039/1234/2804
f 125/148/2805 126/149/2806 1039/1235/2807
f 1039/1235/2807 126/149/2806 1040/1236/2808
f 1040/1236/2808 126/149/2806 1041/1237/2809
f 126/149/2810 127/150/2811 1041/1237/2812
f 127/150/2811 128/151/2813 1041/1237/2812
f 128/151/2814 129/152/2815 1041/1237/2816
f 1041/1237/2816 129/152/2815 1042/1238/2817
f 129/152/341 130/153/342 1042/1238/2818
f 1042/1238/2818 130/153/342 1043/1239/2819
f 130/153/343 131/154/344 1043/1239/2820
f 131/154/2821 132/155/2821 1043/1239/2821
f 1043/1239/2822 132/155/2823 1044/1240/2824
f 132/155/2823 133/156/2825 1044/1240/2824
f 1044/1240/2826 133/156/2826 1045/1241/2826
f 1045/1241/2827 133/156/2827 1046/1242/2827
f 133/156/2828 134/157/2828 1046/1242/2828
f 134/157/355 135/158/357 1046/1242/2829
f 135/158/2830 137/163/2830 1046/1242/2830
f 1046/1242/2831 137/163/2831 1047/1243/2831
f 137/163/2832 138/162/2832 1047/1243/2832
f 1047/1243/2833 138/162/2833 1048/1244/2833
f 138/162/2834 139/164/2835 1048/1244/2836
f 139/166/2835 141/167/2837 1048/1245/2836
f 1049/1246/2838 1048/1245/2839 1050/1247/2840
f 1048/1245/2841 141/167/2842 1050/1247/2843
f 1050/1247/2843 141/167/2842 1051/1248/2844
f 1051/1248/2844 141/167/2842 1052/1249/2845
f 141/167/367 143/169/369 1052/1249/2846
f 143/169/369 1031/1225/2847 1052/1249/2846
f 1031/1225/2847 795/1223/2848 1052/1249/2846
f 1052/1250/2849 795/953/2850 1053/1251/2851
f 795/953/2850 796/954/2852 1053/1251/2851
f 796/954/2853 797/955/2854 1053/1251/2855
f 1053/1251/2855 797/955/2854 1054/1252/2856
f 1054/1252/2857 797/955/2857 1055/1253/2857
f 797/955/2858 798/956/2859 1055/1253/2860
f 1056/1254/2861 1055/1253/2860 1057/1255/2862
f 1055/1253/2860 798/956/2859 1057/1255/2862
f 1057/1255/2862 798/956/2859 1058/1256/2863
f 798/956/2114 799/957/2116 1058/1256/2864
f 799/957/2865 800/958/2865 1058/1256/2865
f 1058/1256/2866 800/958/2866 1059/1257/2866
f 800/958/2125 801/959/2127 1059/1257/2867
f 801/959/2131 802/960/2132 1059/1257/2868
f 1059/1257/2868 802/960/2132 1060/1258/2869
f 1060/1258/2869 802/960/2132 1061/1259/2870
f 802/960/2871 803/961/2871 1061/1259/2871
f 1061/1259/2872 803/961/2872 1062/1260/2872
f 1062/1261/2873 803/962/2874 1063/1262/2875
f 803/962/2874 804/963/2876 1063/1262/2875
f 804/963/2139 805/964/2140 1063/1262/2877
f 1063/1262/2878 805/964/2879 1064/1263/2880
f 1064/1263/2881 805/964/2882 1065/1264/2883
f 805/964/2884 806/965/2884 1065/1264/2884
f 806/965/2406 910/1087/2408 1065/1264/2885
f 1065/1264/2885 910/1087/2408 1066/1265/2886
f 1066/1265/2886 910/1087/2408 1067/1266/2887
f 910/1087/2410 911/1088/2412 1067/1266/2888
f 911/1088/2889 912/1089/2890 1067/1266/2891
f 1067/1266/2891 912/1089/2890 1068/1267/2892
f 1068/1267/2893 912/1089/2893 1069/1268/2893
f 912/1089/2415 913/1090/2417 1069/1268/2894
f 913/1091/2895 914/1092/2895 1069/1269/2895
f 914/1092/2896 915/1093/2896 1069/1269/2896
f 1069/1269/2897 915/1093/2897 1070/1270/2897
f 915/1095/2898 916/1094/2899 1070/1271/2900
f 1070/1271/2900 916/1094/2899 1071/1272/2901
f 1071/1272/2902 916/1094/2903 1072/1273/2904
f 916/1094/2905 917/1096/2435 1072/1273/2906
f 917/1096/2435 918/1097/2436 1072/1273/2906
f 1072/1273/2907 918/1097/2907 1073/1274/2907
f 918/1097/2438 919/1098/2440 1073/1274/2908
f 1074/1275/2909 1073/1274/2910 1075/1276/2911
f 1073/1274/2908 919/1098/2440 1075/1276/2912
f 919/1098/2440 920/1099/2442 1075/1276/2912
f 920/1099/2444 921/1100/2445 1075/1276/2913
f 921/1100/2445 922/1101/2914 1075/1276/2913
f 922/1102/2914 923/1103/2915 1075/1277/2913
f 1075/1277/2916 923/1103/2916 1076/1278/2916
f 923/1103/2917 924/1104/2917 1076/1278/2917
f 1076/1279/2918 924/1106/2918 1077/1280/2918
f 924/1106/2459 925/1105/2458 1077/1280/2919
f 1078/1281/2920 1077/1280/2920 1079/1282/2920
f 1077/1280/2921 925/1105/2922 1079/1282/2923
f 1079/1282/2923 925/1105/2922 1080/1283/2924
f 925/1105/2925 926/1107/2463 1080/1283/2926
f 926/1107/2463 927/1110/2465 1080/1283/2926
f 1080/1283/2927 927/1110/2928 1081/1284/2929
f 1081/1284/2929 927/1110/2928 1082/1285/2930
f 927/1110/2931 928/1111/2931 1082/1285/2931
f 928/1111/2471 929/1112/2472 1082/1285/2932
f 929/1112/2472 930/1113/2933 1082/1285/2932
f 1082/1285/2934 930/1113/2934 1083/1286/2934
f 930/1113/2473 931/1114/2475 1083/1286/2935
f 1083/1286/2936 931/1114/2936 1084/1287/2936
f 931/1114/2937 932/1115/2937 1084/1287/2937
f 932/1115/2479 934/1117/2482 1084/1287/2938
f 1084/1287/2938 934/1117/2482 1085/1288/2939
f 1085/1288/2940 934/1117/2941 1086/1289/2942
f 934/1117/2483 935/1118/2485 1086/1289/2943
f 935/1118/2491 936/1119/2490 1086/1289/2944
f 1086/1289/2945 936/1119/2946 1087/1290/2947
f 936/1119/2948 937/1120/2495 1087/1290/2949
f 937/1120/2495 938/1121/2497 1087/1290/2949
f 938/1121/2498 939/1122/2500 1087/1290/2950
f 1087/1290/2950 939/1122/2500 1088/1291/2951
f 1088/1291/2951 939/1122/2500 1089/1292/2952
f 939/1122/2500 940/1123/2953 1089/1292/2952
f 1089/1292/2954 940/1123/2955 1090/1293/2956
f 940/1123/2955 941/1124/2957 1090/1293/2956
f 941/1124/2958 942/1294/2958 1090/1293/2958
f 942/1126/2959 944/1128/2960 1090/1295/2961
f 1090/1295/2961 944/1128/2960 1091/1296/2962
f 944/1128/2514 945/1129/2516 1091/1296/2963
f 945/1129/2964 946/1130/2965 1091/1296/2966
f 1091/1296/2966 946/1130/2965 1092/1297/2967
f 946/1130/2965 947/1131/2968 1092/1297/2967
f 1093/1298/2969 1092/1297/2970 1094/1299/2971
f 1094/1299/2972 1092/1297/2972 1095/1300/2972
f 1092/1297/2973 947/1131/2973 1095/1300/2973
f 947/1131/2974 948/1132/2522 1095/1300/2975
f 948/1132/2522 949/1133/2523 1095/1300/2975
f 949/1133/2523 950/1134/2976 1095/1300/2975
f 1095/1300/2977 950/1134/2977 1096/1301/2977
f 1096/1301/2978 950/1134/2978 1097/1302/2978
f 950/1134/2525 951/1135/2527 1097/1302/2979
f 951/1135/2980 952/1136/2981 1097/1302/2982
f 1097/1302/2982 952/1136/2981 1098/1303/2983
f 952/1136/2536 954/1138/2538 1098/1303/2984
f 1098/1303/2985 954/1138/2985 1099/1304/2985
f 1099/1304/2986 954/1138/2987 1100/1305/2988
f 1101/1306/2989 1100/1305/2988 1102/1307/2990
f 1100/1305/2988 954/1138/2987 1102/1307/2990
f 954/1138/2991 955/1139/2992 1102/1307/2993
f 955/1139/2992 956/1140/2994 1102/1307/2993
f 956/1140/2994 957/1141/2995 1102/1307/2993
f 1102/1307/2996 957/1141/2997 1103/1308/2998
f 957/1141/2997 958/1142/2999 1103/1308/2998
f 958/1142/2553 959/1143/2554 1103/1308/3000
f 959/1143/3001 1104/1309/3002 1103/1308/3003
f 1103/1308/3004 1104/1309/3004 1105/1310/3004
f 1105/1310/3005 1104/1309/3005 1106/1311/3005
f 1104/1309/3006 1107/1312/3006 1106/1311/3006
f 1108/1313/3007 1106/1311/3008 1109/1314/3009
f 1106/1311/3008 1107/1312/3010 1109/1314/3009
f 1107/1312/3011 1110/1315/3011 1109/1314/3011
f 1109/1314/3012 1110/1315/3012 1111/1316/3012
f 1110/1315/3013 1112/1317/3014 1111/1316/3015
f 1111/1316/3015 1112/1317/3014 1113/1318/3016
f 1113/1318/3017 1112/1317/3017 1114/1319/3017
f 1112/1317/3018 1115/1320/3019 1114/1319/3020
f 1115/1320/3019 1116/1321/3021 1114/1319/3020
f 1116/1321/3022 1117/1322/3023 1114/1319/3024
f 1114/1319/3025 1117/1322/3026 1118/1323/3027
f 1119/1324/3028 1118/1323/3029 1120/1325/3030
f 1118/1323/3027 1117/1322/3026 1120/1325/3031
f 1120/1325/3032 1117/1322/3023 1121/1326/3033
f 1117/1322/3023 1116/1321/3022 1121/1326/3033
f 1121/1326/3034 1116/1321/3021 1122/1327/3035
f 1116/1321/3021 1115/1320/3019 1122/1327/3035
f 1122/1327/3036 1115/1320/3037 1123/1328/3038
f 1124/1329/3039 1123/1328/3040 1125/1330/3041
f 1125/1330/3041 1123/1328/3040 1126/1331/3042
f 1126/1331/3043 1123/1328/3044 1127/1332/3045
f 1123/1328/3038 1115/1320/3037 1127/1332/3046
f 1127/1332/3047 1115/1320/3047 1128/1333/3047
f 1115/1320/3048 1112/1317/3048 1128/1333/3048
f 1112/1317/3049 1110/1315/3050 1128/1333/3051
f 1110/1315/3050 1107/1312/3052 1128/1333/3051
f 1128/1333/3053 1107/1312/3054 1129/1334/3055
f 1107/1312/3056 1104/1309/3056 1129/1334/3056
f 1129/1334/3057 1104/1309/3057 1130/1335/3057
f 1104/1309/3002 959/1143/3001 1130/1335/3058
f 959/1336/3059 960/1146/3059 1130/1337/3059
f 960/1146/3060 962/1147/3061 1130/1337/3062
f 962/1147/3061 963/1148/3063 1130/1337/3062
f 1130/1337/3062 963/1148/3063 1131/1338/3064
f 1131/1338/3065 963/1148/2560 1132/1339/3066
f 963/1148/2560 964/1149/2561 1132/1339/3066
f 964/1149/2566 965/1150/2567 1132/1339/3067
f 1132/1339/3067 965/1150/2567 1133/1340/3068
f 1133/1340/3069 965/1150/3070 1134/1341/3071
f 965/1150/2568 966/1151/2570 1134/1341/3072
f 966/1151/3073 967/1152/3074 1134/1341/3071
f 1134/1341/3071 967/1152/3074 1135/1342/3075
f 967/1152/2574 968/1153/2575 1135/1342/3076
f 1135/1342/3076 968/1153/2575 1136/1343/3077
f 968/1153/2576 969/1154/2578 1136/1343/3078
f 1136/1343/3078 969/1154/2578 1137/1344/3079
f 969/1154/2578 970/1155/3080 1137/1344/3079
f 1137/1344/3079 970/1155/3080 1138/1345/3081
f 970/1155/2584 971/1156/2585 1138/1345/3082
f 1138/1345/3082 971/1156/2585 1139/1346/3083
f 971/1156/2587 972/1157/2589 1139/1346/3084
f 1139/1346/3084 972/1157/2589 1140/1347/3085
f 1140/1347/3085 972/1157/2589 1141/1348/3086
f 972/1157/2590 973/1158/2592 1141/1348/3087
f 1141/1348/3087 973/1158/2592 1142/1349/3088
f 973/1158/3089 974/1159/3089 1142/1349/3089
f 1142/1349/3090 974/1159/3090 1143/1350/3090
f 1143/1350/3091 974/1159/3091 1144/1351/3091
f 974/1159/2594 975/1160/2595 1144/1351/3092
f 975/1160/2595 976/1161/3093 1144/1351/3092
f 1144/1351/3094 976/1161/3095 1145/1352/3096
f 976/1161/3097 977/1162/3098 1145/1352/3099
f 1145/1352/3099 977/1162/3098 1146/1353/3100
f 977/1163/3101 978/1164/2603 1146/1354/3102
f 978/1164/2603 979/1165/2605 1146/1354/3102
f 979/1165/2607 980/1166/2609 1146/1354/3103
f 1146/1354/3103 980/1166/2609 1147/1355/3104
f 980/1166/3105 981/1167/3106 1147/1355/3107
f 1147/1355/3107 981/1167/3106 1148/1356/3108
f 981/1167/3106 982/1168/3109 1148/1356/3108
f 982/1168/2619 983/1169/2621 1148/1356/3110
f 1148/1356/3111 983/1169/3112 1149/1357/3112
f 983/1169/3113 984/1170/3114 1149/1357/3115
f 1150/1358/3116 1149/1357/3116 1151/1359/3116
f 1149/1357/3115 984/1170/3114 1151/1359/3117
f 1151/1359/3118 984/1170/2625 1152/1360/3119
f 984/1170/2625 985/1171/2626 1152/1360/3119
f 985/1171/2626 986/1172/2628 1152/1360/3120
f 986/1172/2628 987/1173/2630 1152/1360/3120
f 1152/1360/3120 987/1173/2630 1153/1361/3121
f 987/1173/2630 988/1174/2631 1153/1361/3121
f 988/1174/2634 989/1178/2636 1153/1361/3122
f 989/1178/3123 990/1180/3124 1153/1361/3125
f 990/1180/3124 991/1181/3126 1153/1361/3125
f 1153/1361/3127 991/1181/2646 1154/1362/3128
f 991/1181/2646 992/1182/2647 1154/1362/3128
f 992/1182/2647 993/1183/2648 1154/1362/3128
f 1154/1362/3128 993/1183/2648 1155/1363/3129
f 993/1183/2650 994/1184/2649 1155/1363/3130
f 1155/1363/3131 994/1184/3132 1156/1364/3133
f 1156/1364/3133 994/1184/3132 1157/1365/3134
f 994/1184/3135 995/1185/3136 1157/1365/3137
f 1157/1365/3137 995/1185/3136 1158/1366/3138
f 995/1185/2656 996/1186/2657 1158/1366/3139
f 996/1186/2657 997/1187/2658 1158/1366/3140
f 1158/1366/3140 997/1187/2658 1159/1367/3141
f 997/1187/2658 998/1188/2660 1159/1367/3141
f 1159/1367/3141 998/1188/2660 1160/1368/3142
f 998/1188/2660 999/1189/2661 1160/1368/3142
f 1160/1368/3143 999/1189/3144 1161/1369/3145
f 999/1189/2665 1000/1190/2666 1161/1369/3146
f 1161/1369/3145 1000/1190/3147 1162/1370/3148
f 1000/1190/3149 1001/1191/3150 1162/1370/3151
f 1001/1191/3150 1002/1192/3152 1162/1370/3151
f 1002/1192/3153 1003/1193/3154 1162/1370/3155
f 1162/1370/3155 1003/1193/3154 1163/1371/3156
f 1003/1193/3154 1004/1194/3157 1163/1371/3156
f 1004/1194/3157 1164/1372/3158 1163/1371/3156
f 1163/1371/3159 1164/1372/3160 1165/1373/3161
f 1165/1373/3162 1164/1372/3162 1166/1374/3162
f 1166/1374/3163 1164/1372/3164 1167/1375/3165
f 1164/1372/3164 1004/1194/2678 1167/1375/3165
f 1004/1194/2678 1005/1195/2679 1167/1375/3165
f 1167/1375/3166 1005/1195/2680 1168/1376/3167
f 1005/1195/2680 1006/1196/2682 1168/1376/3167
f 1168/1376/3168 1006/1196/3169 1169/1377/3170
f 1169/1377/3171 1006/1196/3172 1170/1378/3173
f 1006/1196/3172 1007/1197/2688 1170/1378/3173
f 1007/1197/2688 1008/1198/2689 1170/1378/3173
f 1170/1378/3174 1008/1198/3175 1171/1379/3176
f 1008/1198/2690 1009/1199/2692 1171/1379/3176
f 1009/1199/2692 1010/1200/2694 1171/1379/3176
f 1171/1379/3176 1010/1200/2694 1172/1380/3177
f 1010/1200/2695 1011/1201/2697 1172/1380/3178
f 1172/1380/3179 1011/1201/3179 1173/1381/3179
f 1011/1201/2699 1012/1202/2700 1173/1381/3180
f 1173/1381/3181 1012/1202/3181 1174/1382/3181
f 1174/1383/3182 1012/1203/3182 1175/1384/3182
f 1012/1203/3183 1013/1204/2707 1175/1384/3184
f 1013/1204/2707 1014/1205/2709 1175/1384/3184
f 1014/1205/2710 1015/1206/2712 1175/1384/3185
f 1175/1384/3186 1015/1206/3186 1176/1385/3186
f 1015/1206/2718 1016/1207/2719 1176/1385/3187
f 1176/1385/3188 1016/1207/3189 1177/1386/3190
f 1177/1386/3191 1016/1207/3192 1178/1387/3193
f 1016/1207/3194 1017/1208/3194 1178/1387/3194
f 1017/1208/3195 1018/1209/3195 1178/1387/3195
f 1178/1387/3196 1018/1209/3196 1179/1388/3196
f 1018/1209/3197 1019/1210/3197 1179/1388/3197
f 1019/1210/3198 1020/1211/3198 1179/1388/3198
f 1020/1211/3199 1021/1212/3199 1179/1388/3199
f 1179/1388/3200 1021/1212/3201 1180/1389/3202
f 1021/1212/3201 1022/1213/3203 1180/1389/3202
f 1022/1213/3204 1023/1214/3205 1180/1389/3206
f 1180/1389/3206 1023/1214/3205 1181/1390/3207
f 1182/1391/3208 1181/1390/3209 1183/1392/3210
f 1181/1390/3209 1023/1214/2738 1183/1392/3210
f 1023/1214/2738 1024/1215/2739 1183/1392/3210
f 1183/1392/3211 1024/1215/2740 1184/1393/3212
f 1024/1215/2740 1025/1216/2742 1184/1393/3212
f 1025/1216/2747 1026/1217/2749 1184/1393/3213
f 1026/1217/2750 1027/1218/2751 1184/1393/3214
f 1184/1393/3215 1027/1218/3215 1185/1394/3215
f 1027/1218/2752 1028/1219/2753 1185/1394/3216
f 1028/1219/2753 1029/1220/3217 1185/1394/3216
f 1186/1395/3218 1185/1394/3218 1187/1396/3218
f 1185/1394/3219 1029/1220/3219 1187/1396/3219
f 1029/1220/2760 1030/1221/2762 1187/1396/3220
f 1187/1397/3221 1030/1224/3221 1188/1398/3221
f 1030/1224/2766 1032/1226/2768 1188/1398/3222
f 1032/1226/2768 1033/1227/3223 1188/1398/3222
f 1033/1227/2779 1034/1228/2781 1188/1398/3224
f 1188/1398/3225 1034/1228/3225 1189/1399/3225
f 1189/1399/3226 1034/1228/3226 1190/1400/3226
f 1034/1228/3227 1035/1229/3228 1190/1400/3229
f 1190/1400/3229 1035/1229/3228 1191/1401/3230
f 1035/1229/3228 1036/1230/3231 1191/1401/3230
f 1036/1230/3231 1037/1231/3232 1191/1401/3230
f 1191/1401/3233 1037/1231/2798 1192/1402/3234
f 1037/1231/2798 1038/1232/2800 1192/1402/3234
f 1192/1402/3234 1038/1232/2800 1193/1403/3235
f 1038/1232/2800 1039/1234/3236 1193/1403/3235
f 1193/1403/3235 1039/1234/3236 1194/1404/3237
f 1039/1235/3236 1040/1236/3238 1194/1405/3237
f 1195/1406/3239 1194/1405/3237 1196/1407/3240
f 1194/1405/3237 1040/1236/3238 1196/1407/3240
f 1040/1236/2808 1041/1237/2809 1196/1407/3241
f 1041/1237/2809 1042/1238/3242 1196/1407/3241
f 1196/1407/3243 1042/1238/3244 1197/1408/3245
f 1042/1238/2818 1043/1239/2819 1197/1408/3246
f 1043/1239/3247 1044/1240/3248 1197/1408/3249
f 1197/1408/3249 1044/1240/3248 1198/1409/3250
f 1044/1240/3251 1045/1241/3252 1198/1409/3253
f 1199/1410/3254 1198/1409/3253 1200/1411/3255
f 1198/1409/3253 1045/1241/3252 1200/1411/3255
f 1200/1411/3255 1045/1241/3252 1201/1412/3256
f 1045/1241/3257 1046/1242/3258 1201/1412/3259
f 1046/1242/3258 1047/1243/3257 1201/1412/3259
f 1201/1412/3260 1047/1243/3261 1202/1413/3262
f 1047/1243/3263 1048/1244/3263 1202/1413/3263
f 1048/1244/2839 1049/1414/2838 1202/1413/3264
f 1203/1415/3265 1202/1413/3265 1204/1416/3265
f 1202/1413/3264 1049/1414/2838 1204/1416/3266
f 1204/1416/3266 1049/1414/2838 1205/1417/3267
f 1049/1246/2838 1050/1247/2840 1205/1418/3268
f 1050/1247/3269 1051/1248/3269 1205/1418/3269
f 1205/1419/3270 1051/1420/3271 1206/1421/3272
f 1051/1420/3271 1052/1250/3273 1206/1421/3272
f 1052/1250/3273 1053/1251/3274 1206/1421/3272
f 1053/1251/3275 1054/1252/3276 1206/1421/3277
f 1206/1421/3277 1054/1252/3276 1207/1422/3278
f 1054/1252/3276 1055/1253/3279 1207/1422/3278
f 1055/1253/2860 1056/1254/2861 1207/1422/3280
f 1207/1422/3280 1056/1254/2861 1208/1423/3281
f 1208/1423/3281 1056/1254/2861 1209/1424/3282
f 1209/1424/3282 1056/1254/2861 1210/1425/3283
f 1056/1254/2861 1057/1255/2862 1210/1425/3283
f 1057/1255/3284 1058/1256/3285 1210/1425/3283
f 1058/1256/3285 1059/1257/3286 1210/1425/3283
f 1059/1257/3286 1060/1258/3287 1210/1425/3283
f 1210/1425/3283 1060/1258/3287 1211/1426/3288
f 1211/1426/3289 1060/1258/3290 1212/1427/3291
f 1060/1258/3292 1061/1259/3292 1212/1427/3292
f 1213/1428/3293 1212/1427/3294 1214/1429/3295
f 1212/1427/3294 1061/1259/3296 1214/1429/3295
f 1061/1259/3296 1062/1260/3297 1214/1429/3295
f 1062/1261/2873 1063/1262/2875 1214/1430/3298
f 1214/1430/3298 1063/1262/2875 1215/1431/3299
f 1215/1431/3300 1063/1262/3301 1216/1432/3302
f 1063/1262/2878 1064/1263/2880 1216/1432/3303
f 1064/1263/2881 1065/1264/2883 1216/1432/3304
f 1065/1264/2883 1066/1265/3305 1216/1432/3304
f 1216/1432/3306 1066/1265/3307 1217/1433/3308
f 1066/1265/2886 1067/1266/2887 1217/1433/3309
f 1217/1433/3309 1067/1266/2887 1218/1434/3310
f 1218/1434/3310 1067/1266/2887 1219/1435/3311
f 1067/1266/3312 1068/1267/3312 1219/1435/3312
f 1219/1435/3313 1068/1267/3314 1220/1436/3315
f 1220/1436/3315 1068/1267/3314 1221/1437/3316
f 1068/1267/3317 1069/1268/3318 1221/1437/3319
f 1069/1269/3318 1070/1270/3320 1221/1438/3319
f 1221/1438/3321 1070/1270/3322 1222/1439/3323
f 1070/1271/3322 1071/1272/3324 1222/1440/3323
f 1222/1440/3325 1071/1272/2902 1223/1441/3326
f 1071/1272/2902 1072/1273/2904 1223/1441/3326
f 1072/1273/3327 1073/1274/3327 1223/1441/3327
f 1073/1274/2910 1074/1275/2909 1223/1441/3328
f 1224/1442/3329 1223/1441/3330 1225/1443/3331
f 1223/1441/3330 1074/1275/3332 1225/1443/3331
f 1225/1443/3333 1074/1275/3333 1226/1444/3333
f 1074/1275/2909 1075/1276/2911 1226/1444/3334
f 1075/1277/3335 1076/1278/3335 1226/1445/3335
f 1226/1446/3336 1076/1279/3337 1227/1447/3338
f 1076/1279/3337 1077/1280/3339 1227/1447/3338
f 1077/1280/3340 1078/1281/3341 1227/1447/3342
f 1078/1281/3341 1228/1448/3343 1227/1447/3342
f 1227/1447/3344 1228/1448/3345 1229/1449/3346
f 1229/1449/3346 1228/1448/3345 1230/1450/3347
f 1230/1450/3347 1228/1448/3345 1231/1451/3348
f 1228/1448/3349 1078/1281/3350 1231/1451/3351
f 1078/1281/3350 1079/1282/3352 1231/1451/3351
f 1079/1282/3352 1080/1283/3353 1231/1451/3351
f 1080/1283/3353 1081/1284/3354 1231/1451/3351
f 1081/1284/3354 1082/1285/3355 1231/1451/3351
f 1082/1285/3355 1083/1286/3356 1231/1451/3351
f 1083/1286/3357 1084/1287/3357 1231/1451/3357
f 1231/1451/3348 1084/1287/2938 1232/1452/3358
f 1084/1287/2938 1085/1288/2939 1232/1452/3358
f 1232/1452/3359 1085/1288/3360 1233/1453/3361
f 1085/1288/2940 1086/1289/2942 1233/1453/3362
f 1086/1289/2945 1087/1290/2947 1233/1453/3363
f 1233/1453/3363 1087/1290/2947 1234/1454/3364
f 1087/1290/2950 1088/1291/2951 1234/1454/3365
f 1234/1454/3366 1088/1291/3367 1235/1455/3368
f 1235/1455/3369 1088/1291/3369 1236/1456/3369
f 1236/1456/3370 1088/1291/3370 1237/1457/3370
f 1088/1291/3371 1089/1292/2954 1237/1457/3372
f 1089/1292/2954 1090/1293/2956 1237/1457/3372
f 1090/1295/3373 1091/1296/3373 1237/1458/3373
f 1091/1296/3374 1092/1297/3374 1237/1458/3374
f 1092/1297/3375 1238/1459/3375 1237/1458/3375
f 1237/1458/3376 1238/1459/3376 1239/1460/3376
f 1238/1459/3377 1092/1297/2970 1239/1460/3378
f 1092/1297/2970 1093/1298/2969 1239/1460/3378
f 1239/1460/3379 1093/1298/3380 12/12/3381
f 1093/1298/3382 1094/1299/3383 12/12/3384
f 12/12/3384 1094/1299/3383 1240/1461/3385
f 1094/1299/3386 1095/1300/3387 1240/1461/3388
f 1240/1461/3388 1095/1300/3387 1241/1462/3389
f 1095/1300/3390 1096/1301/3390 1241/1462/3390
f 1096/1301/3391 1097/1302/3392 1241/1462/3393
f 1097/1302/3392 1098/1303/3394 1241/1462/3393
f 1241/1462/3395 1098/1303/3396 1242/1463/3397
f 1098/1303/3396 1099/1304/3398 1242/1463/3397
f 1242/1463/3399 1099/1304/3399 1243/1464/3399
f 1244/1465/3400 1243/1464/3400 1245/1466/3400
f 1243/1464/3401 1099/1304/3401 1245/1466/3401
f 1099/1304/3402 1100/1305/3403 1245/1466/3404
f 1100/1305/3403 1101/1306/3405 1245/1466/3404
f 1245/1466/3406 1101/1306/3406 1246/1467/3406
f 1101/1306/3407 1102/1307/3407 1246/1467/3407
f 1102/1307/3408 1103/1308/3409 1246/1467/3410
f 1246/1467/3410 1103/1308/3409 1247/1468/3411
f 1103/1308/3409 1105/1310/3412 1247/1468/3411
f 1105/1310/3413 1106/1311/3414 1247/1468/3415
f 1106/1311/3414 1108/1313/3416 1247/1468/3415
f 1247/1468/3417 1108/1313/3418 1248/1469/3419
f 1108/1313/3420 1109/1314/3420 1248/1469/3420
f 1109/1314/3421 1111/1316/3421 1248/1469/3421
f 1248/1469/3422 1111/1316/3422 1249/1470/3422
f 1111/1316/3423 1113/1318/3424 1249/1470/3425
f 1249/1470/3425 1113/1318/3424 1250/1471/3426
f 1250/1471/3427 1113/1318/3428 1251/1472/3429
f 1113/1318/3428 1114/1319/3430 1251/1472/3429
f 1114/1319/3431 1118/1323/3431 1251/1472/3431
f 1251/1472/3432 1118/1323/3433 1252/1473/3434
f 1118/1323/3433 1119/1324/3435 1252/1473/3434
f 1252/1473/3434 1119/1324/3435 1253/1474/3436
f 1253/1474/3436 1119/1324/3435 1254/1475/3437
f 1254/1476/3437 1119/1477/3435 1255/1478/3438
f 1119/1477/3028 1120/1479/3030 1255/1478/3439
f 1255/1478/3439 1120/1479/3030 1256/1480/3440
f 1120/1479/3032 1121/1481/3033 1256/1480/3441
f 1256/1480/3442 1121/1481/3034 1257/1482/3443
f 1121/1481/3034 1122/1483/3035 1257/1482/3443
f 1122/1483/3036 1123/1484/3038 1257/1482/3444
f 1257/1482/3444 1123/1484/3038 1258/1485/3445
f 1123/1328/3040 1124/1329/3039 1258/1486/3446
f 1124/1487/3447 1136/1343/3448 1258/1488/3449
f 1136/1343/3448 1137/1344/3450 1258/1488/3449
f 1258/1488/3449 1137/1344/3450 1259/1489/3451
f 1137/1344/3450 1138/1345/3452 1259/1489/3451
f 1138/1345/3082 1139/1346/3083 1259/1489/3453
f 1139/1346/3083 1140/1347/3454 1259/1489/3453
f 1259/1489/3453 1140/1347/3454 1260/1490/3455
f 1140/1347/3085 1141/1348/3086 1260/1490/3456
f 1141/1348/3086 1142/1349/3457 1260/1490/3456
f 1260/1490/3456 1142/1349/3457 1261/1491/3458
f 1261/1491/3459 1142/1349/3460 1262/1492/3461
f 1142/1349/3462 1143/1350/3462 1262/1492/3462
f 1263/1493/3463 1262/1492/3464 1264/1494/3465
f 1262/1492/3464 1143/1350/3466 1264/1494/3465
f 1143/1350/3466 1144/1351/3094 1264/1494/3465
f 1144/1351/3094 1145/1352/3096 1264/1494/3465
f 1145/1352/3467 1146/1353/3103 1264/1494/3468
f 1264/1495/3468 1146/1354/3103 1265/1496/3469
f 1146/1354/3103 1147/1355/3104 1265/1496/3469
f 1265/1496/3470 1147/1355/3107 1266/1497/3471
f 1147/1355/3107 1148/1356/3108 1266/1497/3471
f 1148/1356/3111 1149/1357/3112 1266/1497/3472
f 1149/1357/3473 1150/1358/3473 1266/1497/3473
f 1266/1497/3474 1150/1358/3475 1267/1498/3476
f 1267/1498/3476 1150/1358/3475 1268/1499/3477
f 1150/1358/3475 1151/1359/3118 1268/1499/3477
f 1269/1500/3478 1268/1499/3479 1270/1501/3480
f 1268/1499/3477 1151/1359/3118 1270/1501/3481
f 1270/1501/3481 1151/1359/3118 1271/1502/3482
f 1151/1359/3118 1152/1360/3119 1271/1502/3482
f 1152/1360/3483 1153/1361/3483 1271/1502/3483
f 1153/1361/3484 1154/1362/3484 1271/1502/3484
f 1271/1502/3485 1154/1362/3485 1272/1503/3485
f 1154/1362/3128 1155/1363/3129 1272/1503/3486
f 1272/1503/3487 1155/1363/3488 1273/1504/3489
f 1155/1363/3490 1156/1364/3491 1273/1504/3492
f 1274/1505/3493 1273/1504/3493 1275/1506/3493
f 1273/1504/3492 1156/1364/3491 1275/1506/3494
f 1156/1364/3491 1157/1365/3495 1275/1506/3494
f 1275/1506/3496 1157/1365/3497 1276/1507/3498
f 1157/1365/3497 1158/1366/3140 1276/1507/3498
f 1158/1366/3140 1159/1367/3141 1276/1507/3498
f 1159/1367/3499 1160/1368/3500 1276/1507/3501
f 1276/1507/3501 1160/1368/3500 1277/1508/3502
f 1160/1368/3143 1161/1369/3145 1277/1508/3503
f 1277/1508/3503 1161/1369/3145 1278/1509/3504
f 1161/1369/3145 1162/1370/3148 1278/1509/3504
f 1162/1370/3505 1163/1371/3159 1278/1509/3506
f 1163/1371/3159 1165/1373/3161 1278/1509/3506
f 1278/1509/3507 1165/1373/3507 1279/1510/3507
f 1165/1373/3508 1166/1374/3508 1279/1510/3508
f 1279/1510/3509 1166/1374/3510 1280/1511/3511
f 1166/1374/3512 1167/1375/3513 1280/1511/3514
f 1167/1375/3513 1168/1376/3515 1280/1511/3514
f 1168/1376/3168 1169/1377/3170 1280/1511/3516
f 1280/1511/3517 1169/1377/3518 1281/1512/3519
f 1281/1512/3519 1169/1377/3518 1282/1513/3520
f 1169/1377/3521 1170/1378/3174 1282/1513/3522
f 1170/1378/3174 1171/1379/3176 1282/1513/3522
f 1282/1513/3522 1171/1379/3176 1283/1514/3523
f 1171/1379/3176 1172/1380/3177 1283/1514/3523
f 1283/1514/3523 1172/1380/3177 1284/1515/3524
f 1284/1515/3525 1172/1380/3526 1285/1516/3527
f 1172/1380/3526 1173/1381/3528 1285/1516/3527
f 1285/1516/3529 1173/1381/3530 1286/1517/3531
f 1286/1517/3532 1173/1381/3533 1287/1518/3534
f 1287/1518/3534 1173/1381/3533 1288/1519/3535
f 1173/1381/3536 1174/1382/3536 1288/1519/3536
f 1174/1383/3537 1175/1384/3537 1288/1520/3537
f 1175/1384/3538 1176/1385/3188 1288/1520/3539
f 1176/1385/3188 1177/1386/3190 1288/1520/3539
f 1288/1520/3540 1177/1386/3540 1289/1521/3540
f 1289/1521/3541 1177/1386/3191 1290/1522/3542
f 1177/1386/3191 1178/1387/3193 1290/1522/3542
f 1290/1522/3543 1178/1387/3544 1291/1523/3545
f 1178/1387/3544 1179/1388/3200 1291/1523/3545
f 1179/1388/3200 1180/1389/3202 1291/1523/3545
f 1180/1389/3206 1181/1390/3207 1291/1523/3546
f 1181/1390/3207 1182/1391/3547 1291/1523/3546
f 1291/1523/3548 1182/1391/3549 1292/1524/3550
f 1292/1524/3551 1182/1391/3208 1293/1525/3552
f 1182/1391/3208 1183/1392/3210 1293/1525/3552
f 1293/1525/3553 1183/1392/3554 1294/1526/3555
f 1183/1392/3554 1184/1393/3556 1294/1526/3555
f 1184/1393/3556 1185/1394/3557 1294/1526/3555
f 1185/1394/3557 1186/1395/3558 1294/1526/3555
f 1294/1526/3555 1186/1395/3558 1295/1527/3559
f 1186/1395/3560 1187/1396/3560 1295/1527/3560
f 1187/1397/3561 1188/1398/3561 1295/1528/3561
f 1188/1398/3562 1189/1399/3562 1295/1528/3562
f 1295/1528/3563 1189/1399/3563 1296/1529/3563
f 1189/1399/3564 1190/1400/3564 1296/1529/3564
f 1190/1400/3229 1191/1401/3230 1296/1529/3565
f 1191/1401/3233 1192/1402/3234 1296/1529/3566
f 1296/1529/3567 1192/1402/3234 1297/1530/3568
f 1192/1402/3234 1193/1403/3235 1297/1530/3568
f 1193/1403/3235 1194/1404/3237 1297/1530/3569
f 1194/1404/3237 1195/1531/3570 1297/1530/3569
f 1297/1530/3571 1195/1531/3572 1298/1532/3573
f 1298/1533/3574 1195/1406/3575 1299/1534/3576
f 1195/1406/3239 1196/1407/3240 1299/1534/3577
f 1196/1407/3243 1197/1408/3245 1299/1534/3578
f 1299/1534/3576 1197/1408/3579 1300/1535/3580
f 1197/1408/3249 1198/1409/3250 1300/1535/3581
f 1198/1409/3582 1199/1410/3583 1300/1535/3584
f 1300/1535/3584 1199/1410/3583 1301/1536/3585
f 1301/1536/3586 1199/1410/3586 1302/1537/3586
f 1302/1537/3587 1199/1410/3587 1303/1538/3587
f 1199/1410/3588 1200/1411/3589 1303/1538/3590
f 1200/1411/3589 1201/1412/3260 1303/1538/3590
f 1201/1412/3260 1202/1413/3262 1303/1538/3590
f 1303/1538/3591 1202/1413/3592 1304/1539/3593
f 1202/1413/3592 1203/1415/3594 1304/1539/3593
f 1304/1539/3593 1203/1415/3594 1305/1540/3595
f 1203/1415/3596 1204/1416/3596 1305/1540/3596
f 1204/1416/3266 1205/1417/3267 1305/1540/3597
f 1305/1541/3598 1205/1419/3599 1306/1542/3600
f 1205/1419/3599 1206/1421/3601 1306/1542/3600
f 1206/1421/3277 1207/1422/3278 1306/1542/3602
f 1306/1542/3602 1207/1422/3278 1307/1543/3603
f 1207/1422/3280 1208/1423/3281 1307/1543/3604
f 1307/1543/3605 1208/1423/3606 1308/1544/3607
f 1308/1544/3607 1208/1423/3606 1309/1545/3608
f 1208/1423/3606 1209/1424/3609 1309/1545/3608
f 1309/1545/3608 1209/1424/3609 1310/1546/3610
f 1209/1424/3282 1210/1425/3283 1310/1546/3611
f 1210/1425/3283 1211/1426/3288 1310/1546/3611
f 1310/1546/3611 1211/1426/3288 1311/1547/3612
f 1311/1547/3613 1211/1426/3289 1312/1548/3614
f 1211/1426/3289 1212/1427/3291 1312/1548/3614
f 1212/1427/3291 1213/1428/3615 1312/1548/3614
f 1312/1548/3616 1213/1428/3616 1313/1549/3616
f 1213/1428/3617 1214/1429/3617 1313/1549/3617
f 1314/1550/3618 1313/1551/3618 1315/1552/3618
f 1313/1551/3619 1214/1430/3619 1315/1552/3619
f 1214/1430/3620 1215/1431/3621 1315/1552/3622
f 1315/1552/3622 1215/1431/3621 1316/1553/3623
f 1215/1431/3300 1216/1432/3302 1316/1553/3624
f 1316/1553/3624 1216/1432/3302 1317/1554/3625
f 1216/1432/3306 1217/1433/3308 1317/1554/3626
f 1217/1433/3308 1218/1434/3627 1317/1554/3626
f 1317/1554/3626 1218/1434/3627 1318/1555/3628
f 1318/1555/3628 1218/1434/3627 1319/1556/3629
f 1218/1434/3310 1219/1435/3311 1319/1556/3630
f 1219/1435/3311 1220/1436/3631 1319/1556/3630
f 1319/1556/3632 1220/1436/3632 1320/1557/3632
f 1220/1436/3315 1221/1437/3316 1320/1557/3633
f 1221/1437/3316 1222/1558/3634 1320/1557/3633
f 1321/1559/3635 1320/1560/3635 1322/1561/3635
f 1320/1560/3636 1222/1562/3636 1322/1561/3636
f 1222/1440/3637 1223/1441/3637 1322/1563/3637
f 1223/1441/3638 1224/1442/3638 1322/1563/3638
f 1322/1561/3639 1224/1564/3640 1323/1565/3641
f 1224/1564/3640 1225/1566/3642 1323/1565/3641
f 1323/1565/3643 1225/1566/3644 1324/1567/3645
f 1225/1566/3644 1226/1446/3336 1324/1567/3645
f 1226/1446/3336 1227/1447/3338 1324/1567/3645
f 1324/1567/3646 1227/1447/3344 1325/1568/3647
f 1227/1447/3344 1229/1449/3346 1325/1568/3647
f 1325/1568/3648 1229/1449/3649 1326/1569/3650
f 1326/1569/3650 1229/1449/3649 1327/1570/3651
f 1229/1449/3649 1230/1450/3652 1327/1570/3651
f 1327/1570/3653 1230/1450/3653 1328/1571/3653
f 1230/1450/3347 1231/1451/3348 1328/1571/3654
f 1231/1451/3348 1232/1452/3358 1328/1571/3654
f 1328/1571/3655 1232/1452/3655 1329/1572/3655
f 1232/1452/3359 1233/1453/3361 1329/1572/3656
f 1233/1453/3657 1234/1454/3657 1329/1572/3657
f 1329/1572/3658 1234/1454/3658 1330/1573/3658
f 1234/1454/3366 1235/1455/3368 1330/1573/3659
f 1331/1574/3660 1330/1573/3660 1332/1575/3660
f 1330/1573/3661 1235/1455/3661 1332/1575/3661
f 1235/1455/3662 1236/1456/3663 1332/1575/3664
f 1332/1575/3664 1236/1456/3663 1333/1576/3665
f 1236/1456/3666 1237/1457/3666 1333/1576/3666
f 1333/1577/3667 1237/1458/3668 1334/1578/3669
f 1237/1458/3668 1239/1460/3670 1334/1578/3669
f 1239/1460/3379 12/12/3381 1334/1578/3671
f 1334/1578/3672 12/12/3672 1335/1579/3672
f 12/12/19 10/10/18 1335/1579/3673
f 1335/1579/3674 10/10/15 1336/1580/3675
f 10/10/15 9/9/14 1336/1580/3675
f 1336/1580/3676 9/9/3677 1337/1581/3678
f 9/9/3677 7/7/3679 1337/1581/3678
f 7/7/9 6/6/8 1337/1581/3680
f 1337/1581/3680 6/6/8 1338/1582/3681
f 1338/1582/3682 6/6/3682 1339/1583/3682
f 6/6/3683 1340/1584/3683 1339/1583/3683
f 1339/1583/3684 1340/1584/3685 1341/1585/3686
f 1342/1586/3687 1341/1587/3688 1343/1588/3689
f 1344/1589/3690 1345/1590/3690 1346/1591/3690
f 1346/1591/3691 1345/1590/3692 1347/1592/3693
f 1348/1593/3694 1349/1594/3694 1350/1595/3694
f 1349/1594/3695 1347/1592/3696 1350/1595/3697
f 1347/1592/3693 1345/1590/3692 1350/1595/3698
f 1350/1595/3699 1345/1590/3700 1351/1596/3701
f 1345/1590/3702 1344/1589/3703 1351/1596/3704
f 1351/1596/3704 1344/1589/3703 1352/1597/3705
f 1344/1589/3703 1343/1588/3706 1352/1597/3705
f 1343/1588/3689 1341/1587/3688 1352/1597/3707
f 1352/1598/3708 1341/1585/3709 1353/1599/3710
f 1341/1585/3709 1340/1584/3711 1353/1599/3710
f 1340/1584/3712 6/6/3713 1353/1599/3714
f 6/6/3713 8/8/3715 1353/1599/3714
f 1353/1599/3716 8/8/11 1354/1600/3717
f 8/8/11 9/9/13 1354/1600/3717
f 1354/1600/3718 9/9/3719 1355/1601/3720
f 1355/1601/3720 9/9/3719 1356/1602/3721
f 9/9/14 11/11/16 1356/1602/3722
f 1356/1602/3723 11/11/3724 1357/1603/3725
f 11/11/17 12/12/19 1357/1603/3726
f 12/12/19 1240/1461/3727 1357/1603/3726
f 1240/1461/3727 1241/1462/3728 1357/1603/3726
f 1241/1462/3728 1242/1463/3729 1357/1603/3726
f 1357/1603/3726 1242/1463/3729 1358/1604/3730
f 1242/1463/3731 1243/1464/3732 1358/1604/3733
f 1243/1464/3732 1244/1465/3734 1358/1604/3733
f 1358/1604/3733 1244/1465/3734 1359/1605/3735
f 1359/1605/3735 1244/1465/3734 1360/1606/3736
f 1360/1606/3737 1244/1465/3737 1361/1607/3737
f 1244/1465/3738 1245/1466/3738 1361/1607/3738
f 1361/1607/3739 1245/1466/3740 1362/1608/3741
f 1245/1466/3742 1246/1467/3743 1362/1608/3744
f 1246/1467/3743 1247/1468/3745 1362/1608/3744
f 1247/1468/3417 1248/1469/3419 1362/1608/3746
f 1248/1469/3747 1249/1470/3747 1362/1608/3747
f 1362/1608/3748 1249/1470/3749 1363/1609/3750
f 1363/1609/3750 1249/1470/3749 1364/1610/3751
f 1249/1470/3749 1250/1471/3752 1364/1610/3751
f 1250/1471/3752 1251/1472/3753 1364/1610/3751
f 1251/1472/3754 1252/1473/3754 1364/1610/3754
f 1364/1610/3755 1252/1473/3756 1365/1611/3757
f 1252/1473/3756 1253/1474/3758 1365/1611/3757
f 1365/1611/3759 1253/1474/3760 1366/1612/3761
f 1253/1474/3760 1254/1475/3762 1366/1612/3761
f 1254/1475/3762 1367/1613/3763 1366/1612/3761
f 1367/1613/3764 1126/1614/3765 1366/1612/3766
f 1366/1612/3767 1126/1614/3767 1368/1615/3767
f 1126/1331/3043 1127/1332/3045 1368/1616/3768
f 1127/1332/3769 1128/1333/3769 1368/1616/3769
f 1128/1333/3053 1129/1334/3055 1368/1616/3770
f 1369/1617/3771 1368/1615/3771 1370/1618/3771
f 1368/1616/3772 1129/1334/3773 1370/1619/3774
f 1129/1334/3773 1130/1335/3775 1370/1619/3774
f 1130/1337/3062 1131/1338/3064 1370/1620/3776
f 1131/1338/3065 1132/1339/3066 1370/1620/3777
f 1370/1620/3778 1132/1339/3779 1371/1621/3780
f 1132/1339/3067 1133/1340/3068 1371/1621/3781
f 1133/1340/3069 1134/1341/3071 1371/1621/3782
f 1371/1621/3782 1134/1341/3071 1372/1622/3783
f 1134/1341/3071 1135/1342/3075 1372/1622/3783
f 1135/1342/3784 1136/1343/3784 1372/1622/3784
f 1136/1343/3785 1124/1487/3785 1372/1622/3785
f 1124/1487/3786 1125/1623/3786 1372/1622/3786
f 1372/1622/3787 1125/1623/3788 1373/1624/3789
f 1125/1330/3790 1126/1331/3790 1373/1625/3790
f 1126/1614/3765 1367/1613/3764 1373/1626/3791
f 1373/1627/3791 1367/1628/3764 1374/1629/3792
f 1374/1629/3792 1367/1628/3764 1375/1630/3793
f 1367/1628/3763 1254/1476/3762 1375/1630/3794
f 1375/1630/3794 1254/1476/3762 1376/1631/3795
f 1254/1476/3437 1255/1478/3438 1376/1631/3796
f 1376/1631/3797 1255/1478/3798 1377/1632/3799
f 1255/1478/3798 1256/1480/3800 1377/1632/3799
f 1256/1480/3800 1257/1482/3801 1377/1632/3799
f 1257/1482/3802 1258/1485/3802 1377/1632/3802
f 1258/1488/3449 1259/1489/3451 1377/1633/3803
f 1377/1633/3803 1259/1489/3451 1378/1634/3804
f 1259/1489/3451 1260/1490/3805 1378/1634/3804
f 1378/1634/3806 1260/1490/3807 1379/1635/3808
f 1379/1635/3809 1260/1490/3456 1380/1636/3810
f 1260/1490/3456 1261/1491/3458 1380/1636/3810
f 1261/1491/3459 1262/1492/3461 1380/1636/3811
f 1262/1492/3464 1263/1493/3463 1380/1636/3810
f 1380/1636/3810 1263/1493/3463 1381/1637/3812
f 1381/1637/3812 1263/1493/3463 1382/1638/3813
f 1263/1493/3463 1264/1494/3468 1382/1638/3813
f 1264/1495/3468 1265/1496/3469 1382/1639/3813
f 1265/1496/3470 1266/1497/3471 1382/1639/3814
f 1382/1639/3814 1266/1497/3471 1383/1640/3815
f 1266/1497/3471 1267/1498/3816 1383/1640/3815
f 1267/1498/3817 1268/1499/3817 1383/1640/3817
f 1268/1499/3479 1269/1500/3478 1383/1640/3818
f 1383/1640/3819 1269/1500/3819 1384/1641/3819
f 1384/1641/3820 1269/1500/3821 1385/1642/3822
f 1269/1500/3821 1270/1501/3823 1385/1642/3822
f 1385/1642/3824 1270/1501/3825 1386/1643/3826
f 1270/1501/3827 1271/1502/3827 1386/1643/3827
f 1271/1502/3828 1272/1503/3828 1386/1643/3828
f 1386/1643/3829 1272/1503/3829 1387/1644/3829
f 1272/1503/3487 1273/1504/3489 1387/1644/3830
f 1273/1504/3831 1274/1505/3831 1387/1644/3831
f 1274/1505/3832 1388/1645/3832 1387/1644/3832
f 1387/1644/3833 1388/1645/3833 1389/1646/3833
f 1389/1646/3834 1388/1645/3834 1390/1647/3834
f 1388/1645/3835 1274/1505/3835 1390/1647/3835
f 1274/1505/3836 1275/1506/3496 1390/1647/3837
f 1275/1506/3496 1276/1507/3498 1390/1647/3837
f 1390/1647/3838 1276/1507/3501 1391/1648/3839
f 1276/1507/3501 1277/1508/3502 1391/1648/3839
f 1391/1648/3839 1277/1508/3840 1392/1649/3841
f 1277/1508/3842 1278/1509/3843 1392/1649/3841
f 1278/1509/3843 1279/1510/3844 1392/1649/3841
f 1392/1649/3841 1279/1510/3844 1393/1650/3845
f 1279/1510/3509 1280/1511/3511 1393/1650/3846
f 1280/1511/3847 1281/1512/3848 1393/1650/3849
f 1393/1650/3849 1281/1512/3848 1394/1651/3850
f 1281/1512/3519 1282/1513/3520 1394/1651/3851
f 1282/1513/3520 1283/1514/3852 1394/1651/3851
f 1283/1514/3852 1284/1515/3853 1394/1651/3851
f 1394/1651/3851 1284/1515/3853 1395/1652/3854
f 1395/1652/3854 1284/1515/3853 1396/1653/3855
f 1284/1515/3525 1285/1516/3527 1396/1653/3856
f 1396/1653/3856 1285/1516/3527 1397/1654/3857
f 1285/1516/3529 1286/1517/3531 1397/1654/3858
f 1286/1517/3532 1287/1518/3534 1397/1654/3859
f 1397/1654/3860 1287/1518/3534 1398/1655/3861
f 1287/1518/3534 1288/1519/3535 1398/1655/3861
f 1288/1519/3862 1289/1656/3863 1398/1655/3864
f 1398/1655/3864 1289/1656/3863 1399/1657/3865
f 1399/1657/3866 1289/1656/3866 1400/1658/3866
f 1289/1521/3541 1290/1522/3542 1400/1659/3867
f 1290/1522/3868 1291/1523/3548 1400/1659/3869
f 1291/1523/3548 1292/1524/3550 1400/1659/3869
f 1400/1658/3870 1292/1660/3871 1401/1661/3872
f 1401/1662/3873 1292/1663/3551 1402/1664/3874
f 1402/1664/3874 1292/1663/3551 1403/1665/3875
f 1292/1524/3551 1293/1525/3552 1403/1666/3875
f 1293/1525/3553 1294/1526/3555 1403/1666/3876
f 1403/1666/3876 1294/1526/3555 1404/1667/3877
f 1294/1526/3878 1295/1527/3878 1404/1667/3878
f 1404/1668/3879 1295/1528/3880 1405/1669/3881
f 1295/1528/3880 1296/1529/3882 1405/1669/3881
f 1296/1529/3882 1297/1530/3883 1405/1669/3881
f 1297/1530/3571 1298/1532/3573 1405/1669/3884
f 1405/1669/3884 1298/1532/3573 1406/1670/3885
f 1406/1670/3886 1298/1532/3887 1407/1671/3888
f 1298/1533/3574 1299/1534/3576 1407/1672/3889
f 1299/1534/3576 1300/1535/3580 1407/1672/3889
f 1407/1672/3890 1300/1535/3891 1408/1673/3892
f 1300/1535/3893 1301/1536/3893 1408/1673/3893
f 1408/1673/3894 1301/1536/3895 1409/1674/3896
f 1409/1674/3896 1301/1536/3895 1410/1675/3897
f 1301/1536/3895 1302/1537/3898 1410/1675/3897
f 1410/1675/3899 1302/1537/3900 1411/1676/3901
f 1302/1537/3900 1303/1538/3902 1411/1676/3901
f 1303/1538/3902 1304/1539/3903 1411/1676/3901
f 1411/1676/3901 1304/1539/3903 1412/1677/3904
f 1304/1539/3593 1305/1540/3595 1412/1677/3905
f 1412/1678/3906 1305/1541/3907 1413/1679/3908
f 1305/1541/3909 1306/1542/3910 1413/1679/3911
f 1306/1542/3910 1307/1543/3912 1413/1679/3911
f 1413/1679/3911 1307/1543/3912 1414/1680/3913
f 1307/1543/3605 1308/1544/3607 1414/1680/3914
f 1414/1680/3914 1308/1544/3607 1415/1681/3915
f 1308/1544/3607 1309/1545/3916 1415/1681/3915
f 1416/1682/3917 1415/1681/3915 1417/1683/3918
f 1415/1681/3915 1309/1545/3916 1417/1683/3918
f 1309/1545/3919 1310/1546/3920 1417/1683/3918
f 1417/1683/3918 1310/1546/3920 1418/1684/3921
f 1310/1546/3922 1311/1547/3922 1418/1684/3922
f 1419/1685/3923 1418/1684/3924 1420/1686/3925
f 1418/1684/3924 1311/1547/3613 1420/1686/3925
f 1311/1547/3613 1312/1548/3614 1420/1686/3925
f 1420/1686/3926 1312/1548/3927 1421/1687/3928
f 1312/1548/3929 1313/1549/3929 1421/1687/3929
f 1313/1551/3930 1314/1550/3931 1421/1688/3932
f 1421/1688/3932 1314/1550/3931 1422/1689/3933
f 1422/1689/3933 1314/1550/3931 1423/1690/3934
f 1424/1691/3935 1423/1690/3936 1425/1692/3937
f 1423/1690/3938 1314/1550/3939 1425/1692/3940
f 1314/1550/3939 1315/1552/3941 1425/1692/3940
f 1425/1692/3942 1315/1552/3622 1426/1693/3943
f 1315/1552/3622 1316/1553/3623 1426/1693/3943
f 1316/1553/3624 1317/1554/3625 1426/1693/3944
f 1426/1693/3944 1317/1554/3625 1427/1694/3945
f 1317/1554/3626 1318/1555/3628 1427/1694/3946
f 1318/1555/3628 1319/1556/3629 1427/1694/3946
f 1427/1694/3947 1319/1556/3947 1428/1695/3947
f 1319/1556/3948 1320/1557/3948 1428/1695/3948
f 1320/1560/3949 1321/1559/3950 1428/1696/3951
f 1428/1696/3951 1321/1559/3950 1429/1697/3952
f 1321/1559/3950 1322/1561/3953 1429/1697/3952
f 1430/1698/3954 1429/1697/3955 1431/1699/3956
f 1431/1699/3956 1429/1697/3955 1432/1700/3957
f 1429/1697/3952 1322/1561/3953 1432/1700/3958
f 1322/1561/3959 1323/1565/3960 1432/1700/3961
f 1323/1565/3960 1324/1567/3962 1432/1700/3961
f 1324/1567/3962 1325/1568/3963 1432/1700/3961
f 1432/1700/3964 1325/1568/3964 1433/1701/3964
f 1325/1568/3648 1326/1569/3650 1433/1701/3965
f 1433/1701/3966 1326/1569/3967 1434/1702/3968
f 1434/1702/3968 1326/1569/3967 1435/1703/3969
f 1326/1569/3967 1327/1570/3970 1435/1703/3969
f 1435/1703/3969 1327/1570/3970 1436/1704/3971
f 1436/1704/3972 1327/1570/3972 1437/1705/3972
f 1327/1570/3973 1328/1571/3973 1437/1705/3973
f 1328/1571/3974 1329/1572/3974 1437/1705/3974
f 1329/1572/3975 1330/1573/3975 1437/1705/3975
f 1437/1705/3976 1330/1573/3977 1438/1706/3978
f 1330/1573/3979 1331/1574/3979 1438/1706/3979
f 1438/1707/3980 1331/1708/3980 1439/1709/3980
f 1331/1708/3981 1332/1710/3981 1439/1709/3981
f 1332/1710/3982 1333/1577/3982 1439/1709/3982
f 1333/1577/3667 1334/1578/3669 1439/1709/3983
f 1334/1578/3984 1335/1579/3984 1439/1709/3984
f 1439/1709/3985 1335/1579/3985 1440/1711/3985
f 1335/1579/3674 1336/1580/3675 1440/1711/3986
f 1336/1580/3987 1337/1581/3987 1440/1711/3987
f 1337/1581/3988 1338/1582/3989 1440/1711/3990
f 1440/1711/3990 1338/1582/3989 1441/1712/3991
f 1338/1582/3992 1339/1583/3992 1441/1712/3992
f 1441/1712/3993 1339/1583/3994 1442/1713/3995
f 1339/1583/3684 1341/1585/3686 1442/1713/3996
f 1341/1587/3997 1342/1586/3997 1442/1714/3997
f 1442/1714/3998 1342/1586/3999 1443/1715/4000
f 1443/1715/4000 1342/1586/3999 1444/1716/4001
f 1444/1716/4002 1342/1586/4003 1445/1717/4004
f 1342/1586/4005 1343/1588/3706 1445/1717/4006
f 1343/1588/3706 1344/1589/3703 1445/1717/4006
f 1445/1717/4007 1344/1589/4008 1446/1718/4009
f 1344/1589/4010 1346/1591/4011 1446/1718/4012
f 1346/1591/4011 1347/1592/4013 1446/1718/4012
f 1446/1718/4012 1347/1592/4013 1447/1719/4014
f 1347/1592/3696 1349/1594/3695 1447/1719/4015
f 1447/1719/4015 1349/1594/3695 1448/1720/4016
f 1448/1720/4016 1349/1594/3695 1449/1721/4017
f 1449/1721/4018 1349/1594/4019 1450/1722/4020
f 1349/1594/4021 1348/1593/4021 1450/1722/4021
f 1451/1723/4022 1452/1724/4023 1453/1725/4024
f 1453/1725/4024 1452/1724/4023 1454/1726/4025
f 1455/1727/4026 1456/1728/4026 1457/1729/4026
f 1458/1730/4027 1459/1731/4027 1460/1732/4027
f 1461/1733/4028 1460/1732/4029 1462/1734/4030
f 1462/1735/4031 1463/1736/4032 1464/1737/4033
f 1465/1738/4034 1464/1737/4035 1466/1739/4036
f 1464/1737/4033 1463/1736/4032 1466/1739/4037
f 1466/1739/4038 1463/1736/4038 1467/1740/4038
f 1467/1740/4039 1463/1736/4040 1468/1741/4041
f 1463/1736/4040 1462/1735/4042 1468/1741/4041
f 1462/1734/4030 1460/1732/4029 1468/1742/4043
f 1460/1732/4044 1459/1731/4045 1468/1742/4046
f 1468/1742/4046 1459/1731/4045 1469/1743/4047
f 1459/1731/4045 1470/1744/4048 1469/1743/4047
f 1471/1745/4049 1469/1743/4049 1472/1746/4049
f 1472/1746/4050 1469/1743/4050 1473/1747/4050
f 1469/1743/4051 1470/1744/4051 1473/1747/4051
f 1473/1747/4052 1470/1744/4053 1474/1748/4054
f 1470/1744/4053 1459/1731/4055 1474/1748/4054
f 1459/1731/4055 1458/1730/4056 1474/1748/4054
f 1458/1730/4057 1460/1732/4057 1474/1748/4057
f 1474/1748/4058 1460/1732/4059 1475/1749/4060
f 1460/1732/4059 1461/1733/4061 1475/1749/4060
f 1461/1733/4062 1462/1734/4062 1475/1749/4062
f 1462/1735/4063 1464/1737/4064 1475/1750/4065
f 1475/1750/4065 1464/1737/4064 1476/1751/4066
f 1464/1737/4067 1465/1738/4068 1476/1751/4069
f 1476/1751/4069 1465/1738/4068 1477/1752/4070
f 1477/1752/4071 1465/1738/4071 1478/1753/4071
f 1465/1738/4034 1466/1739/4036 1478/1753/4072
f 1478/1753/4073 1466/1739/4074 1479/1754/4075
f 1479/1754/4076 1466/1739/4077 1480/1755/4078
f 1466/1739/4077 1467/1740/4079 1480/1755/4078
f 1467/1740/4080 1468/1741/4080 1480/1755/4080
f 1468/1741/4081 1469/1756/4081 1480/1755/4081
f 1469/1756/4082 1471/1757/4083 1480/1755/4084
f 1480/1755/4084 1471/1757/4083 1481/1758/4085
f 1481/1758/4085 1471/1757/4083 1482/1759/4086
f 1471/1745/4087 1472/1746/4087 1482/1760/4087
f 1472/1746/4088 1457/1729/4088 1482/1760/4088
f 1482/1760/4089 1457/1729/4089 1483/1761/4089
f 1457/1729/4090 1456/1728/4090 1483/1761/4090
f 1483/1761/4091 1456/1728/4092 1484/1762/4093
f 1456/1728/4094 1455/1727/4094 1484/1762/4094
f 1484/1762/4095 1455/1727/4096 1485/1763/4097
f 1455/1727/4098 1457/1729/4098 1485/1763/4098
f 1457/1729/4099 1472/1746/4099 1485/1763/4099
f 1472/1746/4100 1473/1747/4100 1485/1763/4100
f 1485/1763/4101 1473/1747/4101 1486/1764/4101
f 1473/1747/4102 1474/1748/4103 1486/1764/4104
f 1474/1748/4103 1475/1749/4105 1486/1764/4104
f 1486/1764/4106 1475/1749/4106 1487/1765/4106
f 1475/1750/4107 1476/1751/4107 1487/1766/4107
f 1454/1726/4108 1487/1766/4108 1488/1767/4108
f 1487/1766/4109 1476/1751/4109 1488/1767/4109
f 1476/1751/4069 1477/1752/4070 1488/1767/4110
f 1488/1767/4111 1477/1752/4111 1489/1768/4111
f 1477/1752/4112 1478/1753/4113 1489/1768/4114
f 1489/1768/4114 1478/1753/4113 1490/1769/4115
f 1478/1753/4073 1479/1754/4075 1490/1769/4116
f 1479/1754/4117 1480/1755/4117 1490/1769/4117
f 1480/1755/4118 1481/1758/4118 1490/1769/4118
f 1490/1770/4119 1481/1771/4120 1491/1772/4121
f 1491/1772/4121 1481/1771/4120 1492/1773/4122
f 1481/1771/4123 1482/1774/4124 1492/1773/4125
f 1493/1775/4126 1492/1773/4127 1494/1776/4128
f 1492/1773/4125 1482/1774/4124 1494/1776/4129
f 1494/1777/4130 1482/1760/4130 1495/1778/4130
f 1495/1778/4131 1482/1760/4132 1496/1779/4133
f 1482/1760/4132 1483/1761/4134 1496/1779/4133
f 1497/1780/4135 1496/1779/4136 1498/1781/4137
f 1496/1779/4136 1483/1761/4138 1498/1781/4137
f 1483/1761/4091 1484/1762/4093 1498/1781/4139
f 1484/1762/4095 1485/1763/4097 1498/1781/4140
f 1498/1781/4141 1485/1763/4142 1499/1782/4143
f 1485/1763/4142 1486/1764/4144 1499/1782/4143
f 1499/1782/4145 1486/1764/4145 1500/1783/4145
f 1486/1764/4146 1487/1765/4146 1500/1783/4146
f 1487/1766/4147 1454/1726/4147 1500/1784/4147
f 1500/1784/4148 1454/1726/4148 1501/1785/4148
f 1454/1726/4149 1452/1724/4149 1501/1785/4149
f 1501/1785/4150 1452/1724/4151 1502/1786/4152
f 1452/1724/4153 1451/1723/4153 1502/1786/4153
f 1502/1786/4154 1451/1723/4154 1503/1787/4154
f 1503/1787/4155 1451/1723/4156 1504/1788/4157
f 1451/1723/4156 1453/1725/4158 1504/1788/4157
f 1453/1725/4159 1454/1726/4159 1504/1788/4159
f 1504/1788/4160 1454/1726/4160 1505/1789/4160
f 1454/1726/4161 1488/1767/4162 1505/1789/4163
f 1488/1767/4162 1489/1768/4164 1505/1789/4163
f 1489/1768/4114 1490/1769/4115 1505/1789/4165
f 1505/1790/4166 1490/1770/4167 1506/1791/4168
f 1490/1770/4167 1491/1772/4169 1506/1791/4168
f 1491/1772/4170 1492/1773/4170 1506/1791/4170
f 1506/1791/4171 1492/1773/4172 1507/1792/4173
f 1492/1773/4172 1493/1775/4174 1507/1792/4173
f 1507/1792/4175 1493/1775/4175 1508/1793/4175
f 1509/1794/4176 1508/1793/4177 1510/1795/4178
f 1508/1793/4177 1493/1775/4179 1510/1795/4178
f 1493/1775/4126 1494/1776/4128 1510/1795/4180
f 1510/1796/4181 1494/1777/4181 1511/1797/4181
f 1494/1777/4182 1495/1778/4182 1511/1797/4182
f 1511/1797/4183 1495/1778/4183 1512/1798/4183
f 1495/1778/4131 1496/1779/4133 1512/1798/4184
f 1512/1798/4185 1496/1779/4186 1513/1799/4187
f 1496/1779/4186 1497/1780/4188 1513/1799/4187
f 1513/1799/4189 1497/1780/4190 1514/1800/4191
f 1497/1780/4190 1498/1781/4192 1514/1800/4191
f 1498/1781/4192 1499/1782/4193 1514/1800/4191
f 1499/1782/4193 1500/1783/4194 1514/1800/4191
f 1500/1784/4195 1501/1785/4195 1514/1801/4195
f 1515/1802/4196 1514/1801/4196 1516/1803/4196
f 1514/1801/4197 1501/1785/4197 1516/1803/4197
f 1501/1785/4150 1502/1786/4152 1516/1803/4198
f 1516/1803/4199 1502/1786/4200 1517/1804/4201
f 1502/1786/4202 1503/1787/4202 1517/1804/4202
f 1503/1787/4203 1504/1788/4204 1517/1804/4205
f 1517/1804/4205 1504/1788/4204 1518/1805/4206
f 1504/1788/4207 1505/1789/4208 1518/1805/4209
f 1518/1805/4209 1505/1789/4208 1519/1806/4210
f 1505/1789/4166 1506/1807/4168 1519/1806/4211
f 1520/1808/4212 1519/1806/4213 1521/1809/4214
f 1519/1806/4215 1506/1807/4216 1521/1809/4217
f 1506/1791/4216 1507/1792/4218 1521/1810/4217
f 1521/1810/4219 1507/1792/4220 1522/1811/4221
f 1507/1792/4220 1508/1793/4222 1522/1811/4221
f 1522/1811/4223 1508/1793/4224 1523/1812/4225
f 1524/1813/4226 1523/1812/4227 1525/1814/4228
f 1526/1815/4229 1525/1814/4230 1527/1816/4231
f 1525/1814/4230 1523/1812/4232 1527/1816/4231
f 1523/1812/4225 1508/1793/4224 1527/1816/4233
f 1527/1816/4234 1508/1793/4235 1528/1817/4236
f 1508/1793/4235 1509/1794/4237 1528/1817/4236
f 1528/1817/4238 1509/1794/4239 1529/1818/4240
f 1529/1819/4240 1509/1820/4239 1530/1821/4241
f 1509/1820/4242 1510/1796/4242 1530/1821/4242
f 1510/1796/4243 1511/1797/4243 1530/1821/4243
f 1530/1821/4244 1511/1797/4244 1531/1822/4244
f 1511/1797/4245 1512/1798/4246 1531/1822/4247
f 1531/1822/4247 1512/1798/4246 1532/1823/4248
f 1532/1823/4248 1512/1798/4246 1533/1824/4249
f 1512/1798/4250 1513/1799/4250 1533/1824/4250
f 1533/1824/4251 1513/1799/4252 1534/1825/4253
f 1534/1825/4253 1513/1799/4252 1535/1826/4254
f 1513/1799/4189 1514/1800/4191 1535/1826/4255
f 1514/1800/4256 1515/1827/4256 1535/1826/4256
f 1515/1802/4257 1516/1803/4257 1535/1828/4257
f 1516/1803/4199 1517/1804/4201 1535/1828/4258
f 1535/1828/4258 1517/1804/4201 1536/1829/4259
f 1517/1804/4260 1518/1805/4260 1536/1829/4260
f 1518/1805/4261 1519/1806/4261 1536/1829/4261
f 1519/1806/4262 1520/1808/4262 1536/1829/4262
f 1536/1829/4263 1520/1808/4263 1537/1830/4263
f 1520/1808/4212 1521/1809/4214 1537/1830/4264
f 1521/1810/4214 1522/1811/4265 1537/1831/4264
f 1522/1811/4266 1523/1812/4266 1537/1831/4266
f 1537/1831/4267 1523/1812/4268 1538/1832/4269
f 1523/1812/4270 1524/1813/4271 1538/1832/4272
f 1538/1832/4272 1524/1813/4271 1539/1833/4273
f 1524/1813/4226 1525/1814/4228 1539/1833/4274
f 1525/1814/4230 1526/1815/4229 1539/1833/4275
f 1539/1833/4276 1526/1815/4277 1540/1834/4278
f 1541/1835/4279 1540/1834/4280 1542/1836/4281
f 1540/1834/4278 1526/1815/4277 1542/1836/4282
f 1542/1836/4283 1526/1815/4283 1543/1837/4283
f 1526/1815/4284 1527/1816/4285 1543/1837/4286
f 1527/1816/4285 1528/1817/4287 1543/1837/4286
f 1543/1837/4286 1528/1817/4287 1544/1838/4288
f 1544/1838/4288 1528/1817/4287 1545/1839/4289
f 1528/1817/4287 1529/1818/4290 1545/1839/4289
f 1545/1840/4291 1529/1819/4292 1546/1841/4293
f 1529/1819/4292 1530/1821/4294 1546/1841/4293
f 1530/1821/4295 1531/1822/4296 1546/1841/4297
f 1546/1841/4297 1531/1822/4296 1547/1842/4298
f 1531/1822/4299 1532/1823/4300 1547/1842/4301
f 1547/1842/4301 1532/1823/4300 1548/1843/4302
f 1532/1823/4300 1533/1824/4303 1548/1843/4302
f 1549/1844/4304 1548/1843/4304 1550/1845/4304
f 1548/1843/4305 1533/1824/4305 1550/1845/4305
f 1550/1845/4306 1533/1824/4307 1551/1846/4308
f 1533/1824/4307 1534/1825/4309 1551/1846/4308
f 1551/1846/4308 1534/1825/4310 1552/1847/4311
f 1534/1825/4312 1535/1826/4312 1552/1847/4312
f 1535/1828/4313 1536/1829/4313 1552/1848/4313
f 1536/1829/4314 1537/1830/4314 1552/1848/4314
f 1552/1849/4315 1537/1831/4267 1553/1850/4316
f 1537/1831/4267 1538/1832/4269 1553/1850/4316
f 1553/1850/4317 1538/1832/4317 1554/1851/4317
f 1538/1832/4272 1539/1833/4273 1554/1851/4318
f 1554/1851/4319 1539/1833/4320 1555/1852/4321
f 1539/1833/4320 1540/1834/4322 1555/1852/4321
f 1555/1852/4323 1540/1834/4323 1556/1853/4323
f 1540/1834/4324 1541/1835/4325 1556/1853/4326
f 1556/1853/4326 1541/1835/4325 1557/1854/4327
f 1557/1854/4328 1541/1835/4328 1558/1855/4328
f 1559/1856/4329 1560/1857/4329 1561/1858/4329
f 1560/1857/4330 1558/1855/4330 1561/1858/4330
f 1561/1858/4331 1558/1855/4331 1562/1859/4331
f 1558/1855/4332 1541/1835/4332 1562/1859/4332
f 1562/1859/4333 1541/1835/4333 1563/1860/4333
f 1541/1835/4279 1542/1836/4281 1563/1860/4334
f 1563/1860/4335 1542/1836/4335 1564/1861/4335
f 1542/1836/4336 1543/1837/4336 1564/1861/4336
f 1543/1837/4337 1544/1838/4337 1564/1861/4337
f 1564/1861/4338 1544/1838/4339 1565/1862/4340
f 1544/1838/4339 1545/1839/4341 1565/1862/4340
f 1545/1840/4341 1546/1841/4342 1565/1863/4340
f 1565/1863/4343 1546/1841/4343 1566/1864/4343
f 1566/1864/4344 1546/1841/4345 1567/1865/4346
f 1546/1841/4345 1547/1842/4347 1567/1865/4346
f 1547/1842/4347 1548/1843/4348 1567/1865/4346
f 1548/1843/4348 1549/1844/4349 1567/1865/4346
f 1567/1866/4350 1549/1867/4351 1568/1868/4352
f 1568/1868/4352 1549/1867/4351 1569/1869/4353
f 1549/1867/4351 1550/1870/4354 1569/1869/4353
f 1569/1869/4355 1550/1870/4306 1570/1871/4356
f 1550/1845/4306 1551/1846/4308 1570/1872/4356
f 1551/1846/4308 1552/1847/4311 1570/1872/4356
f 1570/1871/4357 1552/1873/4358 1571/1874/4359
f 1552/1849/4358 1553/1850/4360 1571/1875/4359
f 1571/1875/4361 1553/1850/4361 1572/1876/4361
f 1553/1850/4362 1554/1851/4363 1572/1876/4364
f 1554/1851/4363 1555/1852/4365 1572/1876/4364
f 1572/1876/4364 1555/1852/4365 1573/1877/4366
f 1555/1852/4367 1556/1853/4368 1573/1877/4369
f 1556/1853/4368 1557/1854/4370 1573/1877/4369
f 1573/1877/4371 1557/1854/4372 1574/1878/4373
f 1557/1854/4372 1558/1855/4374 1574/1878/4373
f 1574/1878/4375 1558/1855/4376 1575/1879/4377
f 1558/1855/4376 1560/1857/4378 1575/1879/4377
f 1575/1879/4379 1560/1857/4380 1576/1880/4381
f 1560/1857/4380 1559/1856/4382 1576/1880/4381
f 1559/1856/4383 1450/1722/4384 1576/1880/4385
f 1450/1722/4384 1348/1593/4386 1576/1880/4385
f 1576/1880/4385 1348/1593/4386 1577/1881/4387
f 1348/1593/4388 1350/1595/4388 1577/1881/4388
f 1350/1595/3699 1351/1596/3701 1577/1881/4389
f 1577/1881/4389 1351/1596/3701 1578/1882/4390
f 1351/1596/4391 1352/1597/4391 1578/1882/4391
f 1578/1883/4392 1352/1598/3708 1579/1884/4393
f 1352/1598/3708 1353/1599/3710 1579/1884/4393
f 1353/1599/3716 1354/1600/3717 1579/1884/4394
f 1580/1885/4395 1579/1884/4394 1581/1886/4396
f 1579/1884/4394 1354/1600/3717 1581/1886/4396
f 1354/1600/3718 1355/1601/3720 1581/1886/4397
f 1581/1886/4398 1355/1601/4399 1582/1887/4400
f 1582/1887/4401 1355/1601/4402 1583/1888/4403
f 1355/1601/4402 1356/1602/4404 1583/1888/4403
f 1356/1602/3723 1357/1603/3725 1583/1888/4405
f 1357/1603/3726 1358/1604/3730 1583/1888/4406
f 1358/1604/3730 1359/1605/4407 1583/1888/4406
f 1583/1888/4406 1359/1605/4407 1584/1889/4408
f 1359/1605/3735 1360/1606/3736 1584/1889/4409
f 1584/1889/4409 1360/1606/3736 1585/1890/4410
f 1360/1606/4411 1361/1607/4411 1585/1890/4411
f 1361/1607/3739 1362/1608/3741 1585/1890/4412
f 1362/1608/3741 1363/1609/4413 1585/1890/4412
f 1585/1890/4412 1363/1609/4413 1586/1891/4414
f 1363/1609/4415 1364/1610/4415 1586/1891/4415
f 1364/1610/4416 1365/1611/4416 1586/1891/4416
f 1586/1891/4417 1365/1611/4417 1587/1892/4417
f 1365/1611/4418 1366/1612/4418 1587/1892/4418
f 1366/1612/4419 1368/1615/4419 1587/1892/4419
f 1368/1615/4420 1369/1617/4420 1587/1892/4420
f 1587/1892/4421 1369/1617/4422 1588/1893/4423
f 1369/1617/4422 1370/1618/4424 1588/1893/4423
f 1370/1620/3778 1371/1621/3780 1588/1894/4425
f 1371/1621/4426 1372/1622/4426 1588/1894/4426
f 1372/1622/3787 1373/1624/3789 1588/1894/4427
f 1589/1895/4428 1588/1896/4428 1590/1897/4428
f 1590/1897/4429 1588/1896/4429 1591/1898/4429
f 1588/1896/4430 1373/1627/4431 1591/1898/4432
f 1373/1627/4431 1374/1629/4433 1591/1898/4432
f 1591/1898/4432 1374/1629/4433 1592/1899/4434
f 1374/1629/4435 1375/1630/4435 1592/1899/4435
f 1375/1630/4436 1376/1631/4436 1592/1899/4436
f 1376/1631/4437 1377/1632/4437 1592/1899/4437
f 1377/1633/3803 1378/1634/3804 1592/1900/4438
f 1592/1900/4434 1378/1634/3806 1593/1901/4439
f 1378/1634/3806 1379/1635/3808 1593/1901/4439
f 1593/1901/4440 1379/1635/3809 1594/1902/4441
f 1379/1635/3809 1380/1636/3810 1594/1902/4441
f 1380/1636/3810 1381/1637/3812 1594/1902/4441
f 1594/1903/4441 1381/1904/3812 1595/1905/4442
f 1595/1905/4443 1381/1904/4444 1596/1906/4445
f 1381/1637/3812 1382/1638/3813 1596/1907/4446
f 1382/1639/3814 1383/1640/3815 1596/1908/4447
f 1383/1640/3815 1384/1641/4448 1596/1908/4447
f 1384/1641/4448 1385/1642/4449 1596/1908/4447
f 1596/1908/4450 1385/1642/4450 1597/1909/4450
f 1597/1909/4451 1385/1642/4452 1598/1910/4453
f 1598/1910/4453 1385/1642/4452 1599/1911/4454
f 1385/1642/3824 1386/1643/3826 1599/1911/4455
f 1386/1643/4456 1387/1644/4457 1599/1911/4458
f 1599/1911/4458 1387/1644/4457 1600/1912/4459
f 1387/1644/4457 1389/1646/4460 1600/1912/4459
f 1600/1912/4461 1389/1646/4461 1601/1913/4461
f 1389/1646/4462 1390/1647/4462 1601/1913/4462
f 1601/1913/4463 1390/1647/3838 1602/1914/4464
f 1390/1647/3838 1391/1648/3839 1602/1914/4464
f 1602/1914/4464 1391/1648/3839 1603/1915/4465
f 1603/1915/4465 1391/1648/3839 1604/1916/4466
f 1391/1648/3839 1392/1649/3841 1604/1916/4466
f 1392/1649/3841 1393/1650/3845 1604/1916/4466
f 1393/1650/3849 1394/1651/3850 1604/1916/4467
f 1394/1651/4468 1395/1652/4469 1604/1916/4466
f 1604/1916/4466 1395/1652/4469 1605/1917/4470
f 1605/1917/4470 1395/1652/4469 1606/1918/4471
f 1395/1652/4469 1396/1653/4472 1606/1918/4471
f 1606/1918/4473 1396/1653/3856 1607/1919/4474
f 1396/1653/3856 1397/1654/3857 1607/1919/4474
f 1397/1654/4475 1398/1655/4476 1607/1919/4477
f 1607/1919/4477 1398/1655/4476 1608/1920/4478
f 1398/1655/3864 1399/1657/3865 1608/1920/4479
f 1608/1920/4479 1399/1657/3865 1609/1921/4480
f 1399/1657/4481 1400/1658/4481 1609/1921/4481
f 1400/1658/3870 1401/1661/3872 1609/1921/4482
f 1609/1921/4480 1401/1661/4483 1610/1922/4484
f 1610/1923/4485 1401/1662/3873 1611/1924/4486
f 1401/1662/3873 1402/1664/3874 1611/1924/4486
f 1611/1924/4487 1402/1664/4488 1612/1925/4489
f 1402/1664/4488 1403/1665/3876 1612/1925/4489
f 1403/1665/3876 1404/1926/3877 1612/1925/4489
f 1404/1668/4490 1405/1669/4490 1612/1927/4490
f 1405/1669/4491 1406/1670/4492 1612/1927/4493
f 1612/1927/4493 1406/1670/4492 1613/1928/4494
f 1613/1928/4495 1406/1670/4496 1614/1929/4497
f 1406/1670/3886 1407/1671/3888 1614/1929/4498
f 1407/1671/3890 1408/1930/3892 1614/1929/4499
f 1615/1931/4500 1614/1929/4500 1616/1932/4500
f 1614/1929/4501 1408/1930/4501 1616/1932/4501
f 1408/1673/3894 1409/1674/3896 1616/1933/4502
f 1409/1674/3896 1410/1675/3897 1616/1933/4502
f 1616/1933/4503 1410/1675/3899 1617/1934/4504
f 1410/1675/3899 1411/1676/3901 1617/1934/4504
f 1411/1676/3901 1412/1677/3904 1617/1934/4505
f 1617/1935/4506 1412/1678/4506 1618/1936/4506
f 1412/1678/3906 1413/1679/3908 1618/1936/4507
f 1618/1936/4507 1413/1679/3908 1619/1937/4508
f 1413/1679/4509 1414/1680/4510 1619/1937/4511
f 1414/1680/4510 1415/1681/3915 1619/1937/4511
f 1415/1681/3915 1416/1682/3917 1619/1937/4511
f 1619/1937/4511 1416/1682/3917 1620/1938/4512
f 1620/1938/4512 1416/1682/3917 1621/1939/4513
f 1621/1939/4513 1416/1682/3917 1622/1940/4514
f 1416/1682/3917 1417/1683/3918 1622/1940/4514
f 1417/1683/3918 1418/1684/3921 1622/1940/4514
f 1622/1940/4515 1418/1684/3924 1623/1941/4516
f 1418/1684/3924 1419/1685/3923 1623/1941/4516
f 1623/1942/4517 1419/1943/4518 1624/1944/4519
f 1624/1944/4519 1419/1943/4518 1625/1945/4520
f 1419/1685/4521 1420/1686/4521 1625/1946/4521
f 1420/1686/3926 1421/1687/3928 1625/1946/4522
f 1421/1688/4523 1422/1689/4523 1625/1947/4523
f 1625/1947/4524 1422/1689/4525 1626/1948/4526
f 1422/1689/4527 1423/1690/4527 1626/1948/4527
f 1626/1948/4528 1423/1690/4528 1627/1949/4528
f 1423/1690/3936 1424/1691/3935 1627/1949/4529
f 1627/1949/4530 1424/1691/4531 1628/1950/4532
f 1424/1691/4533 1425/1692/3942 1628/1950/4534
f 1425/1692/3942 1426/1693/3943 1628/1950/4534
f 1628/1950/4535 1426/1693/4535 1629/1951/4535
f 1426/1693/3944 1427/1694/3945 1629/1951/4536
f 1629/1951/4536 1427/1694/3945 1630/1952/4537
f 1427/1694/3945 1428/1695/4538 1630/1952/4537
f 1630/1952/4537 1428/1695/4538 1631/1953/4539
f 1428/1696/4538 1429/1697/4540 1631/1954/4539
f 1429/1697/4541 1430/1698/4541 1631/1954/4541
f 1631/1954/4542 1430/1698/4542 1632/1955/4542
f 1632/1955/4543 1430/1698/4544 1633/1956/4545
f 1430/1698/4544 1431/1699/4546 1633/1956/4545
f 1633/1956/4545 1431/1699/4546 1634/1957/4547
f 1634/1957/4548 1431/1699/4548 1635/1958/4548
f 1431/1699/3956 1432/1700/3957 1635/1958/4549
f 1432/1700/4550 1433/1701/3966 1635/1958/4551
f 1433/1701/3966 1434/1702/3968 1635/1958/4551
f 1635/1958/4552 1434/1702/4553 1636/1959/4554
f 1434/1702/4553 1435/1703/4555 1636/1959/4554
f 1435/1703/4555 1436/1704/4556 1636/1959/4554
f 1636/1959/4557 1436/1704/4557 1637/1960/4557
f 1637/1960/4558 1436/1704/4558 1638/1961/4558
f 1638/1961/4559 1436/1704/4559 1639/1962/4559
f 1436/1704/4560 1437/1705/4560 1639/1962/4560
f 1437/1705/3976 1438/1706/3978 1639/1962/4561
f 1639/1963/4562 1438/1964/4562 1640/1965/4562
f 1640/1965/4563 1438/1964/4563 1641/1966/4563
f 1438/1707/4564 1439/1709/4564 1641/1967/4564
f 1439/1709/4565 1440/1711/4566 1641/1967/4567
f 1440/1711/4566 1441/1712/4568 1641/1967/4567
f 1641/1966/4567 1441/1968/4568 1642/1969/4569
f 1441/1968/3993 1442/1714/3995 1642/1969/4570
f 1642/1969/4570 1442/1714/3995 1643/1970/4571
f 1442/1714/3995 1443/1715/4572 1643/1970/4571
f 1643/1970/4571 1443/1715/4572 1644/1971/4573
f 1443/1715/4572 1444/1716/4574 1644/1971/4573
f 1644/1971/4573 1444/1716/4574 1645/1972/4575
f 1645/1972/4576 1444/1716/4577 1646/1973/4578
f 1444/1716/4002 1445/1717/4004 1646/1973/4579
f 1445/1717/4007 1446/1718/4009 1646/1973/4580
f 1646/1973/4581 1446/1718/4581 1647/1974/4581
f 1446/1718/4012 1447/1719/4014 1647/1974/4582
f 1447/1719/4014 1448/1720/4583 1647/1974/4582
f 1647/1974/4582 1448/1720/4583 1648/1975/4584
f 1648/1975/4584 1448/1720/4583 1649/1976/4585
f 1448/1720/4016 1449/1721/4017 1649/1976/4586
f 1649/1976/4586 1449/1721/4017 1650/1977/4587
f 1449/1721/4018 1450/1722/4020 1650/1977/4588
f 1651/1978/4589 1650/1977/4590 1652/1979/4591
f 1650/1977/4592 1450/1722/4592 1652/1979/4592
f 1450/1722/4593 1559/1856/4593 1652/1979/4593
f 1559/1856/4594 1561/1858/4595 1652/1979/4596
f 1652/1979/4596 1561/1858/4595 1653/1980/4597
f 1653/1980/4598 1561/1858/4599 1654/1981/4600
f 1561/1858/4599 1562/1859/4601 1654/1981/4600
f 1654/1981/4602 1562/1859/4603 1655/1982/4604
f 1562/1859/4603 1563/1860/4605 1655/1982/4604
f 1563/1860/4606 1564/1861/4607 1655/1982/4608
f 1655/1982/4608 1564/1861/4607 1656/1983/4609
f 1564/1861/4607 1565/1862/4610 1656/1983/4609
f 1656/1984/4611 1565/1985/4612 1657/1986/4613
f 1565/1985/4612 1566/1987/4614 1657/1986/4613
f 1566/1987/4615 1567/1866/4615 1657/1986/4615
f 1567/1866/4616 1568/1868/4617 1657/1986/4618
f 1658/1988/4619 1657/1986/4618 1659/1989/4620
f 1657/1986/4618 1568/1868/4617 1659/1989/4620
f 1659/1989/4620 1568/1868/4617 1660/1990/4621
f 1568/1868/4622 1569/1869/4623 1660/1990/4624
f 1660/1990/4624 1569/1869/4623 1661/1991/4625
f 1661/1991/4626 1569/1869/4627 1662/1992/4628
f 1569/1869/4355 1570/1871/4356 1662/1992/4629
f 1662/1992/4630 1570/1871/4357 1663/1993/4631
f 1570/1871/4357 1571/1874/4359 1663/1993/4631
f 1571/1875/4632 1572/1876/4632 1663/1994/4632
f 1572/1876/4364 1573/1877/4366 1663/1994/4633
f 1663/1994/4634 1573/1877/4635 1664/1995/4636
f 1573/1877/4635 1574/1878/4637 1664/1995/4636
f 1664/1995/4638 1574/1878/4639 1665/1996/4640
f 1574/1878/4641 1575/1879/4641 1665/1996/4641
f 1575/1879/4642 1576/1880/4642 1665/1996/4642
f 1576/1880/4385 1577/1881/4387 1665/1996/4643
f 1666/1997/4644 1665/1996/4645 1667/1998/4646
f 1665/1996/4643 1577/1881/4387 1667/1998/4647
f 1577/1881/4389 1578/1882/4390 1667/1998/4648
f 1667/1998/4648 1578/1882/4390 1668/1999/4649
f 1578/1883/4650 1579/1884/4651 1668/2000/4652
f 1579/1884/4651 1580/1885/4653 1668/2000/4652
f 1668/2000/4652 1580/1885/4653 1669/2001/4654
f 1669/2001/4655 1580/1885/4656 1670/2002/4657
f 1580/1885/4656 1581/1886/4658 1670/2002/4657
f 1581/1886/4398 1582/1887/4400 1670/2002/4659
f 1670/2002/4660 1582/1887/4401 1671/2003/4661
f 1582/1887/4401 1583/1888/4403 1671/2003/4661
f 1583/1888/4406 1584/1889/4408 1671/2003/4662
f 1584/1889/4409 1585/1890/4410 1671/2003/4663
f 1585/2004/4410 1672/2005/4664 1671/2006/4663
f 1671/2006/4663 1672/2005/4664 1673/2007/4665
f 1672/2005/4664 1674/2008/4666 1673/2007/4665
f 1673/2007/4665 1674/2008/4666 1675/2009/4667
f 1675/2009/4668 1674/2008/4669 1676/2010/4670
f 1674/2008/4669 1672/2005/4671 1676/2010/4670
f 1672/2005/4671 1585/2004/4412 1676/2010/4670
f 1585/1890/4412 1586/1891/4414 1676/2011/4670
f 1586/1891/4414 1587/1892/4421 1676/2011/4670
f 1676/2011/4670 1587/1892/4421 1677/2012/4672
f 1587/1892/4421 1588/1893/4423 1677/2012/4672
f 1588/1896/4673 1589/1895/4673 1677/2013/4673
f 1677/2013/4674 1589/1895/4674 1678/2014/4674
f 1678/2014/4675 1589/1895/4675 1679/2015/4675
f 1589/1895/4676 1590/1897/4676 1679/2015/4676
f 1679/2015/4677 1590/1897/4677 1680/2016/4677
f 1680/2016/4678 1590/1897/4679 1681/2017/4680
f 1590/1897/4679 1591/1898/4681 1681/2017/4680
f 1591/1898/4432 1592/1899/4434 1681/2017/4682
f 1592/1899/4434 1593/2018/4439 1681/2017/4682
f 1681/2019/4682 1593/2020/4439 1682/2021/4683
f 1593/2020/4439 1594/1903/4684 1682/2021/4683
f 1594/1903/4441 1595/1905/4442 1682/2021/4685
f 1682/2021/4685 1595/1905/4442 1683/2022/4686
f 1683/2022/4687 1595/1905/4443 1684/2023/4688
f 1684/2023/4688 1595/1905/4443 1685/2024/4689
f 1595/1905/4443 1596/1906/4445 1685/2024/4689
f 1596/1908/4690 1597/1909/4451 1685/2025/4691
f 1597/1909/4451 1598/1910/4453 1685/2025/4691
f 1685/2025/4691 1598/1910/4453 1686/2026/4692
f 1686/2026/4693 1598/1910/4453 1687/2027/4694
f 1598/1910/4453 1599/1911/4454 1687/2027/4694
f 1599/1911/4458 1600/1912/4459 1687/2027/4695
f 1600/1912/4459 1688/2028/4696 1687/2027/4695
f 1687/2027/4695 1688/2028/4696 1689/2029/4697
f 1689/2029/4698 1688/2028/4699 1690/2030/4700
f 1688/2028/4699 1600/1912/4701 1690/2030/4700
f 1600/1912/4701 1601/1913/4702 1690/2030/4700
f 1601/1913/4703 1602/1914/4704 1690/2030/4700
f 1690/2030/4700 1602/1914/4704 1691/2031/4705
f 1602/1914/4704 1603/1915/4706 1691/2031/4705
f 1603/1915/4465 1604/1916/4466 1691/2031/4707
f 1691/2031/4707 1604/1916/4466 1692/2032/4708
f 1604/1916/4466 1605/1917/4470 1692/2032/4708
f 1692/2032/4708 1605/1917/4470 5/5/7
f 1605/1917/4470 1606/1918/4471 5/5/7
f 1606/1918/4709 1693/2033/4709 5/5/4709
f 5/5/4710 1693/2033/4711 1694/2034/4712
f 1693/2033/4711 1606/1918/4473 1694/2034/4712
f 1606/1918/4473 1607/1919/4474 1694/2034/4712
f 1607/1919/4713 1608/1920/4713 1694/2034/4713
f 1694/2034/4714 1608/1920/4714 1695/2035/4714
f 1608/1920/4479 1609/1921/4480 1695/2035/4715
f 1695/2035/4715 1609/1921/4480 1696/2036/4716
f 1697/2037/4717 1696/2036/4718 1698/2038/4718
f 1696/2036/4716 1609/1921/4480 1698/2038/4719
f 1609/1921/4480 1610/1922/4484 1698/2038/4719
f 1698/2038/4719 1610/1922/4484 1699/2039/4720
f 1699/2040/4721 1610/1923/4485 1700/2041/4722
f 1610/1923/4485 1611/1924/4486 1700/2041/4722
f 1700/2041/4723 1611/1924/4487 1701/2042/4724
f 1611/1924/4487 1612/1925/4489 1701/2042/4724
f 1702/2043/4725 1701/2042/4726 1703/2044/4727
f 1701/2042/4728 1612/1925/4729 1703/2044/4730
f 1612/1925/4729 1613/2045/4731 1703/2044/4730
f 1703/2044/4730 1613/2045/4731 1704/2046/4732
f 1613/1928/4495 1614/1929/4497 1704/2047/4733
f 1614/1929/4497 1615/1931/4734 1704/2047/4733
f 1704/2047/4735 1615/1931/4735 1705/2048/4735
f 1615/1931/4736 1616/1932/4737 1705/2048/4738
f 1705/2048/4738 1616/1932/4737 1706/2049/4739
f 1616/1933/4740 1617/1934/4740 1706/2050/4740
f 1706/2051/4741 1617/1935/4742 1707/2052/4743
f 1617/1935/4744 1618/1936/4744 1707/2052/4744
f 1618/1936/4745 1619/1937/4746 1707/2052/4747
f 1619/1937/4746 1620/1938/4748 1707/2052/4747
f 1707/2052/4747 1620/1938/4748 1708/2053/4749
f 1620/1938/4512 1621/1939/4513 1708/2053/4750
f 1708/2053/4751 1621/1939/4752 1709/2054/4753
f 1621/1939/4752 1622/1940/4754 1709/2054/4753
f 1622/1940/4515 1623/1941/4516 1709/2054/4755
f 1709/2055/4756 1623/1942/4757 1710/2056/4758
f 1623/1942/4517 1624/1944/4519 1710/2056/4759
f 1710/2056/4760 1624/1944/4761 1711/2057/4762
f 1711/2057/4762 1624/1944/4761 1712/2058/4763
f 1624/1944/4761 1625/1945/4524 1712/2058/4763
f 1625/1945/4524 1626/2059/4526 1712/2058/4763
f 1712/2058/4764 1626/2059/4765 1713/2060/4766
f 1626/2059/4765 1627/2061/4767 1713/2060/4766
f 1627/1949/4530 1628/1950/4532 1713/2062/4768
f 1713/2062/4768 1628/1950/4532 1714/2063/4769
f 1628/1950/4770 1629/1951/4771 1714/2063/4772
f 1629/1951/4771 1630/1952/4773 1714/2063/4772
f 1714/2063/4772 1630/1952/4773 1715/2064/4774
f 1630/1952/4773 1631/1953/4775 1715/2064/4774
f 1715/2065/4774 1631/1954/4775 1716/2066/4776
f 1631/1954/4775 1632/1955/4543 1716/2066/4776
f 1632/1955/4543 1633/1956/4545 1716/2066/4776
f 1716/2066/4777 1633/1956/4777 1717/2067/4777
f 1718/2068/4778 1717/2069/4779 1719/2070/4780
f 1717/2067/4781 1633/1956/4545 1719/2071/4782
f 1633/1956/4545 1634/1957/4547 1719/2071/4782
f 1634/1957/4783 1635/1958/4784 1719/2071/4785
f 1719/2071/4785 1635/1958/4784 1720/2072/4786
f 1721/2073/4787 1720/2072/4788 1722/2074/4789
f 1720/2072/4788 1635/1958/4790 1722/2074/4789
f 1635/1958/4790 1636/1959/4791 1722/2074/4789
f 1722/2074/4792 1636/1959/4792 1723/2075/4792
f 1723/2075/4793 1636/1959/4793 1724/2076/4793
f 1636/1959/4794 1637/1960/4794 1724/2076/4794
f 1724/2076/4795 1637/1960/4795 1725/2077/4795
f 1637/1960/4796 1638/1961/4796 1725/2077/4796
f 1638/2078/4797 1639/1963/4798 1725/2079/4799
f 1726/2080/4800 1727/2081/4801 1725/2079/4802
f 1725/2079/4802 1727/2081/4801 1728/2082/4803
f 1728/2082/4804 1727/2081/4804 1729/2083/4804
f 1727/2081/4805 1726/2080/4805 1729/2083/4805
f 1729/2083/4806 1726/2080/4807 1730/2084/4808
f 1726/2080/4807 1725/2079/4799 1730/2084/4808
f 1725/2079/4799 1639/1963/4798 1730/2084/4808
f 1639/1963/4798 1640/1965/4809 1730/2084/4808
f 1730/2084/4810 1640/1965/4811 1731/2085/4812
f 1640/1965/4813 1641/1966/4813 1731/2085/4813
f 1641/1966/4814 1642/1969/4814 1731/2085/4814
f 1642/1969/4570 1643/1970/4571 1731/2085/4815
f 1731/2085/4815 1643/1970/4571 1732/2086/4816
f 1732/2086/4816 1643/1970/4571 1733/2087/4817
f 1643/1970/4571 1644/1971/4573 1733/2087/4817
f 1733/2087/4817 1644/1971/4573 1734/2088/4818
f 1734/2088/4818 1644/1971/4573 1735/2089/4819
f 1644/1971/4573 1645/1972/4575 1735/2089/4819
f 1735/2089/4820 1645/1972/4576 1736/2090/4821
f 1645/1972/4576 1646/1973/4578 1736/2090/4821
f 1736/2090/4822 1646/1973/4823 1737/2091/4824
f 1646/1973/4825 1647/1974/4825 1737/2091/4825
f 1647/1974/4582 1648/1975/4584 1737/2091/4826
f 1737/2091/4827 1648/1975/4828 1738/2092/4829
f 1739/2093/4830 1738/2092/4829 1740/2094/4831
f 1738/2092/4829 1648/1975/4828 1740/2094/4831
f 1648/1975/4832 1649/1976/4832 1740/2094/4832
f 1649/1976/4833 1650/1977/4834 1740/2094/4835
f 1740/2094/4835 1650/1977/4834 1741/2095/4836
f 1650/1977/4590 1651/1978/4589 1741/2095/4837
f 1741/2095/4838 1651/1978/4839 1742/2096/4840
f 1651/1978/4839 1652/1979/4841 1742/2096/4840
f 1652/1979/4842 1653/1980/4842 1742/2096/4842
f 1742/2097/4843 1653/2098/4844 1743/2099/4845
f 1653/2098/4846 1654/2100/4846 1743/2099/4846
f 1654/2100/4602 1655/2101/4604 1743/2099/4847
f 1655/2101/4848 1656/1984/4848 1743/2099/4848
f 1656/1984/4611 1657/1986/4613 1743/2099/4849
f 1657/1986/4850 1658/1988/4850 1743/2099/4850
f 1743/2099/4851 1658/1988/4851 1744/2102/4851
f 1658/1988/4619 1659/1989/4620 1744/2102/4852
f 1744/2102/4853 1659/1989/4620 1745/2103/4854
f 1659/1989/4620 1660/1990/4621 1745/2103/4854
f 1745/2103/4855 1660/1990/4856 1746/2104/4857
f 1660/1990/4856 1661/1991/4858 1746/2104/4857
f 1661/1991/4626 1662/1992/4628 1746/2104/4859
f 1662/1992/4628 1747/2105/4860 1746/2104/4859
f 1746/2104/4861 1747/2105/4862 1748/2106/4863
f 1748/2106/4864 1747/2105/4865 1749/2107/4865
f 1747/2105/4865 1662/1992/4866 1749/2107/4865
f 1662/1992/4867 1663/1993/4868 1749/2107/4869
f 1663/1993/4868 1664/2108/4870 1749/2107/4869
f 1664/2108/4638 1665/2109/4640 1749/2107/4871
f 1665/2109/4645 1666/2110/4644 1749/2107/4872
f 1749/2107/4873 1666/2110/4874 1750/2111/4875
f 1750/2111/4875 1666/2110/4874 1751/2112/4876
f 1666/1997/4877 1667/1998/4878 1751/2113/4879
f 1667/1998/4878 1668/1999/4880 1751/2113/4879
f 1668/2000/4881 1669/2001/4881 1751/2114/4881
f 1751/2114/4882 1669/2001/4883 1752/2115/4884
f 1669/2001/4883 1670/2002/4660 1752/2115/4884
f 1670/2002/4660 1671/2003/4661 1752/2115/4884
f 1671/2006/4885 1673/2007/4885 1752/2116/4885
f 1673/2007/4886 1675/2009/4887 1752/2116/4888
f 1752/2116/4888 1675/2009/4887 1753/2117/4889
f 1753/2117/4890 1675/2009/4891 1754/2118/4892
f 1754/2118/4893 1675/2009/4668 1755/2119/4894
f 1675/2009/4668 1676/2010/4670 1755/2119/4894
f 1676/2011/4670 1677/2012/4895 1755/2120/4894
f 1677/2012/4896 1678/2121/4896 1755/2120/4896
f 1755/2119/4897 1678/2122/4897 1756/2123/4897
f 1756/2123/4898 1678/2122/4898 1757/2124/4898
f 1678/2014/4899 1679/2015/4899 1757/2125/4899
f 1679/2015/4900 1680/2016/4900 1757/2125/4900
f 1757/2124/4901 1680/2126/4902 1758/2127/4903
f 1680/2016/4678 1681/2017/4680 1758/2128/4904
f 1758/2127/4905 1681/2019/4906 1759/2129/4907
f 1681/2019/4682 1682/2021/4683 1759/2129/4908
f 1759/2129/4909 1682/2021/4685 1760/2130/4910
f 1682/2021/4685 1683/2022/4686 1760/2130/4910
f 1760/2130/4910 1683/2022/4686 1761/2131/4911
f 1761/2131/4912 1683/2022/4687 1762/2132/4913
f 1683/2022/4687 1684/2023/4688 1762/2132/4913
f 1762/2133/4914 1684/2134/4915 1763/2135/4916
f 1684/2134/4915 1685/2025/4691 1763/2135/4916
f 1685/2025/4691 1686/2026/4692 1763/2135/4916
f 1763/2135/4917 1686/2026/4918 1764/2136/4919
f 1686/2026/4693 1687/2027/4694 1764/2136/4920
f 1687/2027/4695 1689/2029/4697 1764/2136/4921
f 1764/2136/4919 1689/2029/4922 1765/2137/4923
f 1765/2137/4924 1689/2029/4698 1766/2138/4925
f 1689/2029/4698 1690/2030/4700 1766/2138/4925
f 1690/2030/4700 1691/2031/4705 1766/2138/4925
f 1691/2031/4705 1692/2032/4708 1766/2138/4925
f 1692/2032/4708 5/5/7 1766/2138/4925
f 1766/2138/4925 5/5/7 1767/2139/4926
f 5/5/7 2/2/6 1767/2139/4926
f 2/2/4927 1/1/4928 1767/2139/4929
f 1767/2139/4929 1/1/4928 1768/2140/4930
f 1/1/4928 3/3/4931 1768/2140/4930
f 3/3/4931 4/4/4932 1768/2140/4930
f 4/4/4933 5/5/4933 1768/2140/4933
f 5/5/4934 1694/2034/4934 1768/2140/4934
f 1694/2034/4935 1695/2035/4935 1768/2140/4935
f 1768/2140/4936 1695/2035/4937 1769/2141/4938
f 1695/2035/4937 1696/2036/4939 1769/2141/4938
f 1696/2036/4940 1697/2037/4940 1769/2141/4940
f 1769/2141/4941 1697/2037/4942 1770/2142/4943
f 1697/2037/4942 1698/2038/4719 1770/2142/4943
f 1771/2143/4944 1770/2144/4944 1772/2145/4944
f 1770/2142/4943 1698/2038/4719 1772/2146/4945
f 1772/2146/4945 1698/2038/4719 1773/2147/4946
f 1698/2038/4719 1699/2039/4720 1773/2147/4946
f 1773/2148/4947 1699/2040/4947 1774/2149/4947
f 1699/2040/4721 1700/2041/4722 1774/2149/4948
f 1774/2149/4949 1700/2041/4949 1775/2150/4949
f 1700/2041/4723 1701/2042/4724 1775/2150/4950
f 1701/2042/4724 1702/2043/4951 1775/2150/4950
f 1775/2150/4952 1702/2043/4953 1776/2151/4954
f 1777/2152/4955 1776/2151/4955 1778/2153/4955
f 1776/2151/4956 1702/2043/4956 1778/2153/4956
f 1702/2043/4725 1703/2044/4727 1778/2153/4957
f 1703/2044/4958 1704/2046/4958 1778/2153/4958
f 1704/2046/4959 1779/2154/4960 1778/2153/4961
f 1778/2153/4961 1779/2154/4960 1780/2155/4962
f 1780/2155/4963 1779/2154/4964 1781/2156/4965
f 1781/2156/4965 1779/2154/4964 1782/2157/4966
f 1779/2154/4960 1704/2046/4959 1782/2157/4967
f 1704/2046/4959 1705/2158/4968 1782/2157/4967
f 1782/2157/4966 1705/2158/4969 1783/2159/4970
f 1705/2048/4738 1706/2049/4739 1783/2160/4971
f 1706/2051/4741 1707/2052/4743 1783/2161/4972
f 1707/2052/4747 1708/2053/4749 1783/2161/4973
f 1784/2162/4974 1783/2159/4974 1785/2163/4974
f 1783/2159/4975 1708/2164/4976 1785/2163/4977
f 1785/2163/4977 1708/2164/4976 1786/2165/4978
f 1708/2164/4979 1709/2055/4756 1786/2165/4980
f 1709/2055/4756 1710/2056/4758 1786/2165/4980
f 1786/2165/4981 1710/2056/4760 1787/2166/4982
f 1710/2056/4760 1711/2057/4762 1787/2166/4982
f 1787/2166/4983 1711/2057/4984 1788/2167/4985
f 1788/2167/4985 1711/2057/4984 1789/2168/4986
f 1711/2057/4984 1712/2058/4987 1789/2168/4986
f 1789/2168/4988 1712/2058/4988 1790/2169/4988
f 1712/2058/4764 1713/2060/4766 1790/2169/4989
f 1790/2169/4989 1713/2060/4766 1791/2170/4990
f 1713/2060/4768 1714/2171/4769 1791/2170/4991
f 1791/2170/4991 1714/2171/4769 1792/2172/4992
f 1714/2171/4769 1715/2173/4993 1792/2172/4992
f 1792/2172/4992 1715/2173/4993 1793/2174/4994
f 1794/2175/4995 1793/2174/4995 1795/2176/4995
f 1793/2174/4994 1715/2173/4993 1795/2176/4996
f 1715/2173/4993 1716/2177/4997 1795/2176/4996
f 1716/2177/4997 1717/2069/4779 1795/2176/4996
f 1795/2176/4996 1717/2069/4779 1796/2178/4998
f 1717/2069/4779 1718/2068/4778 1796/2178/4998
f 1796/2178/4999 1718/2068/4999 1797/2179/4999
f 1718/2068/4778 1719/2070/4780 1797/2179/5000
f 1797/2180/5000 1719/2181/4780 1798/2182/5001
f 1719/2181/4780 1720/2183/5002 1798/2182/5001
f 1720/2183/5002 1721/2184/5003 1798/2182/5001
f 1798/2182/5001 1721/2184/5003 1799/2185/5004
f 1799/2185/5005 1721/2184/5006 1800/2186/5007
f 1721/2184/5006 1722/2187/5008 1800/2186/5007
f 1722/2074/5009 1723/2075/5010 1800/2188/5011
f 1723/2075/5010 1724/2076/5012 1800/2188/5011
f 1801/2189/5013 1800/2186/5013 1802/2190/5013
f 1800/2186/5014 1724/2191/5015 1802/2190/5016
f 1802/2190/5016 1724/2191/5015 1803/2192/5017
f 1724/2191/5015 1725/2079/5018 1803/2192/5017
f 1725/2079/5018 1804/2193/5019 1803/2192/5017
f 1803/2192/5020 1804/2193/5021 1805/2194/5022
f 1804/2193/5023 1725/2079/5023 1805/2194/5023
f 1725/2079/5024 1728/2082/5024 1805/2194/5024
f 1728/2082/5025 1729/2083/5026 1805/2194/5027
f 1729/2083/5026 1730/2084/4810 1805/2194/5027
f 1730/2084/4810 1731/2085/4812 1805/2194/5027
f 1731/2085/4812 1732/2086/5028 1805/2194/5027
f 1805/2194/5027 1732/2086/5028 1806/2195/5029
f 1732/2086/5030 1733/2087/5031 1806/2195/5032
f 1806/2195/5032 1733/2087/5031 1807/2196/5033
f 1733/2087/5034 1734/2088/5035 1807/2196/5036
f 1807/2196/5036 1734/2088/5035 1808/2197/5037
f 1734/2088/5035 1735/2089/5038 1808/2197/5037
f 1808/2197/5037 1735/2089/5038 1809/2198/5039
f 1735/2089/5040 1736/2090/5041 1809/2198/5042
f 1809/2198/5042 1736/2090/5041 1810/2199/5043
f 1736/2090/4822 1737/2091/4824 1810/2199/5044
f 1737/2091/4827 1738/2092/4829 1810/2199/5045
f 1810/2199/5046 1738/2092/5046 1811/2200/5046
f 1738/2092/5047 1739/2093/5048 1811/2200/5049
f 1811/2200/5049 1739/2093/5048 1812/2201/5050
f 1739/2093/4830 1740/2094/4831 1812/2201/5051
f 1812/2201/5052 1740/2094/5052 1813/2202/5052
f 1740/2094/5053 1741/2095/5053 1813/2202/5053
f 1813/2203/5054 1741/2204/5055 1814/2205/5056
f 1741/2204/5057 1742/2097/5058 1814/2205/5059
f 1815/2206/5060 1814/2205/5061 1816/2207/5062
f 1814/2205/5059 1742/2097/5058 1816/2207/5063
f 1742/2097/4843 1743/2099/4845 1816/2207/5064
f 1743/2099/5065 1744/2102/5065 1816/2207/5065
f 1817/2208/5066 1816/2207/5066 1818/2209/5066
f 1816/2207/5067 1744/2102/4853 1818/2209/5068
f 1744/2102/4853 1745/2103/4854 1818/2209/5068
f 1818/2209/5069 1745/2103/5069 1819/2210/5069
f 1745/2103/4855 1746/2104/4857 1819/2210/5070
f 1746/2104/4861 1748/2106/4863 1819/2210/5071
f 1819/2210/5072 1748/2106/5073 1820/2211/5074
f 1820/2211/5074 1748/2106/5073 1821/2212/5075
f 1748/2106/5073 1749/2107/5076 1821/2212/5075
f 1749/2107/4873 1750/2111/4875 1821/2212/5077
f 1821/2212/5077 1750/2111/4875 1822/2213/5078
f 1822/2213/5079 1750/2111/5079 1823/2214/5079
f 1750/2111/4875 1751/2112/4876 1823/2214/5080
f 1751/2112/5081 1752/2116/5082 1823/2214/5083
f 1752/2116/5082 1753/2117/5084 1823/2214/5083
f 1823/2214/5083 1753/2117/5084 1824/2215/5085
f 1753/2117/4890 1754/2118/4892 1824/2215/5086
f 1824/2215/5087 1754/2118/5088 1825/2216/5089
f 1825/2216/5090 1754/2118/4893 1826/2217/5091
f 1754/2118/4893 1755/2119/4894 1826/2217/5091
f 1755/2119/5092 1756/2123/5092 1826/2217/5092
f 1756/2123/5093 1757/2124/5093 1826/2217/5093
f 1826/2217/5094 1757/2124/5094 1827/2218/5094
f 1757/2124/4901 1758/2127/4903 1827/2218/5095
f 1827/2218/5096 1758/2127/5097 1828/2219/5098
f 1758/2127/4905 1759/2129/4907 1828/2219/5099
f 1759/2129/5100 1760/2130/5101 1828/2219/5102
f 1760/2130/5101 1761/2131/5103 1828/2219/5102
f 1828/2219/5104 1761/2131/5104 1829/2220/5104
f 1761/2131/5105 1762/2132/5105 1829/2220/5105
f 1762/2133/5106 1763/2135/4917 1829/2221/5107
f 1829/2221/5107 1763/2135/4917 1830/2222/5108
f 1763/2135/4917 1764/2136/4919 1830/2222/5108
f 1830/2222/5108 1764/2136/4919 1831/2223/5109
f 1764/2136/4919 1765/2137/4923 1831/2223/5109
f 1765/2137/4924 1766/2138/4925 1831/2223/5110
f 1766/2138/4925 1767/2139/5111 1831/2223/5110
f 1767/2139/5112 1768/2140/5112 1831/2223/5112
f 1831/2223/5113 1768/2140/5114 1832/2224/5115
f 1768/2140/5114 1769/2141/5116 1832/2224/5115
f 1832/2224/5115 1769/2141/5116 1833/2225/5117
f 1769/2141/5118 1770/2142/5118 1833/2225/5118
f 1833/2226/5119 1770/2144/5119 1834/2227/5119
f 1834/2227/5120 1770/2144/5120 1835/2228/5120
f 1770/2144/5121 1771/2143/5122 1835/2228/5123
f 1771/2143/5122 1772/2145/5124 1835/2228/5123
f 1835/2228/5125 1772/2145/5126 1836/2229/5127
f 1772/2145/5126 1773/2148/5128 1836/2229/5127
f 1773/2148/5129 1774/2149/5129 1836/2229/5129
f 1774/2149/5130 1775/2150/5130 1836/2229/5130
f 1775/2150/4952 1776/2151/4954 1836/2229/5131
f 1776/2151/5132 1777/2152/5132 1836/2229/5132
f 1777/2152/5133 1778/2153/4961 1836/2229/5127
f 1778/2153/4961 1780/2155/4962 1836/2229/5127
f 1836/2229/5127 1780/2155/4962 1837/2230/5134
f 1780/2155/4963 1781/2156/4965 1837/2230/5135
f 1781/2156/4965 1838/2231/5136 1837/2230/5135
f 1837/2230/5135 1838/2231/5136 1839/2232/5137
f 1838/2231/5136 1840/2233/5138 1839/2232/5137
f 1839/2232/5139 1840/2233/5140 1841/2234/5141
f 1841/2234/5142 1840/2233/5138 1842/2235/5143
f 1842/2235/5143 1840/2233/5138 1843/2236/5144
f 1840/2233/5138 1838/2231/5136 1843/2236/5144
f 1843/2236/5144 1838/2231/5136 1844/2237/5145
f 1838/2231/5136 1781/2156/4965 1844/2237/5145
f 1781/2156/4965 1782/2157/4966 1844/2237/5145
f 1782/2157/4966 1783/2159/4970 1844/2237/5145
f 1783/2159/4970 1784/2162/5146 1844/2237/5145
f 1844/2237/5145 1784/2162/5146 1845/2238/5147
f 1845/2238/5147 1784/2162/5146 1846/2239/5148
f 1846/2239/5148 1784/2162/5146 1847/2240/5149
f 1784/2162/5150 1785/2163/5151 1847/2240/5152
f 1785/2163/5151 1786/2165/5153 1847/2240/5152
f 1786/2165/4981 1787/2166/4982 1847/2240/5154
f 1787/2166/5155 1788/2167/5156 1847/2240/5157
f 1847/2240/5157 1788/2167/5156 1848/2241/5158
f 1848/2241/5158 1788/2167/5156 1849/2242/5159
f 1849/2242/5159 1788/2167/4985 1850/2243/5160
f 1788/2167/4985 1789/2168/4986 1850/2243/5160
f 1789/2168/4986 1790/2169/5161 1850/2243/5160
f 1790/2169/5161 1791/2170/5162 1850/2243/5160
f 1791/2170/5162 1792/2172/5163 1850/2243/5160
f 1792/2172/5163 1793/2174/5164 1850/2243/5160
f 1793/2174/5164 1794/2175/5165 1850/2243/5160
f 1850/2243/5160 1794/2175/5165 1851/2244/5166
f 1794/2175/5165 1795/2176/5167 1851/2244/5166
f 1851/2244/5166 1795/2176/5167 1852/2245/5168
f 1795/2176/5167 1796/2178/5169 1852/2245/5168
f 1852/2245/5168 1796/2178/5169 1853/2246/5170
f 1796/2178/5169 1797/2179/5171 1853/2246/5170
f 1853/2246/5170 1797/2179/5171 1854/2247/5172
f 1797/2180/5173 1798/2182/5173 1854/2248/5173
f 1798/2182/5174 1799/2185/5175 1854/2248/5176
f 1854/2248/5176 1799/2185/5175 1855/2249/5177
f 1799/2185/5178 1800/2186/5179 1855/2249/5180
f 1800/2186/5179 1801/2189/5181 1855/2249/5180
f 1855/2249/5177 1801/2189/5182 1856/2250/5183
f 1856/2250/5184 1801/2189/5185 1857/2251/5186
f 1801/2189/5187 1802/2190/5187 1857/2251/5187
f 1802/2190/5188 1803/2192/5188 1857/2251/5188
f 1858/2252/5189 1857/2251/5189 1859/2253/5189
f 1857/2251/5190 1803/2192/5020 1859/2253/5191
f 1803/2192/5020 1805/2194/5022 1859/2253/5191
f 1805/2194/5027 1806/2195/5029 1859/2253/5192
f 1859/2253/5192 1806/2195/5029 1860/2254/5193
f 1806/2195/5032 1807/2196/5033 1860/2254/5194
f 1860/2254/5194 1807/2196/5033 1861/2255/5195
f 1861/2255/5195 1807/2196/5196 1862/2256/5197
f 1807/2196/5196 1808/2197/5037 1862/2256/5197
f 1862/2256/5197 1808/2197/5037 1863/2257/5198
f 1808/2197/5037 1809/2198/5039 1863/2257/5198
f 1863/2257/5198 1809/2198/5039 1864/2258/5199
f 1809/2198/5200 1810/2199/5201 1864/2258/5202
f 1865/2259/5203 1864/2258/5202 1866/2260/5204
f 1864/2258/5202 1810/2199/5201 1866/2260/5204
f 1866/2261/5205 1810/2262/5206 1867/2263/5207
f 1810/2199/5206 1811/2200/5208 1867/2264/5207
f 1811/2200/5208 1812/2201/5209 1867/2264/5207
f 1812/2201/5209 1813/2202/5210 1867/2264/5207
f 1867/2263/5207 1813/2203/5210 1868/2265/5211
f 1813/2203/5054 1814/2205/5056 1868/2265/5212
f 1814/2205/5213 1815/2206/5213 1868/2265/5213
f 1869/2266/5214 1870/2267/5215 1871/2268/5216
f 1870/2267/5217 1868/2265/5218 1871/2268/5219
f 1868/2265/5218 1815/2206/5220 1871/2268/5219
f 1815/2206/5060 1816/2207/5062 1871/2268/5221
f 1816/2207/5062 1817/2208/5222 1871/2268/5221
f 1871/2268/5223 1817/2208/5224 1872/2269/5225
f 1817/2208/5226 1818/2209/5226 1872/2269/5226
f 1818/2209/5227 1819/2210/5072 1872/2269/5228
f 1819/2210/5072 1820/2211/5074 1872/2269/5228
f 1872/2269/5229 1820/2211/5230 1873/2270/5231
f 1820/2211/5232 1821/2212/5233 1873/2270/5234
f 1821/2212/5233 1822/2213/5235 1873/2270/5234
f 1873/2270/5234 1822/2213/5235 1874/2271/5236
f 1822/2213/5237 1823/2214/5237 1874/2271/5237
f 1823/2214/5083 1824/2215/5085 1874/2271/5238
f 1874/2271/5238 1824/2215/5085 1875/2272/5239
f 1875/2272/5239 1824/2215/5085 1876/2273/5240
f 1824/2215/5087 1825/2216/5089 1876/2273/5241
f 1876/2273/5241 1825/2216/5089 1877/2274/5242
f 1877/2274/5243 1825/2216/5090 1878/2275/5244
f 1825/2216/5090 1826/2217/5091 1878/2275/5244
f 1879/2276/5245 1878/2275/5244 1880/2277/5246
f 1878/2275/5244 1826/2217/5091 1880/2277/5246
f 1826/2217/5247 1827/2218/5248 1880/2277/5249
f 1880/2277/5249 1827/2218/5248 1881/2278/5250
f 1827/2218/5096 1828/2219/5098 1881/2278/5251
f 1828/2219/5098 1829/2220/5252 1881/2278/5251
f 1882/2279/5253 1883/2280/5253 1884/2281/5253
f 1883/2280/5254 1881/2278/5255 1884/2281/5256
f 1881/2278/5255 1829/2220/5257 1884/2281/5256
f 1829/2221/5257 1830/2222/5258 1884/2282/5256
f 1830/2222/5259 1831/2223/5260 1884/2282/5261
f 1831/2223/5260 1832/2224/5262 1884/2282/5261
f 1884/2282/5263 1832/2224/5263 1885/2283/5263
f 1832/2224/5115 1833/2225/5117 1885/2283/5264
f 1833/2226/5265 1834/2227/5265 1885/2284/5265
f 1885/2284/5266 1834/2227/5267 1886/2285/5268
f 1834/2227/5267 1835/2228/5125 1886/2285/5268
f 1886/2285/5268 1835/2228/5125 1887/2286/5269
f 1835/2228/5125 1836/2229/5127 1887/2286/5269
f 1836/2229/5127 1837/2230/5134 1887/2286/5269
f 1887/2286/5270 1837/2230/5271 1888/2287/5272
f 1837/2230/5273 1839/2232/5274 1888/2287/5275
f 1888/2287/5275 1839/2232/5274 1889/2288/5276
f 1839/2232/5139 1841/2234/5141 1889/2288/5277
f 1889/2288/5277 1841/2234/5141 1890/2289/5278
f 1891/2290/5279 1890/2289/5280 1892/2291/5281
f 1890/2289/5280 1841/2234/5282 1892/2291/5281
f 1841/2234/5142 1842/2235/5143 1892/2291/5283
f 1842/2235/5143 1893/2292/5284 1892/2291/5283
f 1892/2291/5283 1893/2292/5284 1894/2293/5285
f 1894/2293/5286 1893/2292/5287 1895/2294/5288
f 1895/2294/5288 1893/2292/5287 1896/2295/5289
f 1893/2292/5287 1842/2235/5290 1896/2295/5289
f 1842/2235/5143 1843/2236/5144 1896/2295/5291
f 1843/2236/5144 1844/2237/5145 1896/2295/5291
f 1844/2237/5145 1845/2238/5147 1896/2295/5291
f 1896/2295/5292 1845/2238/5293 1897/2296/5294
f 1845/2238/5293 1846/2239/5295 1897/2296/5294
f 1846/2239/5295 1847/2240/5296 1897/2296/5294
f 1897/2296/5297 1847/2240/5157 1898/2297/5298
f 1847/2240/5157 1848/2241/5158 1898/2297/5298
f 1898/2297/5298 1848/2241/5158 1899/2298/5299
f 1899/2298/5299 1848/2241/5158 1900/2299/5300
f 1848/2241/5158 1849/2242/5159 1900/2299/5300
f 1900/2299/5300 1849/2242/5159 1901/2300/5301
f 1849/2242/5159 1850/2243/5160 1901/2300/5301
f 1850/2243/5160 1851/2244/5166 1901/2300/5301
f 1851/2244/5166 1852/2245/5168 1901/2300/5301
f 1901/2300/5301 1852/2245/5168 1902/2301/5302
f 1852/2245/5168 1853/2246/5170 1902/2301/5303
f 1902/2301/5303 1853/2246/5170 1903/2302/5304
f 1903/2302/5304 1853/2246/5170 1904/2303/5305
f 1853/2246/5170 1854/2247/5172 1904/2303/5305
f 1854/2248/5176 1855/2249/5177 1904/2304/5306
f 1855/2249/5177 1856/2250/5183 1904/2304/5306
f 1904/2304/5307 1856/2250/5307 1905/2305/5307
f 1856/2250/5184 1857/2251/5186 1905/2305/5308
f 1857/2251/5186 1858/2252/5309 1905/2305/5308
f 1905/2305/5310 1858/2252/5311 1906/2306/5312
f 1906/2306/5312 1858/2252/5311 1907/2307/5313
f 1907/2307/5314 1858/2252/5314 1908/2308/5314
f 1858/2252/5315 1859/2253/5315 1908/2308/5315
f 1908/2308/5316 1859/2253/5192 1909/2309/5317
f 1859/2253/5192 1860/2254/5193 1909/2309/5317
f 1860/2254/5194 1861/2255/5195 1909/2309/5318
f 1861/2255/5195 1862/2256/5197 1909/2309/5318
f 1909/2309/5318 1862/2256/5197 1910/2310/5319
f 1910/2310/5320 1862/2256/5197 1911/2311/5321
f 1862/2256/5197 1863/2257/5198 1911/2311/5321
f 1863/2257/5198 1864/2258/5199 1911/2311/5321
f 1912/2312/5322 1911/2311/5323 1913/2313/5324
f 1911/2311/5323 1864/2258/5325 1913/2313/5324
f 1864/2258/5325 1865/2259/5326 1913/2313/5324
f 1913/2313/5327 1865/2259/5328 1914/2314/5329
f 1865/2259/5328 1866/2260/5330 1914/2314/5329
f 1866/2261/5331 1867/2263/5332 1914/2315/5333
f 1867/2263/5332 1868/2265/5334 1914/2315/5333
f 1868/2265/5334 1870/2267/5335 1914/2315/5333
f 1870/2267/5335 1869/2266/5336 1914/2315/5333
f 1914/2315/5333 1869/2266/5336 1915/2316/5337
f 1915/2316/5338 1869/2266/5214 1916/2317/5339
f 1869/2266/5214 1871/2268/5216 1916/2317/5339
f 1916/2317/5340 1871/2268/5223 1917/2318/5341
f 1871/2268/5223 1872/2269/5225 1917/2318/5341
f 1872/2269/5229 1873/2270/5231 1917/2318/5342
f 1873/2270/5231 1874/2271/5343 1917/2318/5342
f 1917/2318/5342 1874/2271/5343 1918/2319/5344
f 1874/2271/5238 1875/2272/5239 1918/2319/5345
f 1918/2319/5345 1875/2272/5239 1919/2320/5346
f 1919/2320/5347 1875/2272/5348 1920/2321/5349
f 1875/2272/5350 1876/2273/5351 1920/2321/5352
f 1920/2321/5352 1876/2273/5351 1921/2322/5353
f 1876/2273/5241 1877/2274/5242 1921/2322/5354
f 1921/2322/5354 1877/2274/5242 1922/2323/5355
f 1877/2274/5243 1878/2275/5244 1922/2323/5356
f 1878/2275/5244 1879/2276/5245 1922/2323/5356
f 1922/2323/5357 1879/2276/5357 1923/2324/5357
f 1923/2324/5358 1879/2276/5358 1924/2325/5358
f 1879/2276/5245 1880/2277/5246 1924/2325/5359
f 1924/2325/5359 1880/2277/5246 1925/2326/5360
f 1880/2277/5246 1881/2278/5361 1925/2326/5360
f 1881/2278/5362 1883/2280/5362 1925/2326/5362
f 1883/2280/5363 1882/2279/5363 1925/2326/5363
f 1925/2326/5364 1882/2279/5364 1926/2327/5364
f 1882/2279/5365 1884/2281/5365 1926/2327/5365
f 1884/2282/5366 1885/2283/5366 1926/2328/5366
f 1885/2284/5367 1886/2285/5368 1926/2329/5369
f 1926/2329/5369 1886/2285/5368 1927/2330/5370
f 1927/2330/5370 1886/2285/5368 1928/2331/5371
f 1886/2285/5368 1887/2286/5372 1928/2331/5371
f 1887/2286/5270 1888/2287/5272 1928/2331/5373
f 1928/2331/5373 1888/2287/5272 1929/2332/5374
f 1888/2287/5275 1889/2288/5276 1929/2332/5375
f 1929/2332/5375 1889/2288/5276 1930/2333/5376
f 1889/2288/5277 1890/2289/5278 1930/2333/5377
f 1930/2333/5376 1890/2289/5378 1931/2334/5379
f 1890/2289/5378 1891/2290/5380 1931/2334/5379
f 1931/2334/5379 1891/2290/5380 1932/2335/5381
f 1932/2335/5381 1891/2290/5380 1933/2336/5382
f 1891/2290/5279 1892/2291/5281 1933/2336/5383
f 1892/2291/5384 1894/2293/5385 1933/2336/5386
f 1933/2336/5386 1894/2293/5385 1934/2337/5387
f 1894/2293/5286 1895/2294/5288 1934/2337/5388
f 1934/2337/5389 1895/2294/5390 1935/2338/5391
f 1935/2338/5391 1895/2294/5390 1936/2339/5392
f 1895/2294/5288 1896/2295/5289 1936/2339/5393
f 1896/2295/5289 1897/2296/5297 1936/2339/5393
f 1897/2296/5297 1898/2297/5298 1936/2339/5393
f 1898/2297/5298 1899/2298/5299 1936/2339/5394
f 1936/2339/5392 1899/2298/5299 1937/2340/5395
f 1899/2298/5299 1900/2299/5300 1937/2340/5395
f 1937/2340/5395 1900/2299/5300 1938/2341/5396
f 1900/2299/5300 1901/2300/5301 1938/2341/5396
f 1901/2300/5301 1902/2301/5302 1938/2341/5396
f 1902/2301/5303 1903/2302/5304 1938/2341/5397
f 1938/2341/5397 1903/2302/5304 1939/2342/5398
f 1939/2342/5398 1903/2302/5304 1940/2343/5399
f 1903/2302/5304 1904/2303/5305 1940/2343/5399
f 1940/2343/5399 1904/2303/5305 1941/2344/5400
f 1904/2304/5401 1905/2305/5401 1941/2345/5401
f 1905/2305/5402 1906/2306/5402 1941/2345/5402
f 1941/2345/5403 1906/2306/5404 1942/2346/5405
f 1906/2306/5406 1907/2307/5406 1942/2346/5406
f 1907/2307/5407 1908/2308/5407 1942/2346/5407
f 1908/2308/5316 1909/2309/5317 1942/2346/5408
f 1909/2309/5409 1910/2310/5409 1942/2346/5409
f 1942/2346/5410 1910/2310/5410 1943/2347/5410
f 1910/2310/5411 1911/2311/5411 1943/2347/5411
f 1911/2311/5323 1912/2312/5322 1943/2347/5412
f 1943/2347/5413 1912/2312/5413 1944/2348/5413
f 1944/2348/5414 1912/2312/5415 1945/2349/5416
f 1912/2312/5415 1913/2313/5417 1945/2349/5416
f 1913/2313/5418 1914/2314/5418 1945/2349/5418
f 1914/2315/5333 1915/2316/5337 1945/2350/5419
f 1915/2316/5338 1916/2317/5339 1945/2350/5420
f 1945/2350/5421 1916/2317/5340 1946/2351/5422
f 1916/2317/5340 1917/2318/5341 1946/2351/5422
f 1917/2318/5342 1918/2319/5344 1946/2351/5423
f 1918/2319/5424 1919/2320/5425 1946/2351/5426
f 1946/2351/5426 1919/2320/5425 1947/2352/5427
f 1919/2320/5428 1948/2353/5428 1947/2352/5428
f 1947/2352/5429 1948/2353/5430 1949/2354/5431
f 1948/2353/5432 1919/2320/5347 1949/2354/5433
f 1919/2320/5347 1920/2321/5349 1949/2354/5433
f 1950/2355/5434 1949/2354/5431 1951/2356/5435
f 1949/2354/5436 1920/2321/5436 1951/2356/5436
f 1920/2321/5352 1921/2322/5353 1951/2356/5437
f 1921/2322/5354 1922/2323/5355 1951/2356/5438
f 1922/2323/5355 1923/2324/5439 1951/2356/5438
f 1923/2324/5440 1924/2325/5441 1951/2356/5435
f 1951/2356/5435 1924/2325/5441 1952/2357/5442
f 1924/2325/5441 1925/2326/5443 1952/2357/5442
f 1925/2326/5443 1926/2327/5369 1952/2357/5442
f 1926/2327/5369 1927/2358/5370 1952/2357/5442
f 1953/2359/5444 1952/2357/5442 1954/2360/5445
f 1952/2357/5442 1927/2358/5370 1954/2360/5445
f 1954/2360/5446 1927/2358/5447 1955/2361/5448
f 1927/2330/5447 1928/2331/5373 1955/2362/5448
f 1928/2331/5373 1929/2332/5374 1955/2362/5448
f 1955/2362/5448 1929/2332/5375 1956/2363/5449
f 1929/2332/5375 1930/2333/5376 1956/2363/5449
f 1930/2333/5376 1931/2334/5379 1956/2363/5449
f 1956/2363/5449 1931/2334/5379 1957/2364/5450
f 1931/2334/5379 1932/2335/5381 1957/2364/5450
f 1957/2364/5450 1932/2335/5381 1958/2365/5451
f 1932/2335/5381 1933/2336/5382 1958/2365/5451
f 1933/2336/5452 1959/2366/5452 1958/2365/5452
f 1958/2365/5453 1959/2366/5454 1960/2367/5455
f 1959/2366/5454 1933/2336/5386 1960/2367/5455
f 1933/2336/5386 1934/2337/5387 1960/2367/5455
f 1934/2337/5389 1935/2338/5391 1960/2367/5456
f 1960/2367/5456 1935/2338/5391 1961/2368/5457
f 1935/2338/5391 1936/2339/5392 1961/2368/5457
f 1936/2339/5392 1937/2340/5395 1961/2368/5457
f 1961/2368/5457 1937/2340/5395 1962/2369/5458
f 1937/2340/5395 1938/2341/5396 1962/2369/5458
f 1962/2369/5459 1938/2341/5397 1963/2370/5460
f 1938/2341/5397 1939/2342/5398 1963/2370/5460
f 1963/2370/5460 1939/2342/5398 1964/2371/5461
f 1939/2342/5398 1940/2343/5399 1964/2371/5461
f 1964/2372/5461 1940/2373/5399 1965/2374/5462
f 1965/2374/5463 1940/2373/5399 1966/2375/5464
f 1940/2373/5399 1941/2376/5400 1966/2375/5464
f 1966/2375/5465 1941/2376/5466 1967/2377/5467
f 1941/2345/5403 1942/2346/5405 1967/2378/5468
f 1942/2346/5469 1943/2347/5470 1967/2378/5471
f 1943/2347/5470 1944/2348/5472 1967/2378/5471
f 1967/2378/5467 1944/2348/5473 1968/2379/5474
f 1944/2348/5475 1945/2349/5475 1968/2379/5475
f 1945/2349/5476 1946/2380/5476 1968/2379/5476
f 1946/2351/5426 1947/2352/5427 1968/2381/5477
f 1968/2381/5478 1947/2352/5478 1969/2382/5478
f 1947/2352/5429 1949/2354/5431 1969/2382/5479
f 1949/2354/5431 1950/2355/5434 1969/2382/5479
f 1969/2382/5480 1950/2355/5480 1970/2383/5480
f 1950/2355/5434 1951/2356/5435 1970/2383/5481
f 1970/2383/5481 1951/2356/5435 1971/2384/5482
f 1951/2356/5435 1952/2357/5442 1971/2384/5482
f 1952/2357/5442 1953/2359/5444 1971/2384/5483
f 1971/2384/5484 1953/2359/5484 1972/2385/5484
f 1972/2385/5485 1953/2359/5486 1973/2386/5487
f 1953/2359/5486 1954/2360/5488 1973/2386/5487
f 1954/2360/5446 1955/2361/5448 1973/2386/5487
f 1955/2361/5448 1956/2387/5449 1973/2386/5487
f 1973/2386/5487 1956/2387/5449 1974/2388/5489
f 1956/2387/5449 1957/2389/5450 1974/2388/5489
f 1974/2388/5489 1957/2389/5450 1975/2390/5490
f 1957/2389/5450 1958/2391/5451 1975/2390/5490
f 1975/2390/5490 1958/2391/5451 1976/2392/5491
f 1976/2392/5492 1958/2391/5453 1977/2393/5493
f 1958/2391/5453 1960/2394/5455 1977/2393/5493
f 1960/2394/5456 1961/2395/5457 1977/2393/5494
f 1977/2393/5494 1961/2395/5457 1978/2396/5495
f 1961/2395/5457 1962/2397/5458 1978/2396/5495
f 1978/2396/5496 1962/2397/5459 1979/2398/5497
f 1962/2369/5459 1963/2370/5460 1979/2399/5497
f 1963/2370/5460 1964/2371/5461 1979/2399/5497
f 1979/2398/5497 1964/2372/5461 1980/2400/5498
f 1964/2372/5461 1965/2374/5462 1980/2400/5498
f 1981/2401/5499 1980/2400/5498 1982/2402/5500
f 1980/2400/5498 1965/2374/5463 1982/2402/5500
f 1965/2374/5463 1966/2375/5464 1982/2402/5500
f 1966/2375/5465 1967/2377/5467 1982/2402/5501
f 1982/2402/5501 1967/2377/5467 1983/2403/5502
f 1967/2377/5467 1968/2381/5474 1983/2403/5502
f 1968/2381/5474 1969/2382/5503 1983/2403/5502
f 1969/2382/5503 1970/2383/5504 1983/2403/5502
f 1983/2403/5502 1970/2383/5504 1984/2404/5505
f 1970/2383/5504 1971/2384/5506 1984/2404/5505
f 1984/2404/5505 1971/2384/5506 1985/2405/5507
f 1971/2384/5508 1972/2385/5508 1985/2405/5508
f 1985/2405/5509 1972/2385/5510 1986/2406/5511
f 1972/2385/5485 1973/2386/5487 1986/2406/5512
f 1973/2386/5487 1974/2388/5489 1986/2406/5512
f 1986/2406/5513 1974/2388/5489 1987/2407/5514
f 1974/2388/5489 1975/2390/5490 1987/2407/5514
f 1975/2390/5515 1976/2392/5515 1987/2407/5515
f 1987/2407/5516 1976/2392/5517 1988/2408/5518
f 1988/2408/5519 1976/2392/5520 1989/2409/5521
f 1976/2392/5520 1977/2393/5522 1989/2409/5521
f 1977/2393/5522 1978/2396/5496 1989/2409/5521
f 1978/2396/5496 1979/2398/5497 1989/2409/5521
f 1989/2409/5521 1979/2398/5497 1990/2410/5523
f 1979/2398/5497 1980/2400/5498 1990/2410/5523
f 1980/2400/5498 1981/2401/5499 1990/2410/5523
f 1990/2410/5524 1981/2401/5525 1991/2411/5526
f 1981/2401/5525 1982/2402/5501 1991/2411/5526
f 1982/2402/5501 1983/2403/5502 1991/2411/5526
f 1983/2403/5502 1984/2404/5505 1991/2411/5526
f 1991/2411/5526 1984/2404/5505 1992/2412/5527
f 1984/2404/5505 1985/2405/5507 1992/2412/5527
f 1992/2412/5527 1985/2405/5507 1993/2413/5528
f 1985/2405/5509 1986/2406/5511 1993/2413/5529
f 1986/2406/5511 1987/2407/5530 1993/2413/5529
f 1987/2407/5516 1988/2408/5518 1993/2413/5531
f 1993/2413/5531 1988/2408/5518 1994/2414/5532
f 1988/2408/5519 1989/2409/5521 1994/2414/5533
f 1989/2409/5521 1990/2410/5523 1994/2414/5533
f 1990/2410/5524 1991/2411/5526 1994/2414/5532
f 1991/2411/5526 1992/2412/5527 1994/2414/5532
f 1993/2413/5531 1994/2414/5532 1992/2412/5527
