v -0.129597 0.614629 0.089740
v -0.146450 0.609701 0.092323
v -0.121716 0.591559 0.101412
v -0.147746 0.574474 0.078922
v -0.144294 0.570205 0.068928
v -0.158318 0.579207 0.062965
v -0.161893 0.604252 0.064304
v -0.141870 0.627097 0.076903
v -0.155127 0.609809 0.053146
v 0.004377 0.575053 0.085145
v 0.016839 0.593925 0.082829
v -0.016803 0.581993 0.099726
v -0.010927 0.610591 0.105834
v -0.010710 0.614933 0.093141
v 0.011570 0.610149 0.079949
v 0.022230 0.579699 0.061518
v 0.023279 0.603955 0.053732
v -0.010913 0.761325 0.108453
v -0.023490 0.747423 0.108895
v -0.012852 0.734868 0.111724
v -0.023656 0.708781 0.116319
v -0.046096 0.705568 0.113989
v -0.053919 0.700510 0.118939
v -0.069303 0.704215 0.115393
v -0.109226 0.706697 0.114394
v -0.086222 0.701234 0.116066
v -0.122606 0.763814 0.106102
v -0.073204 0.768764 0.110501
v -0.057551 0.591791 -0.116967
v -0.058818 0.633248 -0.121620
v -0.061322 0.649508 -0.120679
v -0.078219 0.639913 -0.122604
v 0.026188 0.654284 -0.132446
v 0.018402 0.648763 -0.125470
v 0.033171 0.679655 -0.128538
v 0.022722 0.729586 -0.139067
v -0.233945 0.486675 0.057813
v -0.239047 0.446795 0.050056
v -0.221173 0.447063 0.040279
v -0.232469 0.453106 0.028072
v -0.250763 0.471602 0.046951
v -0.264830 0.428328 -0.021020
v -0.249648 0.433777 -0.016172
v -0.264027 0.427315 -0.006381
v -0.275714 0.420940 0.011891
v -0.255473 0.413074 -0.003204
v -0.255987 0.423979 0.008099
v -0.275250 0.434146 0.001044
v -0.293139 0.444740 0.013584
v -0.285859 0.459119 0.025705
v -0.276785 0.419695 0.036336
v -0.289477 0.440702 0.029244
v -0.253961 0.408580 0.028195
v -0.252456 0.417394 0.014655
v -0.269606 0.443033 0.030641
v -0.282740 0.448033 0.049332
v -0.262080 0.444986 0.049528
v -0.258086 0.409478 0.035431
v -0.277588 0.427843 0.054043
v -0.256964 0.419145 0.057567
v -0.258636 0.448011 0.062025
v -0.268333 0.454010 0.014482
v -0.283963 0.450927 0.000002
v -0.293132 0.461847 0.010089
v -0.286518 0.479497 0.045453
v -0.296106 0.475531 0.010523
v -0.287777 0.464850 0.045562
v -0.280642 0.448482 0.067047
v -0.284093 0.472101 0.059058
v -0.262630 0.473744 0.066142
v -0.262507 0.477818 0.021682
v -0.265156 0.457346 -0.005114
v -0.269903 0.446911 -0.016490
v -0.286337 0.458294 -0.014623
v -0.290223 0.476949 -0.009775
v -0.291084 0.503254 0.008678
v -0.286148 0.508601 0.031748
v -0.280605 0.478346 0.054991
v -0.262051 0.487428 0.052408
v -0.250596 0.495011 0.056995
v -0.231586 0.494396 0.038043
v -0.236948 0.474243 0.031415
v -0.251848 0.492428 0.007122
v -0.263788 0.496640 -0.013400
v -0.286821 0.502668 -0.004622
v -0.305195 0.518674 0.013577
v -0.281821 0.533357 0.051749
v -0.301229 0.526823 0.029085
v -0.265583 0.527199 0.053095
v -0.258021 0.511670 0.039585
v -0.249750 0.501835 0.009286
v -0.241934 0.503927 -0.011707
v -0.252507 0.509412 -0.021244
v -0.280070 0.505388 -0.018133
v -0.287950 0.517104 -0.015846
v -0.288023 0.557707 -0.032649
v -0.301576 0.569119 -0.011301
v -0.294977 0.588983 -0.009080
v -0.293218 0.574250 0.013360
v -0.287806 0.578671 0.023932
v -0.274462 0.574749 0.040258
v -0.256667 0.537301 0.043695
v -0.242491 0.521815 0.043152
v -0.232288 0.511460 0.019359
v -0.222070 0.549494 -0.023089
v -0.242947 0.545492 -0.043713
v -0.259975 0.545695 -0.046108
v -0.285823 0.572043 -0.040992
v -0.289159 0.595394 -0.039820
v -0.288812 0.620932 -0.006880
v -0.279006 0.627792 0.009988
v -0.285656 0.597233 0.018136
v -0.255206 0.596227 0.032515
v -0.248946 0.576486 0.035641
v -0.227831 0.567390 0.021812
v -0.220095 0.561239 0.005965
v -0.219914 0.562223 -0.035109
v -0.246515 0.559321 -0.053193
v -0.272826 0.581899 -0.051463
v -0.273847 0.617769 -0.065914
v -0.289304 0.624666 -0.040862
v -0.281510 0.653235 -0.049748
v -0.278847 0.640846 -0.047766
v -0.268079 0.648560 -0.002668
v -0.271473 0.650246 0.008722
v -0.238953 0.630390 0.016103
v -0.245060 0.621880 0.005957
v -0.244257 0.616771 0.020560
v -0.229155 0.588317 0.023209
v -0.215109 0.576500 -0.002046
v -0.218336 0.571384 -0.042816
v -0.243490 0.574315 -0.061326
v -0.245864 0.641121 -0.082066
v -0.263860 0.662179 -0.066102
v 0.049721 0.722936 -0.110635
v 0.060879 0.750984 -0.109347
v 0.057782 0.730107 -0.100823
v 0.146608 0.676420 -0.059373
v 0.133974 0.714628 -0.036318
v 0.150444 0.676739 -0.018632
v 0.122562 0.712834 0.008287
v 0.117171 0.736446 0.009402
v 0.130862 0.730975 -0.033011
v 0.119125 0.733320 -0.067557
v 0.111309 0.733247 -0.062455
v 0.123351 0.705156 -0.057043
v 0.141123 0.671282 -0.051101
v 0.140537 0.671948 0.010039
v 0.116838 0.694858 0.007361
v 0.105491 0.736352 0.007774
v 0.117873 0.750050 -0.018675
v 0.122880 0.743125 -0.026541
v 0.107793 0.742510 -0.073288
v 0.097018 0.763959 -0.074598
v 0.085852 0.753140 -0.087768
v 0.082813 0.743328 -0.085149
v 0.105528 0.693954 -0.077948
v 0.119899 0.675306 -0.075720
v 0.138098 0.660572 -0.068310
v 0.140537 0.659617 -0.021273
v 0.132729 0.656730 -0.055798
v 0.147549 0.649703 -0.060364
v 0.147896 0.638545 -0.046079
v 0.159004 0.614954 -0.054257
v 0.157043 0.631895 -0.036158
v 0.085229 0.446369 0.037247
v 0.102126 0.473491 0.032023
v 0.105846 0.445059 0.043615
v 0.113415 0.470531 0.045627
v 0.130732 0.436867 -0.018436
v 0.148750 0.437518 -0.014261
v 0.121947 0.419905 -0.015274
v 0.148403 0.452317 0.002361
v 0.112619 0.406460 0.024736
v 0.132997 0.415932 0.020010
v 0.127092 0.415209 0.036263
v 0.154713 0.438343 0.036394
v 0.140414 0.442266 0.047574
v 0.136984 0.424623 0.055223
v 0.118524 0.422633 0.036524
v 0.110890 0.408276 0.047718
v 0.130406 0.456123 0.068168
v 0.124530 0.480155 0.065107
v 0.145870 0.469033 0.059601
v 0.144148 0.460574 0.049636
v 0.142476 0.420383 0.006080
v 0.118126 0.409962 -0.003037
v 0.129415 0.430695 0.003179
v 0.122707 0.422062 0.011095
v 0.156103 0.440818 0.015473
v 0.149199 0.456992 0.025713
v 0.162731 0.461724 0.008794
v 0.153838 0.469409 0.046973
v 0.135472 0.441368 0.027898
v 0.116274 0.454683 0.052299
v 0.130109 0.496777 0.051720
v 0.146261 0.478324 0.045063
v 0.153642 0.497631 0.040996
v 0.160017 0.495742 0.009083
v 0.158310 0.463251 -0.013277
v 0.140060 0.467043 -0.018777
v 0.135341 0.445804 -0.008009
v 0.131911 0.450927 0.014040
v 0.127620 0.476443 0.019084
v 0.117345 0.490735 0.007962
v 0.089144 0.473577 0.045938
v 0.106779 0.490510 0.059405
v 0.126224 0.508536 0.038941
v 0.151131 0.502465 0.031335
v 0.144286 0.505302 -0.026093
v 0.160350 0.509528 -0.013595
v 0.156312 0.497255 -0.006692
v 0.168151 0.511539 0.020076
v 0.117330 0.495887 -0.003580
v 0.111975 0.505555 0.021002
v 0.105954 0.518855 0.041271
v 0.103784 0.535694 0.035713
v 0.101823 0.525730 0.025778
v 0.142621 0.525607 0.050743
v 0.135993 0.533299 0.054586
v 0.171668 0.531410 0.039346
v 0.166950 0.525556 0.025720
v 0.171024 0.518038 -0.002683
v 0.159742 0.541252 -0.029081
v 0.138120 0.542258 -0.050877
v 0.130804 0.496755 -0.025716
v 0.100469 0.503775 -0.005657
v 0.095925 0.541983 0.009170
v 0.098986 0.553011 0.028810
v 0.125666 0.548170 0.036061
v 0.125406 0.570009 0.048543
v 0.162217 0.570559 0.034302
v 0.157716 0.569770 0.018411
v 0.168998 0.567701 0.004720
v 0.168788 0.557273 -0.022243
v 0.162036 0.568794 -0.036549
v 0.143287 0.575560 -0.053613
v 0.136174 0.557295 -0.054676
v 0.097394 0.554675 -0.050146
v 0.093703 0.541672 -0.037302
v 0.089029 0.557237 0.005436
v 0.121759 0.570219 0.035525
v 0.151464 0.586790 0.023636
v 0.166053 0.582478 -0.005729
v 0.159757 0.582941 -0.040710
v 0.152636 0.603861 -0.027156
v 0.163469 0.594200 -0.037121
v 0.113140 0.590112 -0.073607
v 0.107228 0.565957 -0.059908
v 0.080859 0.579923 -0.040775
v 0.081662 0.566934 -0.019855
v 0.090896 0.580090 0.014750
v 0.108075 0.587051 0.029975
v 0.126318 0.593108 0.030409
v 0.102604 0.613051 0.011862
v 0.151667 0.614918 0.010220
v 0.158592 0.624781 -0.003081
v 0.138279 0.637452 -0.004601
v 0.138424 0.652366 -0.004072
v 0.137346 0.665160 0.006949
v 0.096540 0.689670 0.017058
v 0.076633 0.751642 0.018809
v 0.097452 0.762728 0.003215
v 0.109211 0.770124 -0.024124
v 0.112511 0.764812 -0.047664
v 0.084832 0.789119 -0.078426
v 0.072551 0.786182 -0.088130
v 0.072392 0.729846 -0.107379
v 0.030732 0.776745 -0.106930
v 0.041174 0.726829 -0.122865
v -0.081685 0.990008 0.053269
v -0.041595 0.981325 0.056786
v -0.069282 0.998461 0.045851
v -0.031558 0.985442 0.039028
v -0.046762 0.966649 0.048768
v -0.070968 0.916849 0.054238
v -0.070562 0.895849 0.085767
v -0.062393 0.922768 0.065455
v -0.053202 0.890421 0.081679
v -0.057081 0.919410 0.052552
v -0.044866 0.930663 0.067546
v -0.084644 0.931452 0.066794
v -0.078038 0.958914 0.055563
v -0.083212 0.972323 0.037428
v -0.111021 0.965781 0.034078
v -0.098907 0.988359 0.032768
v -0.089688 0.988959 0.001160
v -0.098191 0.994473 -0.020188
v -0.051683 1.004546 0.023723
v -0.032412 0.992027 0.016023
v -0.039866 0.978640 -0.003334
v -0.015986 0.980818 -0.010730
v -0.038911 0.986405 -0.027330
v -0.009386 0.977287 -0.050197
v -0.000977 0.956772 0.001377
v -0.006955 0.909294 0.014836
v -0.028316 0.965701 0.023035
v -0.025350 0.954485 0.041010
v -0.031435 0.923673 0.056460
v -0.033773 0.908990 0.047675
v -0.048882 0.887216 0.056713
v -0.065461 0.879350 0.069674
v -0.089970 0.873720 0.057878
v -0.080686 0.886999 0.056402
v -0.103394 0.909902 0.039708
v -0.091302 0.916617 0.059521
v -0.100955 0.923948 0.049535
v -0.105319 0.959384 0.023397
v -0.123800 0.944021 0.003982
v -0.131637 0.960390 0.006826
v -0.111629 0.964623 0.011110
v -0.114379 0.978018 -0.031773
v -0.124104 0.963111 -0.061978
v -0.087206 0.985204 -0.033481
v -0.077444 0.986636 -0.054691
v -0.061720 0.985232 -0.062173
v -0.034598 0.975724 -0.071457
v -0.013540 0.951880 -0.076776
v 0.003762 0.949970 -0.047425
v 0.000455 0.923477 -0.022894
v -0.009133 0.888815 0.011030
v -0.013019 0.909663 0.017514
v -0.034236 0.874053 0.046980
v -0.041226 0.875536 0.059731
v -0.066148 0.858060 0.062162
v -0.091736 0.847915 0.056048
v -0.096150 0.874226 0.043413
v -0.117042 0.899539 0.011703
v -0.110384 0.900552 -0.016475
v -0.123366 0.923564 -0.020673
v -0.129416 0.950426 -0.011678
v -0.125754 0.956026 -0.052093
v -0.112056 0.952654 -0.074540
v -0.086975 0.959912 -0.083766
v -0.070548 0.957864 -0.089324
v -0.038187 0.950968 -0.088550
v -0.026710 0.908093 -0.082717
v -0.007237 0.897462 -0.059619
v -0.012092 0.896131 -0.033792
v 0.003820 0.903201 -0.036687
v -0.004263 0.879545 -0.018227
v -0.016333 0.900596 -0.022474
v -0.009885 0.891225 -0.007473
v -0.019864 0.858538 0.037522
v -0.030545 0.844673 0.051923
v -0.050431 0.845057 0.067445
v -0.065048 0.833739 0.065455
v -0.096642 0.845397 0.048674
v -0.111542 0.860593 0.019446
v -0.111622 0.879770 -0.007618
v -0.119336 0.877722 -0.018596
v -0.124350 0.900408 -0.032605
v -0.123410 0.923173 -0.034089
v -0.114820 0.896768 -0.059170
v -0.095361 0.894662 -0.079649
v -0.059476 0.904294 -0.091119
v -0.038042 0.864103 -0.056001
v -0.017809 0.853943 -0.027004
v -0.017505 0.884444 -0.018277
v -0.026370 0.856411 -0.010375
v -0.041964 0.841084 0.014641
v -0.057754 0.835939 0.028846
v -0.074513 0.837726 0.022406
v -0.096367 0.856374 -0.009890
v -0.108647 0.893540 -0.027272
v -0.099392 0.873438 -0.044972
v -0.063594 0.864190 -0.063201
v -0.035958 0.842929 -0.055726
v -0.017614 0.827646 -0.033568
v -0.025907 0.790241 -0.003153
v -0.057725 0.783345 0.011681
v -0.077278 0.787969 0.004980
v -0.100094 0.823543 -0.008769
v -0.102207 0.836236 -0.032359
v -0.083118 0.845592 -0.055928
v -0.096396 0.818492 -0.074511
v -0.043954 0.823217 -0.082782
v -0.068724 0.853205 -0.076812
v -0.065497 0.871911 -0.083224
v -0.034648 0.856736 -0.068715
v -0.021283 0.818181 -0.070336
v -0.007382 0.819541 -0.051152
v -0.002019 0.804142 -0.029993
v -0.011984 0.794004 -0.002032
v -0.052978 0.783121 0.020944
v -0.096903 0.786695 -0.000946
v -0.114386 0.798896 -0.011909
v -0.117801 0.820424 -0.044176
v -0.104631 0.852742 -0.054083
v -0.118742 0.860275 -0.065437
v -0.094522 0.862106 -0.089736
v -0.067856 0.881072 -0.091111
v -0.053702 0.864103 -0.097610
v -0.014690 0.858104 -0.083303
v -0.021956 0.865601 -0.071790
v -0.007432 0.844369 -0.040963
v -0.007765 0.824911 -0.001272
v -0.034033 0.815214 0.029432
v -0.063970 0.809801 0.033702
v -0.092633 0.795270 0.014757
v -0.115638 0.833920 -0.005527
v -0.127411 0.845997 -0.015730
v -0.136283 0.842365 -0.025970
v -0.121246 0.873061 -0.057593
v -0.100014 0.879198 -0.078773
v -0.100347 0.881817 -0.094194
v -0.065526 0.859906 -0.113045
v -0.077958 0.869971 -0.107625
v -0.032637 0.863386 -0.104586
v -0.047326 0.882946 -0.106098
v -0.033831 0.878409 -0.087016
v -0.006506 0.873966 -0.069786
v 0.011455 0.845845 -0.046586
v 0.007091 0.845057 -0.022691
v -0.038397 0.814280 0.045548
v -0.091070 0.821625 0.036726
v -0.116919 0.817023 0.029656
v -0.120891 0.840129 0.033788
v -0.134995 0.858089 -0.004528
v -0.138157 0.874075 -0.055552
v -0.129134 0.863698 -0.075068
v -0.113120 0.854732 -0.098608
v -0.106325 0.838218 -0.103384
v -0.051704 0.815648 -0.112466
v -0.089225 0.815141 -0.108377
v -0.096888 0.790516 -0.113964
v -0.022462 0.791876 -0.111844
v 0.020971 0.820258 -0.106380
v 0.009653 0.805083 -0.110490
v 0.016672 0.811733 -0.076074
v 0.001823 0.798758 -0.111916
v 0.004363 0.821336 -0.089975
v -0.027803 0.821567 -0.108956
v -0.016818 0.836453 -0.103522
v -0.004654 0.857387 -0.087435
v 0.009248 0.873119 -0.074620
v 0.015464 0.863553 -0.033691
v 0.014914 0.833001 -0.009521
v -0.007034 0.815597 0.032182
v -0.060663 0.800046 0.054050
v -0.064477 0.828427 0.070665
v -0.097576 0.832118 0.056995
v -0.120450 0.836192 0.055092
v -0.145712 0.854536 0.009416
v -0.145097 0.853842 -0.039053
v -0.138649 0.846352 -0.066262
v -0.141247 0.817327 -0.074330
v -0.145061 0.826546 -0.105447
v -0.166350 0.806993 -0.103261
v -0.174310 0.818673 -0.107046
v -0.166553 0.803151 -0.087059
v -0.163123 0.792499 -0.113240
v -0.129959 0.805047 -0.112560
v -0.097207 0.792043 -0.130810
v -0.033787 0.787332 -0.131917
v 0.028583 0.766245 -0.130535
v 0.037708 0.797456 -0.110686
v 0.049380 0.811762 -0.107451
v 0.026890 0.831561 -0.069858
v 0.022099 0.830222 -0.058844
v 0.015478 0.855484 -0.064937
v 0.028178 0.860861 -0.025962
v 0.011411 0.844087 0.022775
v -0.019698 0.830446 0.056981
v -0.043006 0.824404 0.081006
v -0.098473 0.821705 0.073820
v -0.111708 0.820764 0.060252
v -0.140140 0.834115 0.020589
v -0.148650 0.840505 -0.032453
v -0.169759 0.810966 0.046155
v -0.144265 0.821813 0.042298
v -0.183681 0.831713 -0.011967
v -0.182010 0.823536 -0.038358
v -0.231521 0.767707 -0.066566
v -0.223228 0.796609 -0.036216
v -0.214979 0.794301 -0.069742
v -0.202373 0.791703 -0.082095
v -0.211788 0.807949 -0.037924
v -0.196910 0.797716 0.004980
v -0.208473 0.796747 0.001789
v -0.237231 0.770804 -0.019399
v -0.249807 0.746968 -0.032294
v -0.235733 0.747163 -0.071501
v -0.248990 0.718898 -0.057788
v -0.261458 0.704150 -0.042085
v -0.275649 0.668945 -0.032830
v -0.244112 0.681739 -0.077536
v -0.241761 0.661405 -0.076429
v -0.226087 0.715229 -0.080004
v -0.208661 0.755991 -0.085728
v -0.202134 0.746960 -0.104643
v -0.197365 0.789640 -0.090750
v -0.155033 0.772780 -0.112958
v -0.156010 0.768452 -0.132402
v -0.146819 0.744261 -0.139899
v 0.022201 0.723616 -0.126613
v 0.051559 0.687123 -0.083065
v 0.069114 0.713724 -0.092088
v 0.082270 0.708224 -0.092371
v 0.102582 0.686348 -0.081697
v 0.116947 0.650934 -0.076284
v 0.112351 0.629615 -0.082051
v 0.095397 0.593376 -0.066189
v 0.075576 0.590003 -0.009485
v 0.084035 0.603521 0.002028
v 0.099087 0.619477 0.017499
v 0.103755 0.630643 0.009358
v 0.130283 0.632582 0.017094
v 0.137006 0.648437 0.011508
v 0.108704 0.653314 0.019374
v 0.077689 0.734275 0.014909
v 0.066299 0.725642 0.033144
v 0.055010 0.740158 0.024627
v 0.053230 0.707240 0.020553
v 0.054540 0.728081 0.037928
v 0.065597 0.772809 0.018795
v 0.080526 0.788881 0.005653
v 0.094029 0.795213 -0.036216
v 0.084209 0.801950 -0.032497
v 0.083507 0.802101 -0.053084
v 0.049923 0.807616 -0.072666
v 0.062710 0.825866 -0.039740
v 0.026535 0.832140 -0.005968
v 0.028359 0.843508 -0.022279
v 0.023619 0.845158 0.022413
v -0.005008 0.825888 0.060838
v -0.036602 0.812305 0.072141
v -0.088118 0.813311 0.070824
v -0.093741 0.800242 0.062741
v -0.108409 0.790379 0.051011
v -0.143664 0.820091 0.012456
v -0.131999 0.797839 0.048363
v -0.163998 0.800538 0.037870
v -0.169382 0.806002 0.001825
v -0.170244 0.774234 0.036017
v -0.185889 0.759284 0.040301
v -0.194087 0.774922 0.020763
v -0.223330 0.767323 0.005755
v -0.233533 0.744276 0.005169
v -0.221889 0.717733 0.016812
v -0.263593 0.685625 0.003801
v -0.264150 0.667983 0.015799
v -0.262080 0.662411 0.002983
v -0.238917 0.644747 0.021718
v -0.234951 0.637025 0.002079
v -0.206331 0.607761 -0.014977
v -0.206100 0.594541 -0.010491
v -0.217736 0.593636 -0.058258
v -0.229763 0.595930 -0.058787
v -0.220276 0.628776 -0.079700
v -0.222302 0.647576 -0.081060
v -0.224950 0.694793 -0.084722
v -0.194239 0.713036 -0.093311
v -0.181836 0.713347 -0.097175
v -0.177900 0.721315 -0.110505
v -0.162240 0.735787 -0.123205
v -0.147427 0.721416 -0.125571
v -0.154830 0.686689 -0.113211
v -0.160807 0.681131 -0.129160
v -0.147731 0.709179 -0.137887
v -0.036993 0.656014 -0.131020
v -0.109016 0.652258 -0.129826
v -0.079753 0.650282 -0.116033
v -0.079116 0.596625 -0.119587
v -0.071713 0.547497 -0.126302
v -0.213105 0.163853 -0.001337
v -0.215087 0.191214 -0.002046
v -0.221188 0.169888 -0.023987
v -0.223626 0.225666 -0.011352
v -0.204392 0.215919 0.017022
v -0.150452 0.211273 0.033731
v -0.170135 0.160112 0.019504
v -0.183016 0.154316 -0.000244
v -0.204414 0.163303 -0.029226
v -0.192437 0.009870 -0.088362
v -0.188537 0.003922 -0.065770
v -0.205007 0.015015 -0.064004
v -0.228062 0.034395 0.104278
v -0.227483 0.015399 0.107809
v -0.192532 0.019336 0.094031
v -0.202243 0.008025 0.097121
v -0.202532 0.000058 0.025814
v -0.218076 0.002301 0.056178
v -0.239242 0.003141 0.022015
v -0.252550 0.006860 0.037913
v -0.259823 0.011687 0.070050
v -0.259490 0.024546 0.064297
v -0.255416 0.039981 0.065079
v -0.225985 0.054331 0.101731
v -0.238511 0.051335 0.038535
v -0.240791 0.048064 0.055729
v -0.217642 0.062095 0.032153
v -0.217634 0.062956 0.081483
v -0.195361 0.052826 0.084624
v -0.190028 0.043360 0.095319
v -0.172328 0.021109 0.063885
v -0.174144 0.005883 0.069095
v -0.169476 0.003864 0.044643
v -0.221383 0.001259 -0.012409
v -0.162269 0.006925 0.026349
v -0.224683 0.011412 -0.023032
v -0.238265 0.007461 -0.001047
v -0.251725 0.024430 0.022442
v -0.238620 0.046834 0.005075
v -0.219675 0.065764 0.004821
v -0.212844 0.068478 -0.015766
v -0.209269 0.083305 -0.013812
v -0.211976 0.078522 0.008801
v -0.171698 0.076271 0.019482
v -0.217439 0.069976 0.013360
v -0.216672 0.073225 0.024454
v -0.183667 0.067103 0.041886
v -0.178696 0.053050 0.057205
v -0.167653 0.046704 0.058139
v -0.161089 0.024126 0.044180
v -0.142962 0.015334 -0.029921
v -0.143780 0.004856 -0.035507
v -0.128041 0.008814 -0.054958
v -0.171980 0.004262 -0.082609
v -0.117483 0.008322 -0.073947
v -0.164614 0.006071 -0.097393
v -0.120957 0.007895 -0.109890
v -0.151465 0.009335 -0.121265
v -0.178377 0.011491 -0.109101
v -0.193827 0.031449 -0.089483
v -0.229437 0.022281 -0.014276
v -0.218619 0.040574 -0.038047
v -0.226000 0.067110 -0.022742
v -0.206266 0.049815 -0.052295
v -0.211469 0.075917 -0.034718
v -0.206259 0.086627 -0.026925
v -0.181163 0.100065 -0.007249
v -0.196135 0.087068 -0.001388
v -0.166227 0.081084 0.008367
v -0.173116 0.068557 0.030655
v -0.161335 0.043469 0.036632
v -0.152456 0.027093 -0.009065
v -0.131080 0.036153 -0.048612
v -0.118489 0.032433 -0.072840
v -0.114465 0.031572 -0.096676
v -0.129980 0.032231 -0.115512
v -0.168015 0.030429 -0.115093
v -0.193327 0.034148 -0.075749
v -0.200166 0.070916 -0.068208
v -0.199008 0.093508 -0.051702
v -0.203053 0.094283 -0.036810
v -0.199283 0.105897 -0.036868
v -0.192249 0.100918 -0.011555
v -0.181308 0.097633 -0.012770
v -0.162327 0.088342 -0.003414
v -0.147615 0.062030 -0.002958
v -0.141045 0.044229 -0.015846
v -0.124495 0.062291 -0.046253
v -0.121268 0.058607 -0.065379
v -0.119857 0.071141 -0.087443
v -0.130530 0.069882 -0.108095
v -0.161596 0.067884 -0.110787
v -0.187401 0.057855 -0.086502
v -0.188559 0.091338 -0.088094
v -0.193501 0.113119 -0.083752
v -0.200311 0.115956 -0.055385
v -0.209023 0.139336 -0.058700
v -0.201772 0.134987 -0.045877
v -0.201809 0.115312 -0.044596
v -0.188617 0.115536 -0.016331
v -0.174795 0.110514 -0.021599
v -0.155901 0.103466 -0.016642
v -0.149490 0.087596 -0.022786
v -0.142868 0.112526 -0.025998
v -0.137694 0.107554 -0.048308
v -0.134221 0.075273 -0.029378
v -0.121355 0.083269 -0.067926
v -0.132802 0.083566 -0.089932
v -0.134858 0.109841 -0.096039
v -0.138642 0.081330 -0.104832
v -0.155612 0.079882 -0.107097
v -0.167009 0.112475 -0.107480
v -0.188204 0.140596 -0.101380
v -0.211223 0.148317 -0.058338
v -0.201548 0.146131 -0.047780
v -0.213184 0.190592 -0.035731
v -0.185519 0.144322 -0.025629
v -0.175468 0.130457 -0.024935
v -0.183616 0.131868 -0.017821
v -0.154323 0.113626 -0.017329
v -0.139720 0.131319 -0.032113
v -0.119495 0.110926 -0.055407
v -0.115869 0.112359 -0.084693
v -0.141414 0.111404 -0.112220
v -0.150213 0.135183 -0.119369
v -0.127759 0.140234 -0.119326
v -0.130255 0.143830 -0.107675
v -0.158738 0.146638 -0.115426
v -0.130726 0.158383 -0.123234
v -0.185404 0.168108 -0.114745
v -0.208394 0.157275 -0.083528
v -0.203263 0.188703 -0.086965
v -0.213951 0.179976 -0.042975
v -0.216896 0.241984 -0.026686
v -0.211911 0.225297 -0.016939
v -0.182900 0.220094 0.015625
v -0.142210 0.208777 0.021443
v -0.139981 0.157456 0.013302
v -0.137115 0.157087 0.001066
v -0.146450 0.139937 -0.006294
v -0.151617 0.134915 -0.021063
v -0.121810 0.133026 -0.049249
v -0.107323 0.136254 -0.080293
v -0.113908 0.145097 -0.102313
v -0.099732 0.159135 -0.093651
v -0.135067 0.173152 -0.110158
v -0.156791 0.192473 -0.119615
v -0.185288 0.240638 -0.102263
v -0.214472 0.243055 -0.058779
v -0.216028 0.260010 -0.025810
v -0.212128 0.259171 -0.000223
v -0.215029 0.271856 -0.019081
v -0.193002 0.264026 0.021718
v -0.188327 0.239546 0.006225
v -0.171452 0.226462 0.012839
v -0.135798 0.220319 0.026277
v -0.131941 0.215876 0.017492
v -0.138425 0.201041 0.001066
v -0.112070 0.205072 -0.011562
v -0.128490 0.155010 -0.008646
v -0.116130 0.184788 -0.037996
v -0.102294 0.170728 -0.045189
v -0.104812 0.148794 -0.049994
v -0.108322 0.145089 -0.060632
v -0.105746 0.174867 -0.057983
v -0.093494 0.207416 -0.081588
v -0.111318 0.185649 -0.110679
v -0.140205 0.260162 -0.111836
v -0.198009 0.262210 -0.077131
v -0.214197 0.277870 -0.062325
v -0.213336 0.302292 -0.036397
v -0.208987 0.307112 -0.013168
v -0.210724 0.306555 0.006941
v -0.201374 0.296974 0.019323
v -0.212186 0.286510 -0.004354
v -0.195578 0.274845 0.021023
v -0.168239 0.273412 0.039556
v -0.161864 0.255929 0.033977
v -0.140176 0.238135 0.021298
v -0.159157 0.232946 0.017087
v -0.140292 0.220225 0.008577
v -0.107967 0.228156 -0.020383
v -0.099124 0.211165 -0.032258
v -0.104848 0.208422 -0.063866
v -0.099016 0.220196 -0.094759
v -0.111708 0.244922 -0.087139
v -0.115963 0.263527 -0.097262
v -0.195079 0.273043 -0.091314
v -0.196859 0.292972 -0.069684
v -0.202648 0.306026 -0.084635
v -0.221014 0.316259 -0.045218
v -0.181453 0.349416 -0.085887
v -0.215739 0.354843 -0.048149
v -0.189123 0.368201 -0.087725
v -0.204985 0.384447 -0.048402
v -0.212062 0.376943 -0.009123
v -0.207135 0.336998 -0.008349
v -0.206324 0.336846 -0.048467
v -0.222468 0.339835 -0.002603
v -0.218865 0.335283 0.019952
v -0.183681 0.388991 0.047646
v -0.186026 0.374323 0.059022
v -0.164816 0.358381 0.072887
v -0.151892 0.332663 0.077192
v -0.200636 0.334190 0.048290
v -0.200955 0.324913 0.014113
v -0.180389 0.318277 0.027920
v -0.172147 0.304123 0.042356
v -0.174694 0.288977 0.041285
v -0.141877 0.282277 0.040873
v -0.138085 0.266255 0.035496
v -0.125971 0.257181 0.023028
v -0.114784 0.245103 0.001919
v -0.111296 0.243055 -0.015918
v -0.094146 0.242136 -0.057158
v -0.107055 0.257369 -0.064424
v -0.136399 0.278087 -0.104766
v -0.160033 0.289057 -0.102147
v -0.193668 0.300454 -0.088760
v -0.149352 0.313965 -0.106829
v -0.192061 0.333423 -0.092443
v -0.147297 0.347187 -0.104144
v -0.109002 0.392573 -0.100005
v -0.132759 0.409781 -0.103218
v -0.115992 0.424189 -0.109275
v -0.159729 0.434928 -0.100750
v -0.192843 0.433387 -0.079265
v -0.213039 0.406373 -0.034762
v -0.209674 0.413566 -0.001286
v -0.222215 0.422575 0.008389
v -0.218438 0.395642 0.020987
v -0.195867 0.391871 0.067083
v -0.230848 0.399549 0.021501
v -0.220963 0.400251 0.041937
v -0.221810 0.410114 0.031154
v -0.216216 0.429928 0.040287
v -0.185310 0.429168 0.070506
v -0.156567 0.387870 0.090630
v -0.145748 0.423842 0.090920
v -0.137882 0.396343 0.091614
v -0.141030 0.386502 0.094617
v -0.133143 0.381545 0.079305
v -0.134416 0.326462 0.061547
v -0.171937 0.322757 0.047776
v -0.118952 0.308595 0.043261
v -0.127274 0.308024 0.036480
v -0.139351 0.298124 0.042812
v -0.115659 0.280865 0.021747
v -0.105029 0.272985 0.000132
v -0.095347 0.246196 -0.036397
v -0.097540 0.276791 -0.067875
v -0.108734 0.285649 -0.074873
v -0.111781 0.291156 -0.086538
v -0.133873 0.302929 -0.090431
v -0.120146 0.314124 -0.101032
v -0.131732 0.335348 -0.094426
v -0.111339 0.357166 -0.098420
v -0.106028 0.379837 -0.086618
v -0.077936 0.412647 -0.073592
v -0.094906 0.427134 -0.090916
v -0.019018 0.411229 -0.098644
v 0.014892 0.403587 -0.103572
v -0.024691 0.390439 -0.102501
v -0.015957 0.369120 -0.097566
v 0.021101 0.335739 -0.100193
v 0.041413 0.348504 -0.086929
v 0.056870 0.333365 -0.088108
v 0.036934 0.157333 0.016891
v 0.027092 0.180403 0.024193
v 0.003263 0.164512 0.019909
v 0.004233 0.211375 0.033361
v 0.063614 0.213249 0.015271
v 0.072284 0.193501 -0.002357
v 0.076980 0.168325 -0.023480
v 0.072356 0.163166 -0.005918
v 0.028033 0.154960 -0.009326
v -0.017433 0.011983 -0.123863
v 0.014668 0.010268 -0.129927
v -0.028722 0.006165 -0.104463
v 0.057717 0.062964 0.032558
v 0.033460 0.060055 0.042762
v 0.056559 0.067002 0.057987
v 0.083659 0.054519 0.096716
v 0.068000 0.034879 0.110429
v 0.088348 0.033512 0.098062
v 0.070887 0.016246 0.111710
v 0.065713 0.001505 0.050548
v 0.045451 0.008481 0.102324
v 0.017938 0.006809 0.073386
v 0.034126 0.021383 0.097939
v 0.042434 0.052695 0.102614
v 0.036833 0.052312 0.084508
v 0.059207 0.061900 0.089357
v 0.081221 0.055655 0.073075
v 0.103031 0.031362 0.068624
v 0.100079 0.012635 0.085239
v 0.098812 0.006375 0.044440
v 0.091901 0.005261 0.025351
v 0.084709 0.005254 0.004423
v 0.053578 0.000564 0.025756
v 0.011585 0.005369 0.026096
v 0.013170 0.004819 0.046532
v 0.015239 0.023250 0.064058
v 0.002930 0.034735 0.045989
v 0.020609 0.050915 0.059485
v 0.032339 0.070765 0.043543
v 0.069360 0.065721 0.032638
v 0.085381 0.048462 0.051546
v 0.092835 0.050271 0.030033
v 0.095751 0.020645 0.025872
v 0.073847 0.006028 -0.015448
v 0.048201 0.010406 0.001377
v -0.007476 0.014791 -0.033611
v -0.018945 0.013011 -0.056550
v -0.004400 0.005037 -0.040203
v 0.014993 0.006165 -0.074091
v -0.012802 0.004559 -0.065914
v 0.033772 0.004067 -0.102111
v -0.028143 0.010420 -0.079454
v -0.015624 0.034669 -0.052947
v -0.003843 0.030907 -0.025427
v 0.006179 0.024162 0.020104
v 0.010319 0.050488 0.035858
v 0.019921 0.072082 0.025221
v 0.043939 0.086829 0.004669
v 0.038519 0.080874 0.018925
v 0.064924 0.073276 0.014149
v 0.075649 0.058673 0.011674
v 0.063137 0.066242 -0.012416
v 0.083406 0.046002 0.002194
v 0.070952 0.025132 -0.022974
v 0.057956 0.015030 -0.061652
v 0.054185 0.005283 -0.067550
v 0.048765 0.008850 -0.089143
v 0.036348 0.007627 -0.110324
v 0.031999 0.029908 -0.116041
v 0.017758 0.068000 -0.115180
v 0.012584 0.031572 -0.127141
v -0.025878 0.031883 -0.113949
v -0.029055 0.032187 -0.084700
v -0.021746 0.049967 -0.060241
v -0.022867 0.063108 -0.048952
v -0.007302 0.057015 -0.009131
v 0.008712 0.070294 0.001637
v 0.009812 0.089680 -0.009709
v 0.013915 0.086431 0.000132
v 0.060510 0.082545 -0.011598
v 0.059786 0.077690 -0.030203
v 0.075077 0.066553 -0.020998
v 0.069599 0.077060 -0.035782
v 0.067993 0.041443 -0.035623
v 0.049532 0.033280 -0.076009
v 0.052825 0.030870 -0.082811
v 0.038663 0.063260 -0.098145
v 0.014096 0.080143 -0.109362
v -0.013127 0.073797 -0.114702
v -0.026522 0.065938 -0.088318
v -0.024387 0.083935 -0.067036
v -0.014278 0.076619 -0.033720
v 0.003487 0.105485 -0.038445
v 0.003415 0.097279 -0.016931
v 0.015123 0.109703 -0.025246
v 0.044424 0.106722 -0.013689
v 0.036854 0.099124 -0.005527
v 0.054113 0.093053 -0.021338
v 0.060633 0.051038 -0.052693
v 0.046595 0.055944 -0.082840
v 0.047571 0.093783 -0.085199
v 0.012649 0.110355 -0.109904
v -0.006325 0.080751 -0.108942
v -0.009198 0.110044 -0.100432
v -0.027759 0.110854 -0.088202
v -0.025284 0.110058 -0.058526
v -0.004234 0.112735 -0.029168
v -0.009907 0.128229 -0.029103
v 0.009906 0.115123 -0.013530
v 0.032390 0.131376 -0.015600
v 0.047412 0.115449 -0.020687
v 0.048172 0.108799 -0.037215
v 0.057138 0.093798 -0.039429
v 0.052919 0.092409 -0.052093
v 0.056255 0.114935 -0.061124
v 0.048158 0.111867 -0.087797
v 0.040878 0.135038 -0.100953
v 0.003256 0.112707 -0.117162
v -0.033078 0.137491 -0.095779
v -0.031146 0.135993 -0.056775
v -0.005269 0.131232 -0.036318
v 0.012866 0.139054 -0.020260
v 0.012569 0.131224 -0.020998
v 0.059287 0.119639 -0.041904
v 0.062970 0.137723 -0.065618
v 0.044344 0.140610 -0.106778
v 0.002293 0.138700 -0.120715
v -0.017078 0.143410 -0.109094
v -0.032694 0.143078 -0.059373
v 0.002786 0.139995 -0.006156
v 0.043895 0.141732 -0.028560
v 0.059671 0.137658 -0.043720
v 0.061017 0.145531 -0.073983
v 0.030190 0.144785 -0.106764
v -0.014097 0.153397 -0.123509
v 0.037882 0.167862 -0.115353
v -0.004755 0.172863 -0.110519
v -0.041530 0.155568 -0.096264
v -0.038332 0.147470 -0.056558
v -0.013142 0.154924 -0.007256
v -0.006687 0.156385 0.000979
v -0.006839 0.157695 0.010755
v -0.001766 0.207655 0.020307
v 0.039597 0.215883 0.013831
v 0.078196 0.224718 -0.008660
v 0.067717 0.222236 -0.017025
v 0.062211 0.163028 -0.027822
v 0.063810 0.148375 -0.048467
v 0.065691 0.155133 -0.086849
v 0.048765 0.171886 -0.107386
v 0.076047 0.223097 -0.051138
v 0.065713 0.189882 -0.079743
v 0.062203 0.241861 -0.082442
v 0.044185 0.212221 -0.104774
v 0.023641 0.189694 -0.117104
v -0.029416 0.187024 -0.112386
v -0.046212 0.205412 -0.080915
v -0.041002 0.222077 -0.092892
v -0.033888 0.197177 -0.064764
v -0.039193 0.206418 -0.060234
v -0.035372 0.193653 -0.022315
v -0.007165 0.195549 0.001919
v -0.013750 0.209442 0.019663
v 0.022439 0.223286 0.023411
v 0.036623 0.226477 0.008164
v 0.040458 0.259714 0.024164
v 0.031355 0.237346 0.014344
v 0.068738 0.260198 -0.004485
v 0.052145 0.245574 -0.000946
v 0.069968 0.246905 -0.020173
v 0.070134 0.200549 -0.032736
v 0.071792 0.179513 -0.040971
v 0.077016 0.245118 -0.033365
v 0.054649 0.261154 -0.080076
v 0.065778 0.275062 -0.080054
v 0.015485 0.261016 -0.108066
v -0.008568 0.253961 -0.109224
v -0.034808 0.240183 -0.079989
v -0.046219 0.239459 -0.053714
v -0.033092 0.222547 -0.022814
v -0.006600 0.217858 0.008041
v 0.003951 0.232172 0.011681
v 0.002033 0.237737 0.023983
v 0.019899 0.262130 0.036307
v -0.014625 0.256493 0.024207
v -0.011673 0.268252 0.032414
v 0.038331 0.275243 0.030865
v 0.011773 0.282602 0.043362
v 0.044004 0.292545 0.028882
v 0.062514 0.275127 0.009329
v 0.069888 0.267847 -0.020745
v 0.075670 0.258599 -0.026693
v 0.072855 0.301381 -0.027417
v 0.063723 0.296662 -0.058830
v 0.080504 0.315463 -0.038351
v 0.043794 0.319276 -0.086292
v 0.063774 0.304044 -0.080387
v 0.031152 0.289006 -0.097335
v 0.030942 0.278941 -0.099064
v -0.025856 0.263845 -0.098254
v -0.043006 0.276639 -0.067477
v -0.016145 0.276176 -0.094303
v -0.045669 0.246442 -0.039487
v -0.032210 0.242513 -0.017358
v -0.030060 0.245827 -0.001568
v -0.034149 0.276907 0.008562
v -0.015428 0.285938 0.036017
v 0.012251 0.300700 0.043536
v 0.053932 0.311417 0.023035
v 0.066458 0.297198 0.002433
v 0.052072 0.318545 0.005234
v 0.067066 0.301460 -0.014261
v 0.066878 0.331636 0.003193
v 0.068398 0.338532 -0.012271
v 0.077031 0.353707 -0.044408
v 0.048585 0.367854 -0.088463
v 0.027512 0.438676 -0.097820
v -0.021377 0.425716 -0.109651
v -0.002512 0.505844 -0.118819
v -0.010189 0.452158 -0.115114
v -0.071026 0.508297 -0.119326
v -0.068695 0.471385 -0.109637
v -0.110862 0.484099 -0.121634
v -0.077611 0.466652 -0.112169
v -0.082003 0.436534 -0.094686
v -0.069614 0.443300 -0.085192
v -0.054469 0.425499 -0.082001
v -0.010356 0.442490 -0.101568
v -0.061278 0.413747 -0.074337
v -0.043781 0.390786 -0.074222
v -0.022535 0.354771 -0.100338
v -0.019134 0.341383 -0.089874
v 0.011976 0.314326 -0.106691
v 0.011650 0.303074 -0.094093
v -0.006839 0.288695 -0.096018
v -0.032731 0.286843 -0.071884
v -0.049128 0.302582 -0.024790
v -0.036913 0.292552 0.005936
v -0.031920 0.297741 0.023961
v 0.012026 0.315238 0.038977
v 0.055691 0.328170 0.022601
v 0.078463 0.334726 0.023288
v 0.041225 0.331607 0.061091
v 0.062999 0.356847 0.047364
v 0.015999 0.367340 0.066403
v 0.035118 0.333648 0.055823
v 0.033533 0.365155 0.049303
v 0.035725 0.391408 0.052408
v 0.037440 0.394513 0.062886
v 0.044879 0.405765 0.050157
v 0.036710 0.416164 0.062329
v 0.051349 0.414796 0.064369
v 0.078565 0.415078 0.033419
v 0.078724 0.375908 0.015705
v 0.081944 0.341014 0.002288
v 0.065387 0.348207 -0.004876
v 0.075019 0.384635 -0.011395
v 0.072457 0.422496 -0.047483
v 0.056689 0.456695 -0.073795
v 0.037542 0.456094 -0.101785
v 0.014451 0.469069 -0.108110
v 0.054555 0.487290 -0.076906
v 0.028554 0.498876 -0.105367
v -0.000811 0.544016 -0.110650
v -0.062798 0.541947 -0.117958
v -0.108727 0.542533 -0.117517
v -0.154237 0.502559 -0.111627
v -0.132274 0.452107 -0.114673
v -0.172805 0.458844 -0.103196
v -0.196823 0.458055 -0.067123
v -0.210015 0.466196 -0.001880
v -0.210492 0.436679 0.003352
v -0.219292 0.433842 0.022391
v -0.170924 0.430586 0.066909
v -0.126919 0.426519 0.077583
v -0.122143 0.402285 0.070513
v -0.142094 0.330898 0.049310
v -0.123460 0.323813 0.044057
v -0.093241 0.322120 0.020633
v -0.098755 0.296489 0.012694
v -0.105225 0.292393 0.008664
v -0.090983 0.302828 -0.022503
v -0.084550 0.305563 -0.055154
v -0.099891 0.322106 -0.062564
v -0.089167 0.344242 -0.066913
v -0.099725 0.354090 -0.075314
v -0.081591 0.381516 -0.067557
v -0.069889 0.417206 -0.038713
v -0.054223 0.376313 -0.074779
v -0.058912 0.368563 -0.055993
v -0.053883 0.348381 -0.061066
v -0.044707 0.332186 -0.052889
v -0.027766 0.322257 -0.092103
v -0.034286 0.309623 -0.087348
v -0.047674 0.299593 -0.065430
v -0.056213 0.309044 -0.019204
v -0.048144 0.301829 0.008808
v -0.025581 0.311287 0.040099
v 0.018156 0.323589 0.048334
v -0.010580 0.328560 0.066280
v -0.010016 0.366566 0.065325
v -0.014358 0.414709 0.066026
v 0.036681 0.417416 0.049672
v 0.073412 0.426353 0.023513
v 0.072074 0.430123 0.007130
v 0.069744 0.417647 0.000950
v 0.072204 0.440319 -0.001489
v 0.071292 0.470799 0.000197
v 0.064700 0.483687 -0.057014
v 0.038092 0.545369 -0.085583
v -0.000051 0.546903 -0.120368
v 0.001946 0.568873 -0.111836
v -0.055236 0.568215 -0.116692
v -0.006434 0.609151 -0.110765
v 0.005441 0.649067 -0.105548
v 0.037846 0.645145 -0.108146
v 0.047412 0.667744 -0.104984
v 0.030964 0.676963 -0.110367
v 0.056421 0.671948 -0.084700
v 0.069888 0.664241 -0.090243
v 0.082870 0.654385 -0.088325
v 0.091156 0.639696 -0.078759
v 0.093812 0.611401 -0.065393
v 0.072276 0.600105 -0.049763
v 0.074245 0.600322 -0.019153
v 0.074295 0.618319 0.000791
v 0.099898 0.640072 0.023766
v 0.090867 0.684069 0.022427
v 0.062449 0.701306 0.018968
v 0.046291 0.686971 0.003823
v 0.042079 0.716249 0.034505
v 0.037875 0.687868 0.043377
v 0.048599 0.696805 0.034483
v 0.042861 0.741548 0.056930
v 0.047246 0.763828 0.036712
v 0.072081 0.791580 0.002535
v 0.056421 0.813839 -0.028488
v 0.055068 0.815901 0.021617
v 0.021499 0.815047 0.044918
v 0.016607 0.807746 0.018433
v 0.016564 0.827262 0.027753
v -0.017932 0.804439 0.059933
v -0.042066 0.797731 0.068899
v -0.051147 0.784141 0.067720
v -0.085723 0.779893 0.072713
v -0.031522 0.781159 0.069261
v -0.059288 0.774032 0.080072
v -0.078479 0.772230 0.082627
v -0.133562 0.769408 0.068103
v -0.126116 0.792846 0.047581
v -0.160605 0.780921 0.050678
v -0.153730 0.759957 0.051221
v -0.169107 0.743306 0.057350
v -0.168572 0.717689 0.036213
v -0.180997 0.725425 0.036878
v -0.181069 0.734941 0.024490
v -0.200716 0.746222 0.032450
v -0.190180 0.726112 0.032146
v -0.205376 0.745491 0.018838
v -0.218684 0.704816 0.012275
v -0.211657 0.714274 0.021740
v -0.222432 0.679951 0.022775
v -0.235653 0.659921 0.021588
v -0.217359 0.644776 0.016682
v -0.204652 0.620548 -0.000244
v -0.198928 0.603427 -0.045370
v -0.207221 0.631873 -0.069163
v -0.196171 0.665703 -0.086647
v -0.182111 0.683114 -0.081791
v -0.173261 0.672238 -0.099216
v -0.178117 0.669784 -0.106163
v -0.155358 0.653980 -0.132359
v -0.150184 0.650167 -0.125274
v -0.139004 0.649523 -0.103927
v -0.122411 0.612487 -0.111706
v -0.080252 0.569090 -0.116041
v -0.127006 0.569430 -0.114557
v -0.146190 0.548032 -0.115389
v -0.160894 0.545601 -0.097183
v -0.189217 0.486690 -0.080821
v -0.198031 0.484540 -0.063801
v -0.201989 0.478816 0.007477
v -0.198776 0.458120 0.025908
v -0.175881 0.435970 0.051496
v -0.124683 0.424044 0.057878
v -0.131276 0.395063 0.055476
v -0.115587 0.380467 0.049470
v -0.116817 0.364757 0.039549
v -0.098545 0.380120 0.033977
v -0.087872 0.372565 0.014366
v -0.091410 0.302285 0.009720
v -0.085549 0.345544 -0.015339
v -0.070468 0.400381 -0.040696
v -0.057211 0.337830 -0.015086
v -0.055728 0.356739 0.008461
v -0.042529 0.318372 0.021566
v -0.007128 0.327996 0.040779
v -0.020407 0.343930 0.056655
v -0.026326 0.421635 0.057915
v -0.016224 0.421837 0.069493
v 0.031861 0.424030 0.058197
v 0.037477 0.429703 0.044086
v 0.059989 0.449567 0.027999
v 0.065337 0.478795 0.008526
v 0.063325 0.505996 0.001847
v 0.052101 0.541483 -0.054039
v 0.055430 0.547707 -0.072630
v 0.043425 0.568996 -0.076139
v 0.003458 0.572499 -0.103826
v 0.029886 0.587818 -0.087225
v 0.038743 0.635650 -0.085641
v 0.052007 0.627850 -0.068469
v 0.056494 0.649096 -0.068910
v 0.070265 0.627162 -0.062231
v 0.067131 0.628812 -0.003703
v 0.073456 0.648994 0.019156
v 0.068825 0.665877 0.023904
v 0.055654 0.673193 0.010871
v 0.049800 0.664024 0.032529
v 0.033555 0.690553 0.064123
v 0.027570 0.725164 0.060071
v 0.025160 0.761136 0.047472
v 0.043309 0.798353 0.003613
v 0.042549 0.802637 0.042718
v 0.012432 0.800857 0.038456
v 0.005723 0.792426 0.052480
v -0.005681 0.790979 0.046785
v -0.007888 0.771224 0.071570
v 0.001070 0.770522 0.107860
v -0.009560 0.708333 0.119163
v -0.014184 0.691711 0.117151
v -0.033758 0.690755 0.117745
v -0.071937 0.690307 0.118331
v -0.100535 0.690394 0.116464
v -0.123055 0.691508 0.115075
v -0.133418 0.768228 0.110501
v -0.134850 0.707218 0.118961
v -0.135986 0.715178 0.088995
v -0.148607 0.735816 0.078314
v -0.157102 0.759284 0.065151
v -0.151523 0.700655 0.072764
v -0.156538 0.713036 0.058602
v -0.182126 0.684062 0.028889
v -0.175548 0.688252 0.007354
v -0.193501 0.695097 0.023035
v -0.200274 0.676898 0.027616
v -0.197713 0.655601 0.018780
v -0.193197 0.636649 -0.004608
v -0.191974 0.631446 -0.033597
v -0.185013 0.656867 -0.071942
v -0.179405 0.662852 -0.093948
v -0.167653 0.644848 -0.109000
v -0.167675 0.636092 -0.085822
v -0.135697 0.571768 -0.104549
v -0.172682 0.569517 -0.080626
v -0.191612 0.547099 -0.063020
v -0.185404 0.543510 -0.059018
v -0.196729 0.508623 0.002086
v -0.192835 0.511337 0.011848
v -0.173818 0.487717 0.042856
v -0.152514 0.473158 0.055418
v -0.132831 0.449343 0.056547
v -0.107359 0.432771 0.049542
v -0.087966 0.413769 0.020365
v -0.078204 0.416931 0.003468
v -0.070931 0.407618 -0.017004
v -0.063890 0.413884 0.004047
v -0.042919 0.375575 0.031133
v -0.013192 0.349112 0.040041
v -0.022043 0.413291 0.048283
v 0.001794 0.428668 0.055338
v 0.034720 0.482442 0.045222
v 0.058947 0.494382 0.018592
v 0.056552 0.512907 0.016045
v 0.032266 0.517408 0.029685
v 0.052774 0.529138 -0.000555
v 0.061776 0.534739 -0.012524
v 0.056024 0.569192 0.006305
v 0.050343 0.561260 -0.005491
v 0.052868 0.577202 -0.005172
v 0.050553 0.564669 -0.018704
v 0.051139 0.569329 -0.041115
v 0.044467 0.576681 -0.054329
v 0.054345 0.621315 -0.049372
v 0.059041 0.630643 -0.014674
v 0.057189 0.654349 0.010364
v 0.046117 0.667469 0.049947
v 0.017656 0.701863 0.072778
v 0.033453 0.779835 0.051800
v 0.021405 0.752742 0.068863
v 0.003155 0.754233 0.076063
v 0.002322 0.680248 0.091332
v -0.001419 0.684380 0.124750
v -0.127404 0.684619 0.125220
v -0.132441 0.672939 0.092143
v -0.156248 0.699374 0.084363
v -0.165243 0.679481 0.081165
v -0.178717 0.670573 0.058848
v -0.174607 0.669958 0.047704
v -0.187538 0.656426 0.012021
v -0.183008 0.637127 0.030525
v -0.183464 0.628928 0.006066
v -0.185165 0.625592 -0.059358
v -0.173587 0.581674 -0.063215
v -0.183175 0.570205 -0.043366
v -0.196331 0.540832 -0.016982
v -0.181749 0.566355 -0.016656
v -0.191540 0.571362 -0.009789
v -0.182466 0.563895 -0.002762
v -0.189615 0.568946 0.008374
v -0.195788 0.531845 -0.003493
v -0.186344 0.530918 -0.000172
v -0.165467 0.513399 0.034722
v -0.148657 0.486523 0.043181
v -0.149562 0.486480 0.058479
v -0.118388 0.451007 0.050924
v -0.092894 0.428524 0.035236
v -0.072675 0.438445 0.027145
v -0.071177 0.426715 0.015676
v -0.058601 0.417155 0.014214
v -0.042731 0.414796 0.041539
v 0.002170 0.467687 0.054832
v 0.014950 0.491726 0.043898
v 0.010825 0.515020 0.066540
v 0.015123 0.484801 0.060947
v 0.028489 0.496806 0.056091
v 0.028243 0.505924 0.049462
v 0.061378 0.538336 0.003540
v 0.047998 0.566529 0.006898
v 0.051674 0.593708 0.010393
v 0.034047 0.590343 0.038318
v 0.037737 0.614643 0.040598
v 0.051153 0.630115 0.010545
v 0.052456 0.635658 0.028991
v 0.039821 0.646932 0.062387
v 0.046855 0.670407 0.060650
v 0.032751 0.679865 0.081910
v 0.022613 0.708629 0.085065
v -0.014640 0.671196 0.093742
v -0.068341 0.674264 0.101586
v -0.116571 0.657910 0.093402
v -0.158253 0.655189 0.081151
v -0.170945 0.647395 0.061663
v -0.168883 0.641866 0.033890
v -0.171228 0.616127 0.039310
v -0.182430 0.595821 0.009380
v -0.183066 0.587340 0.019764
v -0.180620 0.573845 0.005972
v -0.181207 0.560465 0.012087
v -0.183754 0.527676 0.026538
v -0.162363 0.498311 0.051438
v -0.147644 0.514434 0.065353
v -0.132289 0.501184 0.064065
v -0.105753 0.475408 0.060845
v -0.091931 0.456789 0.056894
v -0.093335 0.456941 0.067756
v -0.070251 0.433864 0.051279
v -0.058622 0.445175 0.046322
v -0.037196 0.437786 0.042776
v 0.007721 0.483983 0.057263
v -0.005406 0.502458 0.065759
v -0.010218 0.504809 0.058971
v 0.008980 0.520954 0.055541
v 0.038692 0.548148 0.032783
v 0.035697 0.571051 0.042487
v 0.008046 0.566203 0.056373
v 0.000861 0.568837 0.073603
v -0.028606 0.597261 0.096340
v -0.012107 0.627806 0.087164
v 0.001852 0.627567 0.071077
v -0.011152 0.643118 0.072431
v 0.019002 0.649609 0.051843
v 0.024733 0.653647 0.081990
v -0.033874 0.658937 0.095971
v -0.080701 0.658626 0.093510
v -0.080310 0.654400 0.077858
v -0.110464 0.656440 0.074797
v -0.142948 0.652960 0.060824
v -0.120660 0.629376 0.076809
v -0.115204 0.616785 0.091470
v -0.114096 0.591255 0.091310
v -0.119299 0.564582 0.070774
v -0.158419 0.579496 0.046655
v -0.161987 0.559647 0.048580
v -0.167306 0.542345 0.038630
v -0.144511 0.519543 0.055859
v -0.097916 0.512039 0.073820
v -0.099870 0.505511 0.083264
v -0.090122 0.498195 0.082996
v -0.073594 0.455190 0.072648
v -0.048680 0.461304 0.069833
v -0.048701 0.459930 0.057661
v -0.043122 0.507928 0.071323
v -0.009126 0.527373 0.067438
v -0.004567 0.544472 0.062264
v -0.028649 0.547888 0.074761
v -0.033338 0.576211 0.078878
v -0.036088 0.611568 0.081541
v -0.028150 0.656650 0.074117
v -0.059802 0.657562 0.082417
v -0.062067 0.642554 0.085529
v -0.079847 0.620302 0.100848
v -0.061618 0.618131 0.100718
v -0.080599 0.607964 0.084501
v -0.100803 0.590792 0.080449
v -0.123366 0.543365 0.069384
v -0.081439 0.518146 0.077981
v -0.082502 0.510258 0.089074
v -0.058413 0.500547 0.087982
v -0.043896 0.505410 0.083452
v -0.060077 0.516930 0.077511
v -0.062320 0.549031 0.081382
v -0.062573 0.610598 0.085152
v -0.078537 0.543162 0.083640
v -0.062183 0.518689 0.087330
vt 0.465949 0.414803
vt 0.460768 0.415333
vt 0.459400 0.410039
vt 0.453866 0.414563
vt 0.450990 0.414326
vt 0.455088 0.422397
vt 0.463140 0.424407
vt 0.469321 0.416971
vt 0.470779 0.426510
vt 0.454656 0.360870
vt 0.459073 0.356728
vt 0.458793 0.364909
vt 0.464144 0.363015
vt 0.466431 0.362103
vt 0.463260 0.351521
vt 0.454395 0.352732
vt 0.467718 0.342206
vt 0.535713 0.369252
vt 0.530572 0.373565
vt 0.526123 0.369735
vt 0.514602 0.373709
vt 0.513142 0.381001
vt 0.509974 0.383201
vt 0.511898 0.387926
vt 0.512970 0.400011
vt 0.511087 0.393305
vt 0.531983 0.405298
vt 0.538408 0.391284
vt 0.661098 0.372316
vt 0.676105 0.372461
vt 0.682221 0.373390
vt 0.678721 0.367508
vt 0.681893 0.402421
vt 0.680578 0.399168
vt 0.690079 0.405882
vt 0.708661 0.405323
vt 0.955736 0.447081
vt 0.962250 0.451175
vt 0.958768 0.453136
vt 0.960114 0.455536
vt 0.971381 0.448522
vt 0.985346 0.496010
vt 0.982739 0.490639
vt 0.986231 0.486824
vt 0.985514 0.014757
vt 0.982813 0.005353
vt 0.987209 0.008411
vt 0.993003 0.004694
vt 0.075281 0.153739
vt 0.071990 0.160259
vt 0.066630 0.158118
vt 0.063076 0.164208
vt 0.061405 0.169949
vt 0.947453 0.843221
vt 0.952439 0.843224
vt 0.938136 0.852628
vt 0.947287 0.851402
vt 0.955450 0.855680
vt 0.959251 0.843186
vt 0.954956 0.829399
vt 0.841722 0.001048
vt 0.839352 0.015151
vt 0.831068 0.016006
vt 0.950747 0.822235
vt 0.957692 0.818883
vt 0.962790 0.822555
vt 0.958290 0.808624
vt 0.985876 0.446277
vt 0.979111 0.452354
vt 0.977198 0.443481
vt 0.979638 0.471554
vt 0.828341 0.021410
vt 0.841360 0.021250
vt 0.846610 0.021818
vt 0.998973 0.019197
vt 0.996922 0.012171
vt 0.999000 0.004890
vt 0.060891 0.160568
vt 0.058286 0.166073
vt 0.056746 0.178895
vt 0.053914 0.168029
vt 0.060893 0.176304
vt 0.961513 0.835671
vt 0.970607 0.828740
vt 0.972043 0.819934
vt 0.976151 0.835745
vt 0.984578 0.830341
vt 0.963716 0.437067
vt 0.968036 0.465535
vt 0.972461 0.478168
vt 0.667736 0.024158
vt 0.674830 0.020762
vt 0.672620 0.026973
vt 0.682459 0.028383
vt 0.972069 0.487611
vt 0.683384 0.019376
vt 0.686081 0.025801
vt 0.677890 0.016143
vt 0.056765 0.158044
vt 0.051976 0.162085
vt 0.045163 0.170280
vt 0.046184 0.180049
vt 0.058741 0.181776
vt 0.976540 0.839102
vt 0.991174 0.838667
vt 0.956924 0.437428
vt 0.954447 0.443449
vt 0.951549 0.456557
vt 0.961175 0.459909
vt 0.955234 0.471005
vt 0.952708 0.480120
vt 0.684491 0.002682
vt 0.044888 0.157516
vt 0.043665 0.165729
vt 0.039865 0.173584
vt 0.037641 0.187935
vt 0.037467 0.178649
vt 0.042118 0.191744
vt 0.048854 0.190849
vt 0.056370 0.188057
vt 0.943891 0.450140
vt 0.949300 0.470258
vt 0.944650 0.477805
vt 0.942373 0.485964
vt 0.951348 0.489022
vt 0.040585 0.161025
vt 0.036498 0.163558
vt 0.021606 0.163242
vt 0.020754 0.171053
vt 0.014130 0.173677
vt 0.020877 0.179996
vt 0.020437 0.184259
vt 0.025153 0.190829
vt 0.037736 0.195490
vt 0.933394 0.452780
vt 0.937965 0.450920
vt 0.937214 0.461043
vt 0.942862 0.471182
vt 0.009726 0.855443
vt 0.005894 0.845372
vt 0.022163 0.840984
vt 0.005621 0.840442
vt 0.017498 0.832531
vt 0.013875 0.828303
vt 0.935219 0.503118
vt 0.023620 0.153722
vt 0.015902 0.161076
vt 0.008390 0.164129
vt 0.069034 0.769527
vt 0.060738 0.781934
vt 0.070084 0.762680
vt 0.002983 0.184654
vt 0.013878 0.184515
vt 0.014585 0.196919
vt 0.022963 0.199173
vt 0.031181 0.864365
vt 0.018397 0.867924
vt 0.028221 0.856068
vt 0.012824 0.863924
vt 0.026517 0.850195
vt 0.026109 0.836847
vt 0.020589 0.827827
vt 0.046466 0.794415
vt 0.053627 0.785570
vt 0.051579 0.799726
vt 0.057910 0.790501
vt 0.069490 0.791759
vt 0.069843 0.782382
vt 0.078737 0.784524
vt 0.075679 0.782304
vt 0.079736 0.767922
vt 0.079423 0.764501
vt 0.075432 0.754469
vt 0.069977 0.753219
vt 0.001135 0.197311
vt 0.006122 0.198475
vt 0.044760 0.860474
vt 0.037969 0.865793
vt 0.034856 0.856958
vt 0.031731 0.847298
vt 0.028960 0.834093
vt 0.025112 0.824566
vt 0.057550 0.801550
vt 0.080769 0.800218
vt 0.084391 0.790426
vt 0.194010 0.539160
vt 0.184462 0.541632
vt 0.190458 0.536726
vt 0.210321 0.093210
vt 0.198757 0.087152
vt 0.211806 0.082946
vt 0.199262 0.073148
vt 0.191974 0.073649
vt 0.193469 0.086719
vt 0.194625 0.098261
vt 0.192471 0.100840
vt 0.203010 0.099867
vt 0.215269 0.093455
vt 0.214549 0.074628
vt 0.204744 0.069861
vt 0.189304 0.070423
vt 0.186150 0.082075
vt 0.188437 0.085361
vt 0.188657 0.103396
vt 0.181037 0.103672
vt 0.183543 0.110275
vt 0.186882 0.111936
vt 0.204339 0.107612
vt 0.212281 0.104367
vt 0.217888 0.099219
vt 0.220407 0.083737
vt 0.220933 0.096270
vt 0.225746 0.096211
vt 0.228709 0.091404
vt 0.237884 0.093568
vt 0.231686 0.088662
vt 0.992149 0.632150
vt 0.986638 0.640260
vt 0.990238 0.629139
vt 0.983184 0.627030
vt 0.404626 0.064692
vt 0.408333 0.070280
vt 0.397825 0.068368
vt 0.411634 0.077813
vt 0.693282 0.023258
vt 0.699216 0.026448
vt 0.688244 0.027472
vt 0.400401 0.093666
vt 0.409846 0.092768
vt 0.401856 0.096863
vt 0.410160 0.096107
vt 0.409650 0.101545
vt 0.403802 0.102906
vt 0.405444 0.109334
vt 0.417899 0.101362
vt 0.425718 0.099010
vt 0.421518 0.095097
vt 0.418297 0.093551
vt 0.991053 0.094858
vt 0.992093 0.110216
vt 0.988721 0.112161
vt 0.995775 0.115123
vt 0.881625 0.968822
vt 0.873961 0.970454
vt 0.869310 0.965845
vt 0.862566 0.967759
vt 0.408869 0.081262
vt 0.413364 0.087865
vt 0.416886 0.078997
vt 0.422073 0.089821
vt 0.407085 0.089087
vt 0.692037 0.004106
vt 0.950812 0.630695
vt 0.962925 0.622896
vt 0.963457 0.632198
vt 0.975295 0.624012
vt 0.963321 0.610376
vt 0.965910 0.607341
vt 0.978844 0.615242
vt 0.986181 0.617231
vt 0.992025 0.619400
vt 0.432168 0.092931
vt 0.426339 0.090792
vt 0.430940 0.084455
vt 0.428292 0.074302
vt 0.415926 0.071088
vt 0.415862 0.063651
vt 0.849318 0.974953
vt 0.851749 0.964247
vt 0.857005 0.967803
vt 0.848379 0.957797
vt 0.861766 0.973583
vt 0.981960 0.120186
vt 0.985623 0.129920
vt 0.407070 0.085835
vt 0.966320 0.639517
vt 0.976059 0.643119
vt 0.980529 0.652505
vt 0.998887 0.630424
vt 0.994606 0.622658
vt 0.951488 0.283472
vt 0.957184 0.287297
vt 0.958134 0.294656
vt 0.436702 0.090051
vt 0.434837 0.083614
vt 0.429198 0.057054
vt 0.432308 0.063192
vt 0.427601 0.067463
vt 0.436817 0.075106
vt 0.419886 0.053177
vt 0.849104 0.988365
vt 0.980797 0.657750
vt 0.943406 0.307113
vt 0.945849 0.302930
vt 0.953004 0.300278
vt 0.945300 0.284672
vt 0.963616 0.301743
vt 0.440853 0.093970
vt 0.967627 0.308143
vt 0.962285 0.306569
vt 0.977978 0.300561
vt 0.445813 0.086851
vt 0.452030 0.088120
vt 0.446290 0.078104
vt 0.441569 0.074740
vt 0.438777 0.065172
vt 0.442743 0.054165
vt 0.438781 0.044724
vt 0.424927 0.054452
vt 0.935021 0.314897
vt 0.948789 0.307765
vt 0.962181 0.314438
vt 0.020269 0.957104
vt 0.020414 0.964584
vt 0.013602 0.951504
vt 0.977055 0.311484
vt 0.461614 0.095526
vt 0.464262 0.086737
vt 0.458336 0.075747
vt 0.459452 0.070637
vt 0.456749 0.064466
vt 0.450091 0.055553
vt 0.452558 0.048484
vt 0.247877 0.101707
vt 0.252122 0.094326
vt 0.253280 0.105363
vt 0.257802 0.105037
vt 0.031808 0.993217
vt 0.027219 0.993493
vt 0.033976 0.980500
vt 0.028594 0.977853
vt 0.011860 0.988916
vt 0.012307 0.976463
vt 0.026038 0.962814
vt 0.020349 0.947579
vt 0.469615 0.084970
vt 0.467146 0.071261
vt 0.460759 0.059128
vt 0.457645 0.045907
vt 0.248248 0.092005
vt 0.240765 0.084140
vt 0.244099 0.088622
vt 0.239768 0.113872
vt 0.249314 0.114677
vt 0.038911 0.983655
vt 0.041080 0.972131
vt 0.033976 0.968194
vt 0.030146 0.955891
vt 0.027072 0.948077
vt 0.478483 0.083001
vt 0.475698 0.076677
vt 0.489582 0.075790
vt 0.475382 0.062605
vt 0.240363 0.070376
vt 0.235025 0.076087
vt 0.227510 0.077437
vt 0.222555 0.076990
vt 0.217121 0.073780
vt 0.205129 0.063219
vt 0.182891 0.062141
vt 0.179855 0.073258
vt 0.178519 0.084329
vt 0.181337 0.092734
vt 0.172463 0.105771
vt 0.171400 0.111782
vt 0.182001 0.528261
vt 0.188263 0.532560
vt 0.170101 0.540981
vt 0.180475 0.554326
vt 0.194782 0.542903
vt 0.071799 0.073137
vt 0.087337 0.075528
vt 0.076551 0.078224
vt 0.092419 0.081874
vt 0.089584 0.070316
vt 0.081174 0.055839
vt 0.092935 0.054667
vt 0.089129 0.059436
vt 0.099210 0.055341
vt 0.101133 0.061207
vt 0.094064 0.062584
vt 0.079535 0.059067
vt 0.077642 0.064712
vt 0.071046 0.068621
vt 0.059818 0.072297
vt 0.064314 0.078753
vt 0.063782 0.091525
vt 0.063578 0.099336
vt 0.081237 0.087128
vt 0.089925 0.090650
vt 0.090070 0.099311
vt 0.097887 0.103605
vt 0.087951 0.109378
vt 0.096510 0.120706
vt 0.109684 0.100310
vt 0.123316 0.089351
vt 0.103464 0.086080
vt 0.101733 0.075336
vt 0.107136 0.066115
vt 0.111764 0.064964
vt 0.109745 0.057446
vt 0.099856 0.051614
vt 0.082953 0.050246
vt 0.083302 0.052089
vt 0.070528 0.054177
vt 0.073881 0.055826
vt 0.071526 0.056768
vt 0.059690 0.067654
vt 0.047147 0.074459
vt 0.051021 0.079618
vt 0.055510 0.083671
vt 0.053259 0.099589
vt 0.052435 0.111197
vt 0.068065 0.107832
vt 0.073470 0.117108
vt 0.078858 0.123213
vt 0.088796 0.130173
vt 0.100120 0.133544
vt 0.108374 0.120122
vt 0.122959 0.113051
vt 0.129845 0.088103
vt 0.121728 0.084954
vt 0.120353 0.063112
vt 0.116767 0.057563
vt 0.853156 0.635754
vt 0.842572 0.629864
vt 0.848703 0.625186
vt 0.840199 0.616493
vt 0.848351 0.613335
vt 0.839067 0.608857
vt 0.071222 0.050817
vt 0.040857 0.060126
vt 0.036898 0.080193
vt 0.040797 0.086130
vt 0.047198 0.087151
vt 0.047653 0.108671
vt 0.055442 0.120625
vt 0.066288 0.127869
vt 0.071207 0.133508
vt 0.089076 0.139478
vt 0.098121 0.148909
vt 0.116039 0.138090
vt 0.128473 0.125965
vt 0.131774 0.117691
vt 0.138112 0.105092
vt 0.132129 0.104102
vt 0.133261 0.096450
vt 0.133122 0.070955
vt 0.867786 0.629376
vt 0.859682 0.635377
vt 0.862423 0.626235
vt 0.855940 0.622929
vt 0.855850 0.618254
vt 0.849792 0.610072
vt 0.846173 0.598311
vt 0.832980 0.593804
vt 0.843240 0.587939
vt 0.834406 0.587260
vt 0.839225 0.584224
vt 0.833708 0.577576
vt 0.035153 0.089028
vt 0.041630 0.095412
vt 0.035411 0.121067
vt 0.049708 0.139139
vt 0.074728 0.148050
vt 0.929377 0.650212
vt 0.919899 0.649977
vt 0.914692 0.634512
vt 0.907259 0.640727
vt 0.898650 0.635819
vt 0.897832 0.624454
vt 0.892627 0.630715
vt 0.898977 0.640010
vt 0.892887 0.635594
vt 0.888529 0.634302
vt 0.885735 0.620370
vt 0.874918 0.615393
vt 0.868359 0.610045
vt 0.863036 0.603965
vt 0.852887 0.587371
vt 0.839477 0.577974
vt 0.829038 0.571458
vt 0.834901 0.567845
vt 0.844292 0.573036
vt 0.942254 0.642776
vt 0.937058 0.644823
vt 0.939187 0.636036
vt 0.925116 0.637290
vt 0.911423 0.628805
vt 0.900715 0.617453
vt 0.892407 0.602443
vt 0.881435 0.594034
vt 0.875133 0.588825
vt 0.861132 0.583303
vt 0.854393 0.576384
vt 0.847303 0.565681
vt 0.929778 0.632528
vt 0.276677 0.553093
vt 0.266326 0.566515
vt 0.264078 0.555168
vt 0.258797 0.554682
vt 0.256481 0.567238
vt 0.265491 0.574868
vt 0.282964 0.561137
vt 0.273143 0.576913
vt 0.262382 0.583110
vt 0.268682 0.587870
vt 0.261990 0.591903
vt 0.266542 0.604885
vt 0.262285 0.602174
vt 0.266454 0.616819
vt 0.269530 0.617512
vt 0.274884 0.630897
vt 0.871498 0.581464
vt 0.275979 0.639204
vt 0.283552 0.650816
vt 0.286485 0.647236
vt 0.288437 0.551020
vt 0.284607 0.544505
vt 0.269034 0.541437
vt 0.267955 0.536678
vt 0.259912 0.543262
vt 0.251480 0.546451
vt 0.252953 0.554263
vt 0.247418 0.566651
vt 0.251808 0.568232
vt 0.252967 0.581758
vt 0.252282 0.598588
vt 0.253850 0.613213
vt 0.259807 0.623176
vt 0.269351 0.630577
vt 0.271395 0.647029
vt 0.283938 0.662679
vt 0.273062 0.654371
vt 0.280932 0.669298
vt 0.272338 0.658446
vt 0.279730 0.672565
vt 0.267164 0.531289
vt 0.258797 0.536519
vt 0.254036 0.535534
vt 0.239950 0.539224
vt 0.245790 0.537354
vt 0.236176 0.550479
vt 0.244914 0.549112
vt 0.245058 0.557308
vt 0.240324 0.567654
vt 0.243406 0.581294
vt 0.247694 0.588576
vt 0.250999 0.617485
vt 0.260799 0.634139
vt 0.261157 0.643428
vt 0.258730 0.650579
vt 0.266981 0.661642
vt 0.278701 0.676746
vt 0.267945 0.525300
vt 0.260697 0.523912
vt 0.251500 0.525028
vt 0.243790 0.523615
vt 0.222944 0.535814
vt 0.231308 0.523628
vt 0.223704 0.517168
vt 0.210550 0.543499
vt 0.741662 0.413214
vt 0.738361 0.407622
vt 0.752166 0.412179
vt 0.736968 0.403581
vt 0.739652 0.396159
vt 0.212388 0.564626
vt 0.216090 0.556684
vt 0.221963 0.545198
vt 0.224642 0.551259
vt 0.230846 0.560531
vt 0.235179 0.567754
vt 0.234852 0.581923
vt 0.241972 0.593242
vt 0.242999 0.609480
vt 0.249652 0.626454
vt 0.240729 0.633110
vt 0.250217 0.641631
vt 0.253822 0.649901
vt 0.263492 0.662247
vt 0.271086 0.674510
vt 0.269841 0.515889
vt 0.261205 0.516323
vt 0.254259 0.507375
vt 0.750981 0.345914
vt 0.747200 0.340155
vt 0.751975 0.339415
vt 0.748660 0.334562
vt 0.741743 0.342347
vt 0.744725 0.354690
vt 0.758242 0.348624
vt 0.743243 0.367718
vt 0.737745 0.367424
vt 0.731941 0.389780
vt 0.722170 0.409135
vt 0.725947 0.417305
vt 0.732349 0.416779
vt 0.738294 0.420478
vt 0.751111 0.421206
vt 0.754364 0.422187
vt 0.217481 0.572591
vt 0.228018 0.570657
vt 0.230393 0.584203
vt 0.232784 0.601728
vt 0.234797 0.617859
vt 0.233505 0.628755
vt 0.243511 0.644000
vt 0.245188 0.649581
vt 0.257802 0.661495
vt 0.268760 0.675582
vt 0.270293 0.510560
vt 0.766183 0.335956
vt 0.590740 0.458046
vt 0.581934 0.464507
vt 0.575409 0.438308
vt 0.548996 0.435189
vt 0.554103 0.429691
vt 0.560814 0.446229
vt 0.562653 0.452685
vt 0.759565 0.319890
vt 0.122613 0.792285
vt 0.131251 0.783052
vt 0.132940 0.793721
vt 0.133635 0.800270
vt 0.139170 0.783740
vt 0.150247 0.781764
vt 0.139316 0.768110
vt 0.136210 0.771451
vt 0.123385 0.775868
vt 0.115104 0.779930
vt 0.115818 0.793584
vt 0.106036 0.788930
vt 0.100195 0.783226
vt 0.088963 0.778803
vt 0.093969 0.796093
vt 0.087891 0.798306
vt 0.106603 0.799544
vt 0.121409 0.802708
vt 0.307980 0.333430
vt 0.291600 0.325326
vt 0.310440 0.329902
vt 0.292892 0.324087
vt 0.134025 0.803223
vt 0.145534 0.804583
vt 0.283590 0.315757
vt 0.295913 0.314195
vt 0.735999 0.339518
vt 0.732293 0.345698
vt 0.723634 0.349052
vt 0.706278 0.409400
vt 0.198627 0.545607
vt 0.202385 0.528169
vt 0.192748 0.527134
vt 0.191925 0.521734
vt 0.193753 0.508739
vt 0.206977 0.109136
vt 0.220852 0.106496
vt 0.226858 0.111465
vt 0.059577 0.987277
vt 0.048572 0.985566
vt 0.050010 0.977417
vt 0.038692 0.961194
vt 0.035930 0.947032
vt 0.243940 0.495914
vt 0.257358 0.493918
vt 0.249548 0.496307
vt 0.257201 0.496859
vt 0.257807 0.499982
vt 0.267487 0.493885
vt 0.230485 0.056805
vt 0.230262 0.067704
vt 0.225367 0.071979
vt 0.217999 0.065188
vt 0.189936 0.059350
vt 0.516001 0.317091
vt 0.521003 0.322711
vt 0.508721 0.322710
vt 0.517682 0.327067
vt 0.533697 0.322603
vt 0.518217 0.309971
vt 0.172995 0.062808
vt 0.170116 0.071322
vt 0.169780 0.089311
vt 0.166447 0.087238
vt 0.167160 0.096256
vt 0.159671 0.107913
vt 0.161667 0.551407
vt 0.740027 0.429600
vt 0.751041 0.438059
vt 0.766996 0.437856
vt 0.220570 0.591665
vt 0.223862 0.585515
vt 0.228056 0.600381
vt 0.229322 0.616039
vt 0.227599 0.628514
vt 0.238567 0.643476
vt 0.234728 0.648339
vt 0.233886 0.656244
vt 0.256764 0.665866
vt 0.562160 0.428024
vt 0.547642 0.423469
vt 0.543195 0.434155
vt 0.548424 0.445487
vt 0.543791 0.452102
vt 0.532471 0.442058
vt 0.526522 0.447209
vt 0.534685 0.452085
vt 0.131696 0.757807
vt 0.125337 0.766863
vt 0.116664 0.766035
vt 0.110377 0.757535
vt 0.095797 0.767898
vt 0.089413 0.765203
vt 0.085051 0.766487
vt 0.084841 0.753821
vt 0.079020 0.751239
vt 0.404560 0.350649
vt 0.404678 0.354114
vt 0.388420 0.353631
vt 0.388722 0.361201
vt 0.051934 0.855975
vt 0.048158 0.857307
vt 0.038196 0.844035
vt 0.035224 0.828386
vt 0.033038 0.824619
vt 0.369690 0.374502
vt 0.369421 0.390253
vt 0.360992 0.357710
vt 0.353365 0.365729
vt 0.354238 0.351589
vt 0.085548 0.805447
vt 0.100407 0.802452
vt 0.334077 0.344026
vt 0.325017 0.342079
vt 0.326992 0.331991
vt 0.321945 0.327623
vt 0.316754 0.323741
vt 0.310933 0.318331
vt 0.722981 0.334567
vt 0.717522 0.339042
vt 0.705459 0.336005
vt 0.702606 0.340915
vt 0.711442 0.347181
vt 0.686096 0.381497
vt 0.688651 0.357022
vt 0.682208 0.365843
vt 0.664469 0.365157
vt 0.646708 0.364328
vt 0.617090 0.374861
vt 0.615925 0.386188
vt 0.612565 0.378256
vt 0.611550 0.393170
vt 0.615286 0.401766
vt 0.779815 0.835184
vt 0.770226 0.832396
vt 0.784344 0.818195
vt 0.625062 0.388876
vt 0.792387 0.798538
vt 0.791014 0.811692
vt 0.797479 0.799408
vt 0.608370 0.367837
vt 0.580272 0.301040
vt 0.585645 0.296683
vt 0.591732 0.301905
vt 0.811402 0.133005
vt 0.808958 0.122031
vt 0.822348 0.124598
vt 0.819015 0.120564
vt 0.623516 0.278093
vt 0.635048 0.273769
vt 0.627320 0.287782
vt 0.634261 0.286777
vt 0.646288 0.282715
vt 0.823783 0.105080
vt 0.807621 0.103232
vt 0.662912 0.275806
vt 0.644787 0.287464
vt 0.662556 0.280565
vt 0.644903 0.292294
vt 0.818088 0.138932
vt 0.808694 0.145576
vt 0.633799 0.303845
vt 0.640603 0.299074
vt 0.633301 0.309713
vt 0.650204 0.301542
vt 0.822758 0.146104
vt 0.827940 0.136771
vt 0.825936 0.131938
vt 0.834935 0.122122
vt 0.832047 0.118075
vt 0.836318 0.102045
vt 0.839274 0.113942
vt 0.842584 0.091582
vt 0.846044 0.112718
vt 0.846056 0.089486
vt 0.609651 0.297729
vt 0.613050 0.292691
vt 0.619263 0.293740
vt 0.629394 0.294607
vt 0.623121 0.305780
vt 0.623116 0.313925
vt 0.616480 0.319122
vt 0.616755 0.323431
vt 0.623896 0.319074
vt 0.854410 0.139075
vt 0.849949 0.152172
vt 0.846150 0.152527
vt 0.626301 0.315083
vt 0.629646 0.313181
vt 0.843142 0.150768
vt 0.839032 0.149374
vt 0.844665 0.138805
vt 0.839380 0.134400
vt 0.839900 0.129866
vt 0.843064 0.120753
vt 0.866881 0.107051
vt 0.587834 0.280030
vt 0.868691 0.090571
vt 0.869559 0.103972
vt 0.875676 0.103845
vt 0.566190 0.278509
vt 0.573980 0.294513
vt 0.881514 0.089608
vt 0.882696 0.102529
vt 0.888384 0.087594
vt 0.892321 0.099973
vt 0.897090 0.092568
vt 0.557782 0.304316
vt 0.567106 0.296735
vt 0.570095 0.303680
vt 0.582202 0.309448
vt 0.612751 0.300815
vt 0.607589 0.310041
vt 0.611648 0.318901
vt 0.599210 0.316076
vt 0.607700 0.324830
vt 0.610325 0.328195
vt 0.619082 0.330292
vt 0.620529 0.325411
vt 0.856744 0.150039
vt 0.858980 0.139247
vt 0.850220 0.137074
vt 0.847334 0.127138
vt 0.860164 0.115243
vt 0.875017 0.111516
vt 0.884024 0.110258
vt 0.891083 0.106861
vt 0.899072 0.104279
vt 0.551747 0.313648
vt 0.567243 0.311730
vt 0.586891 0.312308
vt 0.593499 0.325601
vt 0.601750 0.334115
vt 0.607385 0.333418
vt 0.608301 0.338180
vt 0.615089 0.334694
vt 0.617514 0.331476
vt 0.865418 0.147758
vt 0.863430 0.147895
vt 0.863797 0.140072
vt 0.863070 0.129085
vt 0.865741 0.120787
vt 0.878701 0.122074
vt 0.884043 0.119061
vt 0.892772 0.119578
vt 0.900528 0.116621
vt 0.556335 0.326963
vt 0.568797 0.325311
vt 0.583182 0.321736
vt 0.585901 0.334571
vt 0.590290 0.342692
vt 0.601102 0.343202
vt 0.599783 0.353870
vt 0.605235 0.351621
vt 0.605609 0.342772
vt 0.612983 0.345209
vt 0.613552 0.341413
vt 0.870463 0.150005
vt 0.866017 0.150611
vt 0.871951 0.144100
vt 0.871402 0.137192
vt 0.880006 0.143574
vt 0.882753 0.138118
vt 0.874322 0.129754
vt 0.888680 0.126367
vt 0.896732 0.123421
vt 0.902989 0.128724
vt 0.901731 0.121153
vt 0.560880 0.330608
vt 0.568447 0.330348
vt 0.574117 0.342024
vt 0.582627 0.352263
vt 0.600934 0.358602
vt 0.605310 0.361272
vt 0.606017 0.377052
vt 0.609884 0.356806
vt 0.612495 0.354373
vt 0.612210 0.351551
vt 0.875258 0.156589
vt 0.872000 0.154074
vt 0.875617 0.145661
vt 0.884858 0.147083
vt 0.890423 0.136937
vt 0.898542 0.133300
vt 0.908545 0.127523
vt 0.562874 0.340973
vt 0.566350 0.350451
vt 0.560041 0.354740
vt 0.560671 0.357950
vt 0.571367 0.356674
vt 0.561771 0.363070
vt 0.578745 0.367620
vt 0.592603 0.364247
vt 0.586878 0.376962
vt 0.604421 0.372456
vt 0.606195 0.395135
vt 0.610081 0.392906
vt 0.615343 0.409653
vt 0.771734 0.839527
vt 0.781744 0.837417
vt 0.790833 0.826977
vt 0.795571 0.826631
vt 0.800239 0.806429
vt 0.799779 0.821659
vt 0.802422 0.816879
vt 0.802864 0.807966
vt 0.877935 0.156659
vt 0.881181 0.150709
vt 0.891783 0.144325
vt 0.901635 0.140037
vt 0.916775 0.132132
vt 0.915460 0.137523
vt 0.909833 0.140722
vt 0.554559 0.359627
vt 0.833728 0.831796
vt 0.841930 0.836858
vt 0.828570 0.837617
vt 0.838810 0.843159
vt 0.562148 0.368699
vt 0.570277 0.378927
vt 0.580361 0.397344
vt 0.598429 0.396720
vt 0.604508 0.403997
vt 0.089755 0.568084
vt 0.083694 0.566909
vt 0.089879 0.563566
vt 0.077175 0.564885
vt 0.076268 0.573882
vt 0.612013 0.409203
vt 0.615252 0.413256
vt 0.772828 0.844305
vt 0.782263 0.841114
vt 0.785205 0.842029
vt 0.790378 0.841844
vt 0.796754 0.848168
vt 0.799952 0.828860
vt 0.806323 0.842598
vt 0.811438 0.838462
vt 0.815289 0.831194
vt 0.819625 0.830432
vt 0.898890 0.145392
vt 0.817497 0.841515
vt 0.819280 0.854241
vt 0.832187 0.849388
vt 0.555884 0.375754
vt 0.564197 0.405178
vt 0.595328 0.406788
vt 0.109135 0.577622
vt 0.104524 0.569323
vt 0.100339 0.557682
vt 0.092522 0.552961
vt 0.085451 0.552863
vt 0.081193 0.555296
vt 0.087295 0.558388
vt 0.078706 0.561876
vt 0.752965 0.850748
vt 0.756487 0.848941
vt 0.759674 0.859876
vt 0.765686 0.856505
vt 0.765379 0.842929
vt 0.776074 0.856257
vt 0.774816 0.849653
vt 0.783815 0.848140
vt 0.795334 0.857485
vt 0.802155 0.853501
vt 0.812514 0.853567
vt 0.821724 0.859795
vt 0.831954 0.873082
vt 0.820169 0.868861
vt 0.823669 0.875662
vt 0.132979 0.590340
vt 0.126211 0.593120
vt 0.115625 0.576529
vt 0.111724 0.567159
vt 0.115547 0.563058
vt 0.103776 0.552844
vt 0.125881 0.543880
vt 0.109600 0.538302
vt 0.125553 0.537034
vt 0.113420 0.528416
vt 0.099581 0.528940
vt 0.095656 0.540397
vt 0.108256 0.545216
vt 0.091722 0.536077
vt 0.084068 0.536550
vt 0.718694 0.892058
vt 0.724638 0.887263
vt 0.732782 0.890817
vt 0.742670 0.887598
vt 0.736901 0.879822
vt 0.070462 0.522222
vt 0.073828 0.537918
vt 0.085565 0.543234
vt 0.077561 0.546022
vt 0.072172 0.550417
vt 0.071676 0.557394
vt 0.754245 0.862547
vt 0.764821 0.868404
vt 0.769368 0.864715
vt 0.776277 0.864161
vt 0.785477 0.862538
vt 0.791944 0.861949
vt 0.807774 0.866120
vt 0.811201 0.872902
vt 0.827523 0.883716
vt 0.132458 0.582831
vt 0.127576 0.574696
vt 0.118842 0.565490
vt 0.134225 0.561539
vt 0.122879 0.549816
vt 0.138674 0.547777
vt 0.154817 0.536306
vt 0.148971 0.528500
vt 0.154822 0.524765
vt 0.142209 0.517545
vt 0.128846 0.515147
vt 0.110298 0.519900
vt 0.099239 0.518291
vt 0.094891 0.515511
vt 0.086863 0.519115
vt 0.072945 0.518182
vt 0.071197 0.512877
vt 0.086589 0.513785
vt 0.081362 0.510625
vt 0.085848 0.509255
vt 0.087671 0.502522
vt 0.076896 0.491777
vt 0.712724 0.899851
vt 0.724867 0.905312
vt 0.719631 0.924756
vt 0.728104 0.916385
vt 0.730586 0.907652
vt 0.729882 0.905403
vt 0.735286 0.901152
vt 0.748672 0.888184
vt 0.747588 0.879213
vt 0.071375 0.544545
vt 0.764517 0.882764
vt 0.763727 0.878973
vt 0.746729 0.871578
vt 0.752108 0.867620
vt 0.762386 0.873386
vt 0.775598 0.873256
vt 0.784756 0.873414
vt 0.800147 0.867207
vt 0.809417 0.880180
vt 0.813979 0.884302
vt 0.832219 0.891204
vt 0.816230 0.888553
vt 0.823366 0.894734
vt 0.138222 0.568976
vt 0.143495 0.563466
vt 0.142437 0.554632
vt 0.151411 0.549129
vt 0.156625 0.541922
vt 0.169946 0.533390
vt 0.164373 0.525716
vt 0.553194 0.801840
vt 0.541821 0.795561
vt 0.557077 0.794668
vt 0.557278 0.785911
vt 0.546610 0.770518
vt 0.875235 0.728452
vt 0.866051 0.732357
vt 0.864363 0.725114
vt 0.621508 0.698468
vt 0.625402 0.704969
vt 0.619355 0.707029
vt 0.623465 0.720976
vt 0.826526 0.662320
vt 0.831211 0.653893
vt 0.838296 0.666087
vt 0.843342 0.663332
vt 0.849113 0.662373
vt 0.846656 0.656341
vt 0.837083 0.647086
vt 0.849488 0.644897
vt 0.571304 0.643383
vt 0.564714 0.639049
vt 0.574871 0.641447
vt 0.058626 0.629169
vt 0.055505 0.639354
vt 0.049392 0.633321
vt 0.035626 0.625862
vt 0.026590 0.621981
vt 0.032845 0.618137
vt 0.024982 0.615294
vt 0.612471 0.610494
vt 0.620417 0.621254
vt 0.614488 0.625839
vt 0.620263 0.624123
vt 0.016318 0.610065
vt 0.016423 0.618667
vt 0.029234 0.635293
vt 0.038184 0.640017
vt 0.037947 0.633085
vt 0.043698 0.625074
vt 0.041920 0.615169
vt 0.035062 0.610152
vt 0.039295 0.592855
vt 0.045624 0.603500
vt 0.050899 0.600964
vt 0.056830 0.598257
vt 0.047812 0.587645
vt 0.046917 0.572815
vt 0.039692 0.573873
vt 0.610049 0.629122
vt 0.614029 0.632331
vt 0.611456 0.639364
vt 0.624300 0.627649
vt 0.615495 0.642621
vt 0.049575 0.648611
vt 0.059312 0.639105
vt 0.061071 0.624529
vt 0.050819 0.621682
vt 0.055798 0.615787
vt 0.053443 0.606350
vt 0.063047 0.595384
vt 0.057524 0.585353
vt 0.067601 0.566258
vt 0.593986 0.643283
vt 0.585266 0.640814
vt 0.588896 0.637318
vt 0.580896 0.629206
vt 0.579779 0.634818
vt 0.567091 0.628125
vt 0.580074 0.641194
vt 0.588118 0.648746
vt 0.595982 0.646213
vt 0.606010 0.632908
vt 0.605706 0.639448
vt 0.609409 0.646810
vt 0.615231 0.649529
vt 0.609590 0.655232
vt 0.073966 0.628783
vt 0.069299 0.632086
vt 0.067988 0.623675
vt 0.065691 0.638862
vt 0.065634 0.618491
vt 0.075127 0.616696
vt 0.065789 0.613034
vt 0.070042 0.601031
vt 0.077576 0.591452
vt 0.080159 0.587895
vt 0.581913 0.612833
vt 0.576803 0.617914
vt 0.562789 0.627703
vt 0.558300 0.637046
vt 0.561966 0.657855
vt 0.564002 0.645535
vt 0.573853 0.650692
vt 0.580547 0.649946
vt 0.585365 0.657934
vt 0.588799 0.663914
vt 0.595522 0.656471
vt 0.602954 0.659039
vt 0.605046 0.668969
vt 0.606180 0.665077
vt 0.075974 0.637777
vt 0.078949 0.622174
vt 0.083857 0.616816
vt 0.079076 0.614062
vt 0.083324 0.613146
vt 0.079228 0.606163
vt 0.089103 0.596626
vt 0.089423 0.593333
vt 0.088169 0.583551
vt 0.095077 0.580310
vt 0.100427 0.584941
vt 0.103343 0.599421
vt 0.556582 0.653842
vt 0.561408 0.663458
vt 0.569182 0.663167
vt 0.578186 0.663759
vt 0.584835 0.671873
vt 0.595068 0.668656
vt 0.599014 0.677557
vt 0.605287 0.675377
vt 0.092789 0.636903
vt 0.090235 0.640104
vt 0.086601 0.629520
vt 0.082832 0.630629
vt 0.609773 0.664281
vt 0.084026 0.622821
vt 0.088765 0.606700
vt 0.097418 0.600697
vt 0.103732 0.609529
vt 0.111880 0.598237
vt 0.117546 0.604946
vt 0.557068 0.672071
vt 0.568194 0.666954
vt 0.567740 0.676385
vt 0.576438 0.679110
vt 0.589084 0.682304
vt 0.600497 0.681105
vt 0.601815 0.685250
vt 0.609215 0.679812
vt 0.097742 0.641042
vt 0.100346 0.635691
vt 0.096302 0.629993
vt 0.092439 0.625602
vt 0.090064 0.620468
vt 0.093651 0.616928
vt 0.102008 0.619006
vt 0.107439 0.612534
vt 0.116014 0.614624
vt 0.121239 0.604532
vt 0.558774 0.676139
vt 0.573648 0.686591
vt 0.588840 0.691670
vt 0.599353 0.687964
vt 0.609547 0.689473
vt 0.608843 0.686806
vt 0.104318 0.640014
vt 0.099661 0.624034
vt 0.107282 0.622527
vt 0.118470 0.615571
vt 0.539527 0.687739
vt 0.539574 0.685553
vt 0.556095 0.684887
vt 0.564424 0.688480
vt 0.588579 0.694441
vt 0.609849 0.695866
vt 0.617257 0.690646
vt 0.854102 0.639327
vt 0.856019 0.648558
vt 0.855953 0.638073
vt 0.862907 0.645506
vt 0.861283 0.651267
vt 0.102500 0.628184
vt 0.110981 0.622632
vt 0.122795 0.616805
vt 0.542444 0.691232
vt 0.559562 0.694939
vt 0.540583 0.701480
vt 0.556860 0.704273
vt 0.572542 0.698281
vt 0.588668 0.697524
vt 0.607409 0.702374
vt 0.612543 0.704171
vt 0.615830 0.706364
vt 0.618349 0.721163
vt 0.823895 0.664097
vt 0.832916 0.669483
vt 0.841679 0.673868
vt 0.844774 0.678083
vt 0.853868 0.659307
vt 0.861264 0.655292
vt 0.869597 0.654772
vt 0.873257 0.659577
vt 0.889230 0.657621
vt 0.886808 0.666202
vt 0.881474 0.666602
vt 0.856991 0.680067
vt 0.869434 0.671252
vt 0.866960 0.687973
vt 0.879113 0.680438
vt 0.889228 0.674654
vt 0.544785 0.710898
vt 0.565446 0.710155
vt 0.577778 0.717873
vt 0.573745 0.724494
vt 0.585103 0.716551
vt 0.587152 0.720124
vt 0.599941 0.717707
vt 0.610711 0.717674
vt 0.615833 0.721051
vt 0.622494 0.724647
vt 0.826709 0.672444
vt 0.830310 0.676755
vt 0.825681 0.688632
vt 0.826642 0.679065
vt 0.837139 0.689111
vt 0.837087 0.683603
vt 0.844222 0.686023
vt 0.851359 0.671599
vt 0.855962 0.665517
vt 0.849622 0.687159
vt 0.866434 0.694847
vt 0.863955 0.699797
vt 0.883359 0.698642
vt 0.549928 0.739087
vt 0.559263 0.734960
vt 0.575597 0.732482
vt 0.586720 0.733578
vt 0.599639 0.728559
vt 0.614287 0.726452
vt 0.817458 0.672348
vt 0.624276 0.731936
vt 0.617202 0.731687
vt 0.620479 0.735813
vt 0.816628 0.676039
vt 0.816836 0.685599
vt 0.627352 0.743162
vt 0.616167 0.744035
vt 0.619724 0.748610
vt 0.821534 0.692200
vt 0.806814 0.685342
vt 0.810656 0.693088
vt 0.823062 0.698013
vt 0.832821 0.695842
vt 0.843056 0.693524
vt 0.846482 0.691636
vt 0.846212 0.706700
vt 0.858204 0.706638
vt 0.848978 0.712689
vt 0.868278 0.719866
vt 0.863884 0.711921
vt 0.876551 0.708078
vt 0.877370 0.704568
vt 0.545539 0.747067
vt 0.566683 0.740008
vt 0.579633 0.748468
vt 0.565209 0.746070
vt 0.591055 0.737554
vt 0.600444 0.736177
vt 0.605784 0.739284
vt 0.607350 0.751040
vt 0.618513 0.755501
vt 0.627948 0.755232
vt 0.629456 0.760561
vt 0.809376 0.699390
vt 0.823549 0.705787
vt 0.833014 0.704558
vt 0.826444 0.710089
vt 0.840660 0.706646
vt 0.832917 0.716245
vt 0.839056 0.719779
vt 0.848133 0.728932
vt 0.863171 0.739280
vt 0.873088 0.753853
vt 0.865492 0.765263
vt 0.880771 0.766720
vt 0.550399 0.808049
vt 0.539014 0.839292
vt 0.546220 0.821359
vt 0.555270 0.841372
vt 0.561130 0.829090
vt 0.166040 0.502140
vt 0.181327 0.497996
vt 0.175163 0.511777
vt 0.178875 0.512278
vt 0.168956 0.522352
vt 0.174241 0.523134
vt 0.568469 0.818438
vt 0.567360 0.811090
vt 0.547946 0.815603
vt 0.570418 0.806517
vt 0.569641 0.796503
vt 0.560513 0.780882
vt 0.563125 0.774887
vt 0.550084 0.762133
vt 0.880472 0.721422
vt 0.881712 0.715423
vt 0.552638 0.756129
vt 0.545731 0.750623
vt 0.561090 0.750367
vt 0.575245 0.752264
vt 0.593668 0.759600
vt 0.605394 0.756583
vt 0.612291 0.760134
vt 0.629698 0.765825
vt 0.808847 0.707188
vt 0.822044 0.714937
vt 0.824437 0.720295
vt 0.806843 0.719136
vt 0.814234 0.725924
vt 0.792274 0.723594
vt 0.804340 0.717767
vt 0.797378 0.727076
vt 0.796037 0.737251
vt 0.798899 0.737002
vt 0.801595 0.742653
vt 0.799394 0.746444
vt 0.805903 0.743675
vt 0.817558 0.743956
vt 0.825379 0.732626
vt 0.830655 0.722084
vt 0.835811 0.723965
vt 0.835498 0.737038
vt 0.844622 0.753465
vt 0.851460 0.768411
vt 0.862793 0.771578
vt 0.878174 0.770409
vt 0.878594 0.776007
vt 0.869085 0.778936
vt 0.850659 0.779560
vt 0.862472 0.787672
vt 0.873287 0.793246
vt 0.867280 0.806382
vt 0.533884 0.851897
vt 0.548812 0.851762
vt 0.642164 0.366287
vt 0.645254 0.353920
vt 0.185891 0.486652
vt 0.168359 0.480928
vt 0.150965 0.493415
vt 0.155688 0.510723
vt 0.141620 0.507991
vt 0.126880 0.505794
vt 0.107214 0.496567
vt 0.102760 0.505244
vt 0.095773 0.504485
vt 0.081232 0.486490
vt 0.726193 0.927667
vt 0.734625 0.916834
vt 0.739359 0.909929
vt 0.754372 0.887822
vt 0.761576 0.887667
vt 0.773999 0.891212
vt 0.778772 0.882148
vt 0.779773 0.879331
vt 0.791674 0.886721
vt 0.802561 0.892089
vt 0.820821 0.901729
vt 0.805101 0.900263
vt 0.803594 0.909139
vt 0.807814 0.913800
vt 0.155231 0.555673
vt 0.812658 0.920604
vt 0.799654 0.921754
vt 0.809429 0.924877
vt 0.789255 0.929986
vt 0.798629 0.935250
vt 0.801204 0.944174
vt 0.574781 0.824763
vt 0.585326 0.804994
vt 0.573976 0.790400
vt 0.581933 0.787193
vt 0.579886 0.779346
vt 0.582514 0.772655
vt 0.567669 0.768308
vt 0.570113 0.763566
vt 0.578931 0.758901
vt 0.595098 0.763510
vt 0.605146 0.761999
vt 0.617468 0.766941
vt 0.632014 0.769867
vt 0.806967 0.709433
vt 0.793459 0.707789
vt 0.786282 0.721230
vt 0.783238 0.744264
vt 0.797269 0.749774
vt 0.819125 0.749417
vt 0.825510 0.750996
vt 0.828699 0.747224
vt 0.828414 0.755276
vt 0.826286 0.765389
vt 0.843421 0.775777
vt 0.850333 0.801027
vt 0.632648 0.396032
vt 0.635631 0.382382
vt 0.638874 0.382379
vt 0.645901 0.386291
vt 0.652818 0.371064
vt 0.662304 0.388969
vt 0.674047 0.395652
vt 0.673949 0.405711
vt 0.678909 0.411752
vt 0.687396 0.411453
vt 0.210610 0.535456
vt 0.206737 0.524338
vt 0.207043 0.516829
vt 0.207528 0.510029
vt 0.200533 0.496579
vt 0.210876 0.502147
vt 0.203606 0.492129
vt 0.065575 0.984266
vt 0.222440 0.489890
vt 0.219538 0.495757
vt 0.228797 0.497823
vt 0.240849 0.499198
vt 0.246049 0.503151
vt 0.260195 0.502605
vt 0.221761 0.060543
vt 0.206620 0.060941
vt 0.497102 0.312211
vt 0.504431 0.318017
vt 0.501332 0.324191
vt 0.511674 0.331165
vt 0.501764 0.336774
vt 0.503868 0.332047
vt 0.522019 0.338287
vt 0.529006 0.331632
vt 0.540207 0.317320
vt 0.166975 0.070921
vt 0.157665 0.084552
vt 0.750841 0.445329
vt 0.764428 0.450868
vt 0.774431 0.453448
vt 0.777928 0.448368
vt 0.214503 0.603658
vt 0.221628 0.604751
vt 0.221577 0.622567
vt 0.223865 0.632347
vt 0.220936 0.636744
vt 0.551642 0.416484
vt 0.548518 0.401349
vt 0.552713 0.384454
vt 0.549983 0.373342
vt 0.546653 0.385103
vt 0.546308 0.396886
vt 0.534011 0.421869
vt 0.547123 0.421286
vt 0.535624 0.431765
vt 0.527138 0.434046
vt 0.519917 0.437751
vt 0.510321 0.444460
vt 0.513685 0.447303
vt 0.515713 0.451063
vt 0.458032 0.310097
vt 0.444191 0.314955
vt 0.438482 0.312920
vt 0.437479 0.315894
vt 0.444899 0.317264
vt 0.121112 0.756655
vt 0.106888 0.754931
vt 0.111298 0.752202
vt 0.097841 0.752579
vt 0.089612 0.755770
vt 0.413388 0.339909
vt 0.410871 0.343433
vt 0.403335 0.340295
vt 0.393028 0.345794
vt 0.377753 0.358074
vt 0.042603 0.831078
vt 0.364576 0.350031
vt 0.346558 0.336184
vt 0.341556 0.325273
vt 0.700330 0.320543
vt 0.699260 0.328929
vt 0.697892 0.331730
vt 0.693354 0.340776
vt 0.691376 0.343067
vt 0.683606 0.344255
vt 0.671263 0.349961
vt 0.655697 0.362467
vt 0.656260 0.346950
vt 0.649228 0.340380
vt 0.643188 0.336117
vt 0.147652 0.478801
vt 0.134455 0.497423
vt 0.127804 0.496917
vt 0.104632 0.490590
vt 0.099208 0.492690
vt 0.089771 0.487971
vt 0.725225 0.931807
vt 0.738823 0.920688
vt 0.745660 0.909687
vt 0.753666 0.907618
vt 0.758233 0.902395
vt 0.763211 0.909357
vt 0.771922 0.908869
vt 0.780905 0.885098
vt 0.785431 0.902469
vt 0.787947 0.924861
vt 0.587455 0.799249
vt 0.595748 0.774288
vt 0.603927 0.782481
vt 0.609628 0.768946
vt 0.623723 0.773805
vt 0.631477 0.778359
vt 0.627828 0.783012
vt 0.630061 0.802212
vt 0.636760 0.802832
vt 0.635113 0.787939
vt 0.781134 0.746723
vt 0.797025 0.752585
vt 0.803910 0.756601
vt 0.815960 0.759470
vt 0.822499 0.767746
vt 0.823116 0.777936
vt 0.839531 0.795391
vt 0.628277 0.405182
vt 0.632555 0.401965
vt 0.639970 0.401612
vt 0.648191 0.388024
vt 0.650728 0.399295
vt 0.665728 0.407264
vt 0.660078 0.413012
vt 0.665113 0.419387
vt 0.218497 0.515283
vt 0.221797 0.506097
vt 0.243650 0.506318
vt 0.477175 0.320497
vt 0.483640 0.311315
vt 0.484717 0.319282
vt 0.490425 0.320457
vt 0.492598 0.325690
vt 0.489875 0.333736
vt 0.503356 0.343191
vt 0.517497 0.343233
vt 0.532872 0.340901
vt 0.543348 0.323517
vt 0.157589 0.069741
vt 0.758798 0.454337
vt 0.771294 0.458771
vt 0.779790 0.454471
vt 0.783059 0.457340
vt 0.787908 0.456304
vt 0.213960 0.618561
vt 0.551354 0.353686
vt 0.545656 0.360434
vt 0.537420 0.363042
vt 0.516126 0.369013
vt 0.507213 0.371393
vt 0.506004 0.376877
vt 0.505798 0.388691
vt 0.507158 0.397408
vt 0.508643 0.403821
vt 0.531880 0.410554
vt 0.510814 0.409767
vt 0.511829 0.419190
vt 0.518485 0.424425
vt 0.526108 0.429462
vt 0.506049 0.428145
vt 0.509905 0.432941
vt 0.495561 0.443952
vt 0.494406 0.451150
vt 0.413710 0.325200
vt 0.420380 0.326068
vt 0.428982 0.325144
vt 0.413954 0.330571
vt 0.419329 0.332606
vt 0.404712 0.334494
vt 0.391496 0.337156
vt 0.377995 0.340607
vt 0.353804 0.334744
vt 0.689498 0.321047
vt 0.693423 0.327197
vt 0.688089 0.334051
vt 0.681465 0.330773
vt 0.659173 0.343749
vt 0.658353 0.326852
vt 0.447413 0.475424
vt 0.436925 0.490311
vt 0.440823 0.469021
vt 0.437647 0.483132
vt 0.438853 0.467880
vt 0.133106 0.477113
vt 0.109727 0.482079
vt 0.107402 0.479272
vt 0.097169 0.480346
vt 0.725775 0.942003
vt 0.733237 0.936109
vt 0.738441 0.928735
vt 0.748212 0.924996
vt 0.764400 0.922870
vt 0.771064 0.925760
vt 0.779157 0.924705
vt 0.595223 0.800892
vt 0.602383 0.802934
vt 0.612264 0.790394
vt 0.621387 0.784283
vt 0.625106 0.803395
vt 0.631792 0.808877
vt 0.786258 0.754094
vt 0.803884 0.771501
vt 0.817698 0.773454
vt 0.818128 0.779404
vt 0.809251 0.782645
vt 0.821806 0.786863
vt 0.617505 0.415859
vt 0.623944 0.413537
vt 0.625409 0.421840
vt 0.625797 0.418636
vt 0.630027 0.420264
vt 0.630849 0.415791
vt 0.636404 0.411431
vt 0.642320 0.408267
vt 0.652321 0.416112
vt 0.646717 0.423332
vt 0.239206 0.508631
vt 0.474090 0.327067
vt 0.484042 0.327070
vt 0.491311 0.339482
vt 0.510266 0.348309
vt 0.542869 0.340827
vt 0.773236 0.473172
vt 0.774463 0.467353
vt 0.532195 0.347796
vt 0.533238 0.354139
vt 0.503826 0.360019
vt 0.501456 0.368295
vt 0.504272 0.406248
vt 0.495411 0.411666
vt 0.503889 0.423912
vt 0.496909 0.425310
vt 0.492103 0.431978
vt 0.492628 0.436239
vt 0.482200 0.446681
vt 0.399591 0.332461
vt 0.474044 0.449988
vt 0.478394 0.439091
vt 0.470394 0.446216
vt 0.469403 0.458525
vt 0.464360 0.466138
vt 0.677954 0.310198
vt 0.677830 0.319048
vt 0.663688 0.322168
vt 0.451766 0.468858
vt 0.448392 0.461797
vt 0.439975 0.455061
vt 0.448781 0.453218
vt 0.446511 0.451257
vt 0.445148 0.449182
vt 0.446498 0.446142
vt 0.437591 0.450058
vt 0.436182 0.450253
vt 0.113046 0.474757
vt 0.099750 0.471596
vt 0.092341 0.473319
vt 0.734389 0.940043
vt 0.419998 0.421207
vt 0.417286 0.425800
vt 0.406490 0.409344
vt 0.743468 0.930381
vt 0.757601 0.926917
vt 0.396560 0.389093
vt 0.396172 0.399399
vt 0.391365 0.387942
vt 0.766845 0.930327
vt 0.604862 0.809010
vt 0.606322 0.804328
vt 0.617293 0.805629
vt 0.634978 0.823506
vt 0.790732 0.769213
vt 0.798826 0.776551
vt 0.429486 0.355487
vt 0.420308 0.351389
vt 0.425362 0.346965
vt 0.417722 0.343059
vt 0.428849 0.344698
vt 0.428508 0.339073
vt 0.436691 0.328153
vt 0.431872 0.327066
vt 0.616883 0.418821
vt 0.624809 0.423855
vt 0.631322 0.424327
vt 0.458301 0.338649
vt 0.469712 0.338637
vt 0.472603 0.332386
vt 0.460582 0.327218
vt 0.639620 0.427291
vt 0.478501 0.335884
vt 0.485924 0.345942
vt 0.492231 0.343380
vt 0.498291 0.351137
vt 0.511776 0.351678
vt 0.493821 0.365853
vt 0.492058 0.387952
vt 0.487511 0.405521
vt 0.489470 0.421358
vt 0.485184 0.429670
vt 0.477963 0.433848
vt 0.467528 0.433440
vt 0.459538 0.443783
vt 0.455242 0.441068
vt 0.450146 0.445313
vt 0.441162 0.441169
vt 0.432337 0.437643
vt 0.425420 0.432391
vt 0.424591 0.426148
vt 0.427665 0.419287
vt 0.424438 0.414673
vt 0.417438 0.404627
vt 0.409156 0.400401
vt 0.411592 0.396613
vt 0.403843 0.387562
vt 0.403150 0.380653
vt 0.388421 0.382551
vt 0.400379 0.372032
vt 0.619002 0.813893
vt 0.639486 0.832836
vt 0.418332 0.354396
vt 0.424974 0.361011
vt 0.427605 0.363026
vt 0.433344 0.355211
vt 0.441900 0.340042
vt 0.447909 0.331326
vt 0.449573 0.342608
vt 0.446541 0.355963
vt 0.450027 0.361324
vt 0.463112 0.370549
vt 0.469264 0.360568
vt 0.473380 0.355972
vt 0.476416 0.363473
vt 0.481478 0.350597
vt 0.488821 0.355900
vt 0.487289 0.375669
vt 0.486051 0.392586
vt 0.481355 0.394623
vt 0.481763 0.405239
vt 0.481686 0.418597
vt 0.472351 0.408763
vt 0.465566 0.408703
vt 0.458342 0.405646
vt 0.445697 0.410904
vt 0.452579 0.429106
vt 0.444765 0.429078
vt 0.437137 0.431454
vt 0.432254 0.418584
vt 0.429489 0.401257
vt 0.427021 0.398002
vt 0.425276 0.394751
vt 0.412151 0.388679
vt 0.412644 0.378695
vt 0.411209 0.374573
vt 0.428812 0.375237
vt 0.435515 0.363183
vt 0.440608 0.361391
vt 0.443591 0.373555
vt 0.452171 0.373714
vt 0.467282 0.375554
vt 0.479172 0.371263
vt 0.481711 0.383070
vt 0.477764 0.384901
vt 0.471242 0.390470
vt 0.469386 0.387047
vt 0.466133 0.394348
vt 0.456434 0.401122
vt 0.440257 0.412228
vt 0.433479 0.395733
vt 0.430247 0.392349
vt 0.426657 0.384254
vt 0.427701 0.379402
vt 0.433585 0.381809
vt 0.444212 0.383537
vt 0.465915 0.383723
vt 0.442115 0.391477
vt 0.433868 0.385869
vn 0.0039 0.4524 0.8918
vn -0.5104 -0.2893 0.8098
vn -0.5772 -0.8038 0.1440
vn -0.8440 -0.1633 0.5108
vn -0.3059 0.7194 -0.6236
vn -0.5885 -0.1264 0.7985
vn -0.6406 0.1457 0.7539
vn -0.7220 0.6852 -0.0962
vn 0.5004 -0.2279 0.8353
vn 0.5046 -0.2544 0.8250
vn 0.5057 -0.2619 0.8220
vn 0.5086 -0.2786 0.8147
vn 0.3697 0.8772 0.3064
vn 0.7126 0.3403 0.6135
vn 0.9171 0.0850 0.3895
vn -0.0589 0.0849 0.9946
vn -0.0324 0.1408 0.9895
vn -0.0771 0.1717 0.9821
vn -0.1275 0.1452 0.9812
vn -0.0516 0.1487 0.9875
vn 0.0028 0.6977 0.7164
vn -0.0606 0.1182 0.9911
vn -0.0272 0.1446 0.9891
vn -0.0206 0.1346 0.9907
vn -0.0205 0.2027 0.9790
vn -0.0292 -0.4849 0.8741
vn 0.8049 0.0905 0.5864
vn 0.0565 -0.0269 -0.9980
vn 0.0461 -0.0140 -0.9988
vn 0.0742 0.0690 -0.9949
vn -0.7454 0.2971 -0.5968
vn 0.1578 -0.1720 -0.9724
vn 0.0937 -0.1704 -0.9809
vn 0.0559 0.0129 -0.9984
vn 0.4701 -0.2261 0.8532
vn -0.1584 -0.9354 -0.3162
vn -0.8212 -0.4342 -0.3703
vn -0.4672 -0.1109 0.8772
vn 0.3603 -0.9290 -0.0841
vn 0.2376 -0.6936 0.6800
vn 0.5365 0.6192 -0.5734
vn -0.6375 -0.4753 -0.6064
vn -0.6532 -0.4670 -0.5960
vn -0.6633 -0.4461 -0.6008
vn -0.6741 -0.4153 -0.6108
vn -0.4828 -0.4086 0.7746
vn -0.5021 -0.5332 -0.6808
vn -0.5482 -0.5867 -0.5961
vn -0.5760 -0.6191 -0.5338
vn -0.5951 -0.6414 -0.4842
vn 0.8540 0.3613 0.3743
vn 0.8663 0.3694 0.3363
vn 0.7987 0.4181 0.4327
vn -0.0019 0.5284 -0.8490
vn 0.0926 -0.2054 -0.9743
vn -0.9449 0.2304 0.2325
vn -0.8347 -0.3647 0.4127
vn 0.1353 -0.3894 0.9111
vn 0.7965 0.4022 0.4515
vn 0.0639 0.3741 -0.9252
vn -0.7947 -0.3228 -0.5142
vn -0.4138 -0.8264 0.3819
vn 0.9805 0.1570 -0.1184
vn 0.9650 0.1182 -0.2342
vn 0.9771 0.1449 -0.1560
vn 0.9528 0.0995 -0.2867
vn 0.9578 -0.1864 -0.2189
vn -0.1401 -0.9646 -0.2234
vn 0.7645 0.5037 0.4024
vn -0.5238 -0.6846 -0.5069
vn 0.4937 -0.1769 0.8515
vn 0.2056 -0.1216 0.9711
vn 0.4849 0.3675 -0.7936
vn 0.5414 0.3338 -0.7717
vn 0.5587 0.3224 -0.7642
vn 0.6226 0.2775 -0.7317
vn -0.6723 -0.3882 -0.6304
vn -0.7960 -0.1210 -0.5931
vn -0.8969 0.0886 0.4332
vn -0.9619 0.1055 0.2521
vn -0.9650 0.1391 0.2222
vn -0.9633 0.0847 0.2548
vn -0.9629 -0.2145 0.1635
vn -0.6282 -0.7615 0.1597
vn -0.9574 -0.2887 -0.0086
vn -0.9631 -0.2533 0.0914
vn -0.9594 -0.2802 0.0315
vn -0.9645 -0.2353 0.1198
vn -0.9683 -0.2191 0.1198
vn -0.3566 -0.5352 0.7657
vn 0.2174 -0.1368 0.9665
vn 0.2177 -0.1298 0.9674
vn 0.2175 -0.1283 0.9676
vn -0.3205 0.2611 0.9105
vn 0.2177 -0.1207 0.9685
vn 0.8520 0.0494 0.5212
vn 0.8683 -0.4383 -0.2324
vn 0.8951 -0.0867 -0.4374
vn 0.9075 -0.3724 0.1945
vn 0.9573 -0.2674 0.1102
vn 0.9297 -0.3313 0.1612
vn 0.2929 -0.9493 -0.1141
vn 0.2723 -0.0303 0.9617
vn 0.9250 -0.0695 -0.3736
vn 0.9038 0.0519 -0.4248
vn 0.9211 0.0064 -0.3892
vn 0.3169 0.5084 0.8006
vn 0.1982 0.2829 -0.9385
vn 0.1727 0.2773 -0.9452
vn 0.0565 0.2135 -0.9753
vn -0.1059 0.1270 -0.9862
vn -0.8117 -0.5840 0.0041
vn -0.8054 -0.5912 -0.0419
vn -0.8006 -0.5844 -0.1326
vn -0.7974 -0.5811 -0.1628
vn -0.8197 -0.5538 -0.1461
vn -0.9600 -0.1369 -0.2444
vn -0.9487 -0.1692 -0.2673
vn -0.9534 -0.1557 -0.2585
vn -0.9383 -0.1949 -0.2856
vn -0.9467 0.1641 -0.2773
vn -0.9518 0.1547 -0.2647
vn -0.9416 0.1721 -0.2893
vn -0.9687 0.1864 0.1640
vn -0.9648 0.1537 0.2132
vn -0.8064 0.2607 0.5309
vn -0.8256 0.1828 0.5338
vn -0.8524 0.1673 0.4953
vn -0.8759 0.1436 0.4606
vn -0.8876 0.1737 0.4267
vn -0.3825 -0.3453 -0.8570
vn -0.2865 0.6307 0.7212
vn -0.2552 0.6768 0.6905
vn -0.2704 0.6546 0.7060
vn -0.2446 0.6922 0.6790
vn 0.7944 0.4132 0.4452
vn -0.1069 -0.3911 0.9141
vn -0.1788 -0.3872 0.9045
vn -0.1796 -0.3866 0.9046
vn -0.2353 -0.3817 0.8938
vn 0.4609 0.7726 0.4366
vn 0.4005 0.8365 0.3739
vn 0.4555 0.7786 0.4316
vn 0.9550 0.2195 0.1997
vn 0.7600 0.1372 -0.6353
vn 0.3285 0.2151 -0.9197
vn -0.7420 -0.0515 -0.6685
vn -0.0547 -0.9752 -0.2145
vn 0.1421 -0.7484 -0.6478
vn 0.8810 -0.4137 0.2294
vn 0.8436 -0.0850 -0.5303
vn 0.8646 -0.1202 -0.4878
vn -0.2361 0.1808 -0.9548
vn -0.2778 0.2000 -0.9396
vn -0.2950 0.2250 -0.9286
vn -0.9335 0.1850 -0.3073
vn -0.7537 -0.6213 -0.2142
vn -0.6542 -0.6938 0.3012
vn -0.3404 -0.7843 0.5187
vn -0.3320 -0.7966 0.5052
vn -0.3379 -0.7884 0.5140
vn -0.3310 -0.7982 0.5033
vn -0.7014 -0.0419 0.7115
vn -0.1252 -0.6852 0.7175
vn -0.2788 0.5520 0.7859
vn -0.2085 0.5228 0.8265
vn -0.2340 0.5342 0.8124
vn -0.1136 0.4797 0.8701
vn -0.5739 0.4553 0.6808
vn 0.4999 0.7225 0.4775
vn 0.5378 0.8338 -0.1242
vn 0.8396 -0.0453 -0.5413
vn 0.8378 -0.0475 -0.5439
vn 0.8427 -0.0611 -0.5349
vn 0.4001 -0.9147 0.0578
vn 0.3150 -0.9488 0.0226
vn 0.3636 -0.9306 0.0426
vn 0.0598 -0.8347 -0.5474
vn 0.1527 -0.2350 -0.9599
vn -0.3608 -0.8626 -0.3547
vn -0.7965 -0.3757 -0.4737
vn -0.7903 -0.4118 -0.4537
vn -0.7893 -0.4160 -0.4516
vn -0.7839 -0.4422 -0.4358
vn -0.8703 -0.1656 -0.4638
vn -0.8581 -0.1828 -0.4799
vn -0.8653 -0.1749 -0.4697
vn -0.8529 -0.1808 -0.4898
vn -0.9738 0.1532 0.1682
vn -0.9586 0.1888 0.2131
vn -0.9356 0.2500 0.2491
vn -0.9310 0.2687 0.2472
vn -0.9201 0.2548 0.2975
vn -0.9012 0.2396 0.3612
vn -0.7692 0.2574 0.5849
vn -0.7544 0.2686 0.5989
vn -0.7286 0.2863 0.6222
vn -0.7006 0.3038 0.6456
vn 0.2006 0.1835 0.9623
vn 0.2670 0.2129 0.9399
vn 0.2340 0.1989 0.9517
vn 0.1597 0.5928 0.7894
vn 0.3986 0.3350 0.8537
vn 0.4393 0.3725 0.8174
vn 0.3909 0.3269 0.8604
vn 0.2020 -0.5854 0.7852
vn 0.3893 -0.7721 0.5023
vn 0.3463 -0.8237 0.4491
vn 0.3173 -0.8536 0.4132
vn 0.2793 -0.8883 0.3646
vn 0.4466 -0.8914 0.0775
vn 0.8868 -0.4293 -0.1712
vn 0.4875 -0.4054 -0.7733
vn 0.6345 -0.5595 -0.5332
vn 0.6494 -0.5188 -0.5560
vn 0.6416 -0.5400 -0.5447
vn 0.1103 -0.5447 -0.8314
vn 0.0136 -0.5633 -0.8261
vn 0.0866 -0.5497 -0.8309
vn -0.0103 -0.5667 -0.8239
vn -0.5865 -0.2437 -0.7724
vn -0.5667 -0.2695 -0.7786
vn -0.5317 -0.3252 -0.7820
vn -0.5226 -0.3482 -0.7782
vn -0.5254 -0.3663 -0.7679
vn -0.8684 -0.1431 -0.4748
vn -0.8474 0.3282 -0.4173
vn -0.9693 -0.1276 -0.2101
vn -0.4539 -0.7020 0.5487
vn -0.9060 0.4146 -0.0850
vn -0.9337 0.2670 0.2386
vn -0.9302 0.2563 0.2626
vn -0.3969 0.3154 0.8620
vn -0.2843 0.0610 0.9568
vn -0.0206 0.9682 0.2493
vn 0.1648 0.1675 0.9720
vn 0.5566 0.0299 0.8302
vn 0.5643 0.0581 0.8235
vn 0.5527 0.0164 0.8332
vn 0.3601 0.2984 0.8839
vn 0.8844 -0.0331 0.4655
vn 0.8945 -0.0965 0.4365
vn 0.8894 -0.0654 0.4524
vn 0.8969 -0.1040 0.4299
vn 0.9726 -0.2308 0.0269
vn 0.9816 -0.1906 0.0103
vn 0.9676 -0.2521 0.0119
vn 0.9762 -0.2146 -0.0307
vn 0.6216 -0.5913 -0.5138
vn 0.4842 -0.5234 -0.7012
vn 0.5497 -0.3719 -0.7480
vn 0.5378 -0.4384 -0.7201
vn 0.1103 -0.5421 -0.8330
vn -0.3371 -0.1502 -0.9294
vn -0.3708 -0.3041 -0.8775
vn -0.3670 -0.2924 -0.8831
vn -0.3820 -0.3713 -0.8463
vn -0.6047 -0.0467 -0.7951
vn -0.7006 -0.2835 -0.6548
vn -0.8535 -0.0224 -0.5207
vn -0.8483 0.0207 -0.5291
vn -0.8487 0.0205 -0.5285
vn -0.8418 0.0626 -0.5361
vn 0.2893 0.2116 0.9335
vn -0.9528 -0.1639 0.2555
vn -0.8164 0.5692 0.0976
vn -0.8772 0.0127 0.4799
vn -0.6835 0.5804 -0.4427
vn -0.6914 0.5833 -0.4264
vn -0.7611 0.5571 -0.3322
vn -0.7790 0.5433 -0.3130
vn -0.8706 0.3131 0.3796
vn -0.1573 0.1076 0.9817
vn -0.1260 -0.7214 0.6810
vn -0.0521 -0.7497 0.6598
vn -0.1222 -0.7233 0.6796
vn 0.1985 0.9285 0.3139
vn -0.1921 0.2914 0.9371
vn -0.3252 0.5986 0.7320
vn 0.3996 0.2928 0.8687
vn 0.3972 0.2798 0.8740
vn 0.3968 0.2795 0.8743
vn 0.3949 0.2648 0.8797
vn 0.5411 -0.0219 0.8407
vn 0.8655 -0.0385 0.4994
vn 0.8565 -0.0962 0.5070
vn 0.9321 -0.3620 -0.0119
vn 0.9544 -0.2962 -0.0384
vn 0.4129 -0.6272 -0.6604
vn 0.5031 -0.5189 -0.6911
vn -0.3240 -0.3505 -0.8787
vn -0.3093 -0.3109 -0.8987
vn -0.1570 -0.2982 -0.9415
vn -0.6156 0.2129 -0.7588
vn -0.6438 0.1213 -0.7555
vn -0.6400 0.1339 -0.7566
vn -0.6748 -0.0174 -0.7378
vn 0.7565 -0.3738 -0.5367
vn 0.8332 -0.3105 -0.4576
vn 0.8331 -0.3105 -0.4577
vn 0.9169 0.3789 -0.1255
vn 0.9180 0.3439 -0.1974
vn 0.9281 0.3613 -0.0902
vn 0.8499 0.4338 0.2992
vn 0.8462 0.4779 0.2357
vn 0.8498 0.4432 0.2853
vn 0.9394 0.2014 0.2773
vn 0.9444 0.1857 0.2714
vn 0.9542 0.1513 0.2582
vn 0.9591 0.1318 0.2507
vn 0.9247 0.2360 -0.2987
vn 0.9104 0.3476 -0.2244
vn -0.5058 -0.3675 -0.7804
vn -0.5102 -0.3671 -0.7778
vn -0.5337 -0.3724 -0.7593
vn -0.5918 -0.4237 -0.6857
vn -0.6036 -0.4344 -0.6686
vn 0.6380 -0.7681 -0.0541
vn 0.4841 -0.8750 0.0081
vn 0.6168 -0.7858 -0.0450
vn 0.4684 -0.8834 0.0140
vn 0.8489 0.3890 0.3578
vn -0.1641 -0.0547 0.9849
vn 0.0737 0.0748 0.9945
vn 0.0478 0.0564 0.9973
vn -0.1123 -0.0598 0.9919
vn -0.1370 -0.0779 0.9875
vn 0.8539 0.1747 0.4902
vn 0.8011 0.2885 0.5244
vn 0.8784 0.1054 0.4662
vn -0.0326 0.9836 0.1773
vn 0.8649 0.4505 0.2214
vn 0.7592 0.6140 -0.2158
vn -0.1504 0.9645 -0.2173
vn 0.9449 0.1162 -0.3061
vn 0.9498 -0.0051 -0.3127
vn 0.9491 0.0399 -0.3125
vn 0.6390 0.2329 -0.7331
vn 0.5856 0.1159 -0.8023
vn 0.6110 0.1868 -0.7693
vn -0.1863 -0.1988 -0.9622
vn -0.2976 -0.1584 -0.9415
vn -0.1512 -0.2108 -0.9658
vn 0.5675 0.0521 -0.8217
vn 0.9476 -0.0136 -0.3192
vn 0.7037 0.1686 -0.6902
vn 0.6962 0.2506 -0.6727
vn 0.6394 0.3022 -0.7070
vn 0.6836 0.3284 -0.6519
vn 0.7478 0.2873 -0.5986
vn 0.6619 0.5780 -0.4773
vn 0.9804 -0.1894 -0.0545
vn 0.4595 -0.8851 -0.0742
vn 0.5116 -0.8581 -0.0436
vn 0.4888 -0.8705 -0.0576
vn 0.3815 0.9099 -0.1628
vn 0.9461 0.2599 0.1935
vn 0.9469 0.2546 0.1963
vn 0.9072 0.3423 0.2446
vn 0.7774 0.4986 -0.3834
vn 0.2585 -0.3355 -0.9059
vn 0.7399 -0.1684 -0.6513
vn 0.2282 -0.2119 -0.9503
vn 0.2409 -0.1251 -0.9624
vn 0.2260 -0.2904 -0.9298
vn 0.4199 -0.6733 0.6085
vn 0.4408 -0.8895 0.1205
vn 0.5522 -0.8174 0.1641
vn 0.5385 -0.8275 0.1587
vn 0.6292 -0.7523 0.1951
vn 0.4326 -0.5207 0.7360
vn 0.6732 -0.4001 -0.6219
vn 0.5607 -0.6739 -0.4811
vn -0.0246 -0.3844 0.9228
vn 0.3417 0.2005 0.9182
vn 0.7076 -0.5941 0.3826
vn 0.8093 -0.0707 0.5831
vn 0.9800 -0.1980 -0.0176
vn 0.5669 -0.2056 0.7977
vn 0.3031 0.1182 -0.9456
vn -0.8453 0.5090 -0.1623
vn 0.0942 -0.7711 0.6296
vn 0.1718 -0.5042 0.8463
vn 0.7497 -0.2119 -0.6270
vn 0.8830 0.4534 -0.1209
vn 0.4928 -0.8564 0.1541
vn 0.5369 -0.8195 0.2002
vn 0.6034 -0.7563 0.2528
vn 0.6693 -0.6959 0.2604
vn 0.6891 -0.6811 0.2475
vn 0.9242 0.3546 0.1417
vn 0.7058 -0.1838 -0.6842
vn -0.4757 0.3024 -0.8260
vn -0.3662 0.3079 -0.8781
vn -0.4536 0.3039 -0.8378
vn -0.3486 0.3084 -0.8851
vn -0.7065 0.4103 0.5766
vn -0.9090 0.3590 0.2120
vn -0.4296 -0.8908 0.1478
vn 0.0536 0.4441 -0.8944
vn -0.8942 0.1459 -0.4232
vn -0.7473 0.0209 0.6641
vn -0.7438 -0.0477 0.6667
vn -0.7460 -0.0197 0.6657
vn -0.7392 -0.0955 0.6667
vn -0.6111 0.2114 0.7628
vn -0.9500 0.3121 -0.0084
vn 0.6430 0.3102 0.7003
vn 0.6552 0.3284 0.6804
vn 0.6383 0.3035 0.7074
vn 0.4998 0.7232 0.4766
vn 0.9894 -0.1328 -0.0583
vn 0.0434 0.2444 0.9687
vn 0.0302 0.2336 0.9719
vn 0.0105 0.2177 0.9760
vn -0.0023 0.2072 0.9783
vn 0.9800 0.0477 0.1933
vn 0.9773 0.0618 0.2027
vn 0.9768 0.0646 0.2042
vn 0.9744 0.0759 0.2117
vn 0.9737 0.0922 -0.2084
vn 0.9785 0.0799 -0.1903
vn 0.9764 0.0854 -0.1986
vn 0.5933 -0.7860 -0.1738
vn 0.8835 -0.3405 0.3216
vn 0.2754 -0.0656 -0.9591
vn 0.2583 -0.0713 -0.9634
vn -0.9417 0.2933 0.1649
vn -0.9082 0.4161 0.0449
vn -0.9342 0.3333 0.1273
vn -0.8883 0.4593 -0.0013
vn -0.6553 0.1301 0.7441
vn 0.2603 -0.9308 0.2568
vn -0.5786 0.0124 -0.8155
vn 0.4710 0.3714 -0.8001
vn -0.8654 0.3157 -0.3891
vn -0.0889 -0.0726 0.9934
vn -0.2943 -0.5977 0.7458
vn 0.5838 -0.5903 -0.5575
vn -0.7411 -0.6265 -0.2412
vn -0.8927 -0.3018 -0.3347
vn -0.8756 -0.0523 -0.4802
vn 0.0041 -0.9766 -0.2149
vn -0.2562 -0.7016 -0.6649
vn -0.7007 -0.2905 -0.6517
vn -0.6948 0.3076 -0.6501
vn -0.3002 -0.2508 0.9203
vn -0.3313 -0.2677 0.9048
vn -0.3609 -0.2837 0.8884
vn -0.3843 -0.2962 0.8744
vn 0.6729 -0.2552 0.6943
vn 0.3846 -0.4341 0.8147
vn 0.0239 0.7395 0.6728
vn 0.3549 0.7392 0.5723
vn 0.6260 0.2862 0.7254
vn -0.8184 0.3998 0.4128
vn 0.7677 0.6302 0.1161
vn 0.5536 -0.5401 -0.6339
vn 0.6830 -0.3844 -0.6211
vn 0.5495 -0.5944 -0.5872
vn 0.8983 -0.3988 -0.1847
vn 0.5559 -0.8100 0.1866
vn 0.5316 0.8459 -0.0430
vn 0.9708 0.0993 -0.2185
vn 0.3203 0.1982 -0.9263
vn -0.0869 0.4099 -0.9080
vn -0.7021 -0.1912 -0.6859
vn -0.9406 -0.3323 -0.0689
vn -0.9454 -0.2085 0.2504
vn -0.6387 -0.7026 -0.3136
vn -0.9616 -0.2509 -0.1111
vn -0.8267 0.1716 -0.5359
vn -0.7432 0.6509 0.1551
vn -0.4973 0.8285 0.2573
vn -0.3697 -0.8234 0.4305
vn 0.3632 0.5427 0.7573
vn -0.4196 -0.5982 0.6827
vn -0.2728 0.8505 0.4496
vn -0.0731 -0.6565 0.7508
vn 0.6388 -0.3428 0.6888
vn 0.6726 -0.2760 0.6866
vn 0.6638 -0.2933 0.6880
vn 0.3841 -0.1260 0.9147
vn 0.2951 -0.9107 0.2892
vn 0.6999 -0.2144 0.6813
vn 0.9568 0.1753 -0.2319
vn 0.3997 -0.8703 0.2877
vn 0.7909 -0.2508 -0.5581
vn 0.7329 -0.2140 -0.6457
vn 0.6850 -0.2845 -0.6707
vn 0.2931 -0.4983 -0.8159
vn 0.4317 -0.7063 -0.5610
vn 0.0334 -0.9993 -0.0190
vn -0.3811 -0.8853 -0.2663
vn -0.4354 -0.8660 0.2458
vn -0.5638 -0.7716 0.2946
vn -0.4780 -0.8383 0.2621
vn -0.5984 -0.7398 0.3077
vn -0.9663 -0.1896 0.1740
vn -0.8595 0.4357 -0.2673
vn -0.9314 -0.2226 0.2881
vn -0.9509 -0.2036 0.2333
vn -0.8963 -0.2676 0.3536
vn -0.2847 -0.8162 0.5027
vn -0.4711 0.8170 0.3325
vn -0.2403 0.3965 0.8860
vn -0.7735 -0.6295 -0.0741
vn -0.9253 -0.1964 0.3244
vn -0.9158 -0.2075 0.3439
vn -0.9379 -0.1804 0.2964
vn 0.3466 0.2491 0.9043
vn 0.3709 0.2294 0.8999
vn 0.3700 0.2296 0.9002
vn 0.3934 0.2103 0.8950
vn 0.9417 0.1922 -0.2762
vn 0.9243 0.1430 -0.3540
vn 0.9372 0.1769 -0.3007
vn 0.9183 0.1300 -0.3738
vn 0.7737 0.1602 0.6129
vn 0.7651 0.2577 0.5901
vn 0.7703 0.2111 0.6018
vn 0.9904 0.0204 0.1368
vn 0.9963 0.0286 0.0810
vn 0.9962 0.0866 -0.0098
vn 0.9813 0.1510 -0.1193
vn 0.7568 -0.2368 -0.6092
vn 0.7258 -0.3273 -0.6050
vn 0.6402 -0.2069 -0.7398
vn 0.6295 -0.1426 -0.7638
vn 0.6108 -0.1473 -0.7780
vn 0.6051 -0.1205 -0.7870
vn -0.0947 -0.2550 -0.9623
vn -0.2128 -0.6554 -0.7247
vn -0.2575 -0.4355 -0.8626
vn -0.5341 -0.5958 -0.5998
vn -0.9788 -0.2022 -0.0332
vn -0.8799 -0.3098 0.3603
vn -0.8901 -0.3239 0.3206
vn -0.6253 0.6765 0.3890
vn -0.2662 -0.0238 0.9636
vn -0.9509 -0.1621 0.2638
vn -0.0080 0.9998 0.0180
vn -0.0097 0.9994 -0.0331
vn -0.0083 1.0000 0.0028
vn -0.0098 0.9989 -0.0468
vn 0.4255 -0.1191 0.8971
vn 0.7754 0.0933 0.6246
vn 0.8791 0.2616 0.3983
vn 0.8368 0.4174 0.3544
vn 0.8649 0.3258 0.3817
vn 0.9760 0.1715 -0.1340
vn 0.9645 0.1709 -0.2015
vn 0.9789 0.1063 -0.1748
vn 0.6584 -0.2011 -0.7254
vn 0.7856 0.4858 0.3831
vn 0.8912 -0.1585 -0.4250
vn 0.6664 -0.2772 -0.6921
vn 0.4882 -0.1094 -0.8659
vn 0.4716 -0.2022 -0.8583
vn 0.4666 -0.1877 -0.8643
vn 0.2798 -0.5249 -0.8039
vn 0.1750 -0.0109 -0.9845
vn -0.0481 -0.6293 -0.7757
vn -0.6356 -0.6661 -0.3902
vn -0.8124 0.2541 -0.5248
vn -0.9009 -0.1475 -0.4082
vn -0.8790 -0.4708 0.0759
vn -0.9629 -0.0308 0.2681
vn -0.5951 -0.2611 0.7600
vn -0.5940 -0.2434 0.7668
vn -0.5948 -0.2526 0.7632
vn -0.5928 -0.2271 0.7727
vn 0.1344 0.4072 0.9034
vn 0.1268 -0.4452 0.8864
vn -0.1963 0.5323 0.8235
vn -0.0864 0.6209 0.7791
vn -0.0767 0.6286 0.7740
vn -0.0013 0.6801 0.7331
vn 0.3312 0.4043 0.8526
vn 0.8902 0.1913 0.4134
vn 0.8740 0.4619 -0.1512
vn 0.8347 -0.3969 0.3818
vn 0.5216 0.8217 -0.2296
vn 0.8923 -0.4262 0.1492
vn 0.9260 -0.3667 0.0895
vn 0.9036 -0.4079 0.1309
vn 0.9330 -0.3520 0.0751
vn 0.5308 0.8330 -0.1559
vn 0.7236 -0.4630 0.5118
vn 0.4829 0.8652 0.1348
vn 0.9846 -0.0157 0.1743
vn 0.9902 0.0048 0.1398
vn 0.9874 0.1061 0.1176
vn 0.9938 0.0382 0.1049
vn 0.9844 0.1562 0.0805
vn 0.9025 -0.4304 0.0133
vn -0.3441 -0.2499 0.9051
vn 0.3446 0.1943 0.9184
vn 0.3866 0.1796 0.9046
vn 0.2789 0.1375 0.9504
vn 0.4253 0.1570 0.8913
vn 0.4637 0.2225 0.8576
vn 0.4841 0.2643 0.8342
vn 0.7782 0.3297 0.5344
vn 0.8407 -0.4909 0.2287
vn 0.6792 0.6973 0.2290
vn 0.8565 0.5064 0.0994
vn 0.9400 0.1515 -0.3058
vn 0.7990 0.3726 -0.4720
vn 0.8094 0.3432 -0.4765
vn 0.8071 0.3502 -0.4753
vn 0.8161 0.3223 -0.4797
vn 0.5986 0.2172 -0.7710
vn 0.5715 0.2214 -0.7902
vn -0.3341 -0.1447 -0.9314
vn 0.8491 0.1683 -0.5007
vn -0.3857 0.2990 -0.8728
vn 0.9612 -0.2136 -0.1748
vn 0.2908 0.4216 -0.8589
vn -0.0305 0.0580 -0.9979
vn 0.8211 0.3226 -0.4709
vn 0.0616 0.6057 0.7933
vn 0.3628 0.8071 0.4657
vn 0.3629 0.8417 0.3998
vn 0.3630 0.8180 0.4462
vn 0.8090 -0.4746 0.3467
vn -0.1702 -0.4257 0.8887
vn -0.8590 0.4207 0.2917
vn -0.8886 0.3761 0.2625
vn -0.7947 0.5004 0.3435
vn 0.3431 0.4975 0.7967
vn 0.9405 0.2948 0.1688
vn 0.9155 0.3394 0.2159
vn 0.8847 0.3839 0.2643
vn 0.3449 -0.8638 0.3672
vn -0.0225 -0.2085 0.9778
vn -0.0099 0.3806 0.9247
vn 0.0352 0.4250 0.9045
vn 0.0337 0.4235 0.9053
vn 0.0768 0.4644 0.8823
vn -0.0651 0.7937 0.6049
vn -0.3194 -0.6162 0.7199
vn 0.0800 -0.7031 0.7066
vn 0.0682 -0.6689 0.7402
vn 0.1092 -0.7948 0.5969
vn -0.7471 0.4302 0.5067
vn -0.7130 0.4152 0.5650
vn -0.7253 0.4204 0.5452
vn -0.4188 0.8629 0.2828
vn -0.2952 0.9530 -0.0682
vn -0.3376 0.9402 -0.0459
vn -0.3254 0.9441 -0.0524
vn -0.5429 0.7354 0.4056
vn -0.3628 0.9313 -0.0324
vn 0.3618 0.7846 0.5035
vn 0.5887 0.7827 0.2022
vn 0.0050 0.9352 0.3542
vn 0.0283 0.9304 0.3655
vn 0.0851 0.9927 0.0859
vn 0.2651 0.9633 -0.0419
vn 0.2203 0.9631 -0.1549
vn 0.8764 0.4792 0.0483
vn 0.8247 0.5586 0.0885
vn 0.8594 0.5075 0.0621
vn 0.6414 0.1331 0.7556
vn 0.5997 0.6257 0.4988
vn 0.0484 0.9049 0.4228
vn 0.9225 0.0413 -0.3838
vn 0.9878 0.1558 0.0079
vn 0.7623 -0.3267 0.5587
vn 0.5567 0.7429 0.3717
vn 0.5097 0.4186 0.7517
vn 0.6856 0.2135 0.6960
vn 0.0484 -0.8174 0.5740
vn -0.0464 -0.5071 0.8606
vn 0.2831 0.1935 0.9394
vn 0.9564 0.2604 0.1324
vn 0.5426 -0.8162 0.1987
vn -0.0543 -0.7058 0.7063
vn -0.4702 0.4153 0.7788
vn -0.6712 -0.6139 0.4154
vn -0.9222 0.3164 0.2226
vn -0.4365 0.2056 0.8759
vn 0.0822 -0.9582 0.2742
vn -0.8492 -0.1829 0.4954
vn -0.7825 -0.2602 0.5657
vn -0.7982 -0.2461 0.5498
vn 0.1222 0.8527 0.5078
vn -0.2721 -0.7495 0.6035
vn -0.2684 -0.7578 0.5947
vn -0.2673 -0.7611 0.5910
vn -0.2645 -0.7677 0.5837
vn -0.7541 0.3274 0.5693
vn -0.7250 0.3682 0.5820
vn -0.6986 0.4215 0.5783
vn -0.6820 0.4390 0.5849
vn -0.6538 0.5074 0.5613
vn 0.1142 -0.8242 0.5546
vn 0.1074 -0.8270 0.5519
vn -0.6775 -0.4288 0.5977
vn -0.7573 0.4348 0.4873
vn 0.0175 0.6690 -0.7431
vn -0.7674 0.6050 -0.2123
vn -0.7144 0.6536 0.2497
vn -0.6611 0.7031 0.2620
vn -0.7181 0.6499 0.2490
vn -0.7762 0.4618 0.4292
vn -0.6448 0.7473 -0.1609
vn 0.0118 0.7827 -0.6223
vn -0.0300 0.8083 -0.5881
vn -0.0214 0.8033 -0.5951
vn 0.2173 0.8757 -0.4311
vn 0.3168 0.8213 -0.4744
vn 0.2437 0.8629 -0.4427
vn 0.3336 0.8101 -0.4821
vn 0.4792 0.6247 -0.6165
vn -0.0401 0.9918 0.1211
vn 0.0064 1.0000 -0.0000
vn 0.1183 0.9833 -0.1386
vn 0.2136 0.9227 -0.3211
vn 0.2671 0.6046 -0.7504
vn 0.5010 0.5853 -0.6375
vn 0.4303 0.5412 -0.7225
vn 0.8178 0.3467 -0.4593
vn 0.8997 0.4357 0.0266
vn 0.9937 -0.1109 0.0142
vn 0.9893 -0.0553 0.1348
vn 0.9922 -0.1045 0.0683
vn 0.9822 -0.1125 0.1503
vn 0.9810 -0.1310 0.1434
vn 0.3847 -0.2078 0.8993
vn 0.3956 -0.1140 0.9113
vn 0.4001 -0.0696 0.9138
vn 0.4052 0.0209 0.9140
vn 0.9648 0.2630 0.0043
vn 0.9080 0.0305 0.4179
vn 0.7509 -0.4230 0.5072
vn 0.8238 -0.0222 0.5664
vn 0.5387 -0.0240 0.8421
vn 0.7435 0.5754 0.3407
vn 0.3974 0.4644 0.7915
vn 0.2526 -0.2295 0.9400
vn 0.3151 -0.3247 0.8918
vn 0.2660 -0.2497 0.9311
vn -0.3572 -0.3006 0.8843
vn -0.2425 0.0650 0.9680
vn -0.2115 -0.0548 0.9758
vn -0.2396 0.0185 0.9707
vn -0.8684 0.0889 0.4879
vn -0.9186 0.0349 0.3937
vn -0.8757 0.0209 0.4823
vn -0.7520 0.5642 0.3408
vn -0.6203 -0.0445 0.7831
vn -0.8592 -0.0894 0.5038
vn -0.9391 0.1215 0.3213
vn -0.7280 0.0083 0.6855
vn -0.8332 -0.5093 -0.2152
vn -0.9866 -0.1337 0.0935
vn -0.9419 -0.3000 0.1509
vn -0.9768 -0.2022 0.0707
vn -0.9548 -0.2829 0.0916
vn -0.8845 -0.4468 0.1344
vn -0.0821 0.8731 -0.4806
vn -0.7718 0.5912 0.2341
vn -0.8825 0.4701 -0.0148
vn -0.8932 0.4495 0.0135
vn -0.9089 0.4120 0.0637
vn -0.9214 0.3718 0.1133
vn -0.8042 -0.4113 -0.4290
vn 0.0196 0.7774 -0.6288
vn -0.6116 0.7568 -0.2305
vn -0.4112 0.7343 -0.5401
vn -0.2793 0.7510 -0.5983
vn -0.2921 0.7390 -0.6072
vn -0.1150 0.7322 -0.6713
vn -0.0344 0.6799 -0.7325
vn 0.2356 0.5288 -0.8154
vn 0.2385 -0.0000 -0.9711
vn 0.4312 -0.0073 -0.9022
vn 0.3092 -0.0459 -0.9499
vn 0.7285 -0.1278 -0.6730
vn 0.8196 -0.0841 -0.5667
vn 0.7845 -0.1017 -0.6118
vn 0.8581 -0.0614 -0.5098
vn 0.9794 -0.1884 -0.0720
vn 0.7933 -0.5972 0.1184
vn 0.8772 -0.4588 0.1413
vn 0.8262 -0.5488 0.1270
vn -0.3600 0.4835 -0.7978
vn 0.9425 -0.0664 0.3276
vn -0.1377 0.1193 0.9833
vn 0.8715 0.4850 -0.0718
vn 0.6497 -0.4875 -0.5833
vn 0.9369 -0.3398 -0.0824
vn 0.9177 -0.3874 -0.0885
vn 0.9243 -0.3708 -0.0899
vn 0.9045 -0.4144 -0.1004
vn 0.9091 0.0409 0.4146
vn 0.6741 0.1887 0.7141
vn 0.6768 0.1946 0.7100
vn 0.6786 0.1973 0.7075
vn 0.6820 0.2041 0.7022
vn 0.8709 0.1861 0.4549
vn 0.2129 -0.1697 0.9622
vn 0.4278 0.7323 0.5299
vn 0.4448 -0.6776 0.5857
vn -0.2251 0.1207 0.9668
vn -0.2500 0.1190 0.9609
vn -0.5335 -0.6264 0.5683
vn -0.8521 0.1080 0.5122
vn -0.8497 0.0351 0.5260
vn -0.9807 -0.1609 -0.1108
vn -0.9803 -0.1058 -0.1667
vn -0.9803 -0.1060 -0.1665
vn -0.9721 -0.0406 -0.2311
vn -0.8106 0.2697 0.5197
vn -0.7616 0.2431 0.6007
vn -0.7811 0.2533 0.5707
vn -0.7368 0.2298 0.6359
vn -0.7219 -0.2928 0.6270
vn -0.9991 0.0413 0.0023
vn -0.9802 -0.1649 -0.1095
vn -0.9813 -0.1415 -0.1303
vn -0.9734 -0.1596 -0.1646
vn -0.8558 -0.0972 -0.5080
vn -0.8268 -0.1108 -0.5515
vn -0.7592 -0.1371 -0.6363
vn -0.7248 -0.1497 -0.6726
vn -0.3413 -0.0154 -0.9398
vn -0.3304 -0.0171 -0.9437
vn -0.3131 -0.0239 -0.9494
vn -0.3144 -0.0218 -0.9490
vn -0.2971 -0.0294 -0.9544
vn 0.0325 0.0402 -0.9987
vn 0.1719 -0.0242 -0.9848
vn 0.2526 -0.5567 -0.7913
vn 0.2663 -0.5498 -0.7917
vn 0.2381 -0.5642 -0.7906
vn 0.5053 -0.5397 -0.6733
vn 0.7363 -0.6686 0.1040
vn 0.7686 -0.2018 -0.6070
vn 0.9794 -0.0610 0.1927
vn 0.9591 -0.0866 0.2694
vn 0.9643 -0.0816 0.2518
vn 0.2665 -0.8123 -0.5189
vn -0.2035 -0.5578 -0.8046
vn -0.2689 -0.7193 0.6405
vn 0.8524 -0.3725 -0.3671
vn 0.9022 -0.4184 -0.1044
vn 0.7520 -0.6551 -0.0730
vn 0.6964 -0.7123 -0.0875
vn 0.6596 -0.7454 -0.0968
vn 0.6028 -0.7905 -0.1085
vn 0.3077 -0.9515 -0.0026
vn 0.3050 -0.9523 0.0013
vn 0.3054 -0.9522 -0.0000
vn 0.3032 -0.9529 0.0032
vn -0.0772 -0.9942 -0.0751
vn -0.3404 -0.9402 -0.0122
vn -0.4272 -0.8989 -0.0974
vn -0.4516 -0.8855 -0.1098
vn -0.5098 -0.8455 -0.1590
vn -0.5119 -0.8472 -0.1424
vn -0.8017 -0.4887 -0.3442
vn -0.7838 -0.4718 -0.4038
vn -0.7925 -0.4802 -0.3761
vn -0.7714 -0.4603 -0.4393
vn 0.6742 -0.6489 -0.3527
vn 0.0654 -0.5136 -0.8555
vn 0.2915 -0.0742 -0.9537
vn -0.8992 -0.4172 0.1315
vn -0.8812 -0.4562 0.1242
vn -0.8813 -0.4560 0.1244
vn -0.8595 -0.4978 0.1160
vn -0.5725 -0.6682 -0.4752
vn -0.5078 -0.7072 -0.4920
vn -0.4971 -0.7135 -0.4938
vn -0.4475 -0.7389 -0.5037
vn -0.1124 -0.5603 -0.8207
vn 0.2204 -0.5721 -0.7900
vn 0.2712 0.0142 -0.9624
vn 0.8300 0.0746 -0.5527
vn 0.8174 0.1215 -0.5631
vn 0.8227 0.1025 -0.5592
vn 0.8095 0.1483 -0.5680
vn 0.9765 -0.0451 0.2108
vn 0.9791 -0.0508 0.1968
vn 0.4688 0.0988 0.8777
vn 0.4599 0.0993 0.8824
vn 0.4059 0.1020 0.9082
vn 0.4021 0.1021 0.9099
vn 0.8829 -0.2610 0.3904
vn 0.6911 -0.2239 0.6872
vn -0.3704 -0.2885 0.8829
vn -0.3703 -0.2884 0.8830
vn -0.3706 -0.2885 0.8828
vn -0.3705 -0.2885 0.8829
vn -0.8543 -0.1289 0.5036
vn -0.3041 0.1356 0.9429
vn -0.4219 0.0789 0.9032
vn -0.4015 0.0949 0.9109
vn -0.9966 -0.0149 0.0812
vn -0.9817 0.1166 0.1507
vn -0.9908 0.0600 0.1210
vn -0.9225 -0.1358 0.3614
vn -0.9133 -0.0668 -0.4017
vn -0.7327 -0.1685 -0.6594
vn -0.4305 0.1013 -0.8969
vn -0.0157 -0.3498 -0.9367
vn 0.1610 -0.0631 0.9849
vn -0.2295 0.3873 0.8929
vn -0.2508 0.3523 0.9017
vn -0.1727 0.4753 0.8627
vn -0.1848 -0.3366 0.9234
vn -0.5061 -0.2108 0.8363
vn -0.0190 0.9147 0.4037
vn 0.0487 0.5485 -0.8347
vn 0.0453 0.5429 -0.8386
vn 0.0402 0.5345 -0.8442
vn 0.0332 0.5226 -0.8519
vn 0.6003 0.6395 -0.4803
vn 0.6325 0.7745 0.0111
vn 0.8005 0.5626 0.2065
vn 0.5308 0.4609 0.7113
vn -0.2709 0.9319 0.2412
vn -0.2568 0.9643 0.0646
vn -0.2703 0.9449 0.1845
vn -0.1767 0.9801 0.0908
vn -0.1632 0.9808 0.1069
vn 0.0930 0.9954 -0.0245
vn -0.2943 0.1279 0.9471
vn -0.2953 0.1703 0.9401
vn -0.9960 -0.0756 0.0486
vn 0.2453 0.8184 0.5197
vn -0.7489 0.2960 0.5929
vn -0.6189 0.7597 -0.1997
vn -0.6166 0.6275 -0.4754
vn 0.8030 -0.1512 0.5765
vn 0.5043 -0.3497 0.7896
vn 0.5232 0.1942 0.8298
vn 0.0022 0.8345 0.5510
vn -0.2729 0.9410 -0.2003
vn 0.1950 -0.2047 0.9592
vn -0.1484 0.8131 -0.5629
vn 0.2501 0.9221 -0.2954
vn 0.2476 0.9121 -0.3269
vn 0.2410 0.8900 -0.3871
vn 0.2373 0.8757 -0.4205
vn -0.1493 0.5083 0.8481
vn -0.3318 0.6961 0.6367
vn -0.7449 -0.2838 0.6038
vn -0.7574 -0.2667 0.5960
vn -0.7565 -0.2685 0.5963
vn -0.7778 -0.2397 0.5810
vn -0.9786 -0.0799 0.1898
vn -0.9842 -0.1555 -0.0845
vn -0.9478 0.1361 -0.2882
vn -0.7728 0.1208 -0.6230
vn -0.5214 0.4921 -0.6971
vn -0.1948 0.3567 -0.9137
vn 0.2406 0.5605 -0.7924
vn 0.2822 0.5060 -0.8151
vn 0.2341 0.5675 -0.7894
vn 0.3232 0.7910 -0.5195
vn 0.6842 0.5456 -0.4840
vn 0.7763 0.1398 -0.6147
vn 0.9961 0.0487 -0.0731
vn 0.9313 -0.3570 0.0724
vn 0.4554 0.7902 0.4101
vn 0.2442 0.9199 0.3068
vn -0.5189 0.8414 0.1507
vn 0.9215 -0.0554 0.3844
vn 0.6913 -0.2746 0.6683
vn 0.7117 -0.2203 0.6671
vn 0.7026 -0.2456 0.6678
vn 0.7208 -0.1954 0.6651
vn 0.3457 -0.4254 0.8364
vn -0.0084 0.9832 0.1821
vn 0.0185 0.9880 0.1533
vn -0.0039 0.9864 0.1642
vn 0.1395 0.5974 -0.7897
vn 0.0625 -0.0302 -0.9976
vn -0.1940 0.5531 -0.8102
vn 0.0482 0.9818 0.1836
vn 0.0654 0.9810 0.1825
vn -0.1411 -0.4549 0.8793
vn -0.3627 -0.1747 0.9154
vn -0.5380 -0.3685 0.7581
vn -0.8341 -0.0821 0.5455
vn -0.8225 -0.0578 0.5658
vn -0.8540 -0.1299 0.5037
vn 0.5847 0.7972 -0.1502
vn 0.4433 0.8896 0.1100
vn -0.7447 0.3316 0.5791
vn -0.5089 0.7747 0.3752
vn -0.8407 0.0467 -0.5395
vn -0.4028 0.9136 -0.0557
vn 0.1227 0.9883 0.0905
vn -0.1322 -0.0497 -0.9900
vn 0.1868 0.6225 -0.7600
vn 0.8609 0.2947 -0.4148
vn 0.8159 0.4686 -0.3387
vn 0.8566 0.3182 -0.4062
vn 0.7987 0.5119 -0.3162
vn -0.2918 0.7744 0.5613
vn -0.7416 0.4748 0.4740
vn 0.9456 0.2074 -0.2508
vn 0.9461 0.2146 -0.2427
vn 0.9467 0.2247 -0.2309
vn 0.9469 0.2294 -0.2251
vn 0.9416 -0.2960 0.1605
vn 0.0783 0.9505 0.3006
vn 0.0973 0.9344 0.3428
vn 0.0799 0.9522 0.2947
vn -0.6743 0.4750 -0.5654
vn -0.5326 -0.0474 -0.8451
vn -0.4457 0.6931 -0.5665
vn -0.3008 0.1363 -0.9439
vn -0.2433 0.0229 -0.9697
vn -0.3013 0.1460 -0.9423
vn -0.2364 0.0805 -0.9683
vn -0.1518 0.0659 -0.9862
vn -0.1087 0.1870 -0.9763
vn -0.1082 0.2518 -0.9617
vn 0.0283 0.0087 -0.9996
vn -0.8342 0.5502 0.0365
vn -0.8072 0.5880 0.0517
vn -0.8693 0.4940 0.0160
vn -0.6253 0.7801 -0.0230
vn -0.2664 0.9364 -0.2287
vn 0.7018 -0.1175 -0.7026
vn 0.3147 0.3642 -0.8766
vn 0.2771 -0.8330 -0.4790
vn 0.5070 -0.0607 -0.8598
vn 0.0657 0.2991 -0.9520
vn 0.2166 0.0547 -0.9747
vn 0.2252 0.0732 -0.9716
vn 0.2251 0.0729 -0.9716
vn 0.2377 0.1015 -0.9660
vn 0.5448 0.2890 -0.7872
vn 0.5203 0.2937 -0.8019
vn 0.5434 0.2198 -0.8102
vn 0.5273 0.2403 -0.8150
vn 0.5027 0.3156 -0.8048
vn 0.1020 0.9774 0.1853
vn 0.0988 0.9838 0.1496
vn 0.0584 0.9672 0.2473
vn -0.8630 -0.1544 0.4810
vn -0.9831 0.1245 0.1345
vn 0.7417 0.6522 0.1568
vn 0.3488 0.7855 0.5112
vn 0.2948 0.8083 0.5097
vn 0.1956 0.8422 0.5025
vn 0.1772 0.8472 0.5008
vn 0.3931 -0.0680 0.9170
vn -0.0565 0.5758 0.8157
vn -0.3011 0.3018 0.9045
vn 0.3768 0.5056 -0.7762
vn 0.4159 0.5454 -0.7277
vn 0.4385 0.5683 -0.6963
vn 0.4642 0.5941 -0.6569
vn 0.7253 0.2400 -0.6452
vn 0.1584 0.9715 0.1762
vn 0.6276 0.7678 0.1289
vn 0.1041 0.9416 0.3203
vn 0.0967 0.9443 0.3145
vn -0.9498 0.3123 -0.0165
vn -0.9118 -0.0217 -0.4101
vn -0.9463 0.1743 -0.2722
vn -0.8919 0.3352 -0.3036
vn -0.9299 0.2385 -0.2801
vn -0.7945 0.1353 -0.5920
vn -0.7943 0.1864 -0.5782
vn -0.7935 0.1991 -0.5751
vn -0.7921 0.2283 -0.5661
vn -0.6274 -0.0332 -0.7780
vn -0.5843 -0.1360 -0.8001
vn -0.5807 -0.1440 -0.8013
vn -0.5406 -0.2248 -0.8107
vn -0.5055 0.3375 -0.7941
vn 0.1155 -0.2337 -0.9654
vn -0.8338 -0.5433 -0.0983
vn -0.7935 -0.5897 -0.1506
vn -0.8470 -0.5256 -0.0794
vn -0.9653 -0.2613 -0.0049
vn -0.9820 -0.1807 -0.0551
vn -0.9664 -0.2559 -0.0226
vn -0.1927 0.5531 -0.8105
vn -0.1837 0.5294 -0.8283
vn -0.2032 0.5681 -0.7975
vn -0.2369 0.1507 -0.9598
vn 0.8261 0.5598 0.0645
vn 0.3898 0.9041 -0.1753
vn 0.4027 0.9153 0.0032
vn 0.3945 0.9096 -0.1304
vn 0.4042 0.9116 0.0747
vn -0.0206 0.9956 0.0915
vn -0.1843 0.6568 0.7312
vn 0.0513 0.8247 -0.5633
vn 0.2254 0.6176 -0.7535
vn 0.1628 0.5878 -0.7924
vn 0.1277 0.5700 -0.8117
vn 0.9575 -0.2865 -0.0329
vn 0.9828 -0.1847 -0.0082
vn 0.9325 -0.3375 -0.1284
vn 0.0479 0.5265 -0.8488
vn 0.0398 0.1718 -0.9843
vn 0.0451 0.1902 -0.9807
vn 0.0345 0.2059 -0.9780
vn 0.0434 0.2158 -0.9755
vn 0.0235 0.2022 -0.9791
vn 0.3036 0.9058 -0.2956
vn 0.2599 0.9098 -0.3237
vn 0.3313 0.9020 -0.2768
vn -0.8892 0.4574 0.0025
vn -0.8104 0.5087 -0.2906
vn 0.8050 0.2601 -0.5332
vn 0.7235 0.4346 -0.5363
vn 0.7644 0.3565 -0.5373
vn 0.6902 0.4895 -0.5330
vn 0.7568 0.0603 -0.6508
vn 0.7517 0.0140 -0.6593
vn 0.7510 0.0465 -0.6586
vn 0.7447 -0.0104 -0.6673
vn 0.7365 -0.1066 -0.6680
vn 0.9448 0.1411 -0.2956
vn 0.9334 0.1516 -0.3252
vn 0.9513 -0.0168 -0.3080
vn 0.0129 0.9543 0.2984
vn -0.0467 0.9258 0.3751
vn -0.9945 -0.0527 -0.0901
vn -0.8483 0.4658 -0.2517
vn -0.7619 0.3049 -0.5714
vn -0.4402 0.6531 -0.6163
vn -0.2787 0.4570 -0.8447
vn 0.1473 0.9008 0.4084
vn 0.0433 0.9582 0.2830
vn 0.0643 0.9514 0.3011
vn -0.1119 0.8254 0.5534
vn -0.1133 0.8295 0.5469
vn -0.0437 0.8477 0.5286
vn 0.0107 0.8500 0.5267
vn 0.1063 0.8430 0.5274
vn -0.7004 -0.1645 0.6946
vn -0.8126 -0.2525 0.5254
vn -0.8200 -0.3020 0.4861
vn -0.8268 -0.1427 0.5441
vn -0.8687 0.0327 0.4943
vn -0.9635 -0.2675 -0.0084
vn -0.9686 0.1754 0.1761
vn -0.9217 0.3389 0.1887
vn -0.9306 0.3144 0.1872
vn -0.9559 0.1387 -0.2588
vn -0.9542 0.1563 -0.2552
vn 0.9430 0.3322 -0.0176
vn -0.2449 0.9499 -0.1941
vn -0.2683 0.9455 -0.1844
vn -0.3125 0.9353 -0.1662
vn -0.3112 0.8687 0.3854
vn -0.0976 0.9641 0.2468
vn -0.3270 0.9314 -0.1601
vn -0.9724 0.1983 -0.1230
vn -0.8596 -0.5075 -0.0600
vn -0.8636 0.4718 -0.1780
vn -0.8817 0.4378 -0.1760
vn -0.8369 0.4920 -0.2398
vn -0.2858 0.8779 -0.3842
vn -0.1776 0.9107 -0.3728
vn -0.3877 0.8322 -0.3963
vn -0.3553 0.8517 0.3853
vn -0.4305 0.8328 0.3479
vn -0.2994 0.8613 0.4106
vn -0.1568 0.9471 0.2802
vn -0.9957 0.0239 0.0894
vn 0.1022 0.9938 -0.0433
vn -0.7579 0.5299 0.3806
vn -0.7496 0.5955 0.2890
vn -0.8161 0.4069 0.4105
vn -0.8754 0.4636 -0.1370
vn -0.8437 0.5192 -0.1362
vn -0.9083 0.2647 -0.3240
vn -0.9076 0.2657 -0.3250
vn -0.8958 0.2840 -0.3419
vn -0.8845 0.2993 -0.3579
vn -0.8652 0.3231 -0.3835
vn -0.8916 0.2623 -0.3692
vn -0.7251 0.3637 -0.5847
vn -0.7244 0.3648 -0.5850
vn -0.7152 0.3777 -0.5880
vn -0.4224 -0.1552 -0.8930
vn -0.4241 -0.0981 -0.9003
vn -0.3827 -0.1842 -0.9054
vn -0.0294 -0.0577 -0.9979
vn -0.7337 0.3517 -0.5814
vn -0.7006 -0.1503 -0.6975
vn -0.7011 -0.1096 -0.7046
vn -0.6999 -0.0508 -0.7125
vn -0.6978 -0.0201 -0.7160
vn -0.4021 0.1098 -0.9090
vn -0.5036 0.1841 -0.8441
vn -0.5112 0.1665 -0.8432
vn -0.5340 0.2698 -0.8013
vn -0.6142 0.2155 -0.7591
vn -0.6667 0.1907 -0.7205
vn -0.8933 0.1986 -0.4031
vn -0.8344 0.2443 -0.4941
vn -0.8772 0.2124 -0.4307
vn -0.8068 0.2625 -0.5293
vn -0.3476 0.8355 -0.4257
vn -0.3914 0.8208 -0.4160
vn -0.3124 0.8366 -0.4500
vn -0.1701 0.6013 -0.7807
vn -0.8774 -0.4571 0.1458
vn -0.9123 -0.3988 0.0931
vn -0.2051 0.5753 -0.7918
vn -0.2103 0.5775 -0.7889
vn -0.0812 0.2673 -0.9602
vn -0.0146 0.2015 -0.9794
vn -0.0246 0.1037 -0.9943
vn 0.0262 0.1593 -0.9869
vn 0.0931 0.2115 -0.9729
vn 0.9881 -0.1508 -0.0309
vn 0.9882 -0.1505 -0.0283
vn 0.1298 0.3261 -0.9364
vn 0.2517 -0.6515 -0.7157
vn 0.6691 -0.4317 -0.6049
vn 0.7769 -0.3585 -0.5175
vn -0.3942 -0.3019 -0.8680
vn 0.6463 -0.5899 -0.4841
vn 0.9062 -0.3732 -0.1986
vn 0.0627 0.2002 -0.9777
vn 0.5852 0.1545 -0.7960
vn 0.5871 0.1556 -0.7945
vn 0.6120 0.1438 -0.7776
vn 0.6020 0.1526 -0.7838
vn 0.6247 0.1360 -0.7689
vn 0.1583 0.0039 -0.9874
vn 0.2217 -0.0043 -0.9751
vn 0.3082 -0.0150 -0.9512
vn 0.3610 -0.0218 -0.9323
vn 0.4398 -0.8940 -0.0858
vn 0.2665 0.8538 -0.4472
vn 0.4615 0.1376 -0.8764
vn 0.5036 0.0499 -0.8625
vn 0.4809 -0.0313 -0.8762
vn -0.3066 -0.2575 -0.9163
vn -0.4141 -0.2814 -0.8656
vn -0.3894 -0.2820 -0.8768
vn -0.4154 -0.3697 -0.8311
vn -0.6680 -0.4280 -0.6088
vn -0.8679 0.4110 -0.2789
vn -0.9722 -0.2135 -0.0956
vn -0.8420 -0.3896 0.3732
vn -0.6940 0.3968 0.6008
vn -0.7210 0.3142 0.6176
vn -0.7207 0.3167 0.6167
vn -0.7309 0.2801 0.6223
vn -0.1070 -0.6050 0.7890
vn -0.0522 -0.6657 0.7444
vn -0.1001 -0.6137 0.7832
vn -0.0456 -0.6731 0.7381
vn -0.2583 0.6370 0.7263
vn 0.2457 -0.5601 0.7912
vn 0.0435 -0.3161 0.9477
vn 0.3355 0.1833 0.9240
vn 0.4085 0.1442 0.9013
vn 0.3268 0.1731 0.9291
vn 0.7373 0.2992 0.6057
vn 0.4937 0.7360 -0.4632
vn 0.9961 -0.0128 0.0868
vn 0.2332 0.9375 0.2583
vn 0.5122 -0.5349 0.6719
vn 0.3274 0.1686 0.9297
vn 0.1723 0.1199 0.9777
vn -0.5881 -0.2108 0.7808
vn -0.4462 -0.2220 0.8670
vn -0.5749 -0.2127 0.7901
vn -0.6482 -0.0587 0.7592
vn 0.9985 -0.0525 -0.0123
vn 0.8982 -0.3408 -0.2777
vn -0.3341 0.2693 0.9032
vn 0.7901 0.1891 0.5831
vn -0.4281 -0.2231 0.8757
vn 0.4754 0.2484 0.8439
vn 0.4867 0.2453 0.8384
vn 0.7672 0.4543 0.4529
vn 0.7486 0.5453 0.3771
vn 0.7528 0.5286 0.3923
vn 0.7308 0.5997 0.3261
vn 0.8550 0.5187 0.0033
vn 0.7814 0.5707 -0.2524
vn 0.7808 0.5715 -0.2524
vn 0.7808 0.5714 -0.2525
vn 0.4687 0.8833 -0.0092
vn 0.5623 0.8268 -0.0131
vn 0.3730 0.9241 -0.0836
vn 0.7803 0.5722 -0.2524
vn 0.1402 0.8841 -0.4459
vn 0.4075 0.7767 -0.4802
vn 0.1643 0.6853 -0.7095
vn 0.9163 -0.3456 -0.2025
vn 0.7814 -0.6181 -0.0859
vn 0.7997 -0.5947 -0.0830
vn 0.8599 -0.5054 -0.0716
vn 0.8748 -0.4834 -0.0329
vn 0.3592 0.8970 -0.2576
vn 0.1633 0.9866 -0.0077
vn -0.2910 0.9567 -0.0103
vn 0.9638 -0.2569 -0.0713
vn 0.9530 0.1934 -0.2331
vn 0.9595 0.0348 -0.2794
vn 0.9940 0.0320 0.1044
vn -0.0718 0.9382 0.3386
vn 0.1362 0.8835 0.4482
vn 0.4485 -0.3618 0.8173
vn -0.0322 -0.6017 0.7981
vn -0.0392 -0.5844 0.8105
vn -0.0867 -0.4589 0.8842
vn -0.0947 -0.4362 0.8949
vn -0.4560 -0.7393 0.4956
vn -0.4687 -0.3100 0.8272
vn -0.4650 -0.3068 0.8305
vn -0.4649 -0.3069 0.8305
vn -0.4625 -0.3039 0.8329
vn -0.8032 -0.2516 0.5400
vn -0.8194 -0.1622 0.5499
vn -0.9743 0.1438 0.1735
vn 0.9687 0.2480 0.0052
vn 0.9058 0.4237 -0.0062
vn 0.9568 0.2908 0.0025
vn 0.8912 0.4535 -0.0086
vn -0.3039 0.0848 0.9489
vn 0.3254 -0.4724 0.8191
vn -0.8567 -0.5134 0.0498
vn -0.8668 -0.4963 0.0482
vn -0.8819 -0.4684 0.0536
vn -0.8874 -0.4554 0.0719
vn -0.8892 -0.4499 0.0831
vn -0.2108 0.8700 0.4458
vn -0.1180 0.7290 0.6743
vn -0.1422 0.7272 0.6715
vn -0.0236 0.7327 0.6801
vn -0.3495 0.5774 0.7379
vn -0.7769 0.2905 0.5586
vn -0.2675 0.5264 0.8071
vn -0.4926 0.2477 0.8343
vn -0.4983 0.3580 0.7896
vn -0.4723 0.2173 0.8542
vn -0.7790 0.3968 0.4854
vn -0.8350 0.3524 0.4225
vn -0.8552 0.3354 0.3952
vn -0.4263 0.1915 0.8841
vn -0.4335 0.1873 0.8815
vn -0.4161 0.1793 0.8915
vn -0.8240 0.4136 0.3873
vn -0.9667 0.2499 0.0559
vn -0.9495 0.3038 0.0785
vn -0.9520 0.2573 0.1659
vn -0.9263 0.3470 0.1468
vn -0.9552 0.1862 0.2299
vn -0.7424 -0.6497 0.1633
vn -0.4656 -0.8848 0.0150
vn -0.4457 0.8951 0.0085
vn -0.9157 0.2791 0.2892
vn -0.8172 0.4829 -0.3147
vn -0.2263 0.5531 0.8018
vn -0.3344 -0.8981 0.2856
vn -0.2753 -0.9124 0.3028
vn -0.3876 -0.8819 0.2684
vn 0.3745 0.7925 0.4814
vn 0.7562 0.4811 0.4434
vn 0.7496 0.2246 0.6226
vn -0.1921 -0.6923 0.6956
vn 0.6219 0.7492 0.2279
vn 0.7075 0.4280 0.5625
vn 0.8281 -0.1627 0.5364
vn 0.8921 -0.4516 -0.0139
vn 0.9556 -0.1845 -0.2297
vn -0.0722 -0.5673 -0.8203
vn 0.5531 -0.2585 -0.7920
vn 0.8036 -0.4670 -0.3689
vn -0.0555 -0.2981 -0.9529
vn 0.0610 -0.0659 -0.9960
vn -0.1117 0.5383 -0.8353
vn -0.2463 -0.1159 -0.9622
vn -0.2030 -0.1086 -0.9731
vn -0.6446 0.1378 -0.7520
vn -0.3679 0.1900 -0.9103
vn -0.3789 0.0876 -0.9213
vn -0.9404 -0.2822 -0.1897
vn -0.2639 -0.3947 -0.8801
vn -0.2691 -0.3609 -0.8929
vn -0.2630 -0.4032 -0.8765
vn 0.5970 0.1872 -0.7801
vn -0.9109 -0.1752 -0.3737
vn -0.9180 -0.1562 -0.3645
vn -0.9161 -0.1615 -0.3671
vn -0.4151 0.1416 -0.8987
vn -0.7546 0.3073 -0.5798
vn 0.0884 0.2499 -0.9642
vn -0.9822 -0.1667 0.0864
vn -0.9258 0.2857 0.2473
vn -0.4138 0.0565 0.9086
vn -0.6238 0.0053 -0.7816
vn -0.6145 0.0021 -0.7889
vn -0.5585 -0.0173 -0.8293
vn -0.4991 -0.0367 -0.8657
vn -0.0354 -0.1311 -0.9907
vn 0.0213 -0.1457 -0.9891
vn -0.0437 -0.7960 -0.6037
vn 0.0265 -0.8731 -0.4869
vn -0.0319 -0.8104 -0.5850
vn 0.0387 -0.8843 -0.4652
vn -0.0030 -0.9953 -0.0971
vn -0.0508 -0.9981 -0.0352
vn -0.0426 -0.9977 -0.0525
vn -0.1908 0.5047 -0.8419
vn -0.9715 0.0041 -0.2370
vn -0.9725 0.0041 -0.2329
vn -0.9652 0.0059 -0.2615
vn 0.0771 -0.0978 -0.9922
vn 0.0960 -0.1081 -0.9895
vn 0.1536 0.1565 -0.9757
vn -0.9451 -0.0602 0.3212
vn -0.9060 -0.0938 0.4128
vn -0.9355 -0.0853 0.3430
vn -0.8683 -0.0830 0.4891
vn -0.8357 -0.0596 0.5460
vn -0.3041 -0.1448 0.9416
vn -0.5817 -0.3234 0.7464
vn -0.4370 -0.0084 0.8994
vn -0.2864 -0.8529 0.4364
vn -0.2989 -0.9514 -0.0744
vn -0.3312 -0.9397 -0.0847
vn -0.3465 -0.9338 -0.0896
vn -0.3911 -0.9145 -0.1040
vn -0.5634 -0.8176 -0.1187
vn 0.3426 0.1816 0.9218
vn 0.3504 0.1315 0.9273
vn 0.3635 0.0344 0.9310
vn 0.3724 -0.0669 0.9256
vn 0.0703 -0.9968 -0.0386
vn -0.0745 -0.9905 0.1153
vn -0.1063 -0.9933 -0.0460
vn -0.1795 -0.9792 0.0943
vn -0.1724 -0.9714 0.1635
vn -0.0785 -0.9804 0.1806
vn -0.1751 -0.9538 0.2441
vn -0.7405 0.2903 0.6061
vn -0.7872 0.1229 0.6044
vn -0.7744 0.2137 0.5955
vn -0.7967 0.1268 0.5910
vn -0.7954 0.1757 0.5801
vn -0.7992 0.1570 0.5801
vn -0.4274 0.8968 0.1144
vn -0.5029 0.8641 -0.0203
vn -0.4958 0.8679 0.0298
vn -0.5404 0.8396 0.0547
vn -0.5170 0.8560 -0.0055
vn -0.5539 0.8235 0.1224
vn 0.3071 0.8233 0.4774
vn 0.3161 0.8096 0.4947
vn 0.4107 0.8260 0.3860
vn 0.4353 0.7708 0.4651
vn 0.2052 0.1028 0.9733
vn 0.2192 0.0422 0.9748
vn 0.2347 -0.0247 0.9718
vn 0.2458 -0.0774 0.9662
vn 0.8420 -0.0886 0.5321
vn 0.8306 -0.0673 0.5527
vn 0.8564 0.0260 0.5157
vn 0.8362 0.0851 0.5417
vn 0.6426 -0.3675 0.6723
vn 0.0518 -0.9929 0.1070
vn 0.1065 -0.9943 0.0079
vn 0.1714 -0.9789 -0.1108
vn 0.1603 -0.9819 -0.1008
vn 0.4958 -0.5461 -0.6753
vn -0.5658 -0.6772 -0.4704
vn -0.2781 -0.9545 0.1074
vn -0.0630 -0.9805 -0.1863
vn -0.8565 -0.4996 -0.1299
vn -0.7411 -0.4241 -0.5205
vn -0.9710 -0.1306 -0.2001
vn -0.9789 -0.0791 -0.1882
vn -0.9749 -0.1080 -0.1947
vn -0.9816 -0.0560 -0.1823
vn -0.9493 0.2600 -0.1767
vn -0.9383 0.2905 -0.1877
vn -0.9140 0.3490 -0.2067
vn -0.9062 0.3659 -0.2119
vn -0.5040 0.8627 -0.0425
vn -0.9215 0.3853 -0.0482
vn -0.7219 0.6830 -0.1110
vn -0.7624 0.6404 -0.0923
vn -0.7036 0.7028 -0.1049
vn -0.7006 0.6997 -0.1400
vn -0.9361 0.2570 -0.2401
vn -0.9263 0.2593 -0.2732
vn -0.9470 0.2542 -0.1965
vn -0.8569 0.5154 0.0067
vn -0.8552 0.5182 -0.0066
vn -0.1848 0.5519 0.8132
vn -0.7687 0.6302 -0.1098
vn -0.7417 0.6568 -0.1362
vn -0.0432 0.5711 0.8197
vn -0.3034 0.5599 0.7710
vn -0.3018 0.5812 0.7557
vn -0.2975 0.6400 0.7084
vn -0.2959 0.6546 0.6957
vn 0.2366 0.9715 -0.0170
vn 0.3747 0.8967 0.2356
vn 0.4423 0.8532 0.2764
vn 0.4836 0.8157 0.3174
vn 0.8574 -0.0660 0.5104
vn 0.8636 -0.0104 0.5042
vn 0.9062 -0.3703 0.2040
vn 0.8986 -0.3665 0.2414
vn 0.8999 -0.3566 0.2510
vn 0.9002 -0.3419 0.2696
vn 0.9060 -0.3328 0.2615
vn 0.0363 -0.9902 -0.1351
vn 0.0396 -0.9946 -0.0963
vn 0.0380 -0.9929 -0.1129
vn 0.0422 -0.9968 -0.0674
vn -0.3647 -0.6472 0.6694
vn -0.5145 -0.3712 0.7730
vn 0.7607 -0.3523 0.5452
vn 0.7618 -0.3504 0.5449
vn 0.7612 -0.3506 0.5455
vn 0.1012 -0.9877 -0.1191
vn 0.1216 -0.9618 -0.2452
vn 0.1071 -0.9821 -0.1547
vn 0.1259 -0.9538 -0.2729
vn -0.3654 -0.6306 0.6848
vn 0.0642 -0.9960 0.0619
vn 0.0810 -0.9957 -0.0450
vn 0.0589 -0.9980 0.0233
vn -0.0690 -0.9864 -0.1491
vn 0.0314 -0.9988 -0.0369
vn -0.0491 -0.9857 -0.1612
vn -0.1911 -0.9565 -0.2205
vn -0.1993 -0.9564 -0.2134
vn -0.2025 -0.9561 -0.2120
vn -0.8219 -0.0822 -0.5636
vn -0.8581 -0.0821 -0.5068
vn -0.8688 -0.0776 -0.4890
vn -0.8978 -0.0627 -0.4360
vn -0.8759 0.0056 -0.4824
vn -0.8868 -0.0158 -0.4619
vn -0.8532 0.0436 -0.5197
vn -0.8505 0.0745 -0.5206
vn -0.8705 0.0596 -0.4885
vn -0.8523 -0.1479 -0.5017
vn -0.7587 0.4949 -0.4236
vn -0.3501 -0.5392 0.7660
vn -0.8116 0.1932 -0.5513
vn -0.7750 0.2066 -0.5973
vn -0.8058 0.1804 -0.5641
vn -0.6933 0.2049 -0.6909
vn -0.2719 0.9023 0.3346
vn -0.8961 0.4438 -0.0099
vn -0.9188 0.3854 0.0846
vn -0.8920 0.4514 -0.0240
vn -0.9554 0.2509 -0.1558
vn -0.5889 0.7777 0.2200
vn -0.4939 0.8504 0.1811
vn -0.4913 0.8519 0.1812
vn -0.3942 0.9082 0.1410
vn -0.3961 0.9067 0.1450
vn -0.0321 0.8052 0.5922
vn -0.0387 0.7944 0.6061
vn -0.0088 0.8400 0.5425
vn -0.0482 0.9249 0.3771
vn 0.4861 0.6894 0.5371
vn -0.1852 0.8193 0.5426
vn 0.1424 0.9472 -0.2873
vn 0.0765 0.9771 0.1984
vn 0.4525 0.7259 0.5180
vn 0.7559 0.4609 0.4649
vn 0.7713 0.4661 0.4334
vn 0.7591 0.4652 0.4553
vn 0.4972 0.8675 0.0161
vn 0.9575 0.1149 0.2646
vn 0.9734 0.0942 0.2089
vn 0.9731 0.0944 0.2102
vn 0.9835 0.0764 0.1637
vn 0.8911 0.4217 0.1677
vn 0.7601 -0.3533 0.5453
vn 0.8808 -0.0120 0.4734
vn 0.8764 -0.0147 0.4814
vn 0.8790 -0.0126 0.4766
vn 0.8736 -0.0155 0.4864
vn -0.3178 -0.9480 -0.0200
vn 0.9353 0.1782 0.3058
vn 0.9722 -0.2155 -0.0914
vn 0.7891 0.1557 -0.5942
vn 0.7670 0.1400 -0.6262
vn 0.7670 0.1369 -0.6269
vn 0.3443 -0.0883 -0.9347
vn -0.0208 0.2163 -0.9761
vn -0.0231 0.2640 -0.9642
vn 0.0033 0.2001 -0.9798
vn -0.4151 -0.0601 -0.9078
vn -0.6926 0.1561 -0.7043
vn -0.1458 0.9717 -0.1857
vn -0.5241 0.8391 -0.1458
vn -0.8300 -0.1905 -0.5243
vn -0.7997 0.1915 -0.5691
vn -0.8557 -0.0487 -0.5153
vn -0.8938 -0.0758 -0.4421
vn -0.8551 -0.0580 -0.5151
vn -0.9564 0.2026 -0.2102
vn -0.9741 0.1639 -0.1560
vn -0.9482 0.2176 -0.2313
vn -0.8649 0.1502 -0.4790
vn -0.8587 0.5000 -0.1122
vn -0.9692 -0.0717 -0.2357
vn -0.9623 0.0610 -0.2650
vn -0.9643 0.0270 -0.2636
vn -0.9041 0.2953 0.3089
vn -0.2352 -0.9104 0.3405
vn -0.5489 0.7377 0.3931
vn -0.1753 0.9027 -0.3929
vn 0.5454 0.7622 -0.3487
vn 0.0422 0.3707 0.9278
vn -0.0006 0.8515 0.5244
vn 0.7272 0.4489 0.5193
vn 0.7501 0.4383 0.4952
vn 0.7346 0.4314 0.5237
vn 0.9153 0.0488 0.3997
vn 0.9292 0.0820 0.3605
vn 0.9021 0.0334 0.4303
vn 0.8422 -0.4345 0.3193
vn 0.8405 -0.4284 0.3318
vn 0.8542 -0.3902 0.3437
vn 0.9067 -0.2885 0.3076
vn 0.9287 -0.2575 0.2670
vn 0.9437 -0.2569 0.2085
vn 0.8843 -0.0387 0.4652
vn 0.9922 0.0417 0.1174
vn 0.9857 0.0889 0.1434
vn 0.9933 0.0513 0.1040
vn 0.9821 0.0956 0.1624
vn 0.8603 0.2237 -0.4580
vn 0.8337 0.1956 -0.5164
vn 0.0428 0.2172 -0.9752
vn 0.0824 0.1653 -0.9828
vn -0.7116 0.1997 -0.6736
vn -0.8423 -0.0339 -0.5380
vn -0.8371 -0.0425 -0.5453
vn -0.8368 -0.0548 -0.5448
vn -0.9257 0.2525 -0.2816
vn -0.9508 -0.1633 -0.2633
vn -0.9581 -0.1397 -0.2501
vn -0.9828 -0.0649 -0.1730
vn -0.9124 -0.3663 -0.1828
vn -0.9124 -0.3662 -0.1828
vn -0.8744 -0.2691 0.4036
vn -0.9904 -0.0073 -0.1384
vn -0.9856 -0.0414 -0.1642
vn -0.7819 0.2566 0.5681
vn -0.2895 -0.9466 0.1421
vn -0.5324 0.4472 0.7187
vn -0.3390 0.9008 0.2714
vn 0.0566 0.6714 0.7389
vn 0.1327 0.0761 0.9882
vn 0.2065 -0.2788 0.9379
vn 0.3512 0.9153 0.1974
vn 0.9397 -0.2153 0.2659
vn 0.6317 0.4419 0.6369
vn 0.6728 0.6080 0.4216
vn 0.7047 0.4804 0.5221
vn 0.8927 0.0724 0.4448
vn 0.9019 0.1486 0.4055
vn 0.9090 0.2255 0.3505
vn 0.9866 0.0206 0.1621
vn 0.9943 0.0147 0.1056
vn 0.6832 0.6424 -0.3473
vn 0.6850 0.6324 -0.3617
vn 0.6816 0.6390 -0.3564
vn 0.9279 -0.0083 -0.3728
vn 0.9315 -0.0115 -0.3637
vn 0.9301 -0.0102 -0.3673
vn 0.6881 0.6170 -0.3818
vn 0.6924 0.6039 -0.3949
vn 0.0716 0.2982 -0.9518
vn 0.1080 0.2427 -0.9641
vn -0.6875 0.5042 -0.5226
vn -0.5143 -0.0586 -0.8556
vn -0.5795 -0.0775 -0.8113
vn -0.5300 -0.1358 -0.8371
vn -0.5894 -0.1312 -0.7971
vn -0.6670 -0.0028 -0.7451
vn -0.6347 -0.3263 -0.7005
vn -0.8919 -0.1090 -0.4389
vn -0.8836 -0.1704 -0.4361
vn -0.8902 -0.1234 -0.4385
vn -0.8788 -0.1969 -0.4346
vn -0.7355 -0.2835 0.6153
vn -0.7603 -0.1713 0.6266
vn -0.7835 -0.1632 0.5996
vn -0.9535 -0.2798 0.1117
vn -0.6764 -0.5897 0.4413
vn -0.8110 -0.0443 0.5833
vn -0.8080 0.2394 0.5384
vn -0.6103 -0.4090 0.6784
vn 0.1697 0.9855 -0.0006
vn -0.8374 0.0375 0.5453
vn -0.8649 0.3014 0.4013
vn 0.0506 0.1080 0.9929
vn 0.0336 0.0803 0.9962
vn 0.0688 0.1371 0.9882
vn -0.0224 -0.7526 0.6581
vn -0.2176 0.0995 0.9710
vn 0.6306 -0.0454 0.7747
vn 0.6083 -0.0526 0.7920
vn 0.6263 0.0188 0.7794
vn 0.6609 0.0656 0.7476
vn 0.7042 0.0438 0.7086
vn 0.7363 -0.0419 0.6753
vn 0.2761 -0.9227 0.2690
vn 0.2292 0.5112 0.8284
vn 0.9427 -0.1881 0.2756
vn 0.9641 -0.1606 0.2116
vn 0.9646 -0.2030 0.1683
vn 0.9597 -0.2604 0.1054
vn 0.8111 -0.3993 -0.4274
vn 0.5218 -0.1542 -0.8390
vn 0.2397 -0.9523 -0.1888
vn 0.9264 -0.0071 -0.3764
vn 0.1472 -0.2228 -0.9637
vn -0.1846 -0.0761 -0.9799
vn -0.1848 -0.3451 -0.9202
vn -0.4397 -0.1389 -0.8873
vn -0.1740 0.7789 -0.6025
vn 0.0898 0.9570 -0.2759
vn 0.1044 0.9564 -0.2729
vn 0.1638 0.9520 -0.2585
vn -0.2240 -0.6324 -0.7415
vn -0.3417 0.8760 -0.3402
vn -0.1848 -0.1990 -0.9624
vn -0.5543 -0.6729 -0.4898
vn -0.0127 -0.9418 -0.3361
vn -0.8810 -0.3749 -0.2884
vn -0.7682 0.5078 -0.3899
vn -0.9923 -0.0268 -0.1210
vn -0.7266 -0.3506 0.5909
vn -0.7276 -0.3503 0.5898
vn -0.9550 -0.1170 0.2725
vn -0.9306 -0.1490 0.3342
vn -0.9519 -0.1184 0.2827
vn -0.9447 -0.1289 0.3016
vn -0.8924 -0.1894 0.4095
vn -0.2357 0.1616 -0.9583
vn -0.2569 0.1642 -0.9524
vn -0.3892 0.1799 -0.9034
vn -0.4183 0.1835 -0.8896
vn 0.0749 0.9929 0.0921
vn -0.1481 0.9002 0.4094
vn -0.1424 0.8837 0.4458
vn -0.1239 0.8229 0.5545
vn -0.1155 0.7953 0.5952
vn 0.2699 0.9628 -0.0146
vn 0.8242 -0.0536 0.5638
vn 0.1634 -0.3222 0.9325
vn -0.0233 -0.9550 0.2955
vn 0.0591 -0.9973 0.0434
vn 0.0663 -0.9380 -0.3402
vn -0.4166 -0.2490 0.8744
vn -0.4217 -0.2334 0.8762
vn -0.4417 -0.1679 0.8813
vn -0.4516 -0.1328 0.8823
vn -0.2946 -0.8684 0.3989
vn -0.1492 -0.0587 0.9871
vn -0.1223 0.9374 -0.3260
vn 0.0840 0.1615 0.9833
vn 0.6866 0.0279 0.7265
vn 0.6869 -0.0934 0.7208
vn 0.9068 -0.0223 0.4209
vn 0.9312 -0.3511 0.0981
vn 0.7283 -0.1375 -0.6713
vn 0.6881 -0.0118 -0.7256
vn 0.7092 -0.0724 -0.7013
vn 0.6729 0.0267 -0.7393
vn 0.2148 -0.9537 -0.2103
vn 0.7214 -0.5406 -0.4328
vn 0.0213 0.9566 -0.2907
vn 0.2774 0.2890 -0.9163
vn 0.1528 -0.7741 -0.6144
vn 0.6720 -0.2481 -0.6978
vn 0.5181 0.6471 -0.5594
vn 0.0014 0.6627 -0.7489
vn 0.1556 -0.3490 -0.9241
vn 0.1182 -0.3262 -0.9379
vn 0.1237 -0.3201 -0.9393
vn -0.5295 0.4819 -0.6982
vn -0.5718 -0.0435 -0.8193
vn -0.8193 0.1359 -0.5570
vn -0.8211 0.1201 -0.5581
vn -0.8186 0.1395 -0.5572
vn -0.9660 -0.0703 -0.2487
vn -0.9788 -0.0574 -0.1966
vn -0.9916 -0.0239 -0.1268
vn -0.9971 0.0153 -0.0748
vn -0.9959 0.0515 -0.0740
vn -0.9975 0.0374 0.0604
vn -0.9886 -0.0022 0.1506
vn -0.9941 0.0700 0.0824
vn -0.6858 0.5506 0.4759
vn -0.4879 -0.5084 0.7096
vn -0.5894 -0.5092 0.6271
vn -0.4811 -0.5408 0.6899
vn -0.6463 -0.7596 0.0736
vn -0.7551 0.0048 0.6556
vn -0.7509 0.0640 0.6573
vn -0.7488 0.0898 0.6567
vn -0.7394 0.1610 0.6538
vn -0.5543 -0.3275 0.7652
vn -0.3505 0.8244 0.4445
vn -0.1733 0.6385 0.7499
vn -0.2109 -0.2762 0.9377
vn -0.3195 -0.2102 0.9240
vn -0.2687 -0.2426 0.9322
vn -0.3943 -0.1604 0.9049
vn 0.8741 -0.1534 0.4610
vn 0.9568 -0.1496 0.2491
vn 0.8842 -0.1531 0.4414
vn 0.9618 -0.1488 0.2297
vn 0.9211 0.0274 -0.3884
vn 0.4417 -0.0929 0.8923
vn 0.7498 0.0223 0.6612
vn 0.5537 -0.5642 0.6125
vn 0.5884 -0.6202 0.5188
vn 0.5918 -0.6259 0.5081
vn 0.6882 0.3527 0.6341
vn 0.6856 0.3472 0.6399
vn 0.6881 0.3526 0.6342
vn 0.8354 -0.2077 0.5088
vn 0.6087 -0.6555 0.4471
vn 0.3785 -0.9086 0.1765
vn 0.3791 -0.9081 0.1777
vn 0.3835 -0.9045 0.1865
vn 0.3843 -0.9039 0.1880
vn 0.6828 -0.0777 0.7265
vn 0.7631 -0.5740 0.2970
vn 0.9179 0.3773 -0.1230
vn 0.7297 -0.6768 -0.0977
vn 0.9725 -0.1030 0.2087
vn 0.8675 -0.4613 -0.1864
vn 0.9202 0.3910 -0.0173
vn 0.2214 -0.4566 -0.8617
vn 0.1970 -0.4115 -0.8899
vn 0.2015 0.0629 -0.9775
vn -0.2772 0.1762 -0.9445
vn -0.4026 0.5839 -0.7050
vn -0.8143 0.1673 -0.5558
vn -0.8437 0.4602 -0.2765
vn -0.7997 -0.4365 -0.4123
vn -0.7905 -0.5334 -0.3009
vn -0.7956 -0.5028 -0.3380
vn -0.9981 0.0581 -0.0216
vn -0.9925 0.1007 0.0692
vn -0.9823 0.1494 0.1128
vn -0.6613 -0.7461 -0.0782
vn -0.9154 0.2699 0.2987
vn -0.9860 0.1644 0.0264
vn -0.8577 -0.2723 0.4362
vn -0.8637 -0.2501 0.4376
vn -0.8755 -0.2007 0.4396
vn -0.8795 -0.1812 0.4401
vn -0.5602 -0.1483 0.8150
vn -0.5622 -0.0810 0.8230
vn -0.5511 -0.2645 0.7914
vn -0.4245 -0.4116 0.8065
vn -0.4178 -0.4995 0.7589
vn -0.0166 -0.5937 0.8045
vn -0.3967 -0.5735 0.7168
vn -0.3419 0.0338 0.9391
vn 0.0034 -0.5525 0.8335
vn 0.1887 0.9806 -0.0531
vn 0.5791 0.8011 -0.1511
vn 0.7653 0.2978 -0.5707
vn 0.6811 -0.1812 0.7095
vn 0.6802 -0.2083 0.7028
vn 0.7737 -0.0224 0.6332
vn 0.3819 0.2701 0.8839
vn 0.8389 0.0583 0.5411
vn 0.8345 0.0512 0.5487
vn 0.8521 -0.2527 0.4582
vn 0.8451 -0.5097 -0.1613
vn 0.8456 -0.5136 -0.1451
vn 0.8460 -0.5184 -0.1244
vn 0.8461 -0.5220 -0.1079
vn 0.6907 0.3578 0.6284
vn 0.9673 -0.0572 -0.2473
vn 0.9574 -0.0650 -0.2815
vn 0.9621 -0.0618 -0.2658
vn 0.9542 -0.0672 -0.2914
vn -0.9730 0.0646 0.2214
vn 0.8419 0.0714 0.5349
vn 0.6450 0.6656 0.3754
vn 0.8795 -0.0987 -0.4656
vn 0.5293 0.1923 -0.8264
vn 0.7379 0.5133 -0.4383
vn 0.7021 0.5126 -0.4943
vn 0.7280 0.5136 -0.4540
vn 0.5210 -0.3134 -0.7939
vn 0.0851 0.9304 -0.3564
vn -0.3896 -0.6909 -0.6090
vn -0.7976 -0.3880 -0.4619
vn -0.5445 0.5943 -0.5919
vn -0.6784 0.5319 -0.5068
vn -0.6268 0.5581 -0.5438
vn -0.6812 0.5438 -0.4902
vn -0.6752 -0.6774 -0.2922
vn -0.7858 -0.5784 -0.2189
vn -0.6951 -0.6515 -0.3039
vn -0.7898 -0.5727 -0.2193
vn -0.9067 -0.3459 0.2415
vn -0.7173 -0.3517 -0.6015
vn -0.8356 0.2993 -0.4606
vn -0.9351 0.3386 -0.1043
vn -0.9802 -0.1178 0.1591
vn -0.8802 -0.4583 -0.1230
vn -0.8785 -0.4568 -0.1397
vn -0.8858 -0.4637 -0.0160
vn -0.8154 0.5786 -0.0193
vn -0.9361 0.0013 0.3517
vn -0.9462 0.0062 0.3235
vn -0.9519 0.0096 0.3063
vn -0.2356 -0.9593 -0.1557
vn -0.0490 0.6169 0.7855
vn -0.5099 -0.1132 0.8528
vn -0.5295 -0.0744 0.8450
vn -0.5360 -0.0623 0.8419
vn -0.5574 -0.0193 0.8300
vn -0.7875 0.0476 0.6145
vn -0.7952 0.0657 0.6027
vn -0.8276 0.1570 0.5389
vn -0.3647 -0.8800 0.3043
vn -0.4264 -0.8719 0.2407
vn -0.5013 -0.7585 0.4164
vn -0.5476 -0.7903 -0.2750
vn -0.9619 0.0156 0.2730
vn -0.5700 -0.6012 0.5601
vn -0.5242 -0.7377 0.4253
vn -0.3572 0.9340 -0.0051
vn -0.6205 0.3524 0.7006
vn -0.6287 0.3216 0.7080
vn -0.6321 0.1806 0.7535
vn -0.6358 0.2635 0.7255
vn -0.6260 0.0504 0.7782
vn -0.6150 -0.5779 0.5364
vn -0.7553 0.2459 0.6075
vn -0.5442 -0.3122 0.7787
vn -0.0178 -0.0941 0.9954
vn 0.0235 -0.2021 0.9791
vn 0.0163 -0.1975 0.9802
vn 0.0581 -0.2972 0.9530
vn 0.0617 -0.2829 0.9571
vn 0.2408 -0.6586 0.7129
vn 0.2878 -0.2973 0.9104
vn 0.6062 -0.5075 0.6123
vn 0.2641 -0.9645 -0.0008
vn 0.2822 -0.9576 0.0583
vn 0.3077 -0.9402 0.1457
vn 0.3136 -0.9344 0.1686
vn 0.5213 0.2219 0.8240
vn 0.6937 -0.0603 0.7177
vn 0.9132 0.1561 0.3764
vn 0.9507 -0.2720 -0.1488
vn 0.9546 -0.2950 -0.0402
vn 0.9546 -0.2943 -0.0463
vn 0.9478 -0.3130 0.0602
vn 0.7604 0.5129 -0.3985
vn 0.8564 -0.0813 -0.5099
vn 0.7792 0.6214 -0.0817
vn 0.7815 0.6164 -0.0964
vn 0.7808 0.6180 -0.0917
vn 0.5815 0.8135 -0.0052
vn -0.1311 -0.5933 -0.7942
vn -0.2023 -0.2062 -0.9574
vn -0.4764 0.6267 -0.6166
vn -0.4313 -0.8132 -0.3908
vn -0.5038 -0.7720 -0.3876
vn -0.3899 0.0504 -0.9195
vn -0.2832 0.8879 -0.3625
vn -0.4923 -0.6760 -0.5483
vn -0.7985 0.5223 -0.2992
vn -0.8611 -0.4457 -0.2448
vn -0.5462 0.6012 -0.5833
vn -0.4518 0.5788 -0.6789
vn -0.4739 0.5846 -0.6585
vn -0.3654 0.5502 -0.7508
vn -0.4674 -0.2735 -0.8407
vn 0.1240 -0.0141 -0.9922
vn 0.0418 0.0052 -0.9991
vn -0.0747 -0.0409 -0.9964
vn -0.2282 -0.1666 -0.9593
vn -0.2041 -0.1663 -0.9647
vn -0.3724 -0.0166 -0.9279
vn -0.4201 0.0077 -0.9075
vn -0.4998 0.1046 -0.8598
vn -0.5393 0.2061 -0.8165
vn -0.9160 0.0256 -0.4004
vn -0.9186 -0.0289 -0.3940
vn -0.9419 -0.0984 -0.3213
vn -0.9435 -0.1692 -0.2850
vn -0.9526 -0.2173 -0.2131
vn -0.9952 0.0144 0.0969
vn -0.9949 0.0456 0.0902
vn -0.9944 -0.0198 0.1042
vn -0.7751 -0.0835 0.6263
vn -0.3373 0.0753 -0.9384
vn -0.3635 0.0797 -0.9282
vn -0.5355 0.1197 -0.8360
vn -0.5441 0.1322 -0.8286
vn -0.9879 -0.0176 0.1539
vn -0.9853 -0.0155 0.1700
vn -0.9735 -0.0245 0.2275
vn -0.9596 -0.0030 0.2814
vn -0.7624 -0.0055 0.6471
vn -0.4121 0.5989 0.6866
vn -0.1861 -0.9821 0.0289
vn -0.1938 -0.9799 0.0480
vn -0.2793 -0.9584 0.0588
vn -0.2974 -0.9524 0.0676
vn -0.5553 -0.7772 0.2958
vn -0.8445 0.3605 0.3961
vn -0.6096 -0.1834 0.7712
vn -0.9595 0.1661 0.2273
vn -0.6894 0.1497 0.7088
vn -0.6858 0.1391 0.7144
vn -0.5734 0.1120 0.8116
vn -0.6048 0.0987 0.7903
vn -0.4720 0.0982 0.8761
vn -0.4417 0.1259 0.8883
vn -0.0567 0.0090 0.9984
vn -0.2047 0.3450 0.9160
vn 0.8740 -0.1126 0.4727
vn 0.8640 -0.1279 0.4870
vn 0.8733 -0.1135 0.4737
vn -0.1449 -0.9607 0.2368
vn -0.1784 -0.9688 0.1720
vn -0.1684 -0.9728 0.1590
vn -0.4474 0.3881 0.8058
vn -0.2314 0.0469 0.9717
vn 0.5915 -0.2595 0.7634
vn -0.0314 -0.9407 0.3378
vn -0.3153 -0.8134 0.4888
vn -0.3528 -0.8395 0.4134
vn -0.1781 -0.9379 0.2977
vn -0.2266 -0.9237 0.3088
vn -0.1962 -0.9290 0.3137
vn -0.2277 -0.9246 0.3055
vn 0.0278 0.7217 0.6917
vn 0.0737 0.4717 0.8787
vn -0.0260 -0.0662 0.9975
vn -0.0158 -0.1050 0.9943
vn 0.5721 -0.1888 0.7982
vn 0.5755 -0.1650 0.8010
vn 0.5763 -0.1583 0.8017
vn 0.5790 -0.1325 0.8045
vn 0.6667 -0.5322 0.5219
vn 0.7277 0.0288 0.6853
vn 0.7935 -0.2422 0.5583
vn 0.9258 -0.3100 0.2163
vn 0.7429 -0.4308 0.5123
vn 0.4271 -0.8824 0.1973
vn 0.7784 0.6231 -0.0768
vn 0.7445 -0.4521 -0.4913
vn 0.6950 -0.4411 -0.5677
vn 0.6669 -0.4343 -0.6055
vn 0.6173 -0.4210 -0.6646
vn 0.6631 0.2944 -0.6882
vn 0.3188 0.8059 -0.4989
vn 0.1862 -0.8688 -0.4588
vn 0.2897 0.2369 -0.9273
vn -0.0485 0.6966 -0.7158
vn 0.0181 -0.8215 -0.5699
vn 0.0517 -0.8049 -0.5911
vn 0.0854 -0.7876 -0.6102
vn 0.1306 -0.7608 -0.6357
vn 0.2203 0.3972 -0.8909
vn 0.1781 0.3798 -0.9078
vn 0.2351 0.4041 -0.8840
vn -0.0444 0.5281 -0.8480
vn -0.0049 -0.6384 -0.7697
vn 0.2503 -0.3962 -0.8834
vn 0.0140 0.4596 -0.8880
vn 0.6371 -0.4828 -0.6008
vn 0.6877 -0.4435 -0.5747
vn 0.6811 -0.4489 -0.5784
vn 0.7299 -0.4069 -0.5493
vn 0.4139 0.4212 -0.8070
vn 0.3706 -0.6919 -0.6196
vn 0.6610 -0.1126 -0.7418
vn -0.0950 0.2066 -0.9738
vn -0.3793 -0.3537 -0.8550
vn -0.0102 -0.0507 -0.9987
vn 0.3258 0.2037 -0.9232
vn 0.3181 0.3919 -0.8633
vn 0.3233 0.3061 -0.8954
vn 0.0230 -0.2926 0.9560
vn 0.0169 -0.2838 0.9587
vn 0.0167 -0.2836 0.9588
vn 0.0110 -0.2762 0.9610
vn 0.2925 -0.0661 0.9540
vn 0.5472 -0.4104 0.7294
vn 0.9604 -0.0508 0.2740
vn 0.9257 -0.0842 0.3687
vn 0.9686 -0.0267 0.2472
vn 0.5252 -0.0983 0.8453
vn 0.5369 -0.0599 0.8415
vn 0.5307 -0.0803 0.8438
vn 0.5449 -0.0327 0.8379
vn 0.2442 -0.9665 -0.0793
vn 0.0921 -0.9938 0.0616
vn 0.0886 -0.9952 0.0423
vn -0.1151 -0.9311 -0.3462
vn -0.0116 -0.9840 -0.1776
vn -0.0591 -0.9648 -0.2561
vn -0.1845 0.9694 -0.1620
vn 0.5198 0.1693 0.8373
vn 0.5213 0.1498 0.8401
vn 0.5207 0.1586 0.8388
vn 0.5211 0.1386 0.8421
vn 0.0647 -0.9944 0.0832
vn 0.0631 -0.9803 0.1874
vn -0.0632 -0.9931 0.0989
vn -0.6651 -0.3618 0.6533
vn -0.3497 0.0123 0.9368
vn -0.3500 0.0108 0.9367
vn -0.3395 -0.0177 0.9405
vn -0.3403 -0.0160 0.9402
vn -0.3263 -0.0543 0.9437
vn 0.0990 0.5154 0.8512
vn -0.4211 0.8872 0.1887
vn -0.4111 0.9052 0.1076
vn -0.4079 0.8983 0.1636
vn 0.0530 0.7876 0.6139
vn 0.3528 0.9278 0.1211
vn 0.3228 0.9436 0.0740
vn 0.3205 0.9446 0.0710
vn 0.2844 0.9586 0.0171
vn 0.7373 0.6729 -0.0598
vn 0.7394 0.6719 -0.0440
vn 0.7365 0.6733 -0.0656
vn 0.8787 0.2232 0.4220
vn 0.8777 0.2267 0.4222
vn 0.8774 0.2303 0.4208
vn 0.8766 0.2342 0.4203
vn 0.6634 -0.0837 0.7435
vn 0.1689 -0.9341 0.3144
vn 0.1519 -0.9686 0.1969
vn 0.1588 -0.9844 0.0758
vn 0.1215 -0.9924 -0.0216
vn 0.1016 -0.9928 -0.0634
vn -0.0189 -0.9981 -0.0584
vn -0.1138 -0.9913 -0.0659
vn -0.0864 -0.9953 0.0433
vn -0.9793 -0.1107 0.1693
vn -0.9821 -0.0595 0.1789
vn -0.9800 -0.0678 0.1870
vn -0.8623 0.1356 0.4879
vn -0.8626 -0.1845 0.4709
vn -0.8324 0.1408 0.5360
vn -0.7622 0.5541 0.3348
vn -0.7650 0.5306 0.3651
vn -0.7482 0.5705 0.3386
vn -0.1017 0.9948 0.0107
vn -0.4009 0.8956 0.1928
vn -0.3956 0.9002 0.1819
vn -0.3946 0.8994 0.1883
vn 0.7826 0.0366 0.6214
vn 0.3908 -0.0268 0.9201
vn 0.1416 -0.6226 0.7696
vn -0.1610 0.6569 0.7366
vn 0.5205 0.8467 -0.1104
vn 0.5139 0.8467 -0.1376
vn 0.5099 0.8463 -0.1542
vn 0.5020 0.8448 -0.1852
vn 0.7339 0.6742 -0.0834
vn 0.5351 0.8060 0.2531
vn 0.9539 0.1318 -0.2697
vn 0.9726 0.1231 -0.1971
vn 0.9379 0.0808 -0.3374
vn 0.9645 -0.2432 -0.1031
vn 0.9883 0.1434 -0.0527
vn 0.9213 -0.2202 -0.3206
vn 0.9220 -0.2199 -0.3187
vn 0.9219 -0.2199 -0.3190
vn 0.9226 -0.2203 -0.3166
vn 0.8777 0.0374 -0.4777
vn 0.9094 -0.0152 -0.4155
vn 0.0166 -0.9922 -0.1233
vn -0.5538 -0.0518 -0.8310
vn -0.0656 -0.9909 -0.1179
vn 0.0252 -0.9862 -0.1637
vn -0.0066 -0.9935 -0.1140
vn -0.7495 -0.5162 0.4144
vn -0.2910 -0.9361 -0.1977
vn 0.2527 -0.6297 0.7346
vn -0.1771 -0.9603 -0.2154
vn -0.5681 -0.7608 0.3138
vn -0.9238 0.0640 0.3776
vn -0.9152 0.0744 0.3962
vn -0.9234 -0.0979 0.3711
vn -0.9254 0.0385 0.3770
vn -0.9373 0.0355 0.3468
vn -0.9487 0.0559 0.3111
vn -0.9207 -0.2860 0.2657
vn -0.9642 -0.2455 0.0999
vn -0.9615 -0.1726 0.2137
vn -0.7825 -0.6046 0.1487
vn -0.9296 0.2858 -0.2327
vn -0.7351 0.5769 0.3561
vn -0.6923 0.5997 0.4013
vn -0.7652 0.4981 0.4080
vn 0.3213 0.8242 0.4663
vn 0.2293 0.1983 0.9529
vn -0.0074 0.9970 0.0771
vn 0.2206 0.9203 0.3231
vn 0.8275 0.5581 0.0606
vn 0.8328 0.5524 -0.0368
vn 0.7964 0.5990 -0.0837
vn 0.7753 0.5580 -0.2959
vn 0.7727 0.5668 -0.2859
vn 0.8824 0.4571 0.1115
vn 0.7647 0.6413 -0.0626
vn -0.3273 0.9443 -0.0340
vn 0.9134 0.0278 -0.4061
vn 0.9239 -0.0530 -0.3789
vn 0.9434 -0.1023 -0.3154
vn -0.2353 -0.9660 -0.1073
vn -0.0971 -0.9914 -0.0879
vn 0.3232 -0.5783 0.7491
vn 0.3744 -0.4543 0.8084
vn 0.3291 -0.5653 0.7564
vn 0.3834 -0.4320 0.8163
vn -0.0155 -0.9990 -0.0421
vn 0.0033 -0.9939 -0.1103
vn -0.0015 -0.9924 -0.1228
vn 0.0056 -0.9865 -0.1637
vn 0.0152 -0.9896 -0.1430
vn 0.1411 -0.9705 0.1955
vn 0.4669 -0.8554 -0.2243
vn -0.2527 -0.8563 -0.4504
vn 0.0372 -0.9853 0.1668
vn 0.0093 -0.9896 -0.1436
vn 0.6653 -0.0610 -0.7440
vn 0.6133 0.3640 -0.7010
vn 0.5395 0.2063 -0.8163
vn 0.4998 0.1821 -0.8468
vn 0.5007 0.1602 -0.8507
vn -0.3225 0.0879 -0.9425
vn -0.3224 0.0917 -0.9422
vn -0.3229 0.0838 -0.9427
vn -0.1508 0.3885 -0.9090
vn -0.8470 -0.0990 -0.5222
vn -0.9938 0.1114 0.0041
vn -0.9984 0.0189 -0.0538
vn -0.9963 0.0435 -0.0737
vn -0.9941 -0.0086 -0.1082
vn -0.9207 -0.0091 0.3901
vn -0.9121 -0.2301 0.3394
vn -0.8945 -0.3325 0.2989
vn -0.9355 -0.2276 0.2703
vn -0.9321 -0.0661 0.3561
vn -0.7280 0.4834 0.4861
vn -0.7866 0.4380 0.4352
vn -0.7808 0.3477 0.5191
vn -0.8477 0.3128 0.4285
vn -0.2127 0.8252 0.5233
vn -0.1375 0.8860 0.4427
vn -0.1519 0.8759 0.4579
vn -0.0670 0.9296 0.3625
vn 0.0220 0.9721 -0.2333
vn 0.4508 0.8616 0.2333
vn 0.9805 0.1635 -0.1093
vn 0.9819 0.1630 -0.0965
vn 0.9820 0.1630 -0.0952
vn 0.9834 0.1625 -0.0807
vn 0.3162 0.8238 0.4705
vn 0.3174 0.8239 0.4696
vn 0.3180 0.8241 0.4688
vn 0.3187 0.8246 0.4674
vn 0.9198 -0.0430 -0.3899
vn 0.9264 -0.0435 -0.3741
vn 0.9159 -0.0905 -0.3911
vn 0.5017 -0.5367 0.6785
vn 0.7763 0.5050 -0.3773
vn 0.9087 -0.0353 -0.4159
vn 0.4954 0.8661 -0.0670
vn 0.9511 -0.1102 -0.2887
vn 0.9437 -0.1313 -0.3037
vn 0.9606 -0.1029 -0.2581
vn 0.8629 -0.0138 -0.5051
vn 0.8520 0.0154 -0.5233
vn 0.8621 0.0849 -0.4996
vn 0.8442 0.0678 -0.5317
vn 0.8685 0.1572 -0.4701
vn 0.6412 0.3177 -0.6985
vn 0.6162 0.4837 -0.6216
vn 0.0587 0.4832 -0.8735
vn 0.0543 0.3658 -0.9291
vn 0.0370 0.4523 -0.8911
vn 0.0428 0.3062 -0.9510
vn -0.3232 0.0816 -0.9428
vn -0.8895 0.2639 -0.3730
vn -0.9921 0.0628 -0.1084
vn -0.9707 0.0964 0.2200
vn -0.9921 -0.0016 0.1258
vn -0.9842 0.0161 0.1765
vn -0.9940 -0.0587 0.0928
vn -0.9969 -0.0788 -0.0069
vn -0.9200 0.2166 0.3267
vn -0.9182 0.1951 0.3448
vn -0.9155 0.1730 0.3631
vn -0.9123 0.1517 0.3804
vn -0.7353 0.3977 0.5488
vn -0.8189 0.5373 0.2017
vn -0.7192 0.0530 0.6928
vn -0.2110 0.6732 0.7087
vn -0.2168 0.7144 0.6653
vn -0.2241 0.7689 0.5988
vn -0.2291 0.8093 0.5409
vn -0.3027 0.5105 0.8048
vn -0.3562 0.8328 0.4238
vn 0.2435 -0.0077 0.9699
vn 0.5946 0.7106 0.3761
vn 0.8986 0.4148 -0.1430
vn 0.5121 0.5634 -0.6484
vn -0.3691 0.5925 -0.7160
vn 0.9116 0.0189 -0.4107
vn 0.9086 0.0783 -0.4103
vn 0.9056 0.2257 0.3590
vn 0.9049 0.2244 -0.3616
vn 0.8762 -0.0525 -0.4791
vn 0.5180 0.2014 -0.8313
vn 0.5586 0.0907 -0.8245
vn 0.5446 0.0056 -0.8387
vn 0.5689 -0.0264 -0.8220
vn -0.0211 -0.0190 -0.9996
vn 0.0028 0.6360 -0.7717
vn -0.6610 0.7417 -0.1142
vn -0.7644 0.5279 -0.3702
vn -0.5347 0.1873 -0.8240
vn -0.8606 -0.3773 -0.3420
vn -0.9873 -0.1383 0.0786
vn -0.9766 -0.0965 0.1922
vn -0.9838 -0.1359 0.1166
vn -0.9571 -0.1191 0.2640
vn -0.4741 0.4186 0.7746
vn -0.3806 -0.8554 0.3513
vn -0.7944 -0.5665 -0.2191
vn -0.6967 -0.2579 0.6694
vn -0.7448 0.1468 0.6510
vn 0.7681 -0.3779 0.5169
vn 0.1865 -0.1347 0.9732
vn 0.0940 -0.8870 0.4522
vn 0.0979 -0.8952 0.4348
vn 0.1074 -0.9139 0.3914
vn 0.1106 -0.9201 0.3758
vn 0.0626 0.9933 0.0977
vn 0.8561 0.4848 0.1789
vn 0.8139 -0.2464 0.5262
vn 0.4158 0.9032 0.1065
vn 0.2888 -0.9574 0.0088
vn 0.9820 0.1842 -0.0419
vn 0.9033 0.1745 -0.3920
vn 0.9863 -0.0353 -0.1611
vn 0.9858 -0.0461 -0.1615
vn 0.9697 -0.1257 -0.2096
vn 0.9486 -0.2622 -0.1772
vn 0.9581 -0.1898 -0.2143
vn 0.5273 -0.1373 -0.8385
vn 0.5016 -0.2422 -0.8305
vn 0.5186 -0.2979 -0.8015
vn 0.4944 -0.2635 -0.8284
vn 0.5029 -0.3829 -0.7749
vn 0.5143 -0.3550 -0.7806
vn -0.8057 0.0910 -0.5853
vn -0.2633 -0.9032 -0.3390
vn -0.5960 -0.2034 -0.7768
vn -0.6049 -0.2654 -0.7508
vn -0.9786 -0.1977 0.0570
vn -0.9763 -0.2126 0.0402
vn -0.6301 -0.1932 0.7521
vn -0.8079 0.1726 0.5635
vn -0.7533 -0.2733 -0.5981
vn -0.6513 -0.0449 0.7575
vn -0.6500 -0.0283 0.7594
vn -0.6508 -0.0468 0.7578
vn -0.2167 0.9428 0.2534
vn -0.3565 0.4412 0.8236
vn -0.3035 0.4418 0.8442
vn -0.2957 0.4420 0.8469
vn -0.2393 0.4409 0.8651
vn 0.0835 0.9389 -0.3338
vn 0.7054 0.5073 0.4950
vn 0.7282 -0.6234 0.2847
vn 0.3360 0.0621 0.9398
vn 0.9467 -0.1078 -0.3036
vn 0.9669 -0.2157 -0.1360
vn 0.9362 -0.3092 -0.1669
vn 0.8484 -0.0330 -0.5283
vn 0.6103 -0.7213 -0.3275
vn 0.2325 -0.7684 -0.5962
vn 0.4453 -0.1054 -0.8891
vn -0.5656 -0.1556 -0.8099
vn -0.5432 -0.2970 -0.7853
vn -0.4390 0.8889 -0.1313
vn -0.9792 -0.1988 0.0413
vn -0.5940 0.1593 0.7885
vn -0.6095 0.1153 0.7843
vn -0.0899 -0.9960 0.0022
vn 0.5028 -0.7612 0.4096
vn 0.2411 -0.6953 0.6770
vn 0.2655 -0.1011 0.9588
vn 0.2847 -0.1693 0.9435
vn 0.3160 -0.2933 0.9023
vn 0.3213 -0.3154 0.8929
vn 0.6990 0.0529 0.7132
vn 0.6994 0.0569 0.7125
vn 0.6993 0.0515 0.7130
vn 0.9888 -0.0060 0.1490
vn 0.9153 0.3780 0.1391
vn 0.8818 -0.2236 -0.4153
vn 0.2712 0.9220 -0.2764
vn 0.2012 0.6844 -0.7008
vn -0.0078 0.9222 -0.3867
vn 0.0512 -0.8258 -0.5616
vn 0.2517 -0.4102 -0.8766
vn -0.0277 0.5642 -0.8251
vn -0.5200 0.6326 -0.5740
vn -0.5849 -0.6052 -0.5401
vn -0.5071 -0.8459 -0.1649
vn -0.6063 -0.7859 -0.1213
vn -0.5214 -0.8384 -0.1587
vn -0.6425 -0.7593 -0.1029
vn -0.4966 -0.8202 0.2839
vn -0.6352 -0.6468 0.4221
vn -0.6204 -0.6264 0.4719
vn -0.6176 -0.6244 0.4782
vn -0.5857 -0.5834 0.5626
vn 0.2660 -0.2518 0.9305
vn -0.0220 -0.9926 0.1194
vn -0.0270 -0.9908 0.1327
vn -0.0993 -0.7429 0.6620
vn -0.6385 -0.0815 0.7653
vn -0.8917 -0.1083 0.4395
vn -0.2180 0.9604 -0.1737
vn -0.4411 -0.2590 -0.8593
vn 0.1215 0.8642 0.4882
vn 0.8652 -0.0634 0.4974
vn 0.8928 -0.0795 0.4433
vn 0.5838 0.1944 -0.7882
vn 0.2270 0.1542 -0.9616
vn 0.3763 -0.9110 -0.1686
vn 0.2592 -0.9591 -0.1140
vn 0.5042 -0.4590 0.7315
vn 0.6627 -0.5857 0.4668
vn 0.6985 0.0463 0.7141
vn 0.9223 -0.3821 -0.0584
vn 0.8826 -0.4680 -0.0445
vn 0.9417 -0.3351 -0.0302
vn 0.9357 -0.3525 -0.0167
vn 0.4618 -0.7832 -0.4163
vn 0.5333 -0.4454 -0.7192
vn 0.5683 -0.3859 -0.7267
vn 0.5649 -0.3920 -0.7261
vn 0.6303 -0.2590 -0.7318
vn 0.9331 0.1298 -0.3354
vn 0.9230 0.0422 -0.3825
vn 0.9149 0.2391 -0.3252
vn 0.7661 0.0184 -0.6425
vn 0.7254 -0.0687 -0.6849
vn 0.7087 -0.1010 -0.6983
vn 0.6525 -0.1936 -0.7326
vn 0.5864 0.4657 -0.6627
vn 0.5046 0.2632 -0.8222
vn -0.1300 -0.1633 -0.9780
vn -0.1077 -0.2798 -0.9540
vn -0.1166 -0.1844 -0.9759
vn -0.1357 -0.3578 -0.9239
vn -0.1615 -0.4002 -0.9021
vn -0.8916 0.4242 0.1584
vn -0.9067 -0.2622 -0.3303
vn -0.9063 -0.1553 -0.3930
vn -0.9081 -0.1948 -0.3708
vn -0.8919 -0.0445 -0.4500
vn -0.4488 0.6098 0.6533
vn -0.7385 0.1734 0.6516
vn -0.6944 -0.0473 -0.7181
vn -0.7015 -0.0545 -0.7106
vn -0.6441 0.0055 -0.7649
vn -0.8915 0.0153 0.4528
vn -0.8481 -0.5222 -0.0898
vn -0.6519 0.0069 0.7583
vn -0.7302 -0.0465 0.6817
vn -0.6669 -0.0261 0.7447
vn -0.7845 -0.0244 0.6197
vn -0.9286 0.0320 -0.3697
vn -0.9383 -0.0031 -0.3458
vn -0.9063 0.0962 -0.4116
vn -0.9912 -0.1325 0.0016
vn -0.0795 -0.1794 0.9806
vn -0.0719 -0.1279 0.9892
vn -0.0761 -0.1551 0.9850
vn -0.0676 -0.0930 0.9934
vn 0.2324 -0.5225 0.8203
vn 0.4980 0.0320 0.8666
vn -0.1119 0.9821 -0.1516
vn 0.5919 0.4769 0.6498
vn 0.6149 -0.5128 0.5991
vn 0.6164 -0.5252 0.5867
vn 0.6175 -0.5348 0.5768
vn 0.6200 -0.5743 0.5346
vn 0.6221 -0.1376 0.7708
vn 0.6190 -0.1335 0.7740
vn 0.6697 -0.0662 0.7397
vn 0.6845 -0.0442 0.7277
vn 0.7327 0.0209 0.6803
vn 0.9996 -0.0040 0.0280
vn 0.9650 -0.0745 0.2514
vn 0.9412 -0.1390 0.3078
vn 0.9596 -0.1734 0.2216
vn 0.9634 -0.1778 0.2006
vn 0.3894 -0.3091 0.8676
vn 0.9685 -0.2491 0.0036
vn 0.8369 0.4298 -0.3389
vn 0.8670 -0.4302 -0.2512
vn 0.9720 -0.1391 -0.1896
vn 0.9946 -0.1018 -0.0200
vn 0.9829 -0.1270 -0.1335
vn 0.9950 -0.0851 0.0516
vn 0.9107 0.2580 -0.3227
vn 0.8840 0.3587 -0.2999
vn 0.5281 -0.4210 -0.7374
vn 0.5516 0.3110 -0.7739
vn 0.5484 0.2869 -0.7854
vn 0.5000 0.2473 -0.8300
vn 0.4448 0.2027 -0.8724
vn 0.3745 0.1583 -0.9136
vn 0.0105 0.1269 -0.9919
vn -0.0688 0.0876 -0.9938
vn -0.0259 0.1089 -0.9937
vn -0.0921 0.0756 -0.9929
vn -0.6057 0.2250 -0.7632
vn -0.7362 0.5412 -0.4063
vn -0.7601 0.5290 -0.3774
vn -0.7696 0.5236 -0.3653
vn -0.7950 0.5081 -0.3313
vn -0.9603 -0.2790 -0.0041
vn -0.6281 0.0195 -0.7779
vn -0.9767 -0.2130 0.0267
vn -0.9192 0.0058 0.3937
vn -0.9014 0.0785 0.4259
vn -0.9155 0.0234 0.4017
vn -0.6532 0.0648 0.7544
vn -0.7615 -0.1432 0.6321
vn -0.7613 -0.1532 0.6300
vn -0.7615 -0.1499 0.6306
vn -0.8859 0.1435 -0.4411
vn -0.3640 0.8463 0.3889
vn -0.1956 0.9804 0.0233
vn 0.0891 -0.4593 0.8838
vn -0.0557 -0.2077 0.9766
vn 0.1281 -0.8962 0.4248
vn 0.2691 -0.4771 0.8367
vn 0.3110 -0.5501 0.7751
vn 0.3079 -0.5448 0.7800
vn 0.3472 -0.6129 0.7098
vn -0.2811 -0.2607 0.9236
vn -0.2036 -0.5258 0.8259
vn -0.0305 0.4189 0.9075
vn 0.1222 -0.7205 0.6826
vn 0.4157 -0.0235 0.9092
vn 0.4184 -0.0333 0.9076
vn 0.4245 0.0175 0.9053
vn 0.6590 -0.1315 0.7406
vn 0.5633 -0.5281 0.6354
vn 0.5140 0.0854 0.8536
vn 0.6792 -0.6578 0.3257
vn 0.4035 0.8168 0.4123
vn 0.5914 -0.7450 -0.3086
vn 0.7321 0.0211 0.6808
vn 1.0000 0.0040 -0.0004
vn 0.9417 -0.0559 0.3319
vn 0.7385 -0.1358 0.6604
vn 0.2483 -0.4097 0.8778
vn 0.9025 0.2596 -0.3436
vn 0.7400 -0.5915 -0.3202
vn 0.9845 0.0621 -0.1639
vn 0.8681 0.3873 -0.3106
vn 0.8138 -0.5609 -0.1522
vn 0.8218 -0.5422 -0.1752
vn 0.8167 -0.5544 -0.1602
vn 0.5744 -0.6043 -0.5523
vn 0.5981 -0.6205 -0.5073
vn 0.5427 -0.5824 -0.6052
vn 0.6247 0.6542 -0.4263
vn 0.8238 -0.5367 -0.1823
vn 0.5170 -0.8102 -0.2762
vn 0.5360 0.6171 -0.5761
vn 0.4862 0.1388 -0.8627
vn 0.4840 0.0736 -0.8720
vn 0.4842 0.0719 -0.8720
vn 0.4808 0.0249 -0.8765
vn -0.1574 0.5483 -0.8214
vn -0.1545 0.5600 -0.8139
vn -0.1488 0.5849 -0.7974
vn -0.1425 0.6132 -0.7770
vn -0.6298 -0.3116 -0.7115
vn -0.9169 0.0403 -0.3971
vn -0.6137 -0.5068 -0.6054
vn -0.7902 0.6119 0.0325
vn -0.7886 0.6108 -0.0712
vn -0.8676 0.4734 -0.1523
vn -0.8884 0.4249 -0.1736
vn -0.7192 -0.6123 0.3284
vn -0.9300 -0.0581 0.3629
vn -0.7621 -0.1394 0.6323
vn -0.5719 0.2203 0.7901
vn -0.4767 -0.8266 0.2991
vn -0.4645 -0.8374 0.2882
vn -0.4310 -0.8649 0.2571
vn -0.4133 -0.8781 0.2411
vn -0.6027 -0.5420 0.5857
vn -0.7643 -0.2889 0.5765
vn -0.7550 -0.2625 0.6010
vn -0.7881 -0.1786 0.5891
vn -0.7480 -0.2628 0.6095
vn -0.7699 -0.2223 0.5981
vn -0.2808 -0.2485 0.9270
vn -0.2687 -0.0780 0.9601
vn -0.2765 -0.1730 0.9453
vn -0.2610 -0.0024 0.9653
vn 0.4001 0.1148 0.9093
vn 0.4125 0.1207 0.9029
vn 0.7631 -0.2123 0.6105
vn 0.8174 0.5592 0.1385
vn 0.8261 0.5443 0.1456
vn 0.8329 0.5324 0.1512
vn 0.8444 0.5111 0.1607
vn -0.0938 -0.9640 -0.2489
vn 0.8122 0.3050 0.4972
vn 0.9726 0.0374 0.2294
vn 0.6367 -0.0942 0.7653
vn 0.9134 0.0669 0.4015
vn 0.9122 -0.0802 0.4019
vn 0.9042 -0.0243 0.4264
vn 0.8907 -0.0863 0.4463
vn 0.9934 0.0294 0.1112
vn 0.9960 -0.0404 0.0802
vn 0.9775 0.0725 0.1979
vn 0.8857 -0.0568 0.4609
vn 0.7879 0.5946 -0.1603
vn 0.7867 -0.6124 -0.0779
vn 0.5636 0.6177 -0.5485
vn 0.7446 -0.3219 -0.5848
vn 0.6837 -0.3059 -0.6625
vn 0.7213 -0.3162 -0.6162
vn 0.6453 -0.2949 -0.7047
vn 0.4010 -0.0091 -0.9160
vn 0.3432 0.0279 -0.9388
vn 0.4435 0.0092 -0.8962
vn 0.4627 0.0635 -0.8842
vn 0.2133 0.0824 -0.9735
vn -0.2470 -0.6114 -0.7518
vn -0.3381 -0.6039 -0.7218
vn -0.3471 -0.6023 -0.7188
vn 0.0425 0.0457 -0.9981
vn 0.0045 -0.0698 -0.9976
vn 0.0058 0.0313 -0.9995
vn -0.1745 -0.2603 -0.9496
vn 0.1409 -0.2510 -0.9577
vn 0.2147 -0.1980 -0.9564
vn 0.2143 -0.3140 -0.9249
vn 0.3701 -0.2138 -0.9041
vn 0.5553 -0.8196 -0.1407
vn 0.6856 -0.4382 -0.5814
vn 0.5418 -0.5493 -0.6362
vn 0.6530 -0.4661 -0.5969
vn 0.4919 -0.5802 -0.6491
vn -0.5126 -0.5538 -0.6562
vn -0.2570 -0.5562 -0.7903
vn 0.1632 -0.8037 -0.5722
vn 0.1229 -0.8083 -0.5757
vn 0.0558 -0.8131 -0.5795
vn -0.5049 0.6212 -0.5993
vn -0.6355 -0.1281 -0.7614
vn -0.4285 -0.5898 -0.6845
vn -0.4661 0.2831 -0.8382
vn -0.7020 -0.5377 -0.4670
vn -0.7412 -0.4540 -0.4945
vn -0.7150 -0.5117 -0.4764
vn -0.7528 -0.4253 -0.5023
vn -0.4960 0.3896 -0.7760
vn -0.4227 0.3551 -0.8338
vn -0.4260 0.3528 -0.8331
vn 0.0719 0.1573 -0.9849
vn -0.2740 -0.6343 -0.7229
vn -0.3723 0.2973 -0.8792
vn -0.1852 0.3567 -0.9157
vn -0.2163 0.3233 -0.9212
vn 0.3253 0.1449 -0.9344
vn 0.5081 -0.5568 -0.6571
vn 0.4787 0.3093 -0.8217
vn 0.1851 -0.7353 -0.6520
vn 0.2131 0.4902 -0.8452
vn -0.0355 0.1774 -0.9835
vn -0.0355 0.1721 -0.9844
vn -0.0437 0.1415 -0.9890
vn -0.0387 0.1578 -0.9867
vn -0.0475 0.1255 -0.9910
vn -0.7951 0.6016 0.0768
vn -0.6429 0.3884 -0.6602
vn -0.6449 0.3856 -0.6598
vn -0.6508 0.3756 -0.6598
vn -0.6528 0.3729 -0.6594
vn -0.7217 0.5406 -0.4322
vn -0.9918 -0.0284 -0.1250
vn -0.9348 -0.1426 0.3254
vn -0.8789 -0.2401 0.4122
vn -0.9134 -0.1842 0.3630
vn -0.8390 -0.2921 0.4591
vn -0.9712 -0.1693 0.1674
vn -0.9723 -0.1686 0.1619
vn -0.9785 -0.1636 0.1259
vn -0.9833 -0.1588 0.0891
vn -0.8177 -0.0478 0.5737
vn -0.5857 -0.7210 0.3703
vn -0.7041 -0.6064 0.3696
vn -0.6650 -0.6483 0.3708
vn -0.4020 0.3161 0.8594
vn -0.4046 0.2789 0.8709
vn -0.4032 0.3000 0.8645
vn -0.4050 0.2675 0.8743
vn 0.3635 0.2835 0.8874
vn 0.2143 0.9146 0.3429
vn 0.4012 -0.8078 0.4319
vn 0.3913 -0.8371 0.3824
vn 0.3935 -0.8313 0.3927
vn -0.2695 -0.8174 0.5091
vn 0.8569 -0.2538 0.4486
vn 0.2771 -0.9608 -0.0116
vn 0.2739 -0.9586 0.0774
vn 0.2656 -0.9560 0.1243
vn 0.2434 -0.9537 0.1766
vn 0.7014 -0.2401 0.6711
vn 0.6725 -0.1472 0.7253
vn 0.6625 -0.1752 0.7283
vn 0.6983 0.1786 0.6932
vn -0.9877 0.0600 0.1442
vn -0.9680 0.0129 0.2506
vn -0.9903 0.0363 0.1344
vn -0.9645 0.0062 0.2642
vn -0.6636 -0.0612 0.7456
vn 0.8461 0.0423 0.5313
vn -0.1552 -0.8006 0.5788
vn -0.8255 0.5642 0.0173
vn -0.0590 -0.0319 0.9977
vn 0.7201 -0.0581 0.6914
vn 0.7500 -0.0426 0.6600
vn 0.9190 -0.1593 0.3605
vn 0.8716 0.0835 0.4831
vn 0.9949 0.0993 -0.0194
vn 0.9851 0.0253 0.1703
vn 0.9905 0.0408 0.1313
vn 0.5138 -0.8415 -0.1668
vn 0.2044 -0.4140 -0.8870
vn 0.9651 0.1251 0.2303
vn 0.9537 0.0747 0.2914
vn 0.9463 -0.2054 0.2498
vn 0.8079 0.4538 -0.3759
vn 0.9391 -0.2016 -0.2782
vn 0.8610 0.0054 -0.5085
vn 0.6054 0.0756 -0.7924
vn 0.7110 -0.5180 -0.4755
vn 0.3112 -0.3777 -0.8721
vn -0.1477 0.5068 -0.8493
vn 0.2235 -0.7947 -0.5643
vn 0.3227 -0.0597 -0.9446
vn 0.2922 -0.0301 -0.9559
vn 0.2684 0.0085 -0.9633
vn 0.4437 0.3983 -0.8028
vn 0.6629 -0.2481 -0.7064
vn 0.3606 -0.1054 -0.9267
vn 0.3728 -0.1171 -0.9205
vn 0.4763 0.2099 -0.8539
vn 0.4236 0.1715 -0.8895
vn 0.4827 0.2146 -0.8491
vn 0.1079 0.2035 -0.9731
vn 0.0195 0.0707 -0.9973
vn -0.0000 -0.8324 -0.5542
vn 0.0258 -0.8194 -0.5726
vn -0.0157 -0.8400 -0.5423
vn -0.1342 0.1125 -0.9846
vn -0.1556 0.0272 -0.9874
vn -0.2618 0.1089 -0.9590
vn -0.2438 -0.0476 -0.9687
vn 0.1486 -0.4212 -0.8947
vn 0.1671 -0.5287 -0.8322
vn 0.1581 -0.5460 -0.8227
vn -0.2711 -0.8447 -0.4615
vn 0.3864 0.7319 -0.5612
vn -0.2398 -0.2276 -0.9437
vn -0.7372 -0.4546 -0.4999
vn -0.5283 0.3048 -0.7924
vn -0.9195 0.0439 -0.3906
vn -0.9805 -0.0193 -0.1956
vn -0.9833 0.0525 -0.1745
vn -0.9821 0.0995 -0.1601
vn -0.9662 0.2294 -0.1178
vn -0.9920 -0.0579 0.1118
vn -0.5353 0.1480 -0.8316
vn -0.7850 0.5523 -0.2805
vn -0.9732 -0.0301 0.2279
vn -0.0300 0.0360 -0.9989
vn -0.9249 0.3058 0.2259
vn -0.2148 0.9458 0.2436
vn -0.0619 0.9803 0.1874
vn -0.1673 0.9629 0.2117
vn -0.0251 0.9698 0.2427
vn 0.0235 0.9687 0.2470
vn 0.0316 0.9704 0.2394
vn 0.5516 0.1781 0.8149
vn 0.8797 -0.1039 0.4641
vn 0.6993 -0.0694 0.7114
vn 0.7956 -0.1758 0.5797
vn 0.7257 -0.0961 0.6813
vn 0.8109 -0.1964 0.5512
vn 0.8718 -0.1344 -0.4710
vn 0.8334 -0.0701 -0.5483
vn 0.8384 -0.0739 -0.5401
vn 0.2552 -0.8468 -0.4667
vn 0.0169 -0.2449 0.9694
vn 0.2897 0.0520 0.9557
vn 0.2836 0.0336 0.9583
vn 0.2835 0.0444 0.9579
vn 0.5838 -0.2530 0.7715
vn 0.5925 -0.2032 0.7795
vn 0.5605 -0.3525 0.7494
vn 0.8513 0.2274 0.4729
vn -0.1569 -0.9494 0.2720
vn 0.1526 -0.8047 0.5737
vn 0.6382 -0.3345 0.6934
vn 0.7120 0.1367 0.6887
vn 0.8457 -0.2076 0.4916
vn 0.9020 -0.1700 0.3970
vn 0.8864 -0.1786 0.4272
vn 0.9184 -0.1567 0.3633
vn 0.9192 -0.1587 0.3605
vn 0.9921 -0.0480 -0.1158
vn 0.7102 0.5619 -0.4241
vn 0.6084 -0.7918 0.0535
vn 0.7564 -0.4930 -0.4299
vn 0.4403 0.6076 -0.6610
vn 0.3503 -0.8334 -0.4274
vn 0.7415 0.4765 -0.4723
vn 0.7382 0.4678 -0.4860
vn 0.7402 0.4734 -0.4775
vn 0.8202 -0.4636 -0.3352
vn 0.6813 0.1135 -0.7231
vn 0.6824 0.1158 -0.7218
vn 0.6815 0.1135 -0.7230
vn 0.2724 0.4184 -0.8665
vn 0.6296 -0.6627 -0.4054
vn 0.7970 -0.3987 -0.4537
vn 0.5815 0.2644 -0.7694
vn 0.5748 0.2969 -0.7625
vn 0.5502 0.3876 -0.7396
vn 0.5423 0.4137 -0.7313
vn 0.7747 -0.6249 -0.0964
vn 0.7649 0.5920 -0.2540
vn 0.5562 -0.7259 -0.4046
vn -0.6763 -0.6406 -0.3636
vn -0.8997 0.3566 -0.2520
vn -0.7881 -0.6012 -0.1321
vn -0.5493 0.4244 -0.7198
vn -0.4844 0.3802 -0.7879
vn -0.7206 -0.5313 -0.4455
vn -0.7221 -0.5367 -0.4365
vn -0.7255 -0.5489 -0.4152
vn -0.7264 -0.5524 -0.4089
vn -0.8762 -0.3108 0.3683
vn -0.7445 -0.6490 -0.1569
vn -0.8033 -0.5591 -0.2051
vn -0.7934 -0.5761 -0.1967
vn -0.7799 -0.0373 -0.6248
vn -0.4824 0.3129 -0.8182
vn -0.3764 0.2731 -0.8853
vn -0.3676 -0.1553 -0.9169
vn -0.2001 -0.7282 -0.6555
vn -0.1991 -0.7509 -0.6297
vn -0.1952 -0.8280 -0.5257
vn -0.1940 -0.8418 -0.5037
vn -0.3804 0.5850 -0.7163
vn -0.6177 -0.3742 -0.6917
vn -0.6403 -0.7674 0.0335
vn -0.6595 -0.7514 0.0210
vn -0.6421 -0.7659 0.0333
vn -0.6691 -0.7431 0.0119
vn -0.6436 -0.7654 0.0017
vn -0.6366 -0.7712 0.0014
vn -0.5347 -0.7611 0.3672
vn -0.7825 -0.2245 0.5807
vn -0.6748 -0.4126 0.6119
vn -0.7240 -0.3105 0.6159
vn 0.1003 -0.7807 0.6168
vn 0.1003 -0.7756 0.6232
vn 0.1002 -0.7801 0.6176
vn 0.0996 -0.7740 0.6253
vn 0.4044 -0.7978 0.4473
vn 0.2360 -0.9560 0.1741
vn -0.5434 0.3478 0.7641
vn 0.2185 -0.7921 0.5699
vn 0.2373 -0.1655 0.9572
vn -0.0422 0.0257 0.9988
vn -0.0417 0.0030 0.9991
vn -0.0415 0.0036 0.9991
vn -0.0409 -0.0183 0.9990
vn 0.6580 0.4264 0.6207
vn 0.2027 -0.1320 0.9703
vn 0.2416 -0.0471 0.9692
vn 0.2599 -0.0058 0.9656
vn 0.2993 0.0889 0.9500
vn -0.9990 -0.0074 0.0446
vn -0.9994 -0.0338 -0.0011
vn 0.0790 0.9920 0.0979
vn -0.0169 0.9813 0.1918
vn -0.0151 0.9816 0.1903
vn -0.0659 0.9689 0.2385
vn 0.5480 0.6796 0.4877
vn 0.9365 0.1480 -0.3180
vn 0.9921 0.1130 -0.0551
vn 0.9921 0.1127 -0.0549
vn 0.4301 0.0967 -0.8976
vn 0.9568 -0.0358 -0.2884
vn 0.7889 -0.1001 0.6063
vn 0.7962 -0.0960 0.5973
vn 0.8578 -0.0464 0.5118
vn 0.7994 -0.0208 0.6005
vn 0.9985 0.0532 -0.0151
vn 0.9340 0.3348 -0.1246
vn 0.9937 0.0356 -0.1065
vn 0.9886 -0.0192 -0.1492
vn 0.9731 -0.0988 -0.2082
vn 0.9617 -0.1378 -0.2371
vn 0.8194 0.1069 -0.5632
vn 0.8492 0.0205 -0.5277
vn 0.8590 -0.0150 -0.5118
vn 0.8777 -0.1064 -0.4673
vn 0.8933 0.1987 -0.4032
vn 0.8882 0.1892 -0.4187
vn 0.8988 0.2095 -0.3850
vn 0.7566 0.1184 -0.6430
vn 0.5197 0.2418 -0.8194
vn 0.2026 -0.9429 -0.2644
vn 0.1435 -0.9518 -0.2709
vn 0.1192 -0.9544 -0.2738
vn 0.0649 -0.9579 -0.2795
vn 0.0414 -0.8103 -0.5845
vn 0.0750 0.3550 -0.9318
vn 0.0760 0.3580 -0.9306
vn 0.0794 0.3645 -0.9278
vn 0.0798 0.3662 -0.9271
vn 0.4695 0.0353 -0.8822
vn 0.1604 -0.0484 -0.9859
vn 0.1284 -0.0229 -0.9915
vn 0.1908 -0.0319 -0.9811
vn 0.1733 -0.0062 -0.9848
vn 0.2206 0.0612 -0.9734
vn -0.0092 -0.9999 0.0093
vn -0.0792 -0.9962 -0.0363
vn -0.0466 -0.9988 -0.0145
vn -0.1251 -0.9899 -0.0663
vn 0.2263 -0.8706 -0.4368
vn 0.8370 -0.2891 -0.4646
vn 0.8202 -0.2000 -0.5359
vn 0.8457 -0.2405 -0.4763
vn 0.8152 -0.1377 -0.5625
vn 0.3835 0.8680 0.3153
vn 0.4344 0.8819 0.1831
vn 0.4187 0.8792 0.2272
vn 0.9607 0.2329 0.1512
vn 0.9605 0.2332 0.1518
vn 0.9606 0.2330 0.1513
vn 0.9604 0.2334 0.1520
vn 0.6937 -0.1178 -0.7106
vn 0.8877 0.3202 -0.3307
vn -0.4144 -0.0351 -0.9094
vn -0.0832 -0.1486 -0.9854
vn -0.3533 0.0543 -0.9339
vn 0.3381 -0.1402 -0.9306
vn 0.3171 -0.0609 -0.9464
vn 0.2559 -0.0048 -0.9667
vn 0.2581 0.0406 -0.9653
vn 0.3323 -0.0094 -0.9431
vn 0.2650 -0.4168 -0.8695
vn -0.0233 0.2658 -0.9638
vn -0.2740 -0.2752 -0.9215
vn -0.9960 -0.0883 0.0107
vn -0.5821 -0.0153 -0.8130
vn -0.3981 -0.8971 -0.1918
vn -0.9902 -0.1393 -0.0089
vn -0.9956 -0.0680 0.0645
vn -0.9841 -0.1655 0.0645
vn -0.8950 0.2383 0.3772
vn -0.8420 0.4316 0.3237
vn -0.8732 0.3418 0.3473
vn -0.8070 0.5234 0.2734
vn -0.8041 0.5308 0.2678
vn 0.1151 -0.7376 0.6653
vn 0.1589 -0.7904 0.5916
vn 0.1249 -0.7501 0.6494
vn 0.1699 -0.8031 0.5711
vn -0.0923 -0.8447 0.5272
vn 0.2967 0.1352 0.9454
vn 0.3052 0.1104 0.9459
vn 0.3251 0.0951 0.9409
vn 0.5941 0.2693 0.7580
vn -0.0395 0.1336 0.9902
vn -0.0364 0.1387 0.9897
vn -0.0380 0.1360 0.9900
vn 0.8595 -0.3517 0.3710
vn -0.1592 -0.4780 0.8638
vn -0.1917 -0.5206 0.8320
vn -0.1997 -0.5307 0.8237
vn -0.2315 -0.5709 0.7877
vn 0.3104 -0.6661 0.6782
vn 0.3284 -0.6527 0.6828
vn 0.3658 -0.6209 0.6933
vn 0.3833 -0.6055 0.6974
vn 0.6868 -0.1095 0.7186
vn 0.7034 -0.1522 0.6944
vn 0.7280 -0.2304 0.6457
vn 0.8826 0.2963 -0.3651
vn 0.9895 -0.1120 0.0915
vn -0.2493 -0.0181 0.9683
vn 0.6492 0.1578 0.7440
vn 0.4890 0.4690 0.7355
vn -0.0625 0.6658 0.7435
vn 0.2235 0.9505 0.2159
vn 0.6167 0.6709 0.4119
vn 0.5392 0.7383 0.4053
vn 0.2892 0.7859 0.5466
vn 0.3322 0.8374 0.4340
vn 0.3080 0.9448 -0.1120
vn 0.2563 0.9512 -0.1717
vn 0.8793 -0.4761 0.0153
vn 0.8047 -0.5899 0.0672
vn 0.3388 0.9211 0.1918
vn 0.2918 0.9250 0.2434
vn 0.2592 0.9253 0.2769
vn 0.2057 0.9215 0.3294
vn -0.8725 0.4880 0.0266
vn -0.9060 0.4202 0.0515
vn -0.8849 0.4637 0.0436
vn 0.9563 -0.1243 0.2648
vn 0.9021 0.3006 0.3098
vn 0.9354 -0.3355 0.1116
vn 0.8290 -0.1676 0.5335
vn 0.4591 -0.8482 0.2641
vn 0.5942 0.2007 0.7789
vn 0.4146 -0.3970 0.8189
vn 0.4097 -0.3418 0.8458
vn 0.4241 -0.3624 0.8300
vn -0.0290 -0.2067 0.9780
vn -0.1267 -0.4818 0.8671
vn -0.1185 -0.0073 0.9929
vn -0.2909 -0.5214 0.8022
vn 0.0371 0.9144 0.4030
vn -0.0324 0.8859 0.4628
vn -0.0408 0.8821 0.4693
vn 0.0347 0.6297 0.7761
vn 0.0180 0.8130 0.5819
vn -0.1521 0.7256 0.6711
vn 0.0161 0.8094 0.5870
vn -0.0645 0.7662 0.6394
vn -0.3066 0.6808 0.6652
vn -0.2614 0.6818 0.6833
vn 0.0526 0.9194 0.3898
vn -0.0100 0.7877 0.6159
vn -0.0100 0.7877 0.6160
vn 0.6466 0.7245 0.2389
vn 0.1017 -0.0358 0.9942
vn -0.2305 0.5037 0.8326
vn -0.9231 -0.3083 -0.2298
vn -0.9233 -0.3090 -0.2283
vn -0.9417 -0.2368 -0.2389
vn -0.9714 -0.2085 0.1135
vn 0.0066 0.7325 0.6807
vn -0.2676 0.5404 0.7977
vn -0.9995 -0.0295 0.0104
vn 0.2547 0.0108 0.9669
vn -0.0102 -0.1020 0.9947
vn -0.9910 -0.1086 -0.0784
vn -0.9865 -0.1328 -0.0962
vn -0.9898 -0.1157 -0.0831
vn -0.9425 -0.2921 0.1624
vn 0.4777 0.2345 0.8467
vn 0.4778 0.2354 0.8463
vn 0.4785 0.2367 0.8456
vn 0.4791 0.2382 0.8448
vn -0.8387 -0.4779 0.2612
vn -0.8397 -0.4451 0.3111
vn -0.8396 -0.4628 0.2843
vn -0.8996 0.3261 0.2905
vn -0.4526 0.1625 0.8768
vn 0.3041 -0.2481 0.9198
vn -0.8751 0.2168 0.4326
vn -0.8828 0.2719 0.3830
vn -0.8780 0.2348 0.4171
vn -0.8842 0.2890 0.3671
vn -0.6357 0.3801 0.6719
vn 0.6630 -0.0962 0.7424
vn -0.4116 0.1719 0.8950
vn -0.0089 0.5628 0.8266
vn -0.3192 -0.8869 0.3339
vn -0.5628 0.1281 0.8166
vn 0.2272 -0.0400 0.9730
vn 0.1991 -0.4889 0.8493
vn -0.4482 -0.8591 0.2472
vn -0.3283 -0.6946 0.6402
vn 0.8252 -0.4853 0.2891
vn 0.8634 -0.4260 0.2705
vn 0.8343 -0.4719 0.2852
vn 0.9703 0.0930 0.2231
vn 0.5174 -0.8487 -0.1097
vn 0.1586 0.6607 -0.7337
vn 0.4448 -0.4942 -0.7469
vn 0.4924 -0.5124 -0.7035
vn 0.5378 -0.5269 -0.6582
vn 0.6009 -0.5455 -0.5842
vn 0.6264 0.0111 -0.7794
vn 0.1599 -0.4939 -0.8547
vn -0.1682 -0.1015 -0.9805
vn -0.1958 -0.1293 -0.9721
vn 0.4760 -0.1415 -0.8680
vn -0.2576 -0.4363 -0.8621
vn -0.9074 -0.1844 -0.3777
vn -0.1037 -0.5907 -0.8002
vn -0.9001 -0.0367 -0.4341
vn -0.8950 -0.0132 -0.4459
vn -0.8990 -0.0316 -0.4369
vn -0.3960 -0.2634 -0.8797
vn -0.4093 -0.2550 -0.8761
vn -0.4493 -0.2273 -0.8640
vn -0.4895 -0.1983 -0.8492
vn -0.6320 0.7742 -0.0329
vn -0.6057 0.7955 -0.0156
vn -0.5477 0.8364 0.0206
vn -0.5032 0.8629 0.0470
vn -0.7940 -0.1808 -0.5805
vn -0.7761 -0.0819 -0.6253
vn -0.7927 -0.1726 -0.5846
vn 0.8402 0.2262 -0.4928
vn -0.2196 -0.1955 -0.9558
vn -0.0762 -0.2058 -0.9756
vn -0.0521 0.9985 -0.0161
vn 0.1161 -0.9891 -0.0907
vn 0.1085 -0.9835 -0.1445
vn -0.2000 0.1145 -0.9731
vn -0.1473 0.0532 -0.9877
vn -0.1646 0.0087 -0.9863
vn -0.1537 -0.0507 -0.9868
vn -0.9648 0.0060 -0.2629
vn -0.8100 -0.0421 -0.5849
vn -0.0257 0.4208 -0.9068
vn -0.1416 0.1648 -0.9761
vn -0.1261 -0.5364 -0.8345
vn -0.1544 -0.9551 -0.2528
vn -0.3386 0.2519 -0.9066
vn -0.6879 0.1326 -0.7136
vn -0.5903 -0.2099 -0.7795
vn -0.1347 0.5716 -0.8094
vn -0.8726 -0.1372 -0.4688
vn -0.8502 -0.0289 -0.5256
vn -0.8520 -0.0358 -0.5222
vn -0.8321 0.0312 -0.5538
vn -0.9804 -0.0205 -0.1959
vn -0.8426 0.5385 -0.0036
vn -0.8241 0.1123 0.5552
vn -0.9016 0.1419 0.4086
vn -0.8940 0.1387 0.4260
vn -0.9292 0.1546 0.3356
vn -0.8021 -0.1657 0.5738
vn -0.1123 0.9890 0.0959
vn -0.3114 0.8613 0.4014
vn 0.1864 0.9446 0.2700
vn 0.1180 0.9868 -0.1106
vn 0.9818 0.1670 0.0900
vn 0.8762 -0.1619 -0.4540
vn 0.8731 -0.1202 -0.4725
vn 0.3181 -0.0949 0.9433
vn 0.2437 -0.1334 0.9606
vn 0.2695 -0.1043 0.9573
vn 0.8187 -0.3506 0.4546
vn 0.7420 -0.3985 0.5391
vn 0.7765 -0.3793 0.5032
vn 0.2472 0.0663 0.9667
vn 0.2378 0.0679 0.9689
vn 0.6033 -0.1260 0.7875
vn 0.8688 -0.0539 0.4922
vn 0.8725 -0.0320 0.4875
vn 0.8736 -0.0609 0.4828
vn 0.9615 -0.1323 -0.2408
vn 0.4284 -0.0811 0.9000
vn 0.5843 -0.8024 -0.1215
vn 0.5837 -0.8111 -0.0380
vn 0.5834 -0.8117 -0.0287
vn 0.5827 -0.8127 -0.0062
vn 0.3422 -0.9396 -0.0113
vn 0.9920 -0.0759 0.1011
vn 0.7428 0.4812 -0.4655
vn 0.8947 -0.4436 -0.0516
vn 0.9240 -0.3784 -0.0553
vn 0.9488 -0.3145 -0.0297
vn 0.9674 -0.2510 0.0336
vn 0.6808 0.1118 -0.7239
vn 0.8264 -0.5607 0.0512
vn 0.9202 0.0141 -0.3911
vn -0.8743 0.0864 -0.4777
vn -0.9314 -0.1888 -0.3110
vn -0.9363 -0.2590 -0.2372
vn -0.9731 -0.2157 -0.0809
vn -0.9858 -0.1652 0.0311
vn -0.8970 -0.3707 -0.2409
vn -0.7099 -0.6920 -0.1311
vn -0.8690 0.3006 -0.3930
vn -0.8690 0.3007 -0.3931
vn -0.8689 0.3008 -0.3931
vn -0.9837 -0.0087 -0.1797
vn -0.9709 -0.1127 0.2114
vn -0.9643 -0.1484 0.2195
vn -0.9610 -0.1311 0.2435
vn -0.8001 -0.0718 0.5956
vn -0.8101 -0.1542 0.5656
vn -0.5105 0.5365 0.6720
vn -0.2419 0.2287 0.9430
vn -0.1715 -0.9852 -0.0017
vn -0.8099 -0.5784 -0.0973
vn -0.7512 -0.0679 0.6566
vn -0.7504 -0.0680 0.6574
vn -0.7511 -0.0679 0.6567
vn -0.7504 -0.0681 0.6575
vn 0.6215 0.0104 0.7833
vn 0.9371 0.0795 0.3399
vn 0.3025 -0.3522 0.8857
vn 0.1895 -0.7210 0.6665
vn 0.5892 -0.4422 0.6762
vn 0.3421 0.8168 0.4645
vn 0.2057 0.9570 0.2044
vn 0.7052 -0.2675 0.6566
vn 0.1264 0.5336 0.8362
vn 0.9017 0.1127 0.4175
vn 0.8136 0.1289 -0.5670
vn 0.8054 -0.0111 0.5926
vn 0.8097 -0.0082 0.5868
vn 0.8183 0.5738 0.0349
vn 0.9973 0.0727 -0.0043
vn 0.9833 0.1768 -0.0441
vn 0.9618 0.2673 0.0586
vn 0.9622 0.2714 -0.0209
vn 0.9020 0.2159 -0.3740
vn 0.3593 -0.9030 -0.2356
vn 0.3113 -0.9166 -0.2507
vn 0.3195 -0.9142 -0.2493
vn 0.5365 -0.5795 -0.6135
vn 0.6330 0.2291 -0.7394
vn 0.6328 0.2309 -0.7391
vn 0.6334 0.2336 -0.7377
vn 0.6331 0.2354 -0.7374
vn 0.3105 0.8895 -0.3351
vn 0.3763 0.8153 -0.4400
vn 0.3684 0.8255 -0.4276
vn 0.0249 0.9090 -0.4161
vn 0.2211 -0.1235 -0.9674
vn 0.5378 -0.0144 -0.8429
vn 0.5182 -0.0408 -0.8543
vn 0.5243 -0.0450 -0.8504
vn 0.5088 -0.0527 -0.8593
vn 0.5023 -0.0363 -0.8639
vn -0.1411 -0.9142 -0.3800
vn -0.1258 -0.9157 -0.3817
vn -0.0674 -0.9202 -0.3855
vn -0.0402 -0.9210 -0.3874
vn 0.9458 -0.2140 -0.2443
vn 0.9458 -0.1922 -0.2618
vn 0.3675 0.8608 0.3521
vn 0.5842 -0.4602 -0.6685
vn -0.5538 -0.4743 -0.6843
vn -0.4567 -0.5652 -0.6870
vn -0.4567 -0.5249 -0.7183
vn -0.3516 -0.5935 -0.7240
vn -0.3735 -0.5456 -0.7502
vn -0.2254 -0.6178 -0.7534
vn -0.3926 -0.4227 -0.8168
vn -0.3887 -0.4164 -0.8219
vn -0.3888 -0.4165 -0.8218
vn -0.3853 -0.4097 -0.8269
vn -0.9940 -0.0970 -0.0502
vn -0.9825 -0.1861 0.0069
vn -0.8334 -0.4093 0.3714
vn -0.6208 -0.0903 0.7787
vn -0.3390 -0.6567 0.6736
vn -0.1736 -0.0057 0.9848
vn 0.2316 -0.2040 0.9512
vn -0.0414 0.1305 0.9906
vn -0.7175 -0.0538 0.6944
vn -0.6821 -0.0454 0.7299
vn -0.6997 -0.0526 0.7125
vn -0.6543 -0.0590 0.7539
vn 0.8538 0.4300 -0.2936
vn 0.9476 0.3175 -0.0350
vn 0.9593 0.0455 0.2786
vn 0.9631 0.0196 0.2683
vn 0.9605 0.0392 0.2754
vn 0.6488 -0.0219 0.7606
vn 0.8913 0.4414 0.1039
vn 0.9320 0.3292 0.1518
vn 0.9508 0.2648 0.1606
vn 0.9662 0.1878 0.1769
vn 0.4515 -0.2576 0.8543
vn -0.1484 0.3180 0.9364
vn 0.2845 0.6129 0.7372
vn 0.2499 0.6652 0.7036
vn 0.2705 0.6433 0.7162
vn 0.2106 0.7605 0.6142
vn 0.8011 -0.5958 0.0570
vn 0.7868 -0.6118 0.0816
vn 0.4356 0.6234 0.6494
vn -0.1107 -0.3525 0.9293
vn -0.7484 0.6595 0.0708
vn -0.6869 0.7193 0.1040
vn -0.2749 0.9066 0.3201
vn 0.8275 -0.2410 0.5071
vn 0.7008 -0.0567 0.7111
vn 0.4227 -0.3944 0.8159
vn 0.4343 -0.3618 0.8249
vn 0.0937 0.8683 0.4871
vn 0.1456 0.8343 0.5317
vn 0.2088 0.7851 0.5832
vn 0.2531 0.7454 0.6167
vn 0.1639 0.5760 0.8008
vn 0.0555 0.9984 0.0056
vn -0.0578 0.9670 0.2481
vn -0.0284 0.9922 0.1217
vn -0.0294 0.9866 0.1602
vn -0.0144 0.9919 0.1261
vn 0.0351 0.0187 0.9992
vn -0.0306 0.1040 0.9941
vn -0.0447 0.1225 0.9915
vn -0.0985 0.1942 0.9760
vn -0.6156 0.1410 0.7754
vn -0.1840 0.2441 0.9521
vn -0.1993 -0.0629 0.9779
vn -0.0673 0.0115 0.9977
vn -0.0545 0.1090 0.9925
vn 0.2622 0.4366 0.8606
vn 0.0163 -0.0882 0.9960
vn -0.1644 0.2339 0.9583
vn -0.0709 0.1953 0.9782
vn -0.0545 0.1034 0.9932
vn -0.0702 0.1084 0.9916
vn 0.4124 0.1093 0.9044
vn 0.0062 -0.6983 0.7158
vn -0.0435 0.9974 0.0574
vn -0.0585 0.9979 0.0280
vn -0.9992 -0.0263 0.0309
vn -0.9990 0.0411 0.0170
vn -0.9996 -0.0070 0.0261
vn -0.9989 0.0468 0.0046
vn -0.3119 0.1961 0.9297
vn -0.2497 0.3822 0.8897
vn -0.3740 0.3077 0.8749
vn -0.2780 0.3914 0.8772
vn -0.3710 0.6761 0.6366
vn -0.1118 0.5399 0.8343
vn -0.9498 -0.1877 -0.2503
vn -0.9190 -0.1355 -0.3702
vn -0.8565 0.1982 0.4766
vn -0.8979 0.1206 0.4234
vn -0.8742 0.1660 0.4562
vn 0.2355 0.1377 0.9621
vn -0.6186 -0.2254 0.7527
vn -0.7466 0.4140 -0.5207
vn -0.9086 0.3627 -0.2070
vn -0.8943 0.4029 -0.1948
vn -0.9102 0.3579 -0.2084
vn -0.3441 -0.6145 0.7099
vn -0.9935 -0.0934 -0.0654
vn 0.7218 -0.1618 0.6729
vn -0.8377 -0.4864 0.2483
vn 0.6883 0.2195 0.6914
vn 0.0216 0.0880 0.9959
vn 0.0418 0.1072 0.9934
vn 0.1124 0.1729 0.9785
vn 0.1354 0.1938 0.9716
vn -0.2007 0.0923 0.9753
vn -0.2478 -0.3965 0.8839
vn 0.0621 -0.0998 0.9931
vn 0.0550 -0.1563 0.9862
vn 0.0522 -0.1805 0.9822
vn 0.0415 -0.2622 0.9641
vn 0.3823 -0.6804 0.6252
vn 0.3207 -0.7047 0.6329
vn 0.3718 -0.6848 0.6267
vn 0.6021 -0.2204 0.7674
vn 0.8148 -0.5002 0.2931
vn 0.9573 -0.2750 0.0898
vn 0.9171 -0.0624 -0.3938
vn 0.6947 -0.6512 -0.3056
vn 0.4996 -0.5209 -0.6921
vn 0.5891 -0.4118 -0.6952
vn 0.5575 -0.4534 -0.6955
vn 0.6462 -0.3294 -0.6885
vn -0.9045 -0.0589 -0.4225
vn -0.8535 0.5153 -0.0774
vn -0.7267 0.0939 -0.6805
vn -0.6985 -0.3633 0.6165
vn -0.8020 -0.2765 -0.5295
vn -0.1058 -0.9058 -0.4104
vn 0.1804 -0.9447 -0.2740
vn 0.0757 -0.9328 -0.3523
vn -0.5159 -0.0515 -0.8551
vn -0.5002 -0.0096 -0.8659
vn -0.5058 -0.0252 -0.8623
vn -0.4928 0.0080 -0.8701
vn -0.2066 -0.1036 -0.9729
vn -0.0000 0.9736 -0.2284
vn -0.3772 0.7729 -0.5102
vn -0.3749 0.7761 -0.5071
vn -0.3934 0.7449 -0.5389
vn -0.5185 0.4921 -0.6993
vn -0.7505 0.1243 -0.6491
vn -0.7013 -0.3614 -0.6145
vn -0.3792 -0.8944 -0.2369
vn -0.3456 -0.8984 -0.2709
vn -0.3724 -0.8994 -0.2289
vn -0.8203 0.2517 -0.5136
vn -0.8590 0.2329 -0.4560
vn -0.8321 0.2465 -0.4969
vn -0.8770 0.2220 -0.4262
vn -0.9751 0.2139 -0.0585
vn -0.9782 0.2006 -0.0543
vn -0.9816 0.1846 -0.0486
vn -0.9851 0.1667 -0.0414
vn -0.9119 0.3408 0.2288
vn -0.9257 0.2194 0.3081
vn -0.9022 0.3400 0.2653
vn -0.7915 0.1429 0.5943
vn -0.7872 0.2487 0.5643
vn -0.7885 0.2374 0.5674
vn -0.7739 0.3502 0.5277
vn -0.6696 0.1479 0.7279
vn -0.4143 0.1656 0.8949
vn -0.1045 -0.0395 0.9937
vn -0.1114 -0.0167 0.9936
vn -0.1141 -0.0094 0.9934
vn -0.1206 0.0134 0.9926
vn 0.3313 0.2430 0.9117
vn 0.3594 0.1641 0.9186
vn 0.3549 0.1559 0.9218
vn 0.4999 -0.1839 0.8463
vn 0.4250 -0.1286 0.8960
vn 0.7870 -0.1246 0.6043
vn 0.8442 -0.3315 0.4213
vn -0.0440 0.3865 0.9212
vn 0.8688 -0.1291 0.4780
vn 0.8945 -0.0959 0.4367
vn 0.9082 -0.0822 0.4104
vn 0.9258 -0.0862 0.3681
vn 0.9576 -0.2301 -0.1733
vn 0.9701 -0.2261 0.0880
vn -0.9679 -0.1557 0.1975
vn -0.9330 -0.1067 0.3438
vn -0.8542 -0.1131 0.5076
vn -0.8484 -0.0967 0.5205
vn -0.4400 -0.1514 0.8852
vn -0.4152 -0.1298 0.9004
vn -0.4178 -0.1321 0.8989
vn -0.3387 -0.0644 0.9387
vn -0.8531 -0.2608 -0.4518
vn -0.8898 -0.1468 -0.4321
vn -0.8893 -0.1537 -0.4306
vn -0.9283 -0.0783 -0.3635
vn -0.9357 -0.0850 -0.3425
vn -0.2343 0.6807 -0.6941
vn -0.2233 0.9582 0.1788
vn 0.0822 0.8527 0.5159
vn 0.0983 0.8996 0.4256
vn 0.0856 0.8624 0.4990
vn 0.1016 0.9086 0.4052
vn 0.2930 0.0005 0.9561
vn 0.3009 -0.0048 0.9537
vn 0.2907 0.0025 0.9568
vn 0.7689 0.0264 0.6389
vn 0.7654 -0.0375 0.6425
vn 0.7677 -0.0019 0.6408
vn 0.7585 -0.1045 0.6432
vn 0.9284 0.1658 0.3326
vn 0.9230 0.1606 0.3497
vn 0.9218 0.1599 0.3533
vn 0.9188 0.1566 0.3624
vn 0.4478 0.6879 0.5711
vn 0.8802 0.4234 0.2143
vn 0.8984 0.4222 0.1211
vn 0.2890 -0.9320 -0.2188
vn 0.2942 -0.9303 -0.2193
vn 0.9256 -0.1396 -0.3519
vn 0.3821 -0.0790 0.9207
vn 0.8871 0.2529 -0.3861
vn 0.9851 -0.1716 -0.0096
vn 0.9246 0.3675 0.1006
vn 0.9521 0.3054 0.0153
vn 0.9560 0.2934 -0.0012
vn 0.9649 0.2585 -0.0458
vn 0.8676 0.4568 -0.1962
vn 0.8695 0.4535 -0.1958
vn 0.8779 0.4330 -0.2043
vn 0.8772 0.4364 -0.2004
vn 0.3064 0.8931 -0.3293
vn 0.6463 -0.5886 -0.4857
vn 0.8845 -0.1492 -0.4421
vn 0.6914 -0.2853 -0.6637
vn 0.9748 -0.2066 -0.0848
vn 0.9805 -0.1636 -0.1087
vn 0.9852 -0.1430 -0.0949
vn -0.8155 -0.5584 -0.1521
vn -0.2394 -0.9708 0.0149
vn -0.7821 -0.3432 0.5200
vn -0.5175 -0.6406 0.5672
vn -0.5326 -0.3613 0.7654
vn -0.7226 -0.0773 0.6869
vn 0.9552 0.0704 0.2875
vn 0.8868 0.4515 0.0990
vn 0.8987 0.4257 0.1059
vn 0.1532 -0.4550 0.8772
vn 0.5712 0.1922 0.7980
vn 0.3476 0.3306 0.8774
vn 0.9308 -0.2581 -0.2588
vn 0.8633 -0.2868 -0.4152
vn 0.8855 -0.2792 -0.3715
vn 0.9113 -0.4108 0.0285
vn 0.9258 -0.3753 0.0451
vn 0.9192 -0.3921 0.0373
vn 0.9348 -0.3507 0.0564
vn -0.1518 0.4172 0.8960
vn 0.3435 0.7234 0.5989
vn -0.2743 -0.6435 0.7146
vn 0.0385 0.5200 0.8533
vn 0.3281 0.6359 0.6985
vn 0.6561 0.5602 0.5056
vn 0.8449 0.4965 -0.1990
vn 0.9979 0.0021 0.0644
vn 0.9969 -0.0005 0.0783
vn 0.9949 -0.0047 0.1010
vn 0.9936 -0.0065 0.1126
vn -0.0986 0.1939 0.9761
vn -0.4970 0.0333 0.8671
vn -0.0132 0.7085 0.7056
vn -0.0000 0.7391 0.6736
vn -0.0070 0.7252 0.6885
vn 0.0016 0.7639 0.6453
vn -0.0007 0.8270 0.5622
vn -0.0244 0.8672 0.4974
vn 0.0061 0.8263 0.5631
vn 0.8698 0.1454 0.4714
vn -0.3616 0.1368 0.9222
vn -0.9414 -0.2466 0.2299
vn -0.9965 -0.0825 0.0159
vn -0.3294 -0.0184 0.9440
vn -0.3275 0.0679 0.9424
vn -0.5506 0.2478 0.7971
vn -0.9118 -0.1367 -0.3872
vn -0.8506 0.4327 -0.2987
vn -0.3284 0.9287 -0.1724
vn -0.8240 0.5623 0.0703
vn -0.8364 0.2243 0.5001
vn -0.8357 0.2236 0.5016
vn -0.9424 0.0203 0.3338
vn -0.9359 -0.0309 0.3509
vn -0.9499 0.0381 0.3101
vn -0.9229 0.3158 -0.2201
vn 0.6264 -0.1232 0.7697
vn 0.6626 -0.1087 0.7410
vn 0.6149 -0.1785 0.7682
vn 0.6850 -0.1206 0.7185
vn 0.5491 -0.2636 0.7931
vn 0.4591 -0.6451 0.6108
vn -0.9599 0.0412 0.2773
vn -0.9450 0.0814 0.3168
vn -0.7447 -0.6284 0.2249
vn -0.7001 -0.7019 0.1307
vn -0.7186 -0.6701 0.1861
vn -0.5392 -0.8399 0.0620
vn -0.5183 -0.8533 0.0567
vn -0.9677 -0.0896 -0.2357
vn -0.9592 -0.1016 -0.2639
vn -0.9543 -0.1206 -0.2736
vn -0.9066 -0.2031 -0.3698
vn -0.8831 -0.2386 -0.4041
vn 0.0270 -0.9350 -0.3535
vn -0.7939 -0.1577 -0.5873
vn -0.7706 -0.1710 -0.6140
vn -0.7609 -0.1770 -0.6243
vn -0.7458 -0.1849 -0.6400
vn -0.3944 0.7437 -0.5398
vn -0.9090 0.3380 -0.2440
vn -0.8681 0.4273 -0.2526
vn -0.8948 0.4270 -0.1308
vn -0.8795 0.4506 -0.1529
vn -0.8997 0.4351 0.0353
vn -0.8630 0.4915 0.1169
vn -0.4564 0.2717 -0.8473
vn -0.6166 -0.7863 -0.0393
vn -0.7266 0.3157 -0.6103
vn -0.4996 0.1881 0.8456
vn -0.9844 0.1254 0.1232
vn 0.1140 -0.8246 -0.5541
vn -0.5380 -0.8261 -0.1676
vn -0.5125 -0.8409 -0.1735
vn -0.9008 0.4274 0.0770
vn -0.8971 0.4289 0.1064
vn -0.5554 0.5609 0.6139
vn -0.6271 -0.1518 0.7640
vn 0.0309 0.8039 0.5940
vn 0.0288 0.7741 0.6324
vn 0.0254 0.7183 0.6953
vn 0.0223 0.6716 0.7406
vn -0.7142 -0.6985 -0.0449
vn -0.7177 -0.6949 -0.0449
vn -0.7554 -0.6536 -0.0470
vn 0.4410 0.5336 0.7217
vn 0.3152 0.3031 0.8993
vn 0.3386 0.1827 0.9230
vn 0.7042 0.3800 0.5997
vn 0.5232 -0.5114 0.6817
vn 0.8659 -0.1809 0.4664
vn 0.5281 -0.5459 0.6504
vn 0.5277 -0.5370 0.6582
vn 0.5294 -0.5576 0.6394
vn 0.3445 -0.8193 0.4583
vn 0.3159 -0.8209 0.4758
vn 0.3364 -0.8197 0.4635
vn 0.3050 -0.8211 0.4824
vn -0.5873 -0.7007 0.4050
vn -0.5585 -0.7085 0.4314
vn -0.4848 -0.6855 0.5432
vn -0.4720 -0.7030 0.5320
vn -0.8630 -0.1263 0.4891
vn 0.0861 0.4030 0.9112
vn -0.8149 -0.3765 0.4407
vn -0.3165 -0.1636 0.9344
vn -0.3125 -0.0433 0.9489
vn -0.3115 -0.0591 0.9484
vn -0.3008 0.0180 0.9535
vn -0.3021 0.0169 0.9531
vn 0.2796 0.0098 0.9601
vn 0.1086 0.3632 0.9254
vn 0.3044 0.7347 0.6063
vn 0.4817 0.1805 0.8575
vn 0.4894 0.1654 0.8562
vn 0.4950 0.1535 0.8552
vn 0.5045 0.1325 0.8532
vn 0.4230 -0.1062 0.8999
vn 0.5685 -0.7602 -0.3146
vn 0.6899 -0.4130 -0.5945
vn 0.7534 -0.6235 -0.2088
vn 0.2086 -0.8638 -0.4586
vn 0.6764 -0.7137 0.1818
vn 0.6774 -0.7134 0.1794
vn 0.6786 -0.7130 0.1761
vn 0.9093 0.4104 -0.0693
vn 0.8280 0.1909 -0.5272
vn 0.0976 -0.0721 0.9926
vn -0.2119 0.7726 0.5985
vn 0.9422 -0.1311 0.3084
vn 0.9565 -0.1608 0.2435
vn 0.9379 -0.1660 0.3046
vn 0.9861 0.1461 -0.0792
vn 0.8813 0.4233 -0.2102
vn 0.9974 -0.0717 0.0118
vn 0.7096 -0.2032 0.6747
vn 0.7076 -0.2066 0.6758
vn 0.7292 -0.1729 0.6621
vn 0.9295 -0.1718 0.3265
vn 0.8309 0.1338 0.5401
vn 0.8416 0.0489 0.5379
vn 0.8452 0.0101 0.5344
vn 0.9986 0.0141 0.0511
vn 0.5368 -0.8302 0.1505
vn 0.5437 -0.8252 0.1530
vn 0.6215 -0.7628 0.1787
vn 0.6309 -0.7542 0.1822
vn 0.9831 -0.0908 0.1587
vn 0.9783 -0.0468 0.2019
vn 0.9657 -0.0319 0.2575
vn 0.9423 -0.0319 0.3334
vn 0.9268 -0.0596 0.3708
vn 0.9581 -0.2862 0.0125
vn 0.7564 -0.2056 0.6210
vn 0.7775 -0.1889 0.5999
vn 0.7558 -0.2065 0.6213
vn 0.2176 0.9372 -0.2726
vn 0.7992 0.5919 0.1047
vn 0.7946 0.3357 -0.5059
vn 0.9374 -0.2540 -0.2383
vn 0.4599 0.3170 0.8295
vn 0.4275 0.3216 0.8449
vn 0.3988 0.3261 0.8571
vn 0.3701 0.3295 0.8686
vn 0.0198 0.2018 0.9792
vn -0.0389 -0.1884 -0.9813
vn 0.4820 -0.8613 0.1610
vn 0.0045 -0.9211 0.3893
vn 0.0031 -0.9196 0.3928
vn -0.0045 -0.9214 0.3887
vn -0.0231 -0.9356 0.3523
vn -0.0302 -0.9411 0.3369
vn -0.2829 0.3967 0.8733
vn -0.1270 -0.3822 0.9153
vn -0.3230 -0.0543 0.9448
vn -0.2112 -0.0614 0.9755
vn -0.7906 -0.2279 0.5683
vn -0.7883 -0.2101 0.5784
vn -0.7884 -0.2111 0.5778
vn -0.7857 -0.1921 0.5881
vn -0.8896 -0.3359 -0.3096
vn -0.9426 0.0653 0.3274
vn 0.2070 -0.9530 0.2214
vn 0.2464 -0.9298 0.2734
vn 0.2426 -0.9424 0.2303
vn 0.2367 -0.9226 0.3046
vn -0.6445 0.1006 0.7580
vn -0.6927 0.1287 0.7097
vn -0.5856 0.2178 0.7808
vn -0.9032 0.1660 0.3958
vn -0.9271 0.0699 0.3682
vn -0.9094 -0.0284 0.4150
vn -0.9101 -0.0935 0.4036
vn -0.9992 -0.0282 0.0272
vn -0.9807 -0.1906 -0.0435
vn -0.9939 -0.1104 -0.0083
vn -0.9661 -0.2485 -0.0695
vn -0.8895 0.4156 -0.1899
vn -0.9971 -0.0627 0.0442
vn -0.9963 -0.0685 0.0515
vn -0.9970 -0.0726 -0.0273
vn -0.9915 -0.0641 -0.1131
vn -0.9956 -0.0873 0.0345
vn 0.2470 0.9165 -0.3148
vn -0.4377 0.8840 0.1640
vn 0.0165 0.4153 0.9095
vn -0.5390 -0.1734 0.8243
vn -0.3884 -0.2802 0.8779
vn -0.5134 -0.1936 0.8360
vn -0.3419 -0.3089 0.8875
vn -0.9860 0.1253 0.1102
vn -0.6043 -0.7958 -0.0380
vn -0.3020 -0.7349 -0.6072
vn -0.7241 -0.5737 -0.3828
vn -0.6656 -0.7451 -0.0419
vn -0.5832 -0.1561 0.7972
vn -0.1167 -0.2295 0.9663
vn -0.0908 -0.2587 0.9617
vn -0.1128 -0.2566 0.9599
vn -0.1395 -0.2953 0.9452
vn -0.1900 -0.2918 0.9374
vn -0.1433 -0.3065 0.9410
vn -0.0465 -0.6066 0.7937
vn 0.5262 -0.5287 0.6660
vn -0.7346 -0.6731 -0.0853
vn -0.7338 -0.6750 -0.0770
vn -0.7326 -0.6780 -0.0595
vn -0.7319 -0.6792 -0.0550
vn 0.6361 -0.7439 -0.2051
vn -0.4966 -0.6381 0.5884
vn -0.4686 -0.6580 0.5894
vn -0.1047 -0.6611 0.7429
vn -0.1494 -0.7455 0.6496
vn -0.1190 -0.6884 0.7155
vn -0.8447 0.1759 0.5055
vn -0.3088 0.0232 0.9508
vn -0.6047 0.5731 0.5532
vn 0.7192 -0.6947 -0.0141
vn 0.2792 -0.8887 -0.3638
vn -0.3140 -0.5717 0.7580
vn 0.0839 -0.1696 0.9819
vn -0.5548 0.5811 0.5954
vn -0.5169 0.6985 0.4949
vn -0.5711 0.5785 0.5824
vn -0.5166 0.7146 0.4716
vn 0.7590 0.6177 0.2057
vn 0.5850 0.4865 0.6489
vn 0.5256 0.1301 0.8407
vn 0.4510 0.2292 0.8626
vn 0.4933 0.1753 0.8520
vn 0.7961 0.0415 0.6037
vn 0.7976 0.3173 0.5130
vn 0.9444 -0.0156 0.3284
vn 0.9392 -0.0774 0.3345
vn 0.8204 0.1869 0.5404
vn 0.4088 0.1836 0.8940
vn 0.4052 0.2260 0.8858
vn 0.4508 0.0057 0.8926
vn 0.6907 -0.2307 0.6853
vn 0.5498 -0.2769 -0.7881
vn 0.5752 -0.7382 0.3524
vn 0.5738 -0.2677 0.7740
vn 0.4929 0.0060 -0.8701
vn 0.8359 -0.5473 0.0403
vn 0.0319 -0.8838 0.4667
vn -0.7547 -0.6265 -0.1948
vn -0.4040 -0.1109 0.9080
vn -0.6620 0.7125 0.2324
vn -0.2255 0.3898 0.8929
vn 0.5283 0.4044 0.7465
vn 0.6128 0.7853 0.0876
vn 0.7411 0.2021 0.6403
vn 0.6670 0.1057 0.7376
vn 0.7227 0.1628 0.6717
vn 0.4518 0.4106 0.7920
vn 0.4819 0.3324 0.8107
vn 0.4648 0.3773 0.8010
vn 0.6673 0.0930 0.7389
vn 0.6321 0.0911 0.7695
vn 0.8170 0.2749 0.5069
vn -0.1894 -0.9367 0.2944
vn -0.1997 -0.9388 0.2808
vn -0.1690 -0.9673 0.1891
vn -0.2242 -0.9537 0.2005
vn -0.1214 -0.9819 0.1452
vn 0.7346 -0.2225 0.6410
vn 0.1690 -0.0487 0.9844
vn 0.2420 -0.0449 0.9692
vn 0.2398 -0.0661 0.9686
vn 0.2199 -0.1085 0.9695
vn 0.1598 -0.0713 0.9846
vn 0.1423 -0.0430 0.9889
vn -0.0237 -0.3905 0.9203
vn 0.0201 -0.9656 -0.2591
vn -0.0912 -0.9620 0.2575
vn -0.0528 -0.9789 0.1976
vn 0.0255 -0.9930 0.1157
vn 0.0365 -0.9944 0.0993
vn 0.1159 -0.9776 0.1756
vn 0.1118 -0.9752 0.1911
vn -0.6500 0.0485 0.7584
vn -0.5722 0.0157 0.8200
vn -0.0914 0.8286 -0.5523
vn -0.0768 0.7421 0.6659
vn -0.1175 0.6967 0.7076
vn -0.1272 0.6850 0.7173
vn -0.1842 0.6116 0.7694
vn -0.1179 -0.0115 0.9930
vn 0.6992 0.4979 0.5130
vn 0.3418 -0.8956 0.2848
vn 0.2721 -0.8617 0.4282
vn 0.3287 -0.8908 0.3137
vn 0.2584 -0.8529 0.4536
vn -0.1883 -0.5758 0.7956
vn -0.0882 -0.6419 -0.7617
vn -0.3486 -0.9372 -0.0140
vn -0.9899 -0.1415 0.0036
vn -0.8786 0.1893 -0.4385
vn -0.6685 -0.0856 0.7388
vn -0.8612 -0.2082 0.4636
vn -0.3888 0.7249 0.5686
vn -0.6947 0.1922 0.6932
vn -0.8777 -0.4108 0.2468
vn -0.8556 0.2457 0.4556
vn -0.8659 0.1955 0.4604
vn -0.8827 0.0570 0.4664
vn -0.8847 0.0040 0.4661
vn -0.7302 0.3222 0.6024
vn -0.6994 0.2256 0.6782
vn -0.6424 0.1951 0.7411
vn -0.5381 0.1792 0.8236
vn -0.5188 0.1205 0.8464
vn -0.7716 0.6305 0.0850
vn 0.5805 0.6216 0.5260
vn 0.6468 0.6256 0.4362
vn 0.5991 0.6236 0.5022
vn 0.6580 0.6255 0.4193
vn -0.3823 -0.2348 0.8937
vn -0.3408 -0.2483 0.9068
vn -0.9733 -0.0364 -0.2265
vn -0.9863 -0.0835 -0.1422
vn -0.9754 -0.0418 -0.2164
vn -0.9877 -0.0925 -0.1259
vn -0.2179 -0.3245 0.9205
vn -0.2498 -0.3179 0.9146
vn -0.2278 -0.3196 0.9197
vn -0.2093 -0.3128 0.9265
vn -0.2282 -0.7063 0.6701
vn 0.2429 -0.6672 0.7042
vn 0.7221 -0.6737 0.1568
vn 0.7350 -0.6627 0.1438
vn 0.7722 -0.6269 0.1035
vn 0.8041 -0.5909 0.0653
vn -0.0655 -0.5796 0.8123
vn 0.2063 -0.4698 0.8583
vn 0.1612 -0.3629 0.9178
vn 0.1941 -0.4408 0.8764
vn 0.1456 -0.3264 0.9340
vn -0.6112 0.5059 0.6087
vn 0.3118 -0.2934 0.9037
vn 0.3415 -0.3287 0.8806
vn 0.2703 -0.2631 0.9261
vn 0.3520 -0.3270 0.8770
vn 0.4319 -0.3355 0.8372
vn 0.5651 0.0705 0.8220
vn 0.6346 -0.2297 0.7379
vn 0.1764 0.2421 0.9541
vn 0.3606 0.1093 0.9263
vn 0.4646 -0.0436 0.8845
vn 0.4673 -0.0506 0.8827
vn -0.2011 -0.9774 0.0649
vn -0.0181 -0.6359 0.7715
vn -0.9234 -0.1001 0.3705
vn -0.4969 0.4847 0.7198
vn -0.4476 0.7994 -0.4008
vn 0.2243 0.1033 0.9690
vn 0.2094 0.1149 0.9711
vn 0.1507 0.0591 0.9868
vn 0.2064 0.0967 0.9737
vn 0.4351 0.4498 0.7800
vn -0.0493 -0.9935 0.1024
vn -0.0266 -0.9950 0.0962
vn 0.0007 -0.9950 0.0996
vn 0.0016 -0.9952 0.0979
vn 0.4704 0.1105 0.8755
vn -0.5907 -0.7824 0.1972
vn 0.0145 0.5591 0.8290
vn 0.0494 0.5391 0.8408
vn 0.0290 0.5510 0.8340
vn 0.0683 0.5280 0.8465
vn -0.0900 -0.7926 0.6030
vn -0.9992 0.0117 0.0370
vn -0.0905 0.1416 0.9858
vn -0.3895 -0.0559 0.9193
vn 0.2361 0.6882 0.6861
vn -0.1190 -0.0129 0.9928
vn -0.1919 -0.0055 0.9814
vn -0.2255 -0.0249 0.9739
vn 0.8846 0.4614 0.0675
vn 0.6325 0.0223 0.7742
vn 0.4996 -0.5875 0.6365
vn -0.5099 0.0415 0.8592
vn -0.3778 -0.0946 0.9211
vn -0.4444 0.1268 0.8868
vn -0.4147 0.1611 0.8956
vn -0.5451 -0.2857 0.7882
vn -0.5733 0.0449 0.8181
vn -0.3266 -0.2305 0.9166
vn -0.3073 -0.1939 0.9317
vn -0.3176 0.2300 0.9199
vn -0.4095 0.7618 0.5019
vn -0.3895 0.7829 0.4851
vn -0.3975 0.7747 0.4918
vn -0.3764 0.7962 0.4736
vn -0.1638 -0.3103 0.9364
vn -0.0763 -0.2963 0.9520
vn 0.1938 -0.3718 0.9079
vn 0.2286 -0.3614 0.9040
vn 0.3302 -0.3279 0.8851
vn 0.3763 -0.3101 0.8731
vn 0.9938 -0.1111 0.0108
vn 0.9933 -0.1142 0.0164
vn 0.9918 -0.1237 0.0333
vn 0.9914 -0.1258 0.0372
vn 0.5381 0.8304 0.1446
vn 0.5160 0.8316 0.2056
vn 0.5685 0.8215 0.0445
vn 0.2317 -0.2156 0.9486
vn 0.1378 0.2528 0.9577
vn 0.3981 -0.3280 0.8567
vn 0.1885 -0.1046 0.9765
vn 0.1694 -0.0879 0.9816
vn 0.1898 -0.0803 0.9785
vn 0.1614 0.0107 0.9868
vn 0.0698 -0.1213 0.9902
vn 0.2546 0.0413 0.9662
vn 0.8508 -0.0198 0.5250
vn 0.9985 -0.0150 -0.0535
vn 0.1160 -0.8968 0.4269
vn -0.0598 -0.0085 0.9982
vn -0.2056 -0.0295 0.9782
vn -0.9930 0.1178 -0.0115
vn 0.0380 0.1137 0.9928
vn 0.0512 0.0915 0.9945
vn 0.1874 0.0745 0.9795
vn 0.2693 0.0908 0.9588
vn 0.5845 0.8112 -0.0200
vn 0.9785 0.0442 0.2016
vn 0.9998 0.0080 0.0181
vn 0.9824 0.0402 0.1822
vn 1.0000 0.0044 -0.0019
f 1/1/1 2/2/1 3/3/1
f 3/3/2 2/2/2 4/4/2
f 5/5/3 4/4/3 6/6/3
f 4/4/4 2/2/4 6/6/4
f 2/2/5 1/1/5 6/6/5
f 6/6/6 1/1/6 7/7/6
f 1/1/7 8/8/7 7/7/7
f 7/7/8 8/8/8 9/9/8
f 10/10/9 11/11/10 12/12/11
f 12/12/11 11/11/10 13/13/12
f 14/14/13 13/13/13 15/15/13
f 13/13/14 11/11/14 15/15/14
f 15/15/15 16/16/15 17/17/15
f 18/18/16 19/19/17 20/20/18
f 21/21/19 20/20/18 22/22/20
f 23/23/21 22/22/21 24/24/21
f 25/25/22 26/26/23 27/27/24
f 26/26/23 24/24/25 27/27/24
f 24/24/25 22/22/20 27/27/24
f 22/22/20 20/20/18 27/27/24
f 20/20/18 19/19/17 27/27/24
f 19/19/17 18/18/16 27/27/24
f 27/27/26 18/18/26 28/28/26
f 29/29/27 30/30/27 31/31/27
f 30/30/28 32/32/29 31/31/30
f 33/33/31 34/34/31 35/35/31
f 35/35/32 34/34/33 36/36/34
f 37/37/35 38/38/35 39/39/35
f 39/39/36 38/38/36 40/40/36
f 40/40/37 38/38/37 41/41/37
f 38/38/38 37/37/38 41/41/38
f 42/42/39 43/43/39 44/44/39
f 45/45/40 46/46/40 47/47/40
f 47/47/41 46/46/41 48/48/41
f 46/49/42 45/50/43 48/51/44
f 48/51/44 45/50/43 49/52/45
f 49/52/46 45/50/46 50/53/46
f 51/54/47 52/55/48 53/56/49
f 52/55/48 54/57/50 53/56/49
f 53/56/51 54/57/52 55/58/53
f 54/57/54 52/55/54 55/58/54
f 55/58/55 52/55/55 50/59/55
f 50/59/56 52/55/56 56/60/56
f 52/55/57 51/54/57 56/60/57
f 51/54/58 53/56/58 56/60/58
f 53/61/51 55/62/53 56/63/59
f 57/64/60 58/65/60 56/60/60
f 56/60/61 58/65/61 59/66/61
f 59/66/62 58/65/62 60/67/62
f 58/65/63 57/64/64 60/67/65
f 60/68/65 57/69/64 61/70/66
f 61/70/67 57/69/67 62/71/67
f 57/72/68 56/63/68 62/73/68
f 56/63/59 55/62/53 62/73/69
f 55/62/70 50/74/70 62/73/70
f 50/75/71 45/45/71 62/76/71
f 45/45/72 47/47/72 62/76/72
f 47/47/73 48/48/74 62/76/75
f 62/76/75 48/48/74 63/77/76
f 48/51/44 49/52/45 63/78/77
f 63/78/78 49/52/78 64/79/78
f 49/52/79 50/53/79 64/79/79
f 65/80/80 66/81/81 67/82/82
f 66/81/83 64/79/83 67/82/83
f 64/79/84 50/53/84 67/82/84
f 50/59/85 56/60/86 67/83/87
f 67/83/87 56/60/86 68/84/88
f 56/60/86 59/66/89 68/84/88
f 59/66/90 60/67/90 68/84/90
f 60/67/91 61/85/92 68/84/93
f 69/86/94 68/84/94 70/87/94
f 68/84/93 61/85/92 70/87/95
f 70/88/96 61/70/96 41/41/96
f 61/70/97 62/71/97 41/41/97
f 41/41/98 62/71/98 71/89/98
f 71/89/99 62/71/100 72/90/101
f 62/91/102 63/92/102 72/93/102
f 63/92/103 44/94/103 72/93/103
f 72/90/104 44/44/105 73/95/106
f 44/44/107 43/43/107 73/95/107
f 43/43/108 42/42/109 73/95/110
f 73/96/110 42/97/109 74/98/111
f 42/97/112 44/94/113 74/98/114
f 44/94/113 63/92/115 74/98/114
f 63/78/115 64/79/116 74/99/114
f 74/99/117 64/79/118 75/100/119
f 64/79/118 66/81/120 75/100/119
f 75/100/121 66/81/122 76/101/123
f 76/101/124 66/81/81 77/102/125
f 66/81/81 65/80/80 77/102/125
f 77/102/126 65/80/127 78/103/128
f 65/80/127 67/82/129 78/103/128
f 67/83/129 68/84/130 78/104/128
f 68/84/131 69/86/131 78/104/131
f 69/86/132 70/87/133 78/104/134
f 78/104/134 70/87/133 79/105/135
f 70/88/136 41/41/136 79/106/136
f 79/106/137 41/41/138 80/107/139
f 41/41/138 37/37/140 80/107/139
f 80/107/141 37/37/142 81/108/143
f 37/37/144 39/39/144 81/108/144
f 39/39/145 40/40/145 81/108/145
f 81/108/146 40/40/146 82/109/146
f 40/40/147 41/41/147 82/109/147
f 41/41/148 71/89/148 82/109/148
f 82/109/149 71/89/149 83/110/149
f 71/89/99 72/90/101 83/110/150
f 83/110/151 72/90/104 84/111/152
f 72/90/104 73/95/106 84/111/152
f 73/96/110 74/98/111 84/112/153
f 74/99/111 75/100/154 84/113/153
f 84/113/153 75/100/154 85/114/155
f 75/100/121 76/101/123 85/114/156
f 85/114/157 76/101/157 86/115/157
f 76/101/158 77/102/158 86/115/158
f 87/116/159 88/117/160 89/118/161
f 88/117/160 86/115/162 89/118/161
f 86/115/163 77/102/163 89/118/163
f 89/118/164 77/102/164 90/119/164
f 77/102/165 78/103/166 90/119/167
f 78/103/166 79/120/168 90/119/167
f 79/106/169 80/107/169 90/121/169
f 80/107/141 81/108/143 90/121/170
f 90/121/171 81/108/171 91/122/171
f 81/108/172 82/109/173 91/122/174
f 82/109/173 83/110/151 91/122/174
f 83/110/151 84/111/152 91/122/174
f 91/122/175 84/111/176 92/123/177
f 93/124/178 92/123/178 94/125/178
f 92/123/179 84/111/179 94/125/179
f 84/113/180 85/114/180 94/126/180
f 85/114/181 86/115/182 94/126/183
f 94/126/183 86/115/182 95/127/184
f 96/128/185 95/127/186 97/129/187
f 95/127/186 86/115/188 97/129/187
f 86/115/189 88/117/190 97/129/191
f 98/130/192 97/129/191 99/131/193
f 97/129/191 88/117/190 99/131/193
f 99/131/193 88/117/190 100/132/194
f 88/117/195 87/116/196 100/132/197
f 100/132/197 87/116/196 101/133/198
f 101/133/199 87/116/200 102/134/201
f 87/116/202 89/118/202 102/134/202
f 102/135/203 89/136/204 103/137/205
f 89/136/206 90/121/206 103/137/206
f 103/137/207 90/121/208 104/138/209
f 90/121/208 91/122/210 104/138/209
f 91/122/175 92/123/177 104/138/211
f 104/139/212 92/140/212 105/141/212
f 92/140/213 93/142/213 105/141/213
f 105/141/214 93/142/215 106/143/216
f 106/143/217 93/142/218 107/144/219
f 93/124/218 94/125/220 107/145/219
f 94/126/221 95/127/222 107/146/223
f 95/127/222 96/128/224 107/146/223
f 107/146/223 96/128/224 108/147/225
f 96/128/185 97/129/187 108/147/226
f 97/129/227 98/130/227 108/147/227
f 108/147/228 98/130/228 109/148/228
f 110/149/229 109/150/229 111/151/229
f 109/148/230 98/130/230 111/152/230
f 111/152/231 98/130/192 112/153/232
f 98/130/192 99/131/193 112/153/232
f 99/131/193 100/132/194 112/153/232
f 112/153/233 100/132/233 113/154/233
f 113/154/234 100/132/234 114/155/234
f 100/132/235 101/133/235 114/155/235
f 101/133/199 102/134/201 114/155/236
f 114/156/237 102/157/238 115/158/239
f 102/157/203 103/159/205 115/158/240
f 115/158/241 103/159/242 116/160/243
f 103/159/242 104/139/244 116/160/243
f 104/139/245 105/141/246 116/160/247
f 116/160/247 105/141/246 117/161/248
f 105/141/214 106/143/216 117/161/249
f 117/161/250 106/143/251 118/162/252
f 106/143/217 107/144/219 118/162/253
f 107/163/254 108/164/255 118/165/256
f 118/165/256 108/164/255 119/166/257
f 108/164/258 109/150/258 119/166/258
f 119/166/259 109/150/259 120/167/259
f 109/150/260 121/168/261 120/167/262
f 120/167/262 121/168/261 122/169/263
f 121/168/264 123/170/264 122/169/264
f 122/169/265 123/170/265 124/171/265
f 123/170/266 121/168/266 124/171/266
f 121/168/267 109/150/267 124/171/267
f 109/150/268 110/149/269 124/171/270
f 124/171/270 110/149/269 125/172/271
f 110/149/272 111/151/272 125/172/272
f 125/172/273 111/151/273 126/173/273
f 126/173/274 111/151/275 127/174/276
f 127/175/277 111/152/277 128/176/277
f 111/152/278 112/153/278 128/176/278
f 112/153/279 113/154/279 128/176/279
f 128/177/280 113/178/281 129/179/282
f 113/178/281 114/156/283 129/179/282
f 114/156/237 115/158/239 129/179/284
f 129/179/285 115/158/241 130/180/286
f 115/158/241 116/160/243 130/180/286
f 116/160/247 117/161/248 130/180/287
f 130/180/287 117/161/248 131/181/288
f 131/181/289 117/161/250 132/182/290
f 117/161/250 118/162/252 132/182/290
f 118/165/256 119/166/257 132/183/291
f 119/166/257 120/167/292 132/183/291
f 132/183/291 120/167/292 133/184/293
f 120/167/294 122/169/295 133/184/296
f 133/184/296 122/169/295 134/185/297
f 135/186/298 136/187/299 137/188/300
f 138/189/301 139/190/302 140/191/303
f 140/191/304 139/190/305 141/192/306
f 142/193/307 141/192/308 143/194/309
f 141/192/308 139/190/310 143/194/309
f 143/194/311 139/190/302 144/195/312
f 139/190/302 138/189/301 144/195/312
f 145/196/313 144/195/314 146/197/315
f 144/195/314 138/189/316 146/197/315
f 146/197/315 138/189/316 147/198/317
f 138/189/318 140/191/319 147/198/320
f 147/198/320 140/191/319 148/199/321
f 140/191/304 141/192/306 148/199/322
f 149/200/323 148/199/323 150/201/323
f 148/199/324 141/192/325 150/201/326
f 141/192/325 142/193/327 150/201/326
f 151/202/328 150/201/329 152/203/330
f 150/201/331 142/193/331 152/203/331
f 142/193/332 143/194/332 152/203/332
f 143/194/333 144/195/333 152/203/333
f 144/195/334 145/196/334 152/203/334
f 152/203/335 145/196/336 153/204/337
f 154/205/338 153/204/339 155/206/340
f 156/207/341 155/206/342 157/208/343
f 155/206/340 153/204/339 157/208/344
f 153/204/337 145/196/336 157/208/345
f 145/196/346 146/197/347 157/208/348
f 157/208/348 146/197/347 158/209/349
f 146/197/347 147/198/350 158/209/349
f 158/209/351 147/198/351 159/210/351
f 147/198/352 160/211/352 159/210/352
f 159/210/353 160/211/354 161/212/355
f 161/212/356 160/211/356 162/213/356
f 162/213/357 163/214/358 164/215/359
f 163/214/360 165/216/360 164/215/360
f 166/217/361 167/218/361 168/219/361
f 168/219/362 167/218/362 169/220/362
f 170/221/363 171/222/364 172/223/365
f 172/223/366 171/222/366 173/224/366
f 174/225/367 175/226/368 176/227/369
f 175/228/368 177/229/370 176/230/369
f 176/230/371 177/229/371 178/231/371
f 178/231/372 179/232/372 180/233/372
f 180/233/373 179/232/373 181/234/373
f 181/234/374 179/232/374 182/235/374
f 183/236/375 182/235/375 184/237/375
f 184/237/376 182/235/376 185/238/376
f 182/235/377 179/232/377 185/238/377
f 179/232/378 178/231/378 185/238/378
f 178/231/379 177/229/379 185/238/379
f 186/239/380 187/240/380 188/241/380
f 188/241/381 187/240/381 189/242/381
f 187/240/382 186/239/382 189/242/382
f 189/243/383 186/244/383 190/245/383
f 186/244/384 173/246/384 190/245/384
f 190/247/385 173/224/385 191/248/385
f 173/224/386 192/249/387 191/248/388
f 192/249/387 193/250/389 191/248/388
f 193/250/389 185/238/390 191/248/388
f 185/238/391 177/229/391 191/248/391
f 177/229/392 175/228/392 191/248/392
f 191/248/393 175/228/394 194/251/395
f 175/226/394 174/225/396 194/252/395
f 174/225/397 176/227/397 194/252/397
f 176/253/398 178/254/398 194/255/398
f 194/255/399 178/254/399 195/256/399
f 178/254/400 180/257/400 195/256/400
f 180/257/401 181/258/401 195/256/401
f 181/258/402 182/259/403 195/256/404
f 182/259/403 183/260/405 195/256/404
f 169/220/406 195/256/406 196/261/406
f 195/256/407 183/260/407 196/261/407
f 196/262/408 183/236/409 197/263/410
f 183/236/411 184/237/411 197/263/411
f 184/237/412 185/238/412 197/263/412
f 185/238/413 193/250/414 197/263/415
f 197/263/415 193/250/414 198/264/416
f 198/264/417 193/250/418 199/265/419
f 193/250/418 192/249/420 199/265/419
f 199/265/421 192/249/422 200/266/423
f 192/249/424 173/224/424 200/266/424
f 173/224/425 171/222/425 200/266/425
f 200/266/426 171/222/364 201/267/427
f 171/222/364 170/221/363 201/267/427
f 201/268/428 170/269/429 202/270/430
f 170/269/429 172/271/431 202/270/430
f 172/271/432 173/246/432 202/270/432
f 202/270/433 173/246/433 203/272/433
f 173/246/434 186/244/434 203/272/434
f 186/239/435 188/241/435 203/273/435
f 188/241/436 189/242/436 203/273/436
f 189/242/437 190/274/437 203/273/437
f 190/247/438 191/248/438 203/275/438
f 191/248/439 194/251/439 203/275/439
f 194/255/440 195/256/440 203/276/440
f 195/256/441 169/220/441 203/276/441
f 203/276/442 169/220/442 204/277/442
f 169/220/443 167/218/443 204/277/443
f 204/277/444 167/218/444 205/278/444
f 205/278/445 167/218/445 206/279/445
f 167/218/446 166/217/446 206/279/446
f 166/217/447 168/219/448 206/279/449
f 206/279/449 168/219/448 207/280/450
f 168/219/451 169/220/451 207/280/451
f 169/220/452 196/261/452 207/280/452
f 207/281/453 196/282/453 208/283/453
f 208/284/454 196/262/454 209/285/454
f 196/262/408 197/263/410 209/285/455
f 197/263/456 198/264/456 209/285/456
f 198/264/457 199/265/457 209/285/457
f 210/286/458 211/287/459 212/288/460
f 211/287/461 213/289/461 212/288/461
f 213/289/462 209/285/462 212/288/462
f 209/285/463 199/265/463 212/288/463
f 199/265/421 200/266/423 212/288/464
f 200/266/465 201/267/465 212/288/465
f 212/288/466 201/267/466 214/290/466
f 201/268/467 202/270/467 214/291/467
f 202/270/468 203/272/468 214/291/468
f 203/276/469 204/277/469 214/292/469
f 204/277/470 205/278/470 214/292/470
f 214/293/471 205/294/471 215/295/471
f 205/294/472 206/296/472 215/295/472
f 206/296/473 207/281/473 215/295/473
f 207/281/474 208/283/474 215/295/474
f 215/295/475 208/283/475 216/297/475
f 208/284/476 209/285/476 216/298/476
f 217/299/477 218/300/477 219/301/477
f 218/300/478 216/297/478 219/301/478
f 216/298/479 209/285/479 219/302/479
f 209/285/480 213/289/481 219/302/482
f 220/303/483 219/302/483 221/304/483
f 221/304/484 219/302/484 222/305/484
f 219/302/482 213/289/481 222/305/485
f 213/289/486 211/287/486 222/305/486
f 222/305/487 211/287/487 223/306/487
f 223/306/488 211/287/459 224/307/489
f 224/307/489 211/287/459 225/308/490
f 211/287/459 210/286/458 225/308/490
f 225/308/491 210/286/491 226/309/491
f 210/286/458 212/288/460 226/309/492
f 212/288/493 214/290/493 226/309/493
f 226/310/494 214/293/494 227/311/494
f 214/293/495 215/295/496 227/311/497
f 215/295/496 216/297/498 227/311/497
f 216/297/499 218/300/499 227/311/499
f 218/300/500 217/299/500 227/311/500
f 227/311/501 217/299/502 228/312/503
f 229/313/504 228/314/504 230/315/504
f 228/312/505 217/299/505 230/316/505
f 217/299/506 219/301/506 230/316/506
f 219/302/507 220/303/507 230/317/507
f 230/317/508 220/303/509 231/318/510
f 231/318/511 220/303/512 232/319/513
f 220/303/512 221/304/514 232/319/513
f 232/319/515 221/304/516 233/320/517
f 221/304/516 222/305/518 233/320/517
f 233/320/519 222/305/520 234/321/521
f 222/305/522 223/306/523 234/321/524
f 234/321/524 223/306/523 235/322/525
f 223/306/488 224/307/489 235/322/526
f 224/307/489 225/308/490 235/322/526
f 235/322/526 225/308/490 236/323/527
f 237/324/528 236/325/529 238/326/530
f 236/325/529 225/327/531 238/326/530
f 238/328/532 225/329/532 239/330/532
f 239/330/533 225/329/533 240/331/533
f 225/329/534 226/332/534 240/331/534
f 226/332/535 227/333/535 240/331/535
f 240/331/536 227/333/536 241/334/536
f 227/333/501 228/314/503 241/334/537
f 228/314/503 229/313/538 241/334/537
f 241/334/539 229/313/539 242/335/539
f 229/313/540 230/315/540 242/335/540
f 230/317/508 231/318/510 242/336/541
f 231/318/542 232/319/543 242/336/544
f 232/319/543 233/320/545 242/336/544
f 242/336/546 233/320/546 243/337/546
f 233/320/519 234/321/521 243/337/547
f 243/337/548 234/321/549 244/338/550
f 234/321/524 235/322/525 244/338/551
f 235/322/525 236/323/552 244/338/551
f 244/338/551 236/323/552 245/339/553
f 236/325/529 237/324/528 245/340/554
f 246/341/555 247/342/555 164/215/555
f 247/342/556 245/340/556 164/215/556
f 245/340/554 237/324/528 164/215/557
f 164/215/558 237/324/559 248/343/560
f 248/343/561 237/324/561 249/344/561
f 237/324/562 238/326/562 249/344/562
f 238/328/563 239/330/563 249/345/563
f 250/346/564 249/345/564 251/347/564
f 249/345/565 239/330/565 251/347/565
f 239/330/566 240/331/566 251/347/566
f 240/331/567 241/334/567 251/347/567
f 251/347/568 241/334/568 252/348/568
f 241/334/569 242/335/570 252/348/571
f 252/348/571 242/335/570 253/349/572
f 242/336/573 243/337/573 253/350/573
f 243/337/574 254/351/574 253/350/574
f 253/350/575 254/351/576 255/352/577
f 255/352/577 254/351/576 256/353/578
f 254/351/579 243/337/579 256/353/579
f 243/337/548 244/338/550 256/353/580
f 244/338/581 245/339/581 256/353/581
f 245/340/582 247/342/582 256/354/582
f 247/342/583 246/341/583 256/354/583
f 256/354/584 246/341/585 257/355/586
f 246/341/585 164/215/587 257/355/586
f 257/355/588 164/215/588 258/356/588
f 164/215/589 165/216/589 258/356/589
f 165/216/590 163/214/590 258/356/590
f 258/356/591 163/214/358 259/357/592
f 163/214/358 162/213/357 259/357/592
f 162/213/357 160/211/593 259/357/592
f 259/357/592 160/211/593 260/358/594
f 160/211/593 147/198/595 260/358/594
f 147/198/596 148/199/596 260/358/596
f 148/199/597 149/200/597 260/358/597
f 260/358/598 149/200/599 261/359/600
f 149/200/599 150/201/601 261/359/600
f 261/359/600 150/201/601 262/360/602
f 262/360/602 150/201/601 263/361/603
f 150/201/329 151/202/328 263/361/604
f 264/362/605 263/361/605 265/363/605
f 263/361/606 151/202/606 265/363/606
f 151/202/607 152/203/607 265/363/607
f 152/203/335 153/204/337 265/363/608
f 153/204/609 154/205/610 265/363/611
f 265/363/611 154/205/610 266/364/612
f 154/205/338 155/206/340 266/364/613
f 266/364/613 155/206/340 267/365/614
f 155/206/342 156/207/341 267/365/615
f 156/366/616 268/367/616 267/368/616
f 268/367/617 137/188/617 267/368/617
f 137/188/618 136/187/618 267/368/618
f 267/368/619 136/187/619 269/369/619
f 136/187/620 135/186/620 269/369/620
f 135/186/621 270/370/621 269/369/621
f 271/371/622 272/372/622 273/373/622
f 273/373/623 272/372/624 274/374/625
f 274/374/626 272/372/626 275/375/626
f 272/372/627 271/371/627 275/375/627
f 276/376/628 277/377/629 278/378/630
f 277/377/631 279/379/631 278/378/631
f 279/379/632 280/380/633 278/378/634
f 280/380/635 281/381/635 278/378/635
f 278/378/636 281/381/636 282/382/636
f 282/382/637 281/381/638 283/383/639
f 281/381/638 275/375/640 283/383/639
f 283/383/641 275/375/641 284/384/641
f 275/375/642 271/371/642 284/384/642
f 284/384/643 271/371/644 285/385/645
f 285/385/646 271/371/647 286/386/648
f 271/371/649 273/373/649 286/386/649
f 286/386/650 273/373/651 287/387/652
f 288/388/653 287/387/653 289/389/653
f 287/387/652 273/373/651 289/389/654
f 273/373/623 274/374/625 289/389/655
f 289/389/656 274/374/656 290/390/656
f 291/391/657 292/392/658 293/393/659
f 293/393/659 292/392/660 294/394/661
f 294/394/662 292/392/663 295/395/664
f 296/396/665 295/395/665 297/397/665
f 295/395/666 292/392/666 297/397/666
f 292/392/658 291/391/657 297/397/667
f 291/391/668 290/390/668 297/397/668
f 290/390/669 274/374/669 297/397/669
f 274/374/670 275/375/670 297/397/670
f 297/397/671 275/375/671 298/398/671
f 275/375/672 281/381/672 298/398/672
f 298/398/673 281/381/673 299/399/673
f 281/381/674 280/380/674 299/399/674
f 299/399/675 280/380/675 300/400/675
f 300/400/676 280/380/676 301/401/676
f 280/380/633 279/379/632 301/401/677
f 301/401/678 279/379/678 302/402/678
f 279/379/679 277/377/679 302/402/679
f 303/403/680 302/402/680 304/404/680
f 302/402/681 277/377/681 304/404/681
f 277/377/629 276/376/628 304/404/682
f 304/404/683 276/376/683 305/405/683
f 276/376/684 306/406/684 305/405/684
f 305/405/685 306/406/686 307/407/687
f 306/406/688 276/376/688 307/407/688
f 276/376/689 278/378/690 307/407/691
f 278/378/690 282/382/692 307/407/691
f 307/407/693 282/382/694 308/408/695
f 282/382/694 283/383/696 308/408/695
f 283/383/696 284/384/697 308/408/695
f 284/384/643 285/385/645 308/408/698
f 308/408/698 285/385/645 309/409/699
f 309/409/700 285/385/700 310/410/700
f 285/385/646 286/386/648 310/410/701
f 310/410/702 286/386/702 311/411/702
f 286/386/703 287/387/703 311/411/703
f 311/411/704 287/387/705 312/412/706
f 287/387/707 288/388/707 312/412/707
f 312/412/708 288/388/708 313/413/708
f 313/413/709 288/388/710 314/414/711
f 288/388/712 289/389/713 314/414/714
f 289/389/713 290/390/715 314/414/714
f 290/390/716 291/391/716 314/414/716
f 291/391/657 293/393/659 314/414/717
f 314/414/717 293/393/659 315/415/718
f 315/415/718 293/393/659 316/416/719
f 293/393/659 294/394/661 316/416/719
f 316/416/719 294/394/661 317/417/720
f 317/417/721 294/394/722 318/418/723
f 318/418/724 294/394/724 319/419/724
f 294/394/662 295/395/664 319/419/725
f 319/419/726 295/395/727 320/420/728
f 295/395/727 296/396/729 320/420/728
f 320/420/728 296/396/729 321/421/730
f 321/421/731 296/396/732 322/422/733
f 296/396/732 297/397/734 322/422/733
f 297/397/735 298/398/735 322/422/735
f 298/398/736 299/399/736 322/422/736
f 299/399/737 300/400/737 322/422/737
f 322/422/738 300/400/738 323/423/738
f 300/400/739 301/401/739 323/423/739
f 323/423/740 301/401/740 324/424/740
f 301/401/741 302/402/741 324/424/741
f 324/425/742 302/426/743 325/427/744
f 302/426/745 303/428/745 325/427/745
f 325/427/746 303/428/747 326/429/748
f 326/429/749 303/428/750 327/430/751
f 303/403/752 304/404/752 327/431/752
f 304/404/753 305/405/753 327/431/753
f 327/431/751 305/405/685 328/432/754
f 305/405/685 307/407/687 328/432/754
f 307/407/755 308/408/755 328/432/755
f 308/408/756 309/409/756 328/432/756
f 329/433/757 328/432/757 330/434/757
f 328/432/758 309/409/759 330/434/760
f 330/434/760 309/409/759 331/435/761
f 309/409/759 310/410/762 331/435/761
f 310/410/763 311/411/763 331/435/763
f 311/411/704 312/412/706 331/435/764
f 331/435/765 312/412/766 332/436/767
f 312/412/766 313/413/768 332/436/767
f 332/436/769 313/413/769 333/437/769
f 313/413/709 314/414/711 333/437/770
f 314/414/771 315/415/771 333/437/771
f 333/437/772 315/415/773 334/438/774
f 315/415/773 316/416/775 334/438/774
f 334/438/774 316/416/775 335/439/776
f 316/416/775 317/417/721 335/439/776
f 335/439/776 317/417/721 336/440/777
f 317/417/721 318/418/723 336/440/777
f 336/440/778 318/418/779 337/441/780
f 337/441/781 318/418/782 338/442/783
f 318/418/782 319/419/784 338/442/783
f 319/419/726 320/420/728 338/442/785
f 338/442/786 320/420/787 339/443/788
f 339/443/789 320/420/789 340/444/789
f 340/444/790 320/420/790 341/445/790
f 320/420/791 342/446/791 341/445/791
f 341/445/792 342/446/792 343/447/792
f 342/446/793 320/420/793 343/447/793
f 320/420/794 321/421/795 343/447/796
f 343/447/796 321/421/795 344/448/797
f 321/421/798 322/422/798 344/448/798
f 322/422/799 323/423/800 344/448/801
f 344/449/801 323/450/800 345/451/802
f 323/450/803 324/425/803 345/451/803
f 324/425/742 325/427/744 345/451/804
f 325/427/805 346/452/805 345/451/805
f 345/451/806 346/452/806 347/453/806
f 346/452/807 325/427/746 347/453/808
f 325/427/746 326/429/748 347/453/808
f 347/453/809 326/429/809 348/454/809
f 326/429/749 327/430/751 348/454/810
f 348/454/810 327/430/751 349/455/811
f 327/430/751 328/456/754 349/455/811
f 349/455/812 328/456/813 350/457/814
f 328/456/813 329/458/815 350/457/814
f 350/457/816 329/458/817 351/459/818
f 351/459/818 329/458/817 352/460/819
f 329/433/820 330/434/820 352/461/820
f 352/461/821 330/434/821 353/462/821
f 330/434/760 331/435/761 353/462/822
f 331/435/761 332/436/823 353/462/822
f 353/462/822 332/436/823 354/463/824
f 332/436/825 333/437/826 354/463/827
f 354/463/827 333/437/826 355/464/828
f 333/437/829 334/438/830 355/464/831
f 334/438/830 335/439/832 355/464/831
f 355/464/831 335/439/832 356/465/833
f 335/439/834 336/440/778 356/465/835
f 336/440/778 337/441/780 356/465/835
f 356/466/836 337/467/837 357/468/838
f 337/467/839 338/469/839 357/468/839
f 338/469/786 339/470/788 357/468/840
f 357/468/841 339/470/841 358/471/841
f 358/471/842 339/470/843 359/472/844
f 339/470/845 340/473/845 359/472/845
f 340/473/846 341/474/846 359/472/846
f 341/474/847 343/475/847 359/472/847
f 359/472/848 343/475/848 360/476/848
f 343/475/796 344/449/797 360/476/849
f 344/449/850 345/451/851 360/476/852
f 360/476/852 345/451/851 361/477/853
f 361/477/854 345/451/855 362/478/856
f 345/451/855 347/453/857 362/478/856
f 362/478/858 347/453/858 363/479/858
f 347/453/859 348/454/860 363/479/861
f 348/454/860 349/455/862 363/479/861
f 363/479/861 349/455/862 364/480/863
f 349/455/864 350/457/865 364/480/866
f 364/480/866 350/457/865 365/481/867
f 350/457/868 351/459/868 365/481/868
f 351/459/869 352/460/869 365/481/869
f 352/460/870 353/482/870 365/481/870
f 353/482/871 354/483/872 365/481/873
f 365/481/873 354/483/872 366/484/874
f 354/485/875 355/486/876 366/487/877
f 366/487/877 355/486/876 367/488/878
f 355/486/879 356/466/879 367/488/879
f 356/466/836 357/468/838 367/488/880
f 367/488/881 357/468/881 368/489/881
f 357/468/882 358/471/883 368/489/884
f 368/489/884 358/471/883 369/490/885
f 369/490/886 358/471/842 370/491/887
f 358/471/842 359/472/844 370/491/887
f 359/472/888 360/476/889 370/491/890
f 370/491/890 360/476/889 371/492/891
f 360/476/892 361/477/892 371/492/892
f 361/477/893 362/478/893 371/492/893
f 362/478/894 363/479/895 371/492/896
f 371/492/896 363/479/895 372/493/897
f 363/479/898 364/480/898 372/493/898
f 372/493/899 364/480/900 373/494/901
f 373/494/902 364/480/903 374/495/904
f 364/480/905 365/481/905 374/495/905
f 365/481/906 366/484/906 374/495/906
f 374/495/907 366/484/907 375/496/907
f 366/487/908 367/488/908 375/497/908
f 367/488/909 368/489/909 375/497/909
f 376/498/910 377/499/910 378/500/910
f 379/501/911 378/500/912 380/502/913
f 378/500/914 377/499/914 380/502/914
f 380/502/915 377/499/915 381/503/915
f 377/499/916 376/498/916 381/503/916
f 376/498/917 375/504/918 381/503/919
f 375/504/918 368/505/920 381/503/919
f 381/503/921 368/505/921 382/506/921
f 368/505/922 369/507/922 382/506/922
f 382/506/923 369/507/923 383/508/923
f 369/507/924 370/509/924 383/508/924
f 383/508/925 370/509/926 384/510/927
f 384/510/927 370/509/926 385/511/928
f 370/509/926 371/512/929 385/511/928
f 385/511/930 371/512/930 386/513/930
f 371/492/931 372/493/899 386/514/932
f 372/493/899 373/494/901 386/514/932
f 373/494/902 374/495/904 386/514/933
f 387/515/934 386/513/934 388/516/934
f 386/513/935 374/517/935 388/516/935
f 374/518/936 375/504/936 388/519/936
f 375/504/937 376/498/937 388/519/937
f 388/519/938 376/498/938 389/520/938
f 376/498/939 378/500/939 389/520/939
f 378/500/940 379/501/940 389/520/940
f 389/520/941 379/501/941 390/521/941
f 390/521/942 379/501/942 391/522/942
f 392/523/943 391/522/943 393/524/943
f 391/522/944 379/501/944 393/524/944
f 393/524/945 379/501/946 394/525/947
f 394/525/947 379/501/946 395/526/948
f 379/501/911 380/502/913 395/526/949
f 395/526/950 380/502/950 396/527/950
f 380/502/951 381/503/952 396/527/953
f 381/503/952 382/506/954 396/527/953
f 382/506/955 383/508/955 396/527/955
f 396/527/956 383/508/956 397/528/956
f 383/508/957 384/510/957 397/528/957
f 397/528/958 384/510/958 398/529/958
f 384/510/959 385/511/959 398/529/959
f 398/529/960 385/511/960 399/530/960
f 399/530/961 385/511/962 400/531/963
f 385/511/964 386/513/964 400/531/964
f 386/513/965 387/515/965 400/531/965
f 400/531/966 387/515/966 401/532/966
f 387/515/967 388/516/967 401/532/967
f 388/516/968 389/533/968 401/532/968
f 401/532/969 389/533/969 402/534/969
f 389/533/970 390/535/970 402/534/970
f 402/534/971 390/535/971 403/536/971
f 403/536/972 390/535/972 404/537/972
f 390/521/973 391/522/974 404/538/975
f 404/538/975 391/522/974 405/539/976
f 391/522/977 392/523/977 405/539/977
f 405/539/978 392/523/979 406/540/980
f 407/541/981 408/542/981 409/543/981
f 409/543/982 408/542/982 410/544/982
f 408/542/983 406/540/983 410/544/983
f 406/540/980 392/523/979 410/544/984
f 410/544/984 392/523/979 411/545/985
f 392/523/986 393/524/986 411/545/986
f 393/524/987 394/525/987 411/545/987
f 411/545/988 394/525/988 412/546/988
f 412/546/989 394/525/990 413/547/991
f 394/525/992 395/526/992 413/547/992
f 413/547/993 395/526/993 414/548/993
f 395/526/994 396/527/994 414/548/994
f 396/527/995 397/528/995 414/548/995
f 414/548/996 397/528/996 415/549/996
f 397/528/997 398/529/997 415/549/997
f 415/549/998 398/529/998 416/550/998
f 398/529/999 399/530/999 416/550/999
f 399/530/961 400/531/963 416/550/1000
f 400/531/1001 401/532/1002 416/550/1003
f 401/532/1002 402/534/1004 416/550/1003
f 416/550/1005 402/534/1005 417/551/1005
f 402/534/1006 403/536/1006 417/551/1006
f 418/552/1007 417/551/1008 419/553/1009
f 417/551/1008 403/536/1010 419/553/1009
f 403/536/1011 404/537/1011 419/553/1011
f 419/553/1012 404/537/1013 420/554/1014
f 404/538/1013 405/539/978 420/555/1014
f 405/539/978 406/540/980 420/555/1014
f 420/555/1015 406/540/1015 421/556/1015
f 406/540/1016 408/542/1016 421/556/1016
f 421/556/1017 408/542/1017 422/557/1017
f 408/542/1018 407/541/1019 422/557/1020
f 422/557/1020 407/541/1019 423/558/1021
f 407/541/1019 424/559/1022 423/558/1021
f 423/558/1021 424/559/1022 425/560/1023
f 425/560/1023 424/559/1022 426/561/1024
f 426/561/1025 424/559/1025 427/562/1025
f 428/563/1026 429/564/1027 430/565/1028
f 429/564/1029 431/566/1029 430/565/1029
f 431/566/1030 427/567/1030 430/565/1030
f 430/568/1031 427/562/1031 432/569/1031
f 427/562/1032 424/559/1032 432/569/1032
f 424/559/1033 433/570/1033 432/569/1033
f 432/569/1034 433/570/1034 434/571/1034
f 433/570/1035 424/559/1035 434/571/1035
f 424/559/1036 407/541/1037 434/571/1038
f 407/541/1037 409/543/1039 434/571/1038
f 434/571/1040 409/543/1041 435/572/1042
f 435/572/1042 409/543/1041 436/573/1043
f 409/543/1041 410/544/1044 436/573/1043
f 410/544/984 411/545/985 436/573/1045
f 411/545/985 412/546/1046 436/573/1045
f 436/573/1045 412/546/1046 437/574/1047
f 412/546/989 413/547/991 437/574/1048
f 437/574/1049 413/547/1049 438/575/1049
f 413/547/1050 414/548/1050 438/575/1050
f 438/575/1051 414/548/1052 439/576/1053
f 414/548/1052 415/549/1054 439/576/1053
f 439/576/1055 415/549/1055 440/577/1055
f 415/549/1056 416/550/1056 440/577/1056
f 416/550/1057 417/551/1057 440/577/1057
f 441/578/1058 440/577/1059 442/579/1060
f 440/577/1059 417/551/1061 442/579/1060
f 417/551/1062 418/552/1062 442/579/1062
f 442/579/1063 418/552/1063 443/580/1063
f 418/552/1064 419/553/1064 443/580/1064
f 443/580/1065 419/553/1012 444/581/1066
f 419/553/1012 420/554/1014 444/581/1066
f 444/581/1067 420/554/1067 445/582/1067
f 420/555/1068 421/556/1068 445/583/1068
f 445/583/1069 421/556/1070 446/584/1071
f 421/556/1072 422/557/1073 446/584/1074
f 446/584/1074 422/557/1073 447/585/1075
f 422/557/1076 423/558/1077 447/585/1078
f 423/558/1077 425/560/1079 447/585/1078
f 425/560/1080 426/561/1080 447/585/1080
f 448/586/1081 449/587/1081 450/588/1081
f 450/588/1082 449/587/1083 451/589/1084
f 451/589/1085 449/587/1086 452/590/1087
f 452/590/1088 449/587/1089 453/591/1090
f 449/587/1091 448/586/1091 453/591/1091
f 448/586/1092 447/592/1092 453/591/1092
f 447/592/1093 426/593/1094 453/591/1095
f 453/591/1095 426/593/1094 454/594/1096
f 426/593/1097 427/567/1097 454/594/1097
f 427/567/1098 431/566/1098 454/594/1098
f 454/594/1099 431/566/1099 455/595/1099
f 455/595/1100 431/566/1101 456/596/1102
f 269/597/1103 456/596/1104 457/598/1105
f 456/596/1102 431/566/1101 457/598/1106
f 431/566/1107 429/564/1108 457/598/1109
f 429/564/1108 428/563/1110 457/598/1109
f 457/598/1109 428/563/1110 458/599/1111
f 458/599/1112 428/563/1113 459/600/1114
f 428/563/1026 430/565/1028 459/600/1115
f 459/600/1116 430/565/1116 460/601/1116
f 430/568/1117 432/569/1118 460/602/1119
f 432/569/1118 434/571/1120 460/602/1119
f 434/571/1121 435/572/1122 460/602/1123
f 460/602/1123 435/572/1122 461/603/1124
f 435/572/1122 436/573/1125 461/603/1124
f 461/603/1126 436/573/1127 462/604/1128
f 436/573/1045 437/574/1047 462/604/1129
f 462/604/1129 437/574/1047 463/605/1130
f 437/574/1131 438/575/1131 463/605/1131
f 438/575/1132 439/576/1132 463/605/1132
f 463/605/1133 439/576/1133 464/606/1133
f 439/576/1134 440/577/1134 464/606/1134
f 440/577/1135 441/578/1135 464/606/1135
f 464/606/1136 441/578/1137 465/607/1138
f 465/607/1139 441/578/1140 466/608/1141
f 441/578/1140 442/579/1142 466/608/1141
f 442/579/1142 443/580/1143 466/608/1141
f 466/608/1144 443/580/1144 467/609/1144
f 467/609/1145 443/580/1146 468/610/1147
f 443/580/1148 444/581/1148 468/610/1148
f 444/581/1149 445/582/1149 468/610/1149
f 468/610/1150 445/582/1151 469/611/1152
f 445/583/1069 446/584/1071 469/612/1153
f 446/584/1071 447/585/1154 469/612/1153
f 447/592/1155 448/586/1155 469/613/1155
f 448/614/1156 450/615/1157 469/616/1158
f 470/617/1159 471/618/1159 472/619/1159
f 471/618/1160 469/616/1160 472/619/1160
f 469/616/1158 450/615/1157 472/619/1161
f 472/619/1162 450/615/1162 473/620/1162
f 450/588/1082 451/589/1084 473/621/1163
f 474/622/1164 475/623/1165 476/624/1166
f 477/625/1167 476/624/1168 478/626/1169
f 473/627/1170 478/626/1171 479/628/1172
f 479/628/1173 478/626/1173 480/629/1173
f 478/626/1174 476/624/1174 480/629/1174
f 476/624/1175 475/623/1175 480/629/1175
f 480/629/1176 475/623/1177 481/630/1178
f 475/623/1165 474/622/1164 481/630/1179
f 481/630/1179 474/622/1164 482/631/1180
f 474/622/1181 483/632/1182 482/631/1183
f 483/632/1182 484/633/1184 482/631/1183
f 482/631/1183 484/633/1184 485/634/1185
f 486/635/1186 485/634/1186 134/185/1186
f 485/634/1187 487/636/1188 134/185/1189
f 134/185/1190 487/636/1191 488/637/1192
f 488/637/1193 487/636/1193 489/638/1193
f 487/636/1188 485/634/1187 489/638/1194
f 485/634/1195 484/633/1196 489/638/1197
f 484/633/1196 483/632/1198 489/638/1197
f 489/638/1199 483/632/1200 490/639/1201
f 483/632/1200 474/622/1202 490/639/1201
f 474/622/1202 476/624/1203 490/639/1201
f 476/624/1203 477/625/1204 490/639/1201
f 490/640/1205 477/641/1206 491/642/1207
f 491/642/1207 477/641/1206 492/643/1208
f 477/625/1167 478/626/1169 492/644/1209
f 478/626/1169 473/627/1210 492/644/1209
f 473/627/1210 451/645/1211 492/644/1209
f 492/643/1212 451/646/1212 493/647/1212
f 493/648/1213 451/589/1085 494/649/1214
f 451/589/1085 452/590/1087 494/649/1214
f 452/590/1088 453/591/1090 494/649/1215
f 453/591/1090 454/594/1216 494/649/1215
f 494/649/1217 454/594/1218 495/650/1219
f 454/594/1218 455/595/1220 495/650/1219
f 495/650/1219 455/595/1220 36/36/34
f 455/595/1220 456/596/1221 36/36/34
f 36/36/1222 456/596/1104 496/651/1223
f 456/596/1104 269/597/1103 496/651/1223
f 269/369/1224 270/370/1224 496/652/1224
f 496/652/1225 270/370/1225 497/653/1225
f 270/370/1226 135/186/298 497/653/1227
f 135/186/298 137/188/300 497/653/1227
f 137/188/1228 268/367/1228 497/653/1228
f 497/653/1229 268/367/1229 498/654/1229
f 268/367/1230 156/366/1230 498/654/1230
f 498/654/1231 156/366/1231 499/655/1231
f 499/655/1232 156/366/1233 500/656/1234
f 156/207/1233 157/208/1235 500/657/1234
f 500/657/1234 157/208/1235 501/658/1236
f 157/208/1237 158/209/1238 501/658/1239
f 158/209/1238 159/210/1240 501/658/1239
f 159/210/353 161/212/355 501/658/1241
f 161/212/1242 162/213/1242 501/658/1242
f 501/658/1243 162/213/1244 502/659/1245
f 162/213/1244 164/215/558 502/659/1245
f 164/215/558 248/343/560 502/659/1245
f 502/660/1246 248/661/1247 503/662/1248
f 248/661/1247 249/345/1249 503/662/1248
f 249/345/1250 250/346/1250 503/662/1250
f 503/662/1251 250/346/1251 504/663/1251
f 250/346/1252 251/347/1252 504/663/1252
f 251/347/1253 252/348/1253 504/663/1253
f 252/348/1254 253/349/1255 504/663/1256
f 253/349/1255 255/664/1257 504/663/1256
f 504/665/1258 255/666/1259 505/667/1260
f 505/667/1260 255/666/1259 506/668/1261
f 507/669/1262 506/668/1262 508/670/1262
f 506/668/1263 255/666/1263 508/670/1263
f 255/671/1264 256/354/1264 508/672/1264
f 508/672/1265 256/354/1266 509/673/1267
f 256/354/1268 257/355/1268 509/673/1268
f 257/355/1269 258/356/1269 509/673/1269
f 258/356/591 259/357/592 509/673/1270
f 509/673/1271 259/357/1271 510/674/1271
f 259/357/1272 260/358/1272 510/674/1272
f 260/358/598 261/359/600 510/674/1273
f 510/674/1273 261/359/600 511/675/1274
f 261/359/1275 262/360/1276 511/675/1277
f 512/676/1278 513/677/1278 514/678/1278
f 514/678/1279 513/677/1279 515/679/1279
f 515/679/1280 513/677/1280 516/680/1280
f 513/677/1281 512/676/1281 516/680/1281
f 512/676/1282 511/681/1282 516/680/1282
f 511/675/1277 262/360/1276 516/682/1283
f 516/682/1284 262/360/602 517/683/1285
f 262/360/602 263/361/603 517/683/1285
f 263/361/1286 264/362/1287 517/683/1288
f 517/683/1288 264/362/1287 518/684/1289
f 264/362/1290 265/363/1290 518/684/1290
f 265/363/1291 266/364/1292 518/684/1293
f 519/685/1294 518/684/1295 520/686/1296
f 518/684/1293 266/364/1292 520/686/1297
f 266/364/1298 267/365/1298 520/686/1298
f 520/686/1299 267/365/1299 521/687/1299
f 267/368/1300 269/369/1300 521/688/1300
f 269/597/1103 457/598/1105 521/689/1301
f 457/598/1302 458/599/1303 521/689/1304
f 521/689/1304 458/599/1303 522/690/1305
f 458/599/1112 459/600/1114 522/690/1306
f 522/690/1307 459/600/1307 523/691/1307
f 459/600/1308 460/601/1308 523/691/1308
f 523/692/1309 460/602/1309 524/693/1309
f 460/602/1310 461/603/1126 524/693/1311
f 461/603/1126 462/604/1128 524/693/1311
f 524/693/1312 462/604/1312 525/694/1312
f 462/604/1129 463/605/1130 525/694/1313
f 525/694/1313 463/605/1130 526/695/1314
f 463/605/1130 464/606/1136 526/695/1314
f 464/606/1136 465/607/1138 526/695/1314
f 526/695/1315 465/607/1315 527/696/1315
f 527/696/1316 465/607/1317 528/697/1318
f 465/607/1317 466/608/1319 528/697/1318
f 466/608/1320 467/609/1320 528/697/1320
f 528/697/1321 467/609/1322 529/698/1323
f 529/698/1323 467/609/1322 530/699/1324
f 530/699/1325 467/609/1145 531/700/1326
f 467/609/1145 468/610/1147 531/700/1326
f 468/610/1150 469/611/1152 531/700/1327
f 469/616/1328 471/618/1329 531/701/1330
f 531/701/1330 471/618/1329 532/702/1331
f 532/702/1332 471/618/1332 533/703/1332
f 471/618/1333 470/617/1333 533/703/1333
f 533/703/1334 470/617/1335 534/704/1336
f 470/617/1335 472/619/1337 534/704/1336
f 472/619/1337 473/620/1338 534/704/1336
f 473/620/1170 479/705/1172 534/704/1339
f 534/704/1340 479/705/1341 535/706/1342
f 535/706/1343 479/705/1343 536/707/1343
f 536/707/1344 479/705/1344 537/708/1344
f 479/628/1345 480/629/1345 537/709/1345
f 537/709/1346 480/629/1347 538/710/1348
f 480/629/1176 481/630/1178 538/710/1349
f 538/710/1349 481/630/1178 539/711/1350
f 481/630/1178 482/631/1351 539/711/1350
f 540/712/1352 539/711/1353 541/713/1354
f 539/711/1350 482/631/1351 541/713/1355
f 482/631/1356 485/634/1357 541/713/1358
f 485/634/1357 486/635/1359 541/713/1358
f 541/713/1358 486/635/1359 542/714/1360
f 542/714/1361 486/635/1361 543/715/1361
f 486/635/1362 134/185/1362 543/715/1362
f 134/185/1363 122/169/1363 543/715/1363
f 122/169/1364 124/171/1364 543/715/1364
f 124/171/270 125/172/271 543/715/1365
f 543/715/1366 125/172/1366 544/716/1366
f 544/716/1367 125/172/1368 545/717/1369
f 125/172/1370 126/173/1370 545/717/1370
f 545/718/1371 126/719/1371 546/720/1371
f 546/720/1372 126/719/1372 547/721/1372
f 126/722/274 127/723/276 547/724/1373
f 127/723/1374 128/177/1374 547/724/1374
f 128/177/1375 129/179/1375 547/724/1375
f 129/179/285 130/180/286 547/724/1376
f 130/180/287 131/181/288 547/724/1377
f 547/724/1378 131/181/1378 548/725/1378
f 548/725/1379 131/181/1379 549/726/1379
f 131/181/1380 132/182/1380 549/726/1380
f 549/727/1381 132/728/1381 550/729/1381
f 132/728/291 133/730/293 550/729/1382
f 550/729/1383 133/730/1383 551/731/1383
f 133/184/1384 134/185/1384 551/732/1384
f 134/185/1190 488/637/1192 551/732/1385
f 551/732/1385 488/637/1192 552/733/1386
f 488/637/1387 489/638/1387 552/733/1387
f 552/734/1388 489/735/1199 553/736/1389
f 489/735/1199 490/640/1201 553/736/1389
f 490/640/1390 491/642/1390 553/736/1390
f 553/736/1391 491/642/1392 554/737/1393
f 491/642/1394 492/643/1394 554/737/1394
f 554/737/1395 492/643/1396 555/738/1397
f 492/643/1398 493/647/1398 555/738/1398
f 555/738/1399 493/647/1399 556/739/1399
f 556/740/1400 493/648/1400 557/741/1400
f 493/648/1401 494/649/1401 557/741/1401
f 558/742/1402 557/741/1402 559/743/1402
f 557/741/1403 494/649/1403 559/743/1403
f 494/649/1404 495/650/1405 559/743/1406
f 559/743/1406 495/650/1405 560/744/1407
f 495/650/1219 36/36/34 560/744/1408
f 560/744/1408 36/36/34 561/745/1409
f 36/36/34 34/34/33 561/745/1409
f 34/34/1410 31/31/1411 561/745/1412
f 561/745/1412 31/31/1411 562/746/1413
f 562/746/1414 31/31/1415 563/747/1416
f 31/31/1417 32/32/1417 563/747/1417
f 563/747/1418 32/32/1419 564/748/1420
f 32/32/29 30/30/28 564/748/1421
f 30/30/28 29/29/1422 564/748/1421
f 564/748/1423 29/29/1423 565/749/1423
f 566/750/1424 567/751/1425 568/752/1426
f 568/752/1426 567/751/1425 569/753/1427
f 569/753/1427 567/751/1425 570/754/1428
f 571/755/1429 570/756/1429 572/757/1429
f 570/754/1430 567/751/1430 572/758/1430
f 567/751/1431 566/750/1431 572/758/1431
f 572/757/1432 566/759/1432 573/760/1432
f 573/760/1433 566/759/1434 574/761/1435
f 566/750/1434 568/752/1436 574/762/1435
f 575/763/1437 576/764/1437 577/765/1437
f 578/766/1438 579/767/1439 580/768/1440
f 580/768/1440 579/767/1439 581/769/1441
f 582/770/1442 583/771/1443 584/772/1444
f 584/772/1444 583/771/1443 585/773/1445
f 585/773/1445 583/771/1443 586/774/1446
f 583/775/1443 581/769/1447 586/776/1446
f 581/769/1447 579/767/1448 586/776/1446
f 586/774/1449 579/777/1450 587/778/1451
f 579/777/1450 578/779/1452 587/778/1451
f 587/778/1451 578/779/1452 588/780/1453
f 578/766/1452 589/781/1454 588/782/1453
f 590/783/1455 591/784/1456 592/785/1457
f 592/785/1457 591/784/1456 593/786/1458
f 591/784/1456 588/780/1459 593/786/1458
f 588/782/1459 589/781/1460 593/787/1458
f 593/787/1461 589/781/1462 594/788/1463
f 594/788/1463 589/781/1462 595/789/1464
f 589/781/1465 578/766/1466 595/789/1467
f 578/766/1466 580/768/1468 595/789/1467
f 595/789/1469 580/768/1470 596/790/1471
f 596/790/1471 580/768/1470 597/791/1472
f 580/768/1473 581/769/1473 597/791/1473
f 581/769/1447 583/775/1443 597/791/1474
f 583/775/1443 582/792/1442 597/791/1474
f 597/791/1474 582/792/1442 598/793/1475
f 582/792/1442 599/794/1476 598/793/1475
f 598/793/1475 599/794/1476 600/795/1477
f 600/795/1478 599/794/1478 601/796/1478
f 601/797/1479 599/798/1479 602/799/1479
f 599/798/1480 582/770/1480 602/799/1480
f 582/770/1442 584/772/1444 602/799/1481
f 602/799/1482 584/772/1482 603/800/1482
f 584/772/1483 585/773/1483 603/800/1483
f 585/773/1484 586/774/1485 603/800/1486
f 586/774/1485 587/778/1487 603/800/1486
f 587/778/1488 588/780/1489 603/800/1490
f 603/800/1490 588/780/1489 604/801/1491
f 588/780/1459 591/784/1456 604/801/1492
f 591/784/1493 590/783/1493 604/801/1493
f 590/783/1494 605/802/1495 604/801/1496
f 604/801/1496 605/802/1495 606/803/1497
f 606/803/1498 605/802/1499 607/804/1500
f 607/804/1501 605/802/1495 608/805/1502
f 609/806/1503 608/807/1503 610/808/1503
f 608/805/1502 605/802/1495 610/809/1504
f 610/809/1504 605/802/1495 611/810/1505
f 605/802/1495 590/783/1494 611/810/1505
f 590/783/1506 592/785/1506 611/810/1506
f 611/811/1507 592/812/1508 612/813/1509
f 612/813/1509 592/812/1508 613/814/1510
f 592/812/1511 593/787/1511 613/814/1511
f 593/787/1512 594/788/1463 613/814/1513
f 613/814/1513 594/788/1463 614/815/1514
f 594/788/1463 595/789/1464 614/815/1514
f 614/815/1515 595/789/1469 615/816/1516
f 595/789/1469 596/790/1471 615/816/1516
f 596/790/1471 597/791/1472 615/816/1516
f 597/791/1517 598/793/1518 615/816/1519
f 598/793/1518 600/795/1520 615/816/1519
f 615/816/1519 600/795/1520 616/817/1521
f 600/795/1522 601/796/1523 616/817/1524
f 601/797/1523 577/765/1525 616/818/1524
f 577/765/1526 576/764/1526 616/818/1526
f 576/819/1527 617/820/1527 616/817/1527
f 616/817/1528 617/820/1529 618/821/1530
f 617/820/1531 576/819/1532 618/821/1533
f 576/764/1532 575/763/1534 618/822/1533
f 575/763/1535 619/823/1535 618/822/1535
f 618/821/1536 619/824/1537 620/825/1538
f 619/824/1537 621/826/1539 620/825/1538
f 620/825/1538 621/826/1539 622/827/1540
f 622/827/1540 621/826/1539 623/828/1541
f 623/829/1541 621/830/1539 624/831/1542
f 621/830/1539 619/823/1543 624/831/1542
f 619/823/1543 575/763/1544 624/831/1542
f 624/831/1545 575/763/1546 625/832/1547
f 575/763/1546 577/765/1548 625/832/1547
f 625/832/1547 577/765/1548 626/833/1549
f 577/765/1548 601/797/1550 626/833/1549
f 601/797/1550 602/799/1551 626/833/1549
f 602/799/1551 603/800/1552 626/833/1549
f 603/800/1552 604/801/1553 626/833/1549
f 626/833/1549 604/801/1553 627/834/1554
f 604/801/1555 606/803/1555 627/834/1555
f 606/803/1556 628/835/1556 627/834/1556
f 629/836/1557 627/834/1558 630/837/1559
f 627/834/1558 628/835/1560 630/837/1559
f 628/835/1561 606/803/1561 630/837/1561
f 630/837/1562 606/803/1563 631/838/1564
f 606/803/1498 607/804/1500 631/838/1565
f 632/839/1566 631/838/1567 633/840/1568
f 631/838/1567 607/804/1569 633/840/1568
f 607/804/1569 608/805/1570 633/840/1568
f 633/841/1571 608/807/1572 634/842/1573
f 608/807/1574 609/806/1574 634/842/1574
f 634/842/1575 609/806/1575 635/843/1575
f 609/806/1576 610/808/1576 635/843/1576
f 610/808/1577 611/811/1577 635/843/1577
f 611/811/1578 612/813/1578 635/843/1578
f 612/813/1579 613/814/1579 635/843/1579
f 635/843/1580 613/814/1581 636/844/1582
f 613/814/1583 614/815/1583 636/844/1583
f 614/815/1584 615/816/1585 636/844/1586
f 636/844/1586 615/816/1585 637/845/1587
f 615/816/1588 616/817/1588 637/845/1588
f 616/817/1528 618/821/1530 637/845/1589
f 637/845/1590 618/821/1591 638/846/1592
f 618/821/1591 620/825/1593 638/846/1592
f 639/847/1594 638/846/1594 640/848/1594
f 638/846/1595 620/825/1595 640/848/1595
f 620/825/1596 622/827/1596 640/848/1596
f 640/848/1597 622/827/1598 641/849/1599
f 622/827/1600 623/828/1600 641/849/1600
f 641/850/1601 623/829/1602 642/851/1603
f 623/829/1604 624/831/1604 642/851/1604
f 624/831/1605 625/832/1605 642/851/1605
f 642/851/1606 625/832/1606 643/852/1606
f 625/832/1607 626/833/1607 643/852/1607
f 626/833/1549 627/834/1554 643/852/1608
f 627/834/1558 629/836/1557 643/852/1609
f 643/852/1610 629/836/1611 644/853/1612
f 644/853/1613 629/836/1614 645/854/1615
f 629/836/1557 630/837/1559 645/854/1616
f 630/837/1562 631/838/1564 645/854/1617
f 645/854/1618 631/838/1619 646/855/1620
f 647/856/1621 646/855/1621 648/857/1621
f 648/857/1622 646/855/1622 649/858/1622
f 646/855/1623 631/838/1623 649/858/1623
f 631/838/1624 632/839/1624 649/858/1624
f 649/859/1625 632/860/1625 650/861/1625
f 632/860/1626 633/841/1626 650/861/1626
f 633/841/1571 634/842/1573 650/861/1627
f 650/861/1628 634/842/1629 651/862/1630
f 634/842/1629 635/843/1580 651/862/1630
f 635/843/1580 636/844/1582 651/862/1630
f 651/862/1631 636/844/1632 652/863/1633
f 636/844/1634 637/845/1635 652/863/1636
f 637/845/1635 638/846/1637 652/863/1636
f 652/863/1636 638/846/1637 653/864/1638
f 653/864/1638 638/846/1637 654/865/1639
f 638/846/1640 639/847/1640 654/865/1640
f 654/865/1641 639/847/1642 655/866/1643
f 639/847/1642 640/848/1644 655/866/1643
f 655/866/1645 640/848/1597 656/867/1646
f 640/848/1597 641/849/1599 656/867/1646
f 641/850/1601 642/851/1603 656/868/1647
f 656/868/1647 642/851/1603 657/869/1648
f 657/869/1649 642/851/1649 658/870/1649
f 642/851/1650 643/852/1610 658/870/1651
f 643/852/1610 644/853/1612 658/870/1651
f 658/870/1651 644/853/1612 659/871/1652
f 644/853/1613 645/854/1615 659/871/1653
f 659/871/1654 645/854/1618 660/872/1655
f 645/854/1618 661/873/1656 660/872/1655
f 660/872/1657 661/873/1657 662/874/1658
f 662/874/1659 661/873/1659 663/875/1659
f 663/875/1660 661/873/1656 664/876/1661
f 661/873/1656 645/854/1618 664/876/1661
f 645/854/1618 646/855/1620 664/876/1661
f 646/855/1662 647/856/1662 664/876/1662
f 665/877/1663 664/876/1663 666/878/1663
f 664/876/1664 647/856/1664 666/878/1664
f 647/856/1665 648/857/1665 666/878/1665
f 666/879/1666 648/880/1666 667/881/1666
f 648/880/1667 649/859/1667 667/881/1667
f 667/881/1668 649/859/1668 668/882/1668
f 649/859/1669 650/861/1669 668/882/1669
f 669/883/1670 668/882/1670 670/884/1670
f 670/884/1671 668/882/1671 671/885/1671
f 668/882/1672 650/861/1628 671/885/1673
f 650/861/1628 651/862/1630 671/885/1673
f 651/862/1631 652/863/1633 671/885/1674
f 652/863/1633 653/864/1675 671/885/1674
f 671/885/1674 653/864/1675 672/886/1676
f 653/864/1677 654/865/1641 672/886/1678
f 654/865/1641 655/866/1643 672/886/1678
f 672/886/1679 655/866/1680 673/887/1681
f 674/888/1682 673/887/1683 675/889/1684
f 673/887/1681 655/866/1680 675/889/1685
f 655/866/1680 656/867/1686 675/889/1685
f 656/868/1647 657/869/1648 675/890/1687
f 675/890/1687 657/869/1648 676/891/1688
f 657/869/1689 658/870/1689 676/891/1689
f 658/870/1690 659/871/1691 676/891/1692
f 676/891/1692 659/871/1691 677/892/1693
f 659/871/1691 660/872/1694 677/892/1693
f 677/892/1695 660/872/1695 678/893/1695
f 660/872/1696 662/874/1697 678/893/1698
f 678/893/1698 662/874/1697 679/894/1699
f 679/894/1700 662/874/1701 680/895/1702
f 681/896/1703 680/895/1703 574/762/1703
f 574/762/1704 680/895/1704 682/897/1704
f 680/895/1702 662/874/1701 682/897/1705
f 662/874/1706 663/875/1706 682/897/1706
f 682/897/1707 663/875/1707 683/898/1707
f 683/898/1708 663/875/1708 684/899/1708
f 663/875/1709 664/876/1709 684/899/1709
f 664/876/1710 665/877/1710 684/899/1710
f 684/900/1711 665/901/1712 685/902/1713
f 665/901/1714 666/879/1714 685/902/1714
f 666/879/1715 667/881/1715 685/902/1715
f 667/881/1716 668/882/1717 685/902/1718
f 668/882/1717 669/883/1719 685/902/1718
f 685/902/1718 669/883/1719 686/903/1720
f 686/903/1720 669/883/1719 687/904/1721
f 669/883/1722 670/884/1722 687/904/1722
f 670/884/1723 671/885/1723 687/904/1723
f 671/885/1724 672/886/1725 687/904/1726
f 687/904/1726 672/886/1725 688/905/1727
f 672/886/1728 673/887/1728 688/905/1728
f 673/887/1729 674/888/1729 688/905/1729
f 688/905/1730 674/888/1730 689/906/1730
f 674/888/1682 675/889/1684 689/906/1731
f 675/890/1732 676/891/1732 689/907/1732
f 676/891/1733 677/892/1733 689/907/1733
f 689/907/1734 677/892/1734 690/908/1734
f 677/892/1735 678/893/1735 690/908/1735
f 690/908/1736 678/893/1736 691/909/1736
f 692/910/1737 691/909/1738 693/911/1739
f 691/909/1740 678/893/1740 693/911/1740
f 678/893/1741 679/894/1741 693/911/1741
f 694/912/1742 693/911/1742 695/913/1742
f 693/911/1743 679/894/1743 695/913/1743
f 679/894/1744 696/914/1744 695/913/1744
f 697/915/1745 695/913/1745 698/916/1745
f 695/913/1746 696/914/1746 698/916/1746
f 696/914/1747 679/894/1747 698/916/1747
f 679/894/1700 680/895/1702 698/916/1748
f 680/895/1702 681/896/1749 698/916/1748
f 698/916/1750 681/896/1751 699/917/1752
f 699/917/1752 681/896/1751 700/918/1753
f 681/896/1751 574/762/1754 700/918/1753
f 574/762/1755 568/752/1756 700/918/1757
f 568/752/1756 569/753/1758 700/918/1757
f 700/918/1759 569/753/1759 701/919/1759
f 569/753/1760 570/754/1761 701/919/1762
f 570/756/1761 571/755/1763 701/920/1762
f 701/920/1764 571/755/1764 702/921/1764
f 702/921/1765 571/755/1765 703/922/1765
f 571/755/1766 572/757/1766 703/922/1766
f 572/757/1767 573/760/1767 703/922/1767
f 703/922/1768 573/760/1768 704/923/1768
f 573/760/1769 574/761/1769 704/923/1769
f 574/761/1770 682/924/1771 704/923/1772
f 704/923/1772 682/924/1771 705/925/1773
f 705/925/1774 682/924/1774 706/926/1774
f 682/924/1775 683/927/1775 706/926/1775
f 683/928/1776 684/900/1776 706/929/1776
f 684/900/1711 685/902/1713 706/929/1777
f 685/902/1718 686/903/1720 706/929/1778
f 706/929/1778 686/903/1720 707/930/1779
f 686/903/1720 687/904/1721 707/930/1779
f 707/930/1780 687/904/1780 708/931/1780
f 687/904/1726 688/905/1727 708/931/1781
f 688/905/1782 689/906/1783 708/931/1784
f 689/906/1783 690/932/1785 708/931/1784
f 690/932/1786 691/933/1786 708/931/1786
f 708/931/1787 691/933/1787 709/934/1787
f 691/909/1738 692/910/1737 709/935/1788
f 692/910/1789 693/911/1789 709/935/1789
f 693/911/1790 694/912/1790 709/935/1790
f 709/936/1791 694/937/1791 710/938/1791
f 710/938/1792 694/937/1792 711/939/1792
f 694/912/1793 695/913/1793 711/940/1793
f 711/940/1794 695/913/1795 712/941/1796
f 695/913/1797 697/915/1797 712/941/1797
f 712/941/1798 697/915/1798 713/942/1798
f 713/942/1799 697/915/1800 714/943/1801
f 697/915/1802 698/916/1803 714/943/1804
f 698/916/1803 699/917/1805 714/943/1804
f 714/943/1804 699/917/1805 715/944/1806
f 715/945/1807 716/946/1808 717/947/1809
f 717/947/1810 716/946/1810 718/948/1810
f 718/948/1811 716/946/1812 719/949/1813
f 716/946/1814 715/945/1814 719/949/1814
f 715/944/1815 699/917/1816 719/950/1817
f 699/917/1816 700/918/1818 719/950/1817
f 719/950/1819 700/918/1819 720/951/1819
f 700/918/1820 701/919/1820 720/951/1820
f 720/952/1821 701/920/1821 721/953/1821
f 701/920/1822 702/921/1823 721/953/1824
f 702/921/1823 703/922/1825 721/953/1824
f 721/953/1826 703/922/1827 722/954/1828
f 703/922/1827 704/923/1829 722/954/1828
f 722/954/1830 704/923/1830 723/955/1830
f 724/956/1831 723/955/1831 725/957/1831
f 723/955/1832 704/923/1832 725/957/1832
f 704/923/1833 705/925/1834 725/957/1835
f 726/958/1836 725/957/1837 727/959/1838
f 727/959/1839 725/957/1839 728/960/1839
f 725/957/1835 705/925/1834 728/960/1840
f 705/925/1841 706/926/1842 728/960/1843
f 728/960/1843 706/926/1842 729/961/1844
f 706/929/1778 707/930/1779 729/962/1845
f 707/930/1846 708/931/1846 729/962/1846
f 708/931/1847 709/934/1847 729/962/1847
f 709/936/1848 710/938/1848 729/961/1848
f 729/961/1849 710/938/1849 730/963/1849
f 731/964/1850 730/963/1850 732/965/1850
f 730/963/1851 710/938/1851 732/965/1851
f 710/938/1852 711/939/1794 732/965/1853
f 711/940/1794 712/941/1796 732/966/1853
f 732/966/1854 712/941/1854 733/967/1854
f 712/941/1855 713/942/1855 733/967/1855
f 733/967/1856 713/942/1856 734/968/1856
f 713/942/1799 714/943/1801 734/968/1857
f 714/943/1858 715/944/1858 734/968/1858
f 734/969/1859 715/945/1860 735/970/1861
f 735/970/1862 715/945/1807 736/971/1863
f 715/945/1807 717/947/1809 736/971/1863
f 736/971/1863 717/947/1809 737/972/1864
f 738/973/1865 737/972/1865 739/974/1865
f 739/974/1866 737/972/1866 740/975/1866
f 737/972/1864 717/947/1809 740/975/1867
f 740/975/1868 717/947/1869 741/976/1870
f 717/947/1869 718/948/1871 741/976/1870
f 741/977/1872 718/978/1873 742/979/1874
f 742/979/1875 718/978/1811 743/980/1876
f 718/978/1811 719/981/1813 743/980/1876
f 744/982/1877 743/980/1877 745/983/1877
f 743/980/1876 719/981/1813 745/983/1878
f 719/981/1879 720/952/1879 745/983/1879
f 745/983/1880 720/952/1880 746/984/1880
f 720/952/1881 721/953/1881 746/984/1881
f 721/953/1882 722/954/1882 746/984/1882
f 722/954/1883 723/955/1883 746/984/1883
f 746/984/1884 723/955/1885 747/985/1886
f 723/955/1887 724/956/1887 747/985/1887
f 747/985/1886 724/956/1888 748/986/1889
f 724/956/1890 725/957/1890 748/986/1890
f 725/957/1891 726/958/1892 748/986/1893
f 748/986/1893 726/958/1892 749/987/1894
f 726/958/1836 727/959/1838 749/987/1895
f 727/959/1896 728/960/1897 749/987/1898
f 728/960/1897 729/961/1899 749/987/1898
f 729/961/1900 730/963/1900 749/987/1900
f 730/963/1901 731/964/1901 749/987/1901
f 749/987/1902 731/964/1902 750/988/1902
f 731/964/1903 732/965/1903 750/988/1903
f 732/965/1904 733/989/1904 750/988/1904
f 750/988/1905 733/989/1906 751/990/1907
f 751/990/1908 733/989/1908 752/991/1908
f 752/992/1909 733/993/1909 753/994/1909
f 733/993/1910 734/969/1910 753/994/1910
f 734/969/1859 735/970/1861 753/994/1911
f 753/994/1912 735/970/1913 754/995/1914
f 735/970/1913 736/971/1915 754/995/1914
f 754/995/1916 736/971/1917 755/996/1918
f 755/996/1918 736/971/1917 756/997/1919
f 736/971/1920 737/972/1920 756/997/1920
f 757/998/1921 758/999/1921 759/1000/1921
f 759/1000/1922 758/999/1922 760/1001/1922
f 760/1001/1923 758/999/1923 761/1002/1923
f 761/1002/1924 758/999/1924 762/1003/1924
f 758/999/1925 763/1004/1926 762/1003/1927
f 763/1004/1928 756/997/1928 762/1003/1928
f 756/997/1929 737/972/1930 762/1003/1931
f 764/1005/1932 762/1003/1932 765/1006/1932
f 766/1007/1933 767/1008/1933 768/1009/1933
f 769/1010/1934 768/1009/1935 770/1011/1936
f 768/1009/1935 767/1008/1937 770/1011/1936
f 767/1012/1938 765/1006/1939 770/1013/1940
f 770/1013/1941 765/1006/1942 771/1014/1943
f 765/1006/1944 762/1003/1944 771/1014/1944
f 762/1003/1931 737/972/1930 771/1014/1945
f 771/1014/1943 737/972/1946 772/1015/1947
f 737/972/1948 738/973/1948 772/1015/1948
f 772/1015/1949 738/973/1950 773/1016/1951
f 738/973/1950 739/974/1952 773/1016/1951
f 773/1016/1951 739/974/1952 774/1017/1953
f 739/974/1954 740/975/1954 774/1017/1954
f 740/975/1955 741/976/1955 774/1017/1955
f 741/977/1872 742/979/1874 774/1018/1956
f 774/1018/1957 742/979/1958 775/1019/1959
f 775/1019/1959 742/979/1958 776/1020/1960
f 742/979/1958 743/980/1961 776/1020/1960
f 776/1020/1962 743/980/1962 777/1021/1962
f 743/980/1963 744/982/1963 777/1021/1963
f 777/1021/1964 744/982/1964 778/1022/1964
f 744/982/1965 745/983/1966 778/1022/1967
f 778/1022/1967 745/983/1966 779/1023/1968
f 745/983/1969 746/984/1969 779/1023/1969
f 746/984/1884 747/985/1886 779/1023/1970
f 747/985/1886 748/986/1889 779/1023/1970
f 779/1023/1971 748/986/1971 780/1024/1971
f 748/986/1972 749/987/1973 780/1024/1974
f 749/987/1973 750/988/1975 780/1024/1974
f 750/988/1905 751/990/1907 780/1024/1976
f 751/990/1977 752/991/1977 780/1024/1977
f 780/1024/1978 752/991/1979 781/1025/1980
f 781/1025/1981 752/991/1981 782/1026/1981
f 752/992/1982 753/994/1982 782/1027/1982
f 782/1027/1983 753/994/1983 783/1028/1983
f 753/994/1912 754/995/1914 783/1028/1984
f 783/1028/1985 754/995/1916 784/1029/1986
f 754/995/1916 755/996/1918 784/1029/1986
f 784/1029/1987 755/996/1987 785/1030/1987
f 755/996/1988 756/997/1988 785/1030/1988
f 785/1030/1989 756/997/1989 786/1031/1989
f 756/997/1990 763/1004/1990 786/1031/1990
f 763/1004/1926 758/999/1925 786/1031/1991
f 758/999/1992 757/998/1993 786/1031/1994
f 786/1031/1994 757/998/1993 787/1032/1995
f 757/998/1996 759/1000/1996 787/1032/1996
f 788/1033/1997 787/1032/1998 789/1034/1999
f 790/1035/2000 789/1034/1999 791/1036/2001
f 789/1034/1999 787/1032/1998 791/1036/2001
f 787/1032/2002 759/1000/2003 791/1036/2004
f 791/1036/2004 759/1000/2003 792/1037/2005
f 792/1037/2006 759/1000/2007 793/1038/2008
f 759/1000/2007 760/1001/2009 793/1038/2008
f 760/1001/2009 761/1002/2010 793/1038/2008
f 793/1038/2011 761/1002/2012 794/1039/2013
f 761/1002/2014 762/1003/2014 794/1039/2014
f 762/1003/2015 764/1005/2016 794/1039/2017
f 794/1039/2017 764/1005/2016 795/1040/2018
f 764/1005/2019 765/1006/2020 795/1040/2021
f 795/1040/2021 765/1006/2020 796/1041/2022
f 765/1006/1939 767/1012/1938 796/1041/2023
f 767/1012/2024 766/1042/2024 796/1041/2024
f 766/1042/2025 797/1043/2026 796/1041/2027
f 796/1041/2027 797/1043/2026 798/1044/2028
f 797/1043/2029 799/1045/2029 798/1044/2029
f 799/1045/2030 800/1046/2030 798/1044/2030
f 798/1044/2031 800/1046/2031 801/1047/2031
f 800/1046/2032 799/1045/2032 801/1047/2032
f 801/1047/2033 799/1045/2034 802/1048/2035
f 799/1045/2034 797/1043/2036 802/1048/2035
f 797/1049/2036 803/1050/2037 802/1051/2035
f 802/1051/2035 803/1050/2037 804/1052/2038
f 804/1052/2039 803/1050/2039 805/1053/2039
f 803/1050/2040 806/1054/2040 805/1053/2040
f 805/1053/2041 806/1054/2042 807/1055/2043
f 806/1054/2044 803/1050/2045 807/1055/2046
f 803/1050/2045 797/1049/2026 807/1055/2046
f 797/1049/2026 766/1007/2025 807/1055/2046
f 766/1007/2047 768/1009/2047 807/1055/2047
f 768/1009/2048 769/1010/2048 807/1055/2048
f 807/1055/2049 769/1010/2049 808/1056/2049
f 808/1056/2050 769/1010/2050 809/1057/2050
f 769/1010/2051 770/1011/1941 809/1057/2052
f 770/1013/1941 771/1014/1943 809/1058/2052
f 771/1014/1943 772/1015/1947 809/1058/2052
f 810/1059/2053 809/1057/2054 811/1060/2055
f 809/1057/2054 772/1061/2056 811/1060/2055
f 772/1061/2057 773/1062/2057 811/1060/2057
f 811/1060/2058 773/1062/2058 812/1063/2058
f 773/1062/2059 774/1018/1957 812/1063/2060
f 774/1018/1957 775/1019/1959 812/1063/2060
f 812/1063/2061 775/1019/2062 813/1064/2063
f 775/1019/2062 776/1020/2064 813/1064/2063
f 813/1064/2065 776/1020/2065 814/1065/2065
f 776/1020/2066 777/1021/2066 814/1065/2066
f 777/1021/2067 778/1022/2067 814/1065/2067
f 778/1022/2068 779/1023/2068 814/1065/2068
f 814/1065/2069 779/1023/2069 815/1066/2069
f 779/1023/2070 780/1024/2070 815/1066/2070
f 780/1024/1978 781/1025/1980 815/1066/2071
f 815/1066/2072 781/1025/2073 816/1067/2074
f 781/1025/2073 782/1026/2075 816/1067/2074
f 816/1067/2076 782/1026/2076 817/1068/2076
f 782/1026/2077 783/1069/2077 817/1068/2077
f 817/1068/2078 783/1069/2078 818/1070/2078
f 818/1070/2079 783/1069/2079 819/1071/2079
f 783/1028/2080 784/1029/2080 819/1072/2080
f 784/1029/2081 785/1030/2082 819/1072/2083
f 819/1072/2083 785/1030/2082 820/1073/2084
f 820/1073/2085 785/1030/2086 821/1074/2087
f 785/1030/2088 786/1031/2088 821/1074/2088
f 786/1031/2089 787/1032/2089 821/1074/2089
f 821/1074/2090 787/1032/2090 822/1075/2090
f 822/1075/2091 787/1032/2091 823/1076/2091
f 787/1032/2092 788/1033/2093 823/1076/2094
f 823/1076/2094 788/1033/2093 824/1077/2095
f 788/1033/2096 789/1034/2096 824/1077/2096
f 789/1034/2097 790/1035/2097 824/1077/2097
f 824/1077/2098 790/1035/2098 825/1078/2098
f 826/1079/2099 827/1080/2099 828/1081/2099
f 829/1082/2100 828/1081/2100 830/1083/2100
f 828/1081/2101 827/1080/2101 830/1083/2101
f 830/1084/2102 831/1085/2103 832/1086/2104
f 833/1087/2105 834/1088/2106 835/1089/2107
f 835/1089/2107 834/1088/2106 836/1090/2108
f 836/1091/2109 834/1092/2109 837/1093/2109
f 837/1093/2110 834/1092/2110 838/1094/2110
f 839/1095/2111 838/1094/2112 840/1096/2113
f 838/1094/2114 834/1092/2115 840/1096/2116
f 834/1092/2115 833/1097/2117 840/1096/2116
f 840/1096/2118 833/1097/2119 841/1098/2120
f 842/1099/2121 843/1100/2122 844/1101/2123
f 845/1102/2124 846/1103/2124 847/1104/2124
f 848/1105/2125 849/1106/2126 850/1107/2127
f 850/1107/2127 849/1106/2126 851/1108/2128
f 852/1109/2129 853/1110/2130 854/1111/2131
f 854/1111/2132 853/1110/2132 855/1112/2132
f 853/1113/2133 851/1108/2134 855/1114/2135
f 851/1108/2134 849/1106/2136 855/1114/2135
f 855/1114/2135 849/1106/2136 856/1115/2137
f 849/1106/2138 848/1105/2138 856/1115/2138
f 857/1116/2139 856/1115/2140 858/1117/2141
f 856/1115/2142 848/1105/2142 858/1117/2142
f 847/1104/2143 858/1117/2144 859/1118/2145
f 858/1117/2144 848/1105/2146 859/1118/2145
f 859/1118/2147 848/1105/2148 860/1119/2149
f 848/1105/2150 850/1107/2151 860/1119/2152
f 860/1119/2152 850/1107/2151 861/1120/2153
f 850/1107/2154 851/1108/2154 861/1120/2154
f 851/1108/2155 853/1113/2130 861/1120/2156
f 853/1113/2130 852/1121/2129 861/1120/2156
f 861/1120/2156 852/1121/2129 862/1122/2157
f 862/1122/2157 852/1121/2129 863/1123/2158
f 863/1123/2158 852/1121/2129 864/1124/2159
f 864/1124/2159 852/1121/2129 865/1125/2160
f 866/1126/2161 865/1125/2160 867/1127/2162
f 865/1125/2160 852/1121/2129 867/1127/2162
f 852/1109/2129 854/1111/2131 867/1128/2162
f 867/1128/2163 854/1111/2164 868/1129/2165
f 854/1111/2166 855/1112/2166 868/1129/2166
f 868/1129/2167 855/1112/2167 869/1130/2167
f 855/1112/2168 856/1131/2168 869/1130/2168
f 869/1130/2169 856/1131/2170 870/1132/2171
f 856/1115/2172 857/1116/2172 870/1133/2172
f 857/1116/2139 858/1117/2141 870/1133/2173
f 858/1117/2141 847/1104/2174 870/1133/2173
f 847/1104/2174 846/1103/2175 870/1133/2173
f 870/1133/2176 846/1103/2176 871/1134/2176
f 846/1103/2177 845/1102/2177 871/1134/2177
f 871/1134/2178 845/1102/2178 872/1135/2178
f 872/1135/2179 845/1102/2179 873/1136/2179
f 845/1102/2180 847/1104/2181 873/1136/2182
f 847/1104/2181 859/1118/2183 873/1136/2182
f 859/1118/2147 860/1119/2149 873/1136/2184
f 873/1136/2185 860/1119/2185 874/1137/2185
f 874/1137/2186 860/1119/2187 875/1138/2188
f 860/1119/2189 861/1120/2189 875/1138/2189
f 861/1120/2190 862/1122/2190 875/1138/2190
f 862/1122/2191 863/1123/2192 875/1138/2193
f 863/1123/2192 864/1124/2194 875/1138/2193
f 875/1138/2188 864/1124/2195 876/1139/2196
f 864/1124/2159 865/1125/2160 876/1139/2197
f 865/1125/2160 866/1126/2161 876/1139/2197
f 876/1139/2198 866/1126/2198 877/1140/2198
f 877/1140/2199 866/1126/2200 878/1141/2201
f 878/1142/2202 879/1143/2202 880/1144/2202
f 880/1144/2203 879/1143/2203 881/1145/2203
f 881/1145/2204 879/1143/2204 882/1146/2204
f 883/1147/2205 882/1146/2205 884/1148/2205
f 882/1146/2206 879/1143/2206 884/1148/2206
f 884/1148/2207 879/1143/2208 885/1149/2209
f 879/1143/2208 878/1142/2210 885/1149/2209
f 885/1149/2209 878/1142/2210 886/1150/2211
f 878/1142/2210 866/1151/2212 886/1150/2211
f 886/1150/2213 866/1151/2214 887/1152/2215
f 866/1151/2214 867/1128/2163 887/1152/2215
f 867/1128/2163 868/1129/2165 887/1152/2215
f 868/1129/2216 869/1130/2216 887/1152/2216
f 887/1152/2217 869/1130/2217 888/1153/2217
f 869/1130/2169 870/1132/2171 888/1153/2218
f 870/1132/2171 871/1154/2219 888/1153/2218
f 888/1153/2218 871/1154/2219 889/1155/2220
f 890/1156/2221 891/1157/2221 892/1158/2221
f 891/1157/2222 889/1159/2222 892/1158/2222
f 889/1159/2223 871/1134/2223 892/1158/2223
f 871/1134/2224 872/1135/2224 892/1158/2224
f 872/1135/2225 893/1160/2226 892/1158/2227
f 892/1158/2227 893/1160/2226 894/1161/2228
f 894/1161/2228 893/1160/2226 895/1162/2229
f 893/1160/2226 872/1135/2225 895/1162/2230
f 872/1135/2231 873/1136/2231 895/1162/2231
f 873/1136/2232 874/1137/2232 895/1162/2232
f 874/1137/2186 875/1138/2188 895/1162/2233
f 895/1162/2233 875/1138/2188 896/1163/2234
f 875/1138/2188 876/1139/2196 896/1163/2234
f 896/1163/2234 876/1139/2196 897/1164/2235
f 876/1139/2236 877/1140/2199 897/1164/2237
f 877/1140/2199 878/1141/2201 897/1164/2237
f 897/1164/2238 878/1141/2239 898/1165/2240
f 878/1142/2239 880/1144/2241 898/1166/2240
f 880/1144/2242 881/1145/2243 898/1166/2244
f 898/1166/2244 881/1145/2243 899/1167/2245
f 881/1145/2243 882/1146/2246 899/1167/2245
f 882/1146/2247 883/1147/2247 899/1167/2247
f 899/1167/2248 883/1147/2248 900/1168/2248
f 883/1147/2249 884/1148/2249 900/1168/2249
f 884/1148/2250 844/1101/2250 900/1168/2250
f 844/1101/2123 843/1100/2122 900/1168/2251
f 900/1168/2252 843/1100/2252 901/1169/2252
f 902/1170/2253 901/1169/2254 903/1171/2255
f 901/1169/2254 843/1100/2256 903/1171/2255
f 903/1171/2257 843/1100/2258 904/1172/2259
f 843/1100/2260 842/1099/2260 904/1172/2260
f 842/1099/2261 844/1101/2261 904/1172/2261
f 844/1101/2262 884/1148/2263 904/1172/2264
f 904/1172/2264 884/1148/2263 905/1173/2265
f 884/1148/2207 885/1149/2209 905/1173/2266
f 905/1173/2266 885/1149/2209 906/1174/2267
f 907/1175/2268 906/1174/2267 908/1176/2269
f 906/1174/2267 885/1149/2209 908/1176/2269
f 885/1149/2209 886/1150/2213 908/1176/2269
f 886/1150/2213 887/1152/2215 908/1176/2269
f 887/1152/2215 888/1153/2270 908/1176/2269
f 908/1176/2271 888/1153/2218 909/1177/2272
f 888/1153/2218 889/1155/2220 909/1177/2272
f 910/1178/2273 909/1177/2272 911/1179/2274
f 909/1177/2272 889/1155/2220 911/1179/2274
f 889/1159/2275 891/1157/2276 911/1180/2277
f 891/1157/2276 890/1156/2278 911/1180/2277
f 911/1180/2279 890/1156/2279 912/1181/2279
f 890/1156/2280 892/1158/2280 912/1181/2280
f 892/1158/2281 894/1161/2282 912/1181/2283
f 912/1181/2283 894/1161/2282 913/1182/2284
f 894/1161/2285 914/1183/2286 913/1182/2287
f 913/1182/2287 914/1183/2286 915/1184/2288
f 915/1184/2289 914/1183/2290 916/1185/2291
f 914/1183/2292 894/1161/2292 916/1185/2292
f 894/1161/2228 895/1162/2229 916/1185/2293
f 895/1162/2233 896/1163/2234 916/1185/2291
f 916/1185/2291 896/1163/2234 917/1186/2294
f 917/1186/2295 896/1163/2295 918/1187/2295
f 896/1163/2234 897/1164/2235 918/1187/2296
f 897/1164/2235 898/1165/2297 918/1187/2296
f 898/1165/2297 899/1188/2298 918/1187/2296
f 899/1188/2299 900/1189/2300 918/1187/2301
f 900/1189/2300 901/1190/2302 918/1187/2301
f 918/1187/2301 901/1190/2302 919/1191/2303
f 901/1169/2254 902/1170/2253 919/1192/2304
f 919/1192/2304 902/1170/2253 920/1193/2305
f 920/1193/2306 902/1170/2307 921/1194/2308
f 902/1170/2307 903/1171/2309 921/1194/2308
f 903/1171/2257 904/1172/2259 921/1194/2310
f 921/1194/2311 904/1172/2311 922/1195/2311
f 904/1172/2264 905/1173/2265 922/1195/2312
f 905/1173/2313 906/1174/2314 922/1195/2315
f 922/1195/2315 906/1174/2314 923/1196/2316
f 906/1174/2314 907/1175/2317 923/1196/2316
f 923/1196/2318 907/1175/2319 924/1197/2320
f 907/1175/2319 908/1176/2321 924/1197/2320
f 908/1176/2271 909/1177/2272 924/1197/2322
f 909/1177/2272 910/1178/2273 924/1197/2322
f 925/1198/2323 924/1197/2323 926/1199/2323
f 924/1197/2324 910/1178/2324 926/1199/2324
f 927/1200/2325 926/1201/2326 928/1202/2327
f 928/1202/2327 926/1201/2326 929/1203/2328
f 926/1199/2329 910/1178/2329 929/1204/2329
f 910/1178/2330 911/1179/2330 929/1204/2330
f 911/1180/2331 912/1181/2331 929/1203/2331
f 929/1203/2332 912/1181/2332 930/1205/2332
f 912/1181/2333 913/1182/2333 930/1205/2333
f 930/1205/2334 913/1182/2334 931/1206/2334
f 913/1182/2335 915/1184/2335 931/1206/2335
f 915/1184/2289 916/1185/2291 931/1206/2336
f 916/1185/2291 917/1186/2294 931/1206/2336
f 931/1206/2336 917/1186/2294 932/1207/2337
f 917/1186/2338 918/1187/2338 932/1207/2338
f 918/1187/2301 919/1191/2303 932/1207/2339
f 932/1207/2340 919/1191/2340 933/1208/2340
f 919/1191/2341 920/1209/2342 933/1208/2343
f 933/1208/2343 920/1209/2342 934/1210/2344
f 934/1211/2345 920/1193/2345 935/1212/2345
f 920/1193/2306 921/1194/2308 935/1212/2346
f 921/1194/2347 922/1195/2347 935/1212/2347
f 922/1195/2348 923/1196/2348 935/1212/2348
f 936/1213/2349 935/1212/2349 937/1214/2349
f 935/1212/2350 923/1196/2350 937/1214/2350
f 937/1214/2351 923/1196/2352 938/1215/2353
f 923/1196/2352 924/1197/2354 938/1215/2353
f 924/1197/2355 925/1198/2355 938/1215/2355
f 938/1215/2356 925/1198/2356 939/1216/2356
f 925/1198/2357 926/1199/2357 939/1216/2357
f 940/1217/2358 939/1216/2358 941/1218/2358
f 939/1216/2359 926/1199/2359 941/1218/2359
f 926/1201/2360 927/1200/2360 941/1219/2360
f 942/1220/2361 941/1219/2361 943/1221/2361
f 941/1219/2362 927/1200/2363 943/1221/2364
f 943/1221/2364 927/1200/2363 944/1222/2365
f 927/1200/2366 928/1202/2366 944/1222/2366
f 944/1222/2367 928/1202/2367 945/1223/2367
f 928/1202/2368 929/1203/2368 945/1223/2368
f 929/1203/2369 930/1205/2369 945/1223/2369
f 945/1223/2370 930/1205/2370 946/1224/2370
f 930/1205/2371 931/1206/2371 946/1224/2371
f 931/1206/2336 932/1207/2337 946/1224/2372
f 932/1207/2373 933/1208/2374 946/1224/2375
f 947/1225/2376 946/1224/2375 948/1226/2377
f 946/1224/2375 933/1208/2374 948/1226/2377
f 933/1208/2343 934/1210/2344 948/1226/2378
f 949/1227/2379 948/1226/2380 950/1228/2381
f 948/1226/2380 934/1210/2382 950/1228/2381
f 934/1211/2382 935/1212/2383 950/1229/2381
f 935/1212/2384 936/1213/2384 950/1229/2384
f 936/1213/2385 937/1214/2385 950/1229/2385
f 950/1229/2386 937/1214/1695 951/1230/2387
f 937/1214/2351 938/1215/2353 951/1230/2388
f 951/1230/2388 938/1215/2353 952/1231/2389
f 952/1231/2390 938/1215/2390 953/1232/2390
f 938/1215/2391 939/1216/2391 953/1232/2391
f 939/1216/2392 940/1217/2392 953/1232/2392
f 954/1233/2393 953/1232/2394 955/1234/2395
f 953/1232/2396 940/1217/2396 955/1234/2396
f 940/1217/2397 941/1218/2398 955/1234/2399
f 941/1219/2398 942/1220/2400 955/1235/2399
f 955/1235/2401 942/1220/2401 956/1236/2401
f 942/1220/2402 943/1221/2402 956/1236/2402
f 943/1221/2403 944/1222/2403 956/1236/2403
f 944/1222/2404 945/1223/2404 956/1236/2404
f 945/1223/2405 946/1224/2375 956/1236/2406
f 946/1224/2375 947/1225/2376 956/1236/2406
f 956/1236/2406 947/1225/2376 957/1237/2407
f 947/1225/2376 948/1226/2377 957/1237/2407
f 948/1226/2408 949/1227/2408 957/1237/2408
f 957/1237/2409 949/1227/2409 958/1238/2409
f 958/1239/2410 949/1240/2410 959/1241/2410
f 949/1240/2379 950/1229/2381 959/1241/2411
f 950/1229/2386 951/1230/2387 959/1241/2412
f 959/1241/2412 951/1230/2387 960/1242/2413
f 960/1242/2414 951/1230/2414 961/1243/2414
f 951/1230/2388 952/1231/2389 961/1243/2415
f 952/1231/2416 953/1232/2394 961/1243/2417
f 953/1232/2394 954/1233/2393 961/1243/2417
f 961/1243/2418 954/1233/2418 962/1244/2418
f 962/1244/2419 954/1233/2419 841/1245/2419
f 841/1098/2420 954/1246/2420 963/1247/2420
f 954/1246/2421 955/1248/2422 963/1247/2423
f 955/1248/2422 956/1249/2424 963/1247/2423
f 963/1247/2425 956/1249/2426 964/1250/2427
f 956/1236/2428 957/1237/2428 964/1251/2428
f 964/1251/2429 957/1237/2429 965/1252/2429
f 957/1237/2430 958/1238/2430 965/1252/2430
f 965/1252/2431 958/1238/2431 966/1253/2431
f 958/1239/2432 959/1241/2432 966/1254/2432
f 959/1241/2433 960/1242/2433 966/1254/2433
f 960/1242/2434 967/1255/2434 966/1254/2434
f 966/1254/2435 967/1255/2435 968/1256/2435
f 968/1256/2436 967/1255/2436 969/1257/2436
f 969/1257/2437 967/1255/2437 970/1258/2437
f 967/1255/2438 960/1242/2438 970/1258/2438
f 960/1242/2439 961/1243/2440 970/1258/2441
f 970/1258/2441 961/1243/2440 971/1259/2442
f 961/1243/2443 962/1244/2443 971/1259/2443
f 971/1259/2444 962/1244/2445 972/1260/2446
f 972/1260/2446 962/1244/2445 973/1261/2447
f 962/1244/2448 841/1245/2448 973/1261/2448
f 841/1245/2120 833/1087/2119 973/1261/2449
f 973/1261/2449 833/1087/2119 974/1262/2450
f 833/1087/2451 835/1089/2451 974/1262/2451
f 974/1262/2452 835/1089/2452 975/1263/2452
f 835/1089/2453 836/1090/2453 975/1263/2453
f 975/1264/2454 836/1091/2454 976/1265/2454
f 976/1265/2455 836/1091/2455 977/1266/2455
f 836/1091/2456 837/1093/2456 977/1266/2456
f 837/1093/2457 838/1094/2112 977/1266/2458
f 838/1094/2112 839/1095/2111 977/1266/2458
f 977/1266/2459 839/1095/2459 978/1267/2459
f 978/1267/2460 839/1095/2460 979/1268/2460
f 839/1095/2461 840/1096/2118 979/1268/2462
f 840/1096/2118 841/1098/2120 979/1268/2462
f 841/1098/2463 963/1247/2463 979/1268/2463
f 979/1268/2464 963/1247/2464 980/1269/2464
f 963/1247/2425 964/1250/2427 980/1269/2465
f 964/1250/2466 965/1270/2467 980/1269/2468
f 980/1269/2468 965/1270/2467 981/1271/2469
f 965/1270/2470 966/1272/2470 981/1271/2470
f 966/1272/2471 968/1273/2472 981/1271/2473
f 981/1271/2473 968/1273/2472 982/1274/2474
f 983/1275/2475 984/1276/2476 985/1277/2477
f 985/1277/2478 984/1276/2479 986/1278/2480
f 986/1278/2480 984/1276/2479 987/1279/2481
f 984/1276/2482 982/1274/2482 987/1279/2482
f 982/1274/2483 968/1273/2483 987/1279/2483
f 968/1256/2484 969/1257/2485 987/1280/2486
f 987/1280/2486 969/1257/2485 988/1281/2487
f 969/1257/2485 970/1258/2488 988/1281/2487
f 970/1258/2489 971/1259/2489 988/1281/2489
f 971/1259/2490 989/1282/2491 988/1281/2492
f 988/1281/2492 989/1282/2491 990/1283/2493
f 990/1283/2494 989/1282/2494 991/1284/2494
f 989/1282/2495 971/1259/2495 991/1284/2495
f 991/1284/2496 971/1259/2497 992/1285/2498
f 971/1259/2499 972/1260/2499 992/1285/2499
f 992/1285/2500 972/1260/2500 993/1286/2500
f 993/1286/2501 972/1260/2502 994/1287/2503
f 972/1260/2502 973/1261/2504 994/1287/2503
f 994/1287/2505 973/1261/2506 995/1288/2507
f 973/1261/2508 974/1262/2508 995/1288/2508
f 974/1262/2509 975/1263/2510 995/1288/2511
f 995/1288/2511 975/1263/2510 996/1289/2512
f 975/1264/2513 976/1265/2513 996/1290/2513
f 976/1265/2514 977/1266/2514 996/1290/2514
f 977/1266/2515 978/1267/2515 996/1290/2515
f 996/1290/2516 978/1267/2516 997/1291/2516
f 998/1292/2517 999/1293/2518 1000/1294/2519
f 1000/1294/2519 999/1293/2518 1001/1295/2520
f 999/1293/2521 997/1291/2522 1001/1295/2523
f 997/1291/2522 978/1267/2524 1001/1295/2523
f 1001/1295/2523 978/1267/2524 1002/1296/2525
f 1002/1296/2526 978/1267/2527 1003/1297/2528
f 978/1267/2527 979/1268/2529 1003/1297/2528
f 979/1268/2529 980/1269/2530 1003/1297/2528
f 1003/1297/2531 980/1269/2531 1004/1298/2531
f 980/1269/2468 981/1271/2469 1004/1298/2532
f 981/1271/2533 982/1274/2533 1004/1298/2533
f 982/1274/2534 984/1276/2534 1004/1298/2534
f 984/1276/2535 983/1275/2536 1004/1298/2537
f 1004/1298/2537 983/1275/2536 1005/1299/2538
f 983/1275/2475 985/1277/2477 1005/1299/2539
f 1005/1299/2539 985/1277/2477 1006/1300/2540
f 1007/1301/2541 1006/1300/2541 1008/1302/2541
f 1006/1300/2542 985/1277/2543 1008/1302/2544
f 985/1277/2543 986/1278/2545 1008/1302/2544
f 986/1278/2545 987/1279/2546 1008/1302/2544
f 1008/1303/2547 987/1280/2548 1009/1304/2549
f 987/1280/2548 988/1281/2550 1009/1304/2549
f 988/1281/2551 990/1283/2551 1009/1304/2551
f 1009/1304/2552 990/1283/2553 1010/1305/2554
f 1010/1305/2554 990/1283/2553 1011/1306/2555
f 990/1283/2556 991/1284/2556 1011/1306/2556
f 991/1284/2496 992/1285/2498 1011/1306/2557
f 992/1285/2558 993/1286/2558 1011/1306/2558
f 1011/1306/2559 993/1286/2560 1012/1307/2561
f 993/1286/2501 994/1287/2503 1012/1307/2562
f 1012/1307/2563 994/1287/2564 1013/1308/2565
f 994/1287/2505 995/1288/2507 1013/1308/2566
f 995/1288/2567 996/1289/2567 1013/1308/2567
f 996/1290/2568 997/1291/2568 1013/1309/2568
f 997/1291/2569 999/1293/2569 1013/1309/2569
f 1013/1308/2570 999/1310/2570 1014/1311/2570
f 1014/1311/2571 999/1310/2571 1015/1312/2571
f 999/1293/2572 998/1292/2573 1015/1313/2574
f 998/1292/2573 1016/1314/2575 1015/1313/2574
f 1015/1312/2576 1016/1315/2576 1017/1316/2576
f 1017/1316/2577 1016/1315/2577 1018/1317/2577
f 1016/1314/2578 1019/1318/2578 1018/1319/2578
f 1018/1319/2579 1019/1318/2579 1020/1320/2579
f 1020/1320/2580 1019/1318/2581 1021/1321/2582
f 1021/1321/2583 1019/1318/2583 1022/1322/2583
f 1019/1318/2584 1016/1314/2584 1022/1322/2584
f 1016/1314/2585 998/1292/2585 1022/1322/2585
f 1022/1322/2586 998/1292/2586 1023/1323/2586
f 998/1292/2587 1000/1294/2587 1023/1323/2587
f 1000/1294/2588 1001/1295/2588 1023/1323/2588
f 1001/1295/2523 1002/1296/2525 1023/1323/2589
f 1002/1296/2526 1003/1297/2528 1023/1323/2590
f 1003/1297/2591 1004/1298/2591 1023/1323/2591
f 1004/1298/2592 1005/1299/2592 1023/1323/2592
f 1023/1323/2593 1005/1299/2593 1024/1324/2593
f 1005/1299/2539 1006/1300/2540 1024/1324/2594
f 1006/1300/2595 1007/1301/2595 1024/1324/2595
f 1024/1324/2596 1007/1301/2596 1025/1325/2596
f 1007/1301/2597 1026/1326/2597 1025/1325/2597
f 1025/1325/2598 1026/1326/2599 1027/1327/2600
f 832/1086/2601 1027/1327/2602 1028/1328/2603
f 1028/1328/2604 1027/1327/2604 1029/1329/2604
f 1027/1327/2600 1026/1326/2599 1029/1329/2605
f 1029/1329/2606 1026/1326/2606 1030/1330/2606
f 1026/1326/2607 1007/1301/2607 1030/1330/2607
f 1030/1330/2608 1007/1301/2609 1031/1331/2610
f 1007/1301/2609 1008/1302/2611 1031/1331/2610
f 1031/1332/2612 1008/1303/2613 1032/1333/2614
f 1008/1303/2613 1009/1304/2615 1032/1333/2614
f 1009/1304/2616 1010/1305/2616 1032/1333/2616
f 1010/1305/2617 1011/1306/2617 1032/1333/2617
f 1033/1334/2618 1034/1335/2618 1035/1336/2618
f 1034/1335/2619 1032/1333/2620 1035/1336/2621
f 1032/1333/2620 1011/1306/2622 1035/1336/2621
f 1035/1336/2623 1011/1306/2623 1036/1337/2623
f 1011/1306/2559 1012/1307/2561 1036/1337/2624
f 1012/1307/2563 1013/1308/2565 1036/1337/2625
f 1013/1308/2626 1014/1311/2626 1036/1337/2626
f 1014/1311/2627 1015/1312/2628 1036/1337/2629
f 1036/1337/2629 1015/1312/2628 1037/1338/2630
f 1015/1312/2631 1017/1316/2631 1037/1338/2631
f 1037/1338/2632 1017/1316/2633 1038/1339/2634
f 1017/1316/2633 1018/1317/2635 1038/1339/2634
f 1038/1339/2634 1018/1317/2635 1039/1340/2636
f 1018/1317/2637 1020/1341/2638 1039/1340/2639
f 1039/1340/2639 1020/1341/2638 1040/1342/2640
f 1020/1320/2580 1021/1321/2582 1040/1343/2641
f 1040/1343/2641 1021/1321/2582 1041/1344/2642
f 1021/1321/2643 1042/1345/2643 1041/1344/2643
f 1043/1346/2644 1041/1344/2645 1044/1347/2646
f 1041/1344/2645 1042/1345/2647 1044/1347/2646
f 1042/1345/2648 1021/1321/2648 1044/1347/2648
f 1021/1321/2649 1022/1322/2649 1044/1347/2649
f 1022/1322/2650 1023/1323/2650 1044/1347/2650
f 1023/1323/2651 1024/1324/2651 1044/1347/2651
f 1024/1324/2652 1025/1325/2653 1044/1347/2654
f 1025/1325/2653 1027/1327/2655 1044/1347/2654
f 1045/1348/2656 1044/1347/2657 1046/1349/2658
f 1044/1347/2654 1027/1327/2655 1046/1349/2659
f 1027/1327/2660 832/1086/2660 1046/1349/2660
f 1046/1349/2661 832/1086/2661 1047/1350/2661
f 832/1086/2662 831/1085/2662 1047/1350/2662
f 1047/1350/2663 831/1085/2664 1048/1351/2665
f 831/1085/2664 830/1084/2666 1048/1351/2665
f 830/1084/2667 827/1352/2668 1048/1351/2669
f 1048/1351/2669 827/1352/2668 1049/1353/2670
f 1049/1353/2670 827/1352/2668 1050/1354/2671
f 827/1080/2672 826/1079/2673 1050/1355/2674
f 1051/1356/2675 1052/1357/2676 1053/1358/2677
f 1052/1357/2678 1054/1359/2678 1053/1358/2678
f 1055/1360/2679 1053/1361/2680 1056/1362/2681
f 1053/1361/2680 1054/1363/2682 1056/1362/2681
f 825/1078/2683 1057/1364/2683 1058/1365/2683
f 1057/1364/2684 1056/1362/2685 1058/1365/2686
f 1056/1362/2685 1054/1363/2687 1058/1365/2686
f 1058/1366/2688 1054/1359/2688 1059/1367/2688
f 1054/1359/2689 1052/1357/2689 1059/1367/2689
f 1052/1357/2690 1060/1368/2691 1059/1367/2692
f 1060/1368/2693 1050/1355/2693 1059/1367/2693
f 1059/1367/2694 1050/1355/2694 1061/1369/2694
f 1050/1355/2674 826/1079/2673 1061/1369/2695
f 826/1079/2696 828/1081/2696 1061/1369/2696
f 1061/1369/2697 828/1081/2698 1062/1370/2699
f 828/1081/2698 829/1082/2700 1062/1370/2699
f 1062/1370/2701 829/1082/2702 1063/1371/2703
f 829/1082/2704 830/1083/2704 1063/1371/2704
f 1063/1371/2705 830/1083/2705 1064/1372/2705
f 1064/1372/2706 830/1083/2707 1065/1373/2708
f 830/1084/2102 832/1086/2104 1065/1374/2709
f 832/1086/2601 1028/1328/2603 1065/1374/2710
f 1028/1328/2711 1029/1329/2711 1065/1374/2711
f 1065/1374/2712 1029/1329/2712 1066/1375/2712
f 1029/1329/2713 1030/1330/2713 1066/1375/2713
f 1066/1376/2714 1030/1377/2715 1067/1378/2716
f 1030/1377/2715 1031/1332/2717 1067/1378/2716
f 1031/1332/2717 1032/1333/2718 1067/1378/2716
f 1032/1333/2620 1034/1335/2619 1067/1378/2719
f 1067/1378/2720 1034/1335/2721 1068/1379/2722
f 1034/1335/2721 1033/1334/2723 1068/1379/2722
f 1068/1379/2724 1033/1334/2724 1069/1380/2724
f 1033/1334/2725 1035/1336/2725 1069/1380/2725
f 1069/1380/2726 1035/1336/2727 1070/1381/2728
f 1035/1336/2727 1036/1337/2729 1070/1381/2728
f 1036/1337/2730 1037/1338/2731 1070/1381/2732
f 1037/1338/2731 1038/1339/2733 1070/1381/2732
f 1038/1339/2634 1039/1340/2636 1070/1381/2734
f 1070/1381/2735 1039/1340/2736 1071/1382/2737
f 1039/1340/2738 1040/1342/2739 1071/1382/2740
f 1071/1382/2740 1040/1342/2739 1072/1383/2741
f 1040/1343/2641 1041/1344/2642 1072/1384/2742
f 1041/1344/2743 1043/1346/2743 1072/1384/2743
f 1072/1384/2744 1043/1346/2745 1073/1385/2746
f 1043/1346/2747 1044/1347/2747 1073/1385/2747
f 1044/1347/2748 1045/1348/2748 1073/1385/2748
f 1045/1348/2749 1074/1386/2750 1073/1385/2751
f 1073/1385/2751 1074/1386/2750 1075/1387/2752
f 1074/1386/2753 1076/1388/2754 1075/1387/2755
f 1077/1389/2756 1078/1390/2756 1079/1391/2756
f 1080/1392/2757 1079/1391/2758 1081/1393/2759
f 1079/1391/2758 1078/1390/2760 1081/1393/2759
f 1078/1390/2761 1075/1387/2761 1081/1393/2761
f 1081/1393/2762 1082/1394/2762 1083/1395/2762
f 1083/1395/2763 1082/1394/2763 1084/1396/2763
f 1082/1394/2764 1081/1393/2764 1084/1396/2764
f 1081/1393/2765 1075/1387/2765 1084/1396/2765
f 1075/1387/2755 1076/1388/2754 1084/1396/2766
f 1084/1396/2766 1076/1388/2754 1085/1397/2767
f 1085/1397/2768 1076/1388/2768 1086/1398/2768
f 1076/1388/2769 1074/1386/2769 1086/1398/2769
f 1086/1398/2770 1074/1386/2771 1087/1399/2772
f 1074/1386/2773 1045/1348/2773 1087/1399/2773
f 1087/1399/2774 1045/1348/2774 1088/1400/2774
f 1045/1348/2656 1046/1349/2658 1088/1400/2775
f 1046/1349/2658 1047/1350/2776 1088/1400/2775
f 1088/1400/2777 1047/1350/2777 1089/1401/2777
f 1047/1350/2778 1048/1351/2778 1089/1401/2778
f 1089/1401/2779 1048/1351/2779 1090/1402/2779
f 1090/1402/2780 1048/1351/2780 1091/1403/2780
f 1048/1351/2669 1049/1353/2670 1091/1403/2781
f 1091/1403/2782 1049/1353/2782 1092/1404/2782
f 1049/1353/2783 1050/1354/2783 1092/1404/2783
f 1050/1354/2784 1060/1405/2784 1092/1404/2784
f 1060/1405/2691 1052/1406/2690 1092/1404/2785
f 1052/1406/2786 1093/1407/2787 1092/1404/2788
f 1092/1404/2789 1093/1407/2789 1094/1408/2789
f 1094/1408/2790 1093/1407/2790 1095/1409/2790
f 1093/1407/2787 1052/1406/2786 1095/1409/2791
f 1052/1406/2786 1051/1410/2792 1095/1409/2791
f 1095/1409/2793 1051/1410/2794 1096/1411/2795
f 1096/1412/2796 1051/1356/2675 1097/1413/2797
f 1051/1356/2675 1053/1358/2677 1097/1413/2797
f 565/749/2798 1097/1414/2799 1098/1415/2800
f 1097/1416/2797 1053/1361/2677 1098/1417/2801
f 1053/1361/2677 1055/1360/2802 1098/1417/2801
f 1098/1417/2801 1055/1360/2802 1099/1418/2803
f 1099/1418/2803 1055/1360/2802 1100/1419/2804
f 1055/1360/2679 1056/1362/2681 1100/1419/2805
f 1056/1362/2681 1057/1364/2806 1100/1419/2805
f 1057/1364/2806 825/1078/2807 1100/1419/2805
f 1100/1419/2808 825/1078/2808 1101/1420/2808
f 825/1078/2809 790/1035/2809 1101/1420/2809
f 790/1035/2000 791/1036/2001 1101/1420/2810
f 1101/1420/2811 791/1036/2811 1102/1421/2811
f 791/1036/2004 792/1037/2005 1102/1421/2812
f 792/1037/2006 793/1038/2008 1102/1421/2813
f 1103/1422/2814 1102/1421/2815 1104/1423/2816
f 1102/1421/2815 793/1038/2817 1104/1423/2816
f 793/1038/2011 794/1039/2013 1104/1423/2818
f 794/1039/2017 795/1040/2018 1104/1423/2819
f 1104/1423/2820 795/1040/2820 1105/1424/2820
f 795/1040/2021 796/1041/2022 1105/1424/2821
f 796/1041/2822 798/1044/2822 1105/1424/2822
f 798/1044/2823 801/1047/2823 1105/1424/2823
f 801/1047/2824 802/1048/2825 1105/1424/2826
f 1105/1424/2826 802/1048/2825 1106/1425/2827
f 802/1051/2825 804/1052/2828 1106/1426/2827
f 1106/1426/2827 804/1052/2828 1107/1427/2829
f 804/1052/2830 805/1053/2830 1107/1427/2830
f 805/1053/2041 807/1055/2043 1107/1427/2831
f 1107/1427/2832 807/1055/2833 1108/1428/2834
f 807/1055/2833 808/1056/2835 1108/1428/2834
f 1108/1428/2836 808/1056/2837 1109/1429/2838
f 808/1056/2839 809/1057/2839 1109/1429/2839
f 809/1057/2840 810/1059/2840 1109/1429/2840
f 1109/1429/2841 810/1059/2842 1110/1430/2843
f 1111/1431/2844 1110/1430/2845 1112/1432/2846
f 1110/1430/2847 810/1059/2847 1112/1432/2847
f 810/1059/2053 811/1060/2055 1112/1432/2848
f 1112/1432/2849 811/1060/2849 1113/1433/2849
f 811/1060/2850 812/1063/2850 1113/1433/2850
f 812/1063/2851 813/1064/2851 1113/1433/2851
f 813/1064/2852 814/1065/2853 1113/1433/2854
f 1113/1433/2854 814/1065/2853 1114/1434/2855
f 814/1065/2853 815/1066/2856 1114/1434/2855
f 815/1066/2857 816/1067/2857 1114/1434/2857
f 816/1067/2858 817/1068/2858 1114/1434/2858
f 1114/1434/2859 817/1068/2859 1115/1435/2859
f 817/1068/2860 818/1070/2860 1115/1435/2860
f 818/1070/2861 819/1071/2861 1115/1435/2861
f 819/1071/2862 820/1436/2862 1115/1435/2862
f 1115/1435/2863 820/1436/2864 1116/1437/2865
f 1116/1437/2866 820/1436/2866 1117/1438/2866
f 1117/1438/2867 820/1436/2868 1118/1439/2869
f 820/1073/2085 821/1074/2087 1118/1440/2870
f 821/1074/2871 822/1075/2871 1118/1440/2871
f 1118/1439/2872 822/1441/2872 1119/1442/2872
f 822/1441/2873 823/1443/2874 1119/1442/2875
f 1119/1442/2875 823/1443/2874 1120/1444/2876
f 823/1443/2877 824/1445/2877 1120/1444/2877
f 824/1445/2878 825/1446/2878 1120/1444/2878
f 825/1447/2879 1058/1366/2879 1120/1448/2879
f 1058/1366/2880 1059/1367/2880 1120/1448/2880
f 1059/1367/2881 1061/1369/2881 1120/1448/2881
f 1061/1369/2882 1062/1370/2882 1120/1448/2882
f 1120/1448/2883 1062/1370/2701 1121/1449/2884
f 1062/1370/2701 1063/1371/2703 1121/1449/2884
f 1063/1371/2885 1064/1372/2886 1121/1449/2887
f 1121/1449/2887 1064/1372/2886 1122/1450/2888
f 1122/1450/2889 1123/1451/2889 1124/1452/2889
f 1124/1452/2890 1123/1451/2891 1125/1453/2892
f 1123/1451/2893 1122/1450/2893 1125/1453/2893
f 1122/1450/2894 1064/1372/2706 1125/1453/2895
f 1064/1372/2706 1065/1373/2708 1125/1453/2895
f 1125/1453/2896 1065/1373/2896 1126/1454/2896
f 1065/1373/2897 1066/1376/2898 1126/1454/2899
f 1126/1454/2899 1066/1376/2898 1127/1455/2900
f 1066/1376/2901 1067/1378/2901 1127/1455/2901
f 1067/1378/2902 1068/1379/2902 1127/1455/2902
f 1068/1379/2903 1069/1380/2904 1127/1455/2905
f 1127/1455/2905 1069/1380/2904 1128/1456/2906
f 1128/1456/2906 1069/1380/2904 1129/1457/2907
f 1069/1380/2904 1070/1381/2908 1129/1457/2907
f 1070/1381/2735 1071/1382/2737 1129/1457/2909
f 1129/1457/2910 1071/1382/2911 1130/1458/2912
f 1071/1382/2913 1072/1383/2914 1130/1458/2915
f 1130/1458/2915 1072/1383/2914 1131/1459/2916
f 1072/1384/2744 1073/1385/2746 1131/1460/2917
f 1073/1385/2751 1075/1387/2752 1131/1460/2918
f 1075/1387/2919 1078/1390/2919 1131/1460/2919
f 1131/1460/2920 1078/1390/2920 1132/1461/2920
f 1078/1390/2921 1077/1389/2921 1132/1461/2921
f 1132/1461/2922 1077/1389/2923 1133/1462/2924
f 1133/1462/2924 1077/1389/2923 1134/1463/2925
f 1077/1389/2926 1079/1391/2926 1134/1463/2926
f 1079/1391/2927 1080/1392/2928 1134/1463/2929
f 1134/1463/2929 1080/1392/2928 1135/1464/2930
f 1080/1392/2757 1081/1393/2759 1135/1464/2931
f 1081/1393/2759 1083/1395/2932 1135/1464/2931
f 1083/1395/2933 1084/1396/2934 1135/1464/2935
f 1135/1464/2935 1084/1396/2934 1136/1465/2936
f 1084/1396/2937 1085/1397/2937 1136/1465/2937
f 1085/1397/2938 1086/1398/2938 1136/1465/2938
f 1136/1465/2939 1086/1398/2770 1137/1466/2940
f 1086/1398/2770 1087/1399/2772 1137/1466/2940
f 1087/1399/2941 1088/1400/2941 1137/1466/2941
f 1137/1466/2942 1088/1400/2942 1138/1467/2942
f 1088/1400/2943 1089/1401/2944 1138/1467/2945
f 1138/1467/2945 1089/1401/2944 1139/1468/2946
f 1089/1401/2947 1090/1402/2947 1139/1468/2947
f 1090/1402/2948 1091/1403/2948 1139/1468/2948
f 1140/1469/2949 1139/1468/2950 1141/1470/2951
f 1139/1468/2950 1091/1403/2952 1141/1470/2951
f 1091/1403/2953 1092/1404/2954 1141/1470/2955
f 1092/1404/2954 1094/1408/2956 1141/1470/2955
f 1141/1470/2957 1094/1408/2958 1142/1471/2959
f 1094/1408/2960 1095/1409/2960 1142/1471/2960
f 1095/1409/2793 1096/1411/2795 1142/1471/2961
f 1142/1472/2962 1096/1473/2963 1143/1474/2964
f 1096/1473/2963 1097/1414/2965 1143/1474/2964
f 1097/1414/2799 565/749/2798 1143/1474/2966
f 1144/1475/2967 1143/1474/2968 1145/1476/2969
f 1143/1474/2968 565/749/2970 1145/1476/2969
f 565/749/2971 29/29/2971 1145/1476/2971
f 1145/1476/2972 29/29/2973 1146/1477/2974
f 29/29/2973 31/31/2975 1146/1477/2974
f 1146/1477/2974 31/31/2975 1147/1478/2976
f 31/31/2977 34/34/2978 1147/1478/2979
f 1147/1478/2979 34/34/2978 1148/1479/2980
f 34/34/2981 33/33/2981 1148/1479/2981
f 1148/1479/2982 33/33/2983 1149/1480/2984
f 33/33/2983 35/35/2985 1149/1480/2984
f 1149/1480/2986 35/35/2987 1150/1481/2988
f 35/35/2989 36/36/2990 1150/1481/2991
f 36/36/2990 496/651/2992 1150/1481/2991
f 1150/1482/2993 496/652/2993 1151/1483/2993
f 496/652/2994 497/653/2994 1151/1483/2994
f 497/653/2995 498/654/2995 1151/1483/2995
f 498/654/2996 499/655/2996 1151/1483/2996
f 1151/1483/2997 499/655/2997 1152/1484/2997
f 499/655/2998 500/656/2999 1152/1484/3000
f 1152/1484/3000 500/656/2999 1153/1485/3001
f 500/656/2999 501/1486/3002 1153/1485/3001
f 1153/1485/3003 501/1486/3003 1154/1487/3003
f 501/1486/3004 502/1488/3004 1154/1487/3004
f 502/660/1246 503/662/1248 1154/1489/3005
f 1154/1487/3006 503/1490/3006 1155/1491/3006
f 1155/1491/3007 503/1490/3007 1156/1492/3007
f 503/1490/3008 504/665/3008 1156/1492/3008
f 1156/1492/3009 504/665/3010 1157/1493/3011
f 504/665/3012 505/667/3013 1157/1493/3014
f 505/667/3013 506/668/3015 1157/1493/3014
f 506/668/3015 507/669/3016 1157/1493/3014
f 1157/1493/3017 507/669/3018 1158/1494/3019
f 1158/1494/3019 507/669/3018 1159/1495/3020
f 507/669/3021 508/670/3021 1159/1495/3021
f 508/672/1265 509/673/1267 1159/1496/3022
f 509/673/1267 510/674/3023 1159/1496/3022
f 1159/1496/3022 510/674/3023 1160/1497/3024
f 510/674/3025 511/675/3025 1160/1497/3025
f 1160/1498/3026 511/681/3027 1161/1499/3028
f 511/681/3029 512/676/3029 1161/1499/3029
f 512/676/3030 514/678/3031 1161/1499/3032
f 1161/1499/3032 514/678/3031 1162/1500/3033
f 1162/1500/3034 514/678/3035 1163/1501/3036
f 514/678/3035 515/679/3037 1163/1501/3036
f 1164/1502/3038 1165/1503/3039 1166/1504/3040
f 1165/1503/3041 1163/1501/3041 1166/1504/3041
f 1166/1504/3042 1163/1501/3042 1167/1505/3042
f 1163/1501/3043 515/679/3043 1167/1505/3043
f 515/679/3044 516/680/3044 1167/1505/3044
f 1167/1505/3045 516/680/3045 1168/1506/3045
f 516/682/3046 517/683/3046 1168/1507/3046
f 517/683/3047 518/684/3047 1168/1507/3047
f 518/684/3048 519/685/3049 1168/1507/3050
f 1168/1507/3050 519/685/3049 1169/1508/3051
f 519/685/1294 520/686/1296 1169/1508/3052
f 520/686/1296 521/687/3053 1169/1508/3052
f 521/689/1304 522/690/1305 1169/1509/3054
f 1169/1509/3054 522/690/1305 1170/1510/3055
f 522/690/3056 523/691/3057 1170/1510/3058
f 1170/1510/3058 523/691/3057 1171/1511/3059
f 1171/1511/3060 523/691/3061 1172/1512/3062
f 1172/1513/3063 523/692/3063 1173/1514/3063
f 523/692/3064 524/693/3064 1173/1514/3064
f 524/693/3065 525/694/3065 1173/1514/3065
f 525/694/3066 526/695/3066 1173/1514/3066
f 526/695/3067 527/696/3067 1173/1514/3067
f 1173/1514/3068 527/696/3068 1174/1515/3068
f 1174/1515/3069 527/696/3070 1175/1516/3071
f 527/696/3072 528/697/3072 1175/1516/3072
f 528/697/3073 529/698/3073 1175/1516/3073
f 1175/1516/3074 529/698/3074 1176/1517/3074
f 529/698/3075 530/699/3075 1176/1517/3075
f 530/1518/3076 1177/1519/3077 1176/1520/3078
f 1176/1520/3079 1177/1519/3079 1178/1521/3079
f 1178/1521/3080 1177/1519/3081 1179/1522/3082
f 1179/1522/3082 1177/1519/3081 1180/1523/3083
f 1180/1523/3083 1177/1519/3081 1181/1524/3084
f 1181/1524/3084 1177/1519/3081 1182/1525/3085
f 1177/1519/3077 530/1518/3076 1182/1525/3086
f 530/1518/3087 531/701/3088 1182/1525/3087
f 531/701/3089 532/702/3089 1182/1525/3089
f 1182/1525/3090 532/702/3090 1183/1526/3090
f 532/702/3091 533/703/3091 1183/1526/3091
f 1183/1526/3092 533/703/3093 1184/1527/3094
f 533/703/3095 534/704/3095 1184/1527/3095
f 534/704/1340 535/706/1342 1184/1527/3096
f 1184/1527/3097 535/706/3097 1185/1528/3097
f 1185/1528/3098 535/706/3098 1186/1529/3098
f 535/706/3099 536/707/3099 1186/1529/3099
f 1186/1529/3100 536/707/3100 1187/1530/3100
f 1187/1530/3101 536/707/3102 1188/1531/3103
f 536/707/3104 537/708/3104 1188/1531/3104
f 537/1532/3105 1189/1533/3106 1188/1534/3107
f 1188/1534/3107 1189/1533/3106 1190/1535/3108
f 1190/1535/3109 1189/1533/3110 1191/1536/3111
f 1189/1533/3112 537/1532/3112 1191/1536/3112
f 537/709/1346 538/710/1348 1191/1537/3113
f 538/710/1348 539/711/1353 1191/1537/3113
f 539/711/1353 540/712/1352 1191/1537/3113
f 540/712/3114 1192/1538/3114 1191/1537/3114
f 1191/1537/3115 1192/1538/3116 1193/1539/3117
f 1193/1539/3117 1192/1538/3116 1194/1540/3118
f 1194/1540/3119 1192/1538/3119 1195/1541/3119
f 1192/1538/3120 540/712/3120 1195/1541/3120
f 540/712/1352 541/713/1354 1195/1541/3121
f 541/713/3122 542/714/3122 1195/1541/3122
f 542/714/3123 543/715/3123 1195/1541/3123
f 543/715/3124 544/716/3124 1195/1541/3124
f 1195/1542/3125 544/1543/3125 1196/1544/3125
f 1196/1544/3126 544/1543/3126 1197/1545/3126
f 544/1543/1367 545/718/1369 1197/1545/3127
f 545/718/3128 546/720/3128 1197/1545/3128
f 1197/1545/3129 546/720/3130 1198/1546/3131
f 546/720/3132 547/721/3132 1198/1546/3132
f 547/724/3133 548/725/3133 1198/1547/3133
f 548/725/3134 549/726/3134 1198/1547/3134
f 1198/1546/3135 549/727/3136 1199/1548/3137
f 549/727/3136 550/729/3138 1199/1548/3137
f 550/729/3139 551/731/3139 1199/1548/3139
f 1199/1548/3140 551/731/3140 1200/1549/3140
f 551/731/1385 552/734/1386 1200/1549/3141
f 552/734/1386 553/736/3142 1200/1549/3141
f 1200/1549/3143 553/736/3143 1201/1550/3143
f 553/736/1391 554/737/1393 1201/1550/3144
f 554/737/1395 555/738/1397 1201/1550/3145
f 555/738/3146 556/739/3146 1201/1550/3146
f 1201/1551/3147 556/740/3148 1202/1552/3149
f 556/740/3150 557/741/3151 1202/1552/3152
f 557/741/3151 558/742/3153 1202/1552/3152
f 558/742/3154 559/743/3155 1202/1552/3156
f 1202/1552/3156 559/743/3155 1203/1553/3157
f 1203/1553/3158 559/743/3159 1204/1554/3160
f 1204/1554/3161 559/743/3161 1205/1555/3161
f 559/743/3162 560/744/1408 1205/1555/3163
f 560/744/1408 561/745/1409 1205/1555/3163
f 561/745/3164 562/746/3164 1205/1555/3164
f 1205/1555/3165 562/746/1414 1206/1556/3166
f 562/746/1414 563/747/1416 1206/1556/3166
f 1206/1556/3167 563/747/3168 1207/1557/3169
f 1207/1557/3169 563/747/3168 1208/1558/3170
f 563/747/1418 564/748/1420 1208/1558/3171
f 564/748/3172 565/749/3172 1208/1558/3172
f 1208/1558/3173 565/749/3173 1209/1559/3173
f 1209/1559/3174 565/749/3174 1210/1560/3174
f 565/749/3175 1098/1415/3175 1210/1560/3175
f 1210/1560/3176 1098/1415/3176 1211/1561/3176
f 1098/1417/2801 1099/1418/2803 1211/1562/3177
f 1211/1562/3178 1099/1418/3178 1212/1563/3178
f 1099/1418/3179 1100/1419/3179 1212/1563/3179
f 1100/1419/3180 1101/1420/3180 1212/1563/3180
f 1212/1563/3181 1101/1420/3182 1213/1564/3183
f 1101/1420/3182 1102/1421/3184 1213/1564/3183
f 1102/1421/2815 1103/1422/2814 1213/1564/3185
f 1213/1564/3186 1103/1422/3186 1214/1565/3186
f 1103/1422/3187 1104/1423/3188 1214/1565/3189
f 1214/1565/3189 1104/1423/3188 1215/1566/3190
f 1215/1566/3191 1104/1423/3191 1216/1567/3191
f 1104/1423/3192 1105/1424/3192 1216/1567/3192
f 1105/1424/3193 1106/1425/3193 1216/1567/3193
f 1216/1568/3194 1106/1426/3194 1217/1569/3194
f 1106/1426/3195 1107/1427/3195 1217/1569/3195
f 1107/1427/3196 1108/1428/3196 1217/1569/3196
f 1217/1569/3197 1108/1428/2836 1218/1570/3198
f 1108/1428/2836 1109/1429/2838 1218/1570/3198
f 1218/1570/3199 1109/1429/3200 1219/1571/3201
f 1219/1571/3202 1109/1429/3203 1220/1572/3204
f 1109/1429/2841 1110/1430/2843 1220/1572/3205
f 1220/1572/3205 1110/1430/2843 1221/1573/3206
f 1110/1430/2845 1111/1431/2844 1221/1573/3207
f 1221/1573/3208 1111/1431/3209 1222/1574/3210
f 1111/1431/3211 1112/1432/3211 1222/1574/3211
f 1222/1574/3212 1112/1432/3212 1223/1575/3212
f 1112/1432/3213 1113/1433/3214 1223/1575/3215
f 1113/1433/3214 1114/1434/3216 1223/1575/3215
f 1114/1434/3217 1115/1435/3217 1223/1575/3217
f 1223/1575/3218 1115/1435/3218 1224/1576/3218
f 1115/1435/2863 1116/1437/2865 1224/1576/3219
f 1116/1437/3220 1117/1438/3221 1224/1576/3222
f 1224/1576/3222 1117/1438/3221 1225/1577/3223
f 1117/1438/2867 1118/1439/2869 1225/1577/3224
f 1118/1439/3225 1119/1442/3225 1225/1577/3225
f 1119/1442/3226 1120/1444/3226 1225/1577/3226
f 1120/1448/3227 1121/1449/3227 1225/1578/3227
f 1121/1449/3228 1122/1450/3229 1225/1578/3230
f 1225/1578/3230 1122/1450/3229 1226/1579/3231
f 1122/1450/3229 1124/1452/3232 1226/1579/3231
f 1124/1452/2890 1125/1453/2892 1226/1579/3233
f 1125/1453/3234 1126/1454/3234 1226/1579/3235
f 1126/1454/3234 1127/1455/3236 1226/1579/3235
f 1127/1455/3237 1128/1456/3237 1226/1579/3237
f 1226/1579/3231 1128/1456/3238 1227/1580/3239
f 1128/1456/3238 1129/1457/3240 1227/1580/3239
f 1227/1580/3241 1129/1457/2910 1228/1581/3242
f 1129/1457/2910 1130/1458/2912 1228/1581/3242
f 1228/1581/3243 1130/1458/3243 1229/1582/3243
f 1130/1458/3244 1131/1459/3244 1229/1582/3244
f 1131/1459/3245 1132/1583/3245 1229/1582/3245
f 1229/1582/3246 1132/1583/3246 1230/1584/3246
f 1231/1585/3247 1230/1584/3248 1232/1586/3249
f 1230/1584/3248 1132/1583/3250 1232/1586/3249
f 1132/1583/3251 1133/1587/3251 1232/1586/3251
f 1133/1462/3252 1134/1463/3252 1232/1588/3252
f 1134/1463/3253 1135/1464/3253 1232/1588/3253
f 1232/1588/3254 1135/1464/3254 1233/1589/3254
f 1135/1464/3255 1136/1465/3255 1233/1589/3255
f 1233/1589/3256 1136/1465/3256 1234/1590/3256
f 1136/1465/3257 1137/1466/3257 1234/1590/3257
f 1137/1466/3258 1235/1591/3258 1234/1590/3258
f 1234/1590/3259 1235/1591/3259 1236/1592/3259
f 1235/1591/3260 1137/1466/3260 1236/1592/3260
f 1137/1466/3261 1138/1467/3261 1236/1592/3261
f 1138/1467/2945 1139/1468/2946 1236/1592/3262
f 1139/1468/2946 1140/1469/3263 1236/1592/3262
f 1140/1469/3264 1141/1470/3264 1236/1592/3264
f 1236/1592/3265 1141/1470/3266 1237/1593/3267
f 1237/1593/3267 1141/1470/3266 1238/1594/3268
f 1141/1470/2957 1142/1471/2959 1238/1594/3269
f 1238/1595/3270 1142/1472/3271 1239/1596/3272
f 1142/1472/3273 1143/1474/3273 1239/1596/3273
f 1143/1474/3274 1144/1475/3275 1239/1596/3276
f 1239/1596/3276 1144/1475/3275 1240/1597/3277
f 1240/1597/3278 1144/1475/3279 1241/1598/3280
f 1144/1475/3281 1145/1476/3281 1241/1598/3281
f 1145/1476/2972 1146/1477/2974 1241/1598/3282
f 1241/1598/3283 1146/1477/3284 1242/1599/3285
f 1242/1599/3285 1146/1477/3284 1243/1600/3286
f 1146/1477/3284 1147/1478/3287 1243/1600/3286
f 1147/1478/3288 1148/1479/3289 1243/1600/3290
f 1243/1600/3290 1148/1479/3289 1244/1601/3291
f 1148/1479/2982 1149/1480/2984 1244/1601/3292
f 1244/1601/3292 1149/1480/2984 1245/1602/3293
f 1149/1480/2986 1150/1481/2988 1245/1602/3294
f 1150/1482/3295 1151/1483/3295 1245/1603/3295
f 1151/1483/3296 1152/1484/3297 1245/1603/3298
f 1152/1484/3297 1153/1485/3299 1245/1603/3298
f 1245/1603/3298 1153/1485/3299 1246/1604/3300
f 1153/1485/3299 1154/1487/3301 1246/1604/3300
f 1154/1487/3302 1155/1491/3303 1246/1604/3304
f 1155/1491/3303 1156/1492/3305 1246/1604/3304
f 1246/1604/3306 1156/1492/3009 1247/1605/3307
f 1156/1492/3009 1157/1493/3011 1247/1605/3307
f 1157/1493/3308 1158/1494/3308 1247/1605/3308
f 1158/1494/3309 1159/1495/3309 1247/1605/3309
f 1247/1606/3310 1159/1607/3310 1248/1608/3310
f 1159/1607/3311 1160/1498/3311 1248/1608/3311
f 1248/1608/3312 1160/1498/3312 1249/1609/3312
f 1160/1498/3026 1161/1499/3028 1249/1609/3313
f 1249/1609/3314 1161/1499/3315 1250/1610/3316
f 1161/1499/3315 1162/1500/3317 1250/1610/3316
f 1162/1500/3318 1163/1501/3318 1250/1610/3318
f 1163/1501/3319 1165/1503/3319 1250/1610/3319
f 1250/1610/3320 1165/1503/3321 1251/1611/3322
f 1165/1503/3039 1164/1502/3038 1251/1611/3323
f 1251/1611/3324 1164/1502/3325 1252/1612/3326
f 1252/1612/3326 1164/1502/3325 1253/1613/3327
f 1164/1502/3328 1166/1504/3328 1253/1613/3328
f 1253/1613/3329 1166/1504/3329 1254/1614/3329
f 1166/1504/3330 1167/1505/3331 1254/1614/3332
f 1254/1614/3332 1167/1505/3331 1255/1615/3333
f 1167/1505/3331 1168/1506/3050 1255/1615/3333
f 1168/1507/3050 1169/1508/3051 1255/1616/3333
f 1169/1509/3054 1170/1510/3055 1255/1617/3334
f 1255/1617/3334 1170/1510/3055 1256/1618/3335
f 1170/1510/3336 1171/1511/3336 1256/1618/3336
f 1256/1618/3337 1171/1511/3337 1257/1619/3337
f 1171/1511/3060 1172/1512/3062 1257/1619/3338
f 1257/1619/3338 1172/1512/3062 1258/1620/3339
f 1258/1620/3340 1172/1512/3340 1259/1621/3340
f 1172/1513/3341 1173/1514/3341 1259/1622/3341
f 1173/1514/3342 1174/1515/3342 1259/1622/3342
f 1174/1515/3069 1175/1516/3071 1259/1622/3343
f 1175/1516/3071 1176/1517/3344 1259/1622/3343
f 1176/1520/3345 1178/1521/3346 1259/1623/3347
f 1259/1623/3347 1178/1521/3346 1260/1624/3348
f 1178/1521/3349 1179/1522/3349 1260/1624/3349
f 1260/1624/3350 1179/1522/3350 1261/1625/3350
f 1179/1522/3351 1180/1523/3352 1261/1625/3353
f 1180/1523/3352 28/28/3354 1261/1625/3353
f 28/28/3355 18/18/3356 1261/1625/3357
f 1261/1625/3357 18/18/3356 1262/1626/3358
f 18/18/3359 20/20/3359 1262/1626/3359
f 20/20/18 21/21/19 1262/1626/3360
f 1262/1626/3361 21/21/19 1263/1627/3362
f 1263/1627/3362 21/21/19 1264/1628/3363
f 21/21/19 22/22/20 1264/1628/3363
f 22/22/3364 23/23/3364 1264/1628/3364
f 1264/1628/3365 23/23/3365 1265/1629/3365
f 23/23/3366 24/24/25 1265/1629/3367
f 24/24/25 26/26/23 1265/1629/3367
f 1265/1629/3367 26/26/23 1266/1630/3368
f 26/26/23 25/25/22 1266/1630/3368
f 1266/1630/3368 25/25/22 1267/1631/3369
f 25/25/22 27/27/24 1267/1631/3369
f 1267/1631/3370 27/27/3370 1268/1632/3370
f 27/27/3371 28/28/3371 1268/1632/3371
f 28/28/3354 1180/1523/3352 1268/1632/3372
f 1180/1523/3352 1181/1524/3373 1268/1632/3372
f 1269/1633/3374 1268/1632/3375 1270/1634/3376
f 1268/1632/3375 1181/1524/3377 1270/1634/3376
f 1270/1634/3378 1181/1524/3379 1271/1635/3380
f 1271/1635/3380 1181/1524/3379 1272/1636/3381
f 1181/1524/3084 1182/1525/3085 1272/1636/3382
f 1182/1525/3383 1183/1526/3383 1272/1636/3383
f 1183/1526/3092 1184/1527/3094 1272/1636/3384
f 1272/1636/3384 1184/1527/3094 1273/1637/3385
f 1273/1637/3386 1184/1527/3387 1274/1638/3388
f 1184/1527/3389 1185/1528/3389 1274/1638/3389
f 1274/1638/3390 1185/1528/3390 1275/1639/3390
f 1185/1528/3391 1186/1529/3391 1275/1639/3391
f 1275/1639/3392 1186/1529/3393 1276/1640/3394
f 1186/1529/3395 1187/1530/3395 1276/1640/3395
f 1187/1530/3101 1188/1531/3103 1276/1640/3396
f 1188/1534/3397 1190/1535/3397 1276/1641/3397
f 1190/1535/3109 1191/1536/3111 1276/1641/3398
f 1276/1641/3399 1191/1536/3399 1277/1642/3399
f 1191/1536/3400 1193/1643/3401 1277/1642/3402
f 1277/1642/3402 1193/1643/3401 1278/1644/3403
f 1193/1643/3404 1194/1645/3404 1278/1644/3404
f 1278/1644/3405 1194/1645/3405 1279/1646/3405
f 1194/1645/3406 1195/1542/3407 1279/1646/3408
f 1195/1542/3407 1196/1544/3409 1279/1646/3408
f 1279/1646/3410 1196/1544/3411 1280/1647/3412
f 1196/1544/3413 1197/1545/3413 1280/1647/3413
f 1197/1545/3129 1198/1546/3131 1280/1647/3414
f 1280/1647/3415 1198/1546/3415 1281/1648/3415
f 1198/1546/3416 1199/1548/3416 1281/1648/3416
f 1281/1648/3417 1199/1548/3417 1282/1649/3417
f 1199/1548/3418 1200/1549/3419 1282/1649/3420
f 1200/1549/3419 1201/1550/3421 1282/1649/3420
f 1201/1551/3147 1202/1552/3149 1282/1650/3422
f 1282/1650/3423 1202/1552/3423 1283/1651/3423
f 1283/1651/3424 1202/1552/3424 1284/1652/3424
f 1202/1552/3425 1203/1553/3425 1284/1652/3425
f 1203/1553/3158 1204/1554/3160 1284/1652/3426
f 1204/1554/3427 1205/1555/3427 1284/1652/3427
f 1205/1555/3165 1206/1556/3166 1284/1652/3428
f 1284/1652/3428 1206/1556/3166 1285/1653/3429
f 1206/1556/3430 1207/1557/3431 1285/1653/3432
f 1285/1653/3432 1207/1557/3431 1286/1654/3433
f 1207/1557/3169 1208/1558/3170 1286/1654/3434
f 1208/1558/3435 1209/1559/3435 1286/1654/3435
f 1286/1654/3436 1209/1559/3437 1287/1655/3438
f 1209/1559/3439 1210/1560/3439 1287/1655/3439
f 1287/1656/3440 1210/1657/3440 1288/1658/3440
f 1210/1657/3441 1211/1659/3441 1288/1658/3441
f 1288/1658/3442 1211/1659/3443 1289/1660/3444
f 1211/1562/3445 1212/1563/3446 1289/1661/3447
f 1212/1563/3446 1213/1564/3448 1289/1661/3447
f 1289/1661/3449 1213/1564/3450 1290/1662/3451
f 1213/1564/3450 1214/1565/3452 1290/1662/3451
f 1290/1662/3453 1214/1565/3454 1291/1663/3455
f 1291/1663/3456 1214/1565/3457 1292/1664/3458
f 1214/1565/3457 1215/1566/3459 1292/1664/3458
f 1215/1566/3460 1216/1567/3460 1292/1664/3460
f 1292/1665/3461 1216/1568/3461 1293/1666/3461
f 1293/1666/3462 1216/1568/3463 1294/1667/3464
f 1216/1568/3463 1217/1569/3465 1294/1667/3464
f 1294/1667/3466 1217/1569/3467 1295/1668/3468
f 1217/1569/3469 1218/1570/3199 1295/1668/3470
f 1218/1570/3199 1219/1571/3201 1295/1668/3470
f 1295/1668/3471 1219/1571/3471 1296/1669/3471
f 1219/1571/3202 1220/1572/3204 1296/1669/3472
f 1220/1572/3473 1221/1573/3473 1296/1669/3473
f 1296/1669/3474 1221/1573/3208 1297/1670/3475
f 1221/1573/3208 1222/1574/3210 1297/1670/3475
f 1222/1574/3210 1223/1575/3476 1297/1670/3475
f 1297/1670/3475 1223/1575/3476 1298/1671/3477
f 1223/1575/3478 1224/1576/3478 1298/1671/3478
f 1224/1576/3222 1225/1577/3223 1298/1671/3479
f 1225/1578/3230 1226/1579/3231 1298/1672/3480
f 1226/1579/3231 1227/1580/3239 1298/1672/3480
f 1298/1672/3480 1227/1580/3239 1299/1673/3481
f 1227/1580/3241 1228/1581/3242 1299/1673/3482
f 1299/1673/3482 1228/1581/3242 1300/1674/3483
f 1228/1581/3484 1229/1582/3485 1300/1674/3486
f 1300/1674/3486 1229/1582/3485 1301/1675/3487
f 1229/1582/3488 1230/1584/3489 1301/1675/3490
f 1230/1584/3489 1231/1585/3491 1301/1675/3490
f 1301/1675/3490 1231/1585/3491 1302/1676/3492
f 1302/1676/3493 1231/1585/3493 1303/1677/3493
f 1231/1585/3494 1232/1586/3494 1303/1677/3494
f 1232/1588/3495 1233/1589/3496 1303/1678/3497
f 1233/1589/3496 1234/1590/3498 1303/1678/3497
f 1303/1678/3499 1234/1590/3500 1304/1679/3501
f 1234/1590/3502 1236/1592/3503 1304/1679/3504
f 1304/1679/3504 1236/1592/3503 1305/1680/3505
f 1305/1680/3506 1236/1592/3507 1306/1681/3508
f 1236/1592/3507 1237/1593/3509 1306/1681/3508
f 1307/1682/3510 1306/1681/3510 1308/1683/3510
f 1306/1681/3511 1237/1593/3267 1308/1683/3512
f 1237/1593/3267 1238/1594/3268 1308/1683/3512
f 1308/1684/3513 1238/1595/3270 1309/1685/3514
f 1238/1595/3270 1239/1596/3272 1309/1685/3514
f 1310/1686/3515 1311/1687/3515 1312/1688/3515
f 1311/1687/3516 1309/1685/3516 1312/1688/3516
f 1309/1685/3517 1313/1689/3517 1312/1688/3517
f 1312/1688/3518 1313/1689/3518 1314/1690/3518
f 1313/1689/3519 1309/1685/3520 1314/1690/3521
f 1309/1685/3520 1239/1596/3522 1314/1690/3521
f 1239/1596/3523 1240/1597/3524 1314/1690/3525
f 1314/1690/3525 1240/1597/3524 1315/1691/3526
f 1240/1597/3278 1241/1598/3280 1315/1691/3527
f 1241/1598/3528 1242/1599/3528 1315/1691/3528
f 1242/1599/3529 1243/1600/3529 1315/1691/3529
f 1243/1600/3530 1244/1601/3530 1315/1691/3530
f 1315/1691/3531 1244/1601/3292 1316/1692/3532
f 1244/1601/3292 1245/1602/3293 1316/1692/3532
f 1316/1692/3532 1245/1602/3293 1317/1693/3533
f 1245/1603/3534 1246/1604/3534 1317/1694/3534
f 1246/1604/3535 1247/1605/3535 1317/1694/3535
f 1247/1606/3536 1248/1608/3536 1317/1695/3536
f 1317/1695/3537 1248/1608/3537 1318/1696/3537
f 1248/1608/3538 1249/1609/3538 1318/1696/3538
f 1249/1609/3314 1250/1610/3316 1318/1696/3539
f 1250/1610/3320 1251/1611/3322 1318/1696/3540
f 1318/1696/3541 1251/1611/3324 1319/1697/3542
f 1251/1611/3324 1252/1612/3326 1319/1697/3542
f 1319/1697/3543 1252/1612/3543 1320/1698/3543
f 1252/1612/3544 1253/1613/3544 1320/1698/3544
f 1253/1613/3545 1254/1614/3545 1320/1698/3545
f 1320/1698/3546 1254/1614/3547 1321/1699/3548
f 1254/1700/3549 1255/1617/3550 1321/1701/3551
f 1255/1617/3550 1256/1618/3552 1321/1701/3551
f 1256/1618/3553 1257/1619/3553 1321/1701/3553
f 1257/1619/3554 1258/1620/3554 1321/1701/3554
f 1258/1620/3555 1259/1621/3555 1321/1701/3555
f 1321/1699/3556 1259/1623/3556 1322/1702/3556
f 1322/1702/3557 1259/1623/3557 1323/1703/3557
f 1259/1623/3558 1260/1624/3558 1323/1703/3558
f 1260/1624/3559 1261/1625/3559 1323/1703/3559
f 1323/1703/3560 1261/1625/3561 1324/1704/3562
f 1324/1704/3562 1261/1625/3561 1325/1705/3563
f 1261/1625/3357 1262/1626/3358 1325/1705/3564
f 1262/1626/3565 1263/1627/3565 1325/1705/3565
f 1263/1627/3566 1264/1628/3567 1325/1705/3568
f 1264/1628/3567 1265/1629/3569 1325/1705/3568
f 1325/1705/3568 1265/1629/3569 1326/1706/3570
f 1265/1629/3569 1266/1630/3571 1326/1706/3570
f 1266/1630/3571 1267/1631/3572 1326/1706/3570
f 1267/1631/3573 1268/1632/3573 1326/1706/3573
f 1268/1632/3574 1269/1633/3574 1326/1706/3574
f 1326/1706/3575 1269/1633/3575 1327/1707/3575
f 1269/1633/3374 1270/1634/3376 1327/1707/3576
f 1327/1707/3577 1270/1634/3378 1328/1708/3578
f 1270/1634/3378 1271/1635/3380 1328/1708/3578
f 1271/1635/3380 1272/1636/3579 1328/1708/3578
f 1272/1636/3384 1273/1637/3385 1328/1708/3580
f 1328/1708/3581 1273/1637/3581 1329/1709/3581
f 1330/1710/3582 1329/1709/3582 1331/1711/3582
f 1329/1709/3583 1273/1637/3583 1331/1711/3583
f 1273/1637/3386 1274/1638/3388 1331/1711/3584
f 1274/1638/3388 1275/1639/3585 1331/1711/3584
f 1331/1711/3586 1275/1639/3587 1332/1712/3588
f 1275/1639/3392 1276/1640/3394 1332/1712/3589
f 1276/1641/3590 1277/1642/3591 1332/1713/3592
f 1277/1642/3591 1278/1644/3593 1332/1713/3592
f 1278/1644/3593 1279/1646/3594 1332/1713/3592
f 1279/1646/3410 1280/1647/3412 1332/1713/3595
f 1332/1712/3588 1280/1714/3596 1333/1715/3597
f 1333/1715/3598 1280/1714/3599 1334/1716/3600
f 1280/1714/3599 1281/1717/3601 1334/1716/3600
f 1334/1716/3600 1281/1717/3601 1335/1718/3602
f 1281/1719/3603 1282/1650/3604 1335/1720/3605
f 1282/1650/3604 1283/1651/3606 1335/1720/3605
f 1283/1651/3606 1284/1652/3607 1335/1720/3605
f 1284/1652/3428 1285/1653/3429 1335/1720/3608
f 1335/1720/3609 1285/1653/3610 1336/1721/3611
f 1285/1653/3610 1286/1654/3612 1336/1721/3611
f 1286/1654/3436 1287/1655/3438 1336/1721/3613
f 1336/1722/3614 1287/1656/3615 1337/1723/3616
f 1287/1656/3615 1288/1658/3617 1337/1723/3616
f 1288/1658/3617 1338/1724/3618 1337/1723/3616
f 1337/1723/3616 1338/1724/3618 1339/1725/3619
f 1339/1725/3620 1338/1724/3620 1340/1726/3620
f 1340/1726/3621 1341/1727/3621 1342/1728/3621
f 1342/1728/3622 1341/1727/3622 1343/1729/3622
f 1341/1727/3623 1340/1726/3623 1343/1729/3623
f 1340/1726/3624 1338/1724/3624 1343/1729/3624
f 1343/1729/3625 1338/1724/3625 1344/1730/3625
f 1338/1724/3626 1288/1658/3442 1344/1730/3627
f 1288/1658/3442 1289/1660/3444 1344/1730/3627
f 1289/1661/3628 1290/1662/3453 1344/1731/3629
f 1290/1662/3453 1291/1663/3455 1344/1731/3629
f 1344/1731/3630 1291/1663/3630 1345/1732/3630
f 1345/1732/3631 1291/1663/3631 1346/1733/3631
f 1291/1663/3632 1292/1664/3633 1346/1733/3634
f 1292/1665/3633 1293/1666/3635 1346/1734/3634
f 1347/1735/3636 1346/1736/3637 1348/1737/3638
f 1346/1734/3639 1293/1666/3639 1348/1738/3639
f 1293/1666/3640 1294/1667/3466 1348/1738/3641
f 1294/1667/3466 1295/1668/3468 1348/1738/3641
f 1348/1738/3642 1295/1668/3642 1349/1739/3642
f 1295/1668/3643 1296/1669/3643 1349/1739/3643
f 1296/1669/3474 1297/1670/3475 1349/1739/3644
f 1350/1740/3645 1349/1741/3646 1351/1742/3647
f 1349/1739/3648 1297/1670/3649 1351/1743/3650
f 1297/1670/3649 1298/1671/3651 1351/1743/3650
f 1298/1672/3652 1299/1673/3653 1351/1744/3654
f 1351/1744/3654 1299/1673/3653 1352/1745/3655
f 1299/1673/3482 1300/1674/3483 1352/1745/3656
f 1300/1674/3657 1301/1675/3657 1352/1745/3657
f 1352/1745/3658 1301/1675/3658 1353/1746/3658
f 1301/1675/3659 1302/1676/3660 1353/1746/3661
f 1302/1676/3660 1303/1677/3662 1353/1746/3661
f 1353/1746/3661 1303/1677/3662 1354/1747/3663
f 1303/1678/3499 1304/1679/3501 1354/1748/3664
f 1354/1748/3665 1304/1679/3665 1355/1749/3665
f 1304/1679/3666 1305/1680/3666 1355/1749/3666
f 1305/1680/3667 1306/1681/3668 1355/1749/3669
f 1306/1681/3668 1307/1682/3670 1355/1749/3669
f 1356/1750/3671 1357/1751/3671 1358/1752/3671
f 1357/1751/3672 1355/1753/3672 1358/1752/3672
f 1358/1752/3673 1355/1753/3673 1359/1754/3673
f 1355/1753/3674 1307/1755/3674 1359/1754/3674
f 1359/1754/3675 1307/1755/3675 1360/1756/3675
f 1307/1755/3676 1308/1757/3677 1360/1756/3677
f 1308/1684/3677 1309/1685/3678 1360/1758/3677
f 1309/1685/3679 1311/1687/3679 1360/1758/3679
f 1311/1687/3680 1310/1686/3680 1360/1758/3680
f 1360/1758/3681 1310/1686/3681 1361/1759/3681
f 1310/1686/3682 1312/1688/3682 1361/1759/3682
f 1361/1759/3683 1312/1688/3684 1362/1760/3685
f 1312/1688/3686 1314/1690/3686 1362/1760/3686
f 1314/1690/3525 1315/1691/3526 1362/1760/3687
f 1315/1691/3531 1316/1692/3532 1362/1760/3688
f 17/17/3689 1363/1761/3690 1364/1762/3691
f 1364/1762/3692 1363/1761/3692 1365/1763/3692
f 1363/1761/3693 1362/1764/3694 1365/1763/3695
f 1362/1760/3688 1316/1692/3532 1365/1765/3696
f 1316/1692/3697 1317/1693/3698 1365/1765/3699
f 1365/1763/3699 1317/1695/3698 1366/1766/3700
f 1317/1695/3701 1318/1696/3702 1366/1766/3703
f 1318/1696/3702 1319/1697/3704 1366/1766/3703
f 1366/1766/3703 1319/1697/3704 1367/1767/3705
f 1319/1697/3706 1368/1768/3706 1367/1767/3706
f 1367/1767/3707 1368/1768/3708 1369/1769/3709
f 1368/1768/3710 1319/1697/3710 1369/1769/3710
f 1319/1697/3711 1320/1698/3711 1369/1769/3711
f 1369/1769/3712 1320/1698/3712 1370/1770/3712
f 1320/1698/3546 1321/1699/3548 1370/1770/3713
f 1321/1699/3714 1322/1702/3715 1370/1770/3716
f 1322/1702/3715 1323/1703/3717 1370/1770/3716
f 1323/1703/3718 1324/1704/3718 1370/1770/3718
f 1370/1770/3719 1324/1704/3719 1371/1771/3719
f 1324/1704/3720 1325/1705/3720 1371/1771/3720
f 1371/1771/3721 1325/1705/3722 1372/1772/3723
f 1325/1705/3722 1326/1706/3724 1372/1772/3723
f 1326/1706/3724 1327/1707/3725 1372/1772/3723
f 1373/1773/3726 1372/1772/3726 1374/1774/3726
f 1372/1772/3727 1327/1707/3727 1374/1774/3727
f 1327/1707/3577 1328/1708/3578 1374/1774/3728
f 1328/1708/3578 1329/1709/3729 1374/1774/3728
f 1329/1709/3730 1330/1710/3731 1374/1774/3732
f 1374/1774/3732 1330/1710/3731 1375/1775/3733
f 1330/1710/3734 1331/1711/3734 1375/1775/3734
f 1331/1711/3586 1332/1712/3588 1375/1775/3735
f 1332/1712/3588 1333/1715/3597 1375/1775/3735
f 1375/1775/3736 1333/1715/3737 1376/1776/3738
f 1333/1715/3737 1334/1716/3739 1376/1776/3738
f 9/9/3740 1376/1776/3741 1377/1777/3742
f 1376/1776/3743 1334/1716/3744 1377/1777/3745
f 1377/1777/3745 1334/1716/3744 1378/1778/3746
f 1334/1716/3747 1335/1718/3748 1378/1778/3749
f 1335/1718/3748 1336/1722/3750 1378/1778/3749
f 1336/1722/3614 1337/1723/3616 1378/1778/3751
f 1337/1723/3752 1339/1725/3753 1378/1778/3754
f 1379/1779/3755 1378/1778/3754 1380/1780/3756
f 1378/1778/3754 1339/1725/3753 1380/1780/3756
f 1339/1725/3757 1340/1726/3757 1380/1780/3757
f 1340/1726/3758 1342/1728/3758 1380/1780/3758
f 1380/1780/3759 1342/1728/3759 1381/1781/3759
f 1342/1728/3760 1343/1729/3761 1381/1781/3762
f 1343/1729/3761 1344/1730/3763 1381/1781/3762
f 1381/1781/3764 1344/1730/3764 1382/1782/3764
f 1344/1730/3765 1345/1783/3765 1382/1782/3765
f 1382/1782/3766 1345/1783/3766 1383/1784/3766
f 1345/1783/3767 1346/1736/3767 1383/1784/3767
f 1346/1736/3637 1347/1735/3636 1383/1784/3768
f 1383/1784/3769 1347/1735/3769 1384/1785/3769
f 1384/1785/3770 1347/1735/3771 1385/1786/3772
f 1347/1735/3771 1348/1737/3773 1385/1786/3772
f 1385/1786/3772 1348/1737/3773 1386/1787/3774
f 1386/1787/3774 1348/1737/3773 1387/1788/3775
f 1348/1737/3776 1349/1741/3776 1387/1788/3776
f 1349/1741/3646 1350/1740/3645 1387/1788/3777
f 1388/1789/3778 1387/1788/3779 1389/1790/3780
f 1387/1788/3779 1350/1740/3781 1389/1790/3780
f 1389/1790/3782 1350/1740/3782 1390/1791/3782
f 1350/1740/3783 1351/1742/3654 1390/1791/3784
f 1351/1742/3654 1352/1792/3655 1390/1791/3784
f 1390/1791/3785 1352/1792/3786 1391/1793/3787
f 1352/1745/3788 1353/1746/3788 1391/1794/3788
f 1353/1746/3661 1354/1747/3663 1391/1794/3789
f 1354/1747/3790 1355/1795/3790 1391/1794/3790
f 1391/1793/3791 1355/1753/3791 1392/1796/3791
f 1355/1753/3792 1357/1751/3792 1392/1796/3792
f 1392/1796/3793 1357/1751/3793 1393/1797/3793
f 1357/1751/3794 1356/1750/3794 1393/1797/3794
f 1393/1797/3795 1356/1750/3796 1394/1798/3797
f 1394/1798/3797 1356/1750/3796 1395/1799/3798
f 1356/1750/3799 1358/1752/3799 1395/1799/3799
f 1358/1752/3800 1359/1754/3800 1395/1799/3800
f 1395/1799/3801 1359/1754/3802 1396/1800/3803
f 1359/1754/3804 1360/1756/3804 1396/1800/3804
f 1360/1756/3805 1361/1801/3805 1396/1800/3805
f 1396/1800/3806 1361/1801/3683 1397/1802/3807
f 1361/1801/3683 1362/1764/3685 1397/1802/3807
f 1362/1764/3694 1363/1761/3693 1397/1802/3808
f 1397/1802/3809 1363/1761/3810 1398/1803/3811
f 1363/1761/3690 17/17/3689 1398/1803/3812
f 17/17/3813 16/16/3813 1398/1803/3813
f 1398/1803/3814 16/16/3814 1399/1804/3814
f 16/16/3815 15/15/3815 1399/1804/3815
f 15/15/3816 11/11/3816 1399/1804/3816
f 11/11/3817 10/10/3817 1399/1804/3817
f 10/10/3818 12/12/3818 1399/1804/3818
f 1399/1804/3819 12/12/3819 1400/1805/3819
f 12/12/3820 13/13/3820 1400/1805/3820
f 13/13/3821 14/14/3821 1400/1805/3821
f 1400/1805/3822 14/14/3822 1401/1806/3822
f 14/14/3823 15/15/3823 1401/1806/3823
f 15/15/3824 17/17/3824 1401/1806/3824
f 1401/1806/3825 17/17/3826 1402/1807/3827
f 1403/1808/3828 1402/1807/3829 1404/1809/3830
f 1402/1807/3827 17/17/3826 1404/1809/3831
f 17/17/3826 1364/1762/3832 1404/1809/3831
f 1364/1762/3833 1365/1763/3833 1404/1809/3833
f 1365/1763/3834 1366/1766/3835 1404/1809/3836
f 1366/1766/3835 1367/1767/3837 1404/1809/3836
f 1404/1809/3836 1367/1767/3837 1405/1810/3838
f 1367/1767/3707 1369/1769/3709 1405/1810/3839
f 1369/1769/3840 1370/1770/3841 1405/1810/3842
f 1370/1770/3841 1371/1771/3843 1405/1810/3842
f 1405/1810/3842 1371/1771/3843 1406/1811/3844
f 1371/1771/3843 1372/1772/3845 1406/1811/3844
f 1372/1772/3846 1373/1773/3846 1406/1811/3846
f 1406/1811/3847 1373/1773/3847 1407/1812/3847
f 1408/1813/3848 1407/1812/3849 1409/1814/3850
f 1407/1812/3849 1373/1773/3851 1409/1814/3850
f 1409/1814/3850 1373/1773/3851 1410/1815/3852
f 1373/1773/3851 1374/1774/3853 1410/1815/3852
f 1374/1774/3853 1375/1775/3736 1410/1815/3852
f 1375/1775/3736 1376/1776/3738 1410/1815/3852
f 1376/1776/3741 9/9/3740 1410/1815/3854
f 1410/1815/3854 9/9/3740 1411/1816/3855
f 9/9/3856 8/8/3856 1411/1816/3856
f 1411/1816/3857 8/8/3858 1412/1817/3859
f 8/8/3858 1/1/3860 1412/1817/3859
f 1412/1817/3861 1/1/3861 1413/1818/3861
f 1/1/3862 3/3/3862 1413/1818/3862
f 3/3/3863 4/4/3864 1413/1818/3865
f 4/4/3864 5/5/3866 1413/1818/3865
f 1413/1818/3867 5/5/3867 1414/1819/3867
f 5/5/3868 6/6/3868 1414/1819/3868
f 1414/1819/3869 6/6/3869 1415/1820/3869
f 6/6/3870 7/7/3870 1415/1820/3870
f 7/7/3871 9/9/3871 1415/1820/3871
f 9/9/3872 1377/1777/3872 1415/1820/3872
f 1377/1777/3745 1378/1778/3746 1415/1820/3873
f 1378/1778/3874 1379/1779/3874 1415/1820/3874
f 1415/1820/3875 1379/1779/3875 1416/1821/3875
f 1379/1779/3876 1380/1780/3876 1416/1821/3876
f 1380/1780/3877 1381/1781/3878 1416/1821/3879
f 1416/1821/3879 1381/1781/3878 1417/1822/3880
f 1381/1781/3881 1382/1782/3882 1417/1822/3883
f 1382/1782/3882 1383/1784/3884 1417/1822/3883
f 1417/1822/3883 1383/1784/3884 1418/1823/3885
f 1383/1784/3886 1384/1785/3886 1418/1823/3886
f 1384/1785/3887 1385/1786/3888 1418/1823/3889
f 1385/1786/3888 1386/1787/3890 1418/1823/3889
f 1418/1823/3891 1386/1787/3774 1419/1824/3892
f 1386/1787/3774 1387/1788/3775 1419/1824/3892
f 1419/1824/3893 1387/1788/3894 1420/1825/3895
f 1387/1788/3894 1388/1789/3896 1420/1825/3895
f 1420/1825/3897 1388/1789/3898 1421/1826/3899
f 1421/1826/3899 1388/1789/3898 1422/1827/3900
f 1388/1789/3901 1389/1790/3901 1422/1827/3901
f 1422/1827/3902 1389/1790/3902 1423/1828/3902
f 1389/1790/3903 1390/1791/3904 1423/1828/3905
f 1423/1828/3905 1390/1791/3904 1424/1829/3906
f 1390/1791/3785 1391/1793/3787 1424/1829/3907
f 1391/1793/3908 1392/1796/3909 1424/1829/3910
f 1392/1796/3909 1393/1797/3911 1424/1829/3910
f 1393/1797/3795 1394/1798/3797 1424/1829/3912
f 1424/1829/3913 1394/1798/3914 1425/1830/3915
f 1425/1830/3915 1394/1798/3914 1426/1831/3916
f 1394/1798/3914 1395/1799/3917 1426/1831/3916
f 1395/1799/3801 1396/1800/3803 1426/1831/3918
f 1396/1800/3919 1397/1802/3919 1426/1831/3919
f 1426/1831/3920 1397/1802/3809 1427/1832/3921
f 1397/1802/3809 1398/1803/3811 1427/1832/3921
f 1427/1832/3921 1398/1803/3811 1428/1833/3922
f 1428/1833/3922 1398/1803/3811 1429/1834/3923
f 1398/1803/3924 1399/1804/3924 1429/1834/3924
f 1399/1804/3925 1400/1805/3925 1429/1834/3925
f 1429/1834/3926 1400/1805/3926 1430/1835/3926
f 1400/1805/3927 1401/1806/3927 1430/1835/3927
f 1401/1806/3928 1402/1807/3928 1430/1835/3928
f 1402/1807/3929 1403/1808/3930 1430/1835/3931
f 1430/1835/3931 1403/1808/3930 1431/1836/3932
f 1403/1808/3828 1404/1809/3830 1431/1836/3933
f 1404/1809/3836 1405/1810/3838 1431/1836/3934
f 1405/1810/3838 1406/1811/3935 1431/1836/3934
f 1431/1836/3934 1406/1811/3935 1432/1837/3936
f 1406/1811/3935 1407/1812/3937 1432/1837/3936
f 1432/1837/3938 1407/1812/3938 1433/1838/3938
f 1407/1812/3939 1408/1813/3939 1433/1838/3939
f 1408/1813/3940 1434/1839/3941 1433/1838/3942
f 1433/1838/3942 1434/1839/3941 1435/1840/3943
f 1435/1840/3944 1434/1839/3944 1436/1841/3944
f 1434/1839/3945 1408/1813/3945 1436/1841/3945
f 1408/1813/3946 1409/1814/3946 1436/1841/3946
f 1409/1814/3947 1410/1815/3947 1436/1841/3947
f 1410/1815/3948 1411/1816/3948 1436/1841/3948
f 1436/1841/3949 1411/1816/3950 1437/1842/3951
f 1411/1816/3952 1412/1817/3952 1437/1842/3952
f 1412/1817/3953 1413/1818/3953 1437/1842/3953
f 1413/1818/3954 1414/1819/3954 1437/1842/3954
f 1437/1842/3951 1414/1819/3955 1438/1843/3956
f 1414/1819/3955 1415/1820/3957 1438/1843/3956
f 1415/1820/3957 1416/1821/3958 1438/1843/3956
f 1416/1821/3959 1417/1822/3959 1438/1843/3959
f 1417/1822/3883 1418/1823/3885 1438/1843/3960
f 1438/1843/3956 1418/1823/3961 1439/1844/3962
f 1418/1823/3963 1419/1824/3963 1439/1844/3963
f 1439/1844/3964 1419/1824/3965 1440/1845/3966
f 1419/1824/3965 1420/1825/3967 1440/1845/3966
f 1420/1825/3897 1421/1826/3899 1440/1845/3968
f 1421/1826/3899 1422/1827/3900 1440/1845/3968
f 1440/1845/3968 1422/1827/3900 1441/1846/3969
f 1422/1827/3970 1423/1828/3971 1441/1846/3972
f 1441/1846/3972 1423/1828/3971 1442/1847/3973
f 1423/1828/3974 1424/1829/3975 1442/1847/3976
f 1424/1829/3975 1425/1830/3977 1442/1847/3976
f 1442/1847/3978 1425/1830/3979 1443/1848/3980
f 1425/1830/3915 1426/1831/3916 1443/1848/3981
f 1426/1831/3920 1427/1832/3921 1443/1848/3982
f 1427/1832/3983 1428/1833/3983 1443/1848/3983
f 1443/1848/3984 1428/1833/3985 1444/1849/3986
f 1444/1849/3986 1428/1833/3985 1445/1850/3987
f 1428/1833/3985 1429/1834/3988 1445/1850/3987
f 1429/1834/3988 1430/1835/3931 1445/1850/3987
f 1430/1835/3931 1431/1836/3932 1445/1850/3987
f 1431/1836/3932 1432/1837/3989 1445/1850/3987
f 1432/1837/3990 1433/1838/3990 1445/1850/3990
f 1433/1838/3991 1435/1840/3991 1445/1850/3991
f 1435/1840/3992 1436/1841/3992 1445/1850/3992
f 1445/1850/3993 1436/1841/3949 1446/1851/3994
f 1436/1841/3949 1437/1842/3951 1446/1851/3994
f 1437/1842/3951 1438/1843/3956 1446/1851/3994
f 1438/1843/3956 1439/1844/3962 1446/1851/3994
f 1439/1844/3995 1440/1845/3995 1446/1851/3995
f 1446/1851/3994 1440/1845/3996 1447/1852/3997
f 1440/1845/3996 1441/1846/3998 1447/1852/3997
f 1441/1846/3998 1442/1847/3999 1447/1852/3997
f 1442/1847/3978 1443/1848/3980 1447/1852/4000
f 1443/1848/4001 1444/1849/4002 1447/1852/4003
f 1444/1849/4002 1445/1850/4004 1447/1852/4003
f 1446/1851/3994 1447/1852/3997 1445/1850/3993
