v -0.877029 0.732613 -0.024199
v -0.874572 0.735309 -0.017203
v -0.884644 0.749618 -0.014479
v -0.882596 0.757965 -0.009440
v -0.892168 0.755650 -0.017724
v -0.890873 0.757705 -0.011101
v -0.886291 0.742418 -0.010883
v -0.891358 0.736829 -0.009130
v -0.891211 0.763413 -0.000832
v -0.884531 0.755164 0.001364
v -0.875945 0.765229 -0.007209
v -0.870293 0.746451 -0.012051
v -0.877669 0.749273 -0.025008
v -0.879429 0.754073 -0.033145
v -0.889676 0.761344 -0.026395
v -0.896806 0.771218 -0.016189
v -0.893055 0.791249 -0.005245
v -0.875494 0.826194 0.000843
v -0.893125 0.798027 -0.001733
v -0.878246 0.802609 0.003053
v -0.861150 0.810675 -0.001733
v -0.881984 0.788427 -0.000191
v -0.869385 0.780009 -0.014275
v -0.878295 0.769142 -0.029048
v -0.889001 0.786674 -0.024488
v -0.894434 0.800321 -0.018181
v -0.885721 0.824287 -0.011488
v -0.877922 0.839996 -0.005414
v -0.871834 0.859105 -0.007539
v -0.864247 0.861294 0.000097
v -0.848277 0.877721 0.004222
v -0.859433 0.851975 0.000984
v -0.830611 0.876701 0.005256
v -0.851916 0.845965 -0.000543
v -0.846905 0.839567 -0.005717
v -0.856941 0.812195 -0.011981
v -0.872982 0.792952 -0.011685
v -0.877324 0.793656 -0.022102
v -0.881575 0.807733 -0.026627
v -0.875332 0.841882 -0.027542
v -0.873017 0.857571 -0.020293
v -0.884025 0.855818 -0.021982
v -0.884257 0.855262 -0.007504
v -0.907793 0.845190 -0.006934
v -0.907920 0.845571 -0.022088
v -0.910242 0.865827 -0.022665
v -0.911868 0.889700 -0.021968
v -0.911924 0.890214 -0.007385
v -0.893991 0.896042 -0.007145
v -0.910714 0.866636 -0.007448
v -0.849403 0.890841 -0.006547
v -0.826093 0.902067 0.016503
v -0.838712 0.906613 0.009810
v -0.840155 0.886568 0.008071
v -0.818132 0.890102 0.006558
v -0.830414 0.862350 -0.003324
v -0.843435 0.840594 -0.018744
v -0.858856 0.815989 -0.024424
v -0.857265 0.845366 -0.033813
v -0.866450 0.849357 -0.033173
v -0.868569 0.866671 -0.022651
v -0.853823 0.882374 -0.021025
v -0.877352 0.903003 -0.021567
v -0.868963 0.906803 -0.007701
v -0.844934 0.920063 -0.009820
v -0.840352 0.928622 0.008972
v -0.837326 0.949786 -0.009383
v -0.834489 0.951715 -0.002725
v -0.833828 0.948547 0.010711
v -0.829879 0.934407 0.028961
v -0.811312 0.919437 0.027659
v -0.814831 0.903249 0.017742
v -0.813353 0.891010 0.008691
v -0.812840 0.892685 -0.009813
v -0.827641 0.862702 -0.014958
v -0.840071 0.856438 -0.027591
v -0.852845 0.871190 -0.030365
v -0.841035 0.890066 -0.028401
v -0.844624 0.920781 -0.021004
v -0.834011 0.950546 -0.022369
v -0.863902 0.972414 -0.017527
v -0.864254 0.977186 -0.027683
v -0.865240 0.975370 -0.005266
v -0.840275 0.975222 0.003616
v -0.854246 0.990144 0.002638
v -0.828232 0.958661 0.003567
v -0.811946 0.964644 0.020276
v -0.817020 0.951926 0.027328
v -0.808138 0.938884 0.030003
v -0.797940 0.906937 0.057121
v -0.804556 0.931867 0.039793
v -0.807702 0.899526 0.047070
v -0.813367 0.893170 0.031607
v -0.822813 0.502279 0.066806
v -0.828690 0.522310 0.064701
v -0.842872 0.501899 0.045571
v -0.842633 0.520072 0.046810
v -0.830682 0.524837 0.039828
v -0.811706 0.521916 0.066264
v -0.806583 0.501885 0.061006
v -0.812396 0.530509 0.020607
v -0.800065 0.520156 0.053841
v -0.799256 0.501646 0.043214
v -0.842062 0.501463 -0.005259
v -0.844153 0.520719 0.014385
v -0.828366 0.532156 0.020431
v -0.805442 0.538857 0.015145
v -0.798531 0.521275 0.011548
v -0.800121 0.500829 -0.002697
v -0.828591 0.501230 -0.028598
v -0.803690 0.501026 -0.025332
v -0.800832 0.523901 -0.023889
v -0.819962 0.532255 -0.033314
v -0.834785 0.532403 -0.026493
v -0.838529 0.530545 -0.016865
v -0.838353 0.536830 -0.004844
v -0.832856 0.539786 0.006150
v -0.817161 0.543671 0.010049
v -0.809222 0.566053 0.004876
v -0.801832 0.541243 0.004616
v -0.798130 0.528306 -0.011593
v -0.803134 0.538850 -0.024157
v -0.822827 0.540370 -0.029492
v -0.831442 0.556438 -0.020539
v -0.833377 0.565609 -0.008616
v -0.828978 0.564962 0.001829
v -0.812178 0.603982 0.008979
v -0.792971 0.599506 0.003236
v -0.796286 0.572514 -0.003077
v -0.782807 0.602785 -0.015479
v -0.794906 0.567728 -0.017907
v -0.800846 0.584268 -0.032145
v -0.809778 0.585281 -0.034566
v -0.825677 0.556600 -0.027542
v -0.830597 0.620430 -0.024847
v -0.832863 0.619663 -0.006674
v -0.828619 0.621634 0.002596
v -0.808560 0.633008 0.013941
v -0.804070 0.645437 0.020198
v -0.791718 0.643818 0.015265
v -0.778296 0.627856 0.000660
v -0.779675 0.619924 -0.025255
v -0.785644 0.614413 -0.035474
v -0.798348 0.628933 -0.038705
v -0.807864 0.617172 -0.041379
v -0.823165 0.619712 -0.034672
v -0.825107 0.648971 -0.016218
v -0.824326 0.640046 -0.001092
v -0.811678 0.659465 0.013822
v -0.798580 0.660211 0.019811
v -0.783145 0.680755 0.018291
v -0.780851 0.658331 -0.002711
v -0.765768 0.741017 -0.014754
v -0.771905 0.712413 -0.005343
v -0.782244 0.667333 -0.020448
v -0.792562 0.665806 -0.028352
v -0.806280 0.667974 -0.027767
v -0.815796 0.708113 -0.027247
v -0.815831 0.671437 -0.022320
v -0.822123 0.671155 -0.008264
v -0.822883 0.711189 0.010218
v -0.813508 0.728313 0.025836
v -0.820145 0.769684 0.020937
v -0.803486 0.739039 0.033416
v -0.786833 0.731670 0.032607
v -0.771229 0.727609 0.017235
v -0.766915 0.756994 0.006446
v -0.763790 0.757508 -0.008159
v -0.748390 0.759767 0.010999
v -0.704556 0.533212 -0.032631
v -0.700952 0.501941 -0.031026
v -0.714796 0.501744 -0.023882
v -0.694646 0.502096 0.067214
v -0.710447 0.501850 0.058240
v -0.714656 0.501385 0.037337
v -0.712924 0.519671 0.056234
v -0.716070 0.521979 0.009838
v -0.707097 0.527800 0.023161
v -0.699446 0.521986 0.067003
v -0.687755 0.522641 0.065680
v -0.679387 0.502251 0.057044
v -0.671905 0.519994 0.046064
v -0.670582 0.501638 0.039209
v -0.718893 0.532959 -0.010024
v -0.718203 0.531600 0.004292
v -0.696032 0.538737 0.018101
v -0.686390 0.530854 0.020353
v -0.675530 0.526082 0.011640
v -0.670498 0.518319 0.005108
v -0.672131 0.501737 -0.007744
v -0.685018 0.501610 -0.025431
v -0.680612 0.535802 -0.023073
v -0.689079 0.532846 -0.030308
v -0.704000 0.540574 -0.028809
v -0.716021 0.543608 -0.021771
v -0.719766 0.560134 -0.017133
v -0.731702 0.605009 -0.007511
v -0.717471 0.572535 -0.003492
v -0.713762 0.537083 0.004482
v -0.693449 0.541954 0.010676
v -0.681710 0.539765 0.004355
v -0.675213 0.525083 -0.011805
v -0.683849 0.564856 -0.016464
v -0.689212 0.558881 -0.025628
v -0.709483 0.557501 -0.028394
v -0.724383 0.579271 -0.022827
v -0.735010 0.613153 -0.025832
v -0.737622 0.633113 -0.007173
v -0.733356 0.630805 0.007276
v -0.715521 0.599041 0.004975
v -0.702099 0.567791 0.005059
v -0.687903 0.566904 0.002082
v -0.683554 0.572852 -0.004548
v -0.684377 0.617946 -0.023101
v -0.689255 0.573865 -0.029309
v -0.700896 0.573724 -0.034778
v -0.707941 0.617158 -0.041584
v -0.720047 0.616151 -0.040429
v -0.729732 0.615595 -0.034299
v -0.735250 0.661956 -0.014873
v -0.732357 0.658233 0.004595
v -0.722820 0.654559 0.016306
v -0.720582 0.642003 0.017686
v -0.714832 0.632184 0.013646
v -0.699087 0.601765 0.008571
v -0.688206 0.618037 0.003243
v -0.683005 0.620550 -0.009764
v -0.689726 0.641425 -0.017703
v -0.692049 0.620557 -0.034475
v -0.715465 0.663765 -0.029752
v -0.729281 0.662357 -0.024811
v -0.741155 0.698147 -0.014873
v -0.748411 0.727982 0.008663
v -0.741007 0.730657 0.024393
v -0.726424 0.683704 0.022239
v -0.714416 0.665848 0.019656
v -0.709384 0.644234 0.019607
v -0.699453 0.634669 0.009901
v -0.690817 0.641278 -0.005590
v -0.692570 0.664279 -0.018146
v -0.702648 0.668966 -0.025600
v -0.708927 0.708296 -0.033060
v -0.722440 0.706727 -0.034081
v -0.739304 0.735098 -0.030470
v -0.748172 0.735506 -0.018421
v -0.749270 0.758190 -0.013360
v -0.768147 0.761928 -0.024241
v -0.777690 0.720866 -0.028823
v -0.788501 0.702109 -0.032152
v -0.804549 0.711323 -0.033307
v -0.809229 0.752328 -0.030196
v -0.824305 0.709528 -0.015704
v -0.825614 0.711970 -0.002584
v -0.826297 0.770613 0.001899
v -0.822440 0.784077 0.011330
v -0.812474 0.800814 0.020987
v -0.801114 0.792685 0.033395
v -0.785257 0.770430 0.031685
v -0.776642 0.762083 0.024175
v -0.740367 0.766376 0.025181
v -0.727128 0.740187 0.033585
v -0.713727 0.744790 0.033888
v -0.704373 0.758690 0.029714
v -0.707209 0.664588 0.016700
v -0.695688 0.667446 -0.001247
v -0.696624 0.671634 -0.018231
v -0.699995 0.706065 -0.027310
v -0.706491 0.753728 -0.030773
v -0.723439 0.757325 -0.034876
v -0.742562 0.761611 -0.028394
v -0.751670 0.767157 -0.029696
v -0.772348 0.766404 -0.030576
v -0.789268 0.755347 -0.034397
v -0.788565 0.780530 -0.038381
v -0.804682 0.776793 -0.035136
v -0.819364 0.769459 -0.022376
v -0.811559 0.792551 -0.025712
v -0.824009 0.779580 -0.012283
v -0.813177 0.810984 0.007269
v -0.812467 0.808549 0.023626
v -0.802845 0.800096 0.035647
v -0.788628 0.793776 0.038329
v -0.756899 0.788173 0.039110
v -0.724840 0.776870 0.033606
v -0.710348 0.794846 0.030587
v -0.695019 0.769177 0.018826
v -0.696370 0.712885 0.015807
v -0.691591 0.708535 0.002230
v -0.691915 0.708233 -0.014873
v -0.688853 0.771225 -0.013691
v -0.692851 0.769480 -0.020075
v -0.715887 0.777898 -0.038353
v -0.724650 0.797598 -0.036002
v -0.756646 0.788638 -0.034996
v -0.792351 0.795606 -0.035728
v -0.797982 0.812406 -0.021102
v -0.809560 0.810766 -0.009440
v -0.808349 0.836505 0.010387
v -0.803141 0.838870 0.025702
v -0.789381 0.864299 0.049647
v -0.798686 0.857916 0.029017
v -0.789240 0.837286 0.041602
v -0.798017 0.845972 0.022655
v -0.796835 0.833634 0.038737
v -0.793477 0.816812 0.038815
v -0.776508 0.790925 0.047922
v -0.731055 0.789447 0.037780
v -0.709912 0.799378 0.034958
v -0.704218 0.799421 0.021247
v -0.688748 0.771176 0.005883
v -0.696237 0.795409 -0.011586
v -0.706984 0.792375 -0.030850
v -0.722708 0.813483 -0.023692
v -0.758314 0.809654 -0.028077
v -0.782469 0.812364 -0.026789
v -0.780548 0.817720 -0.029893
v -0.798186 0.819254 -0.021454
v -0.803465 0.838905 -0.003725
v -0.798439 0.851454 -0.002584
v -0.806491 0.871654 -0.008433
v -0.810672 0.898414 -0.020441
v -0.823221 0.883486 -0.024150
v -0.831998 0.890629 -0.030245
v -0.826839 0.925103 -0.038135
v -0.831688 0.936160 -0.037079
v -0.826086 0.954748 -0.030372
v -0.845919 0.974885 -0.032539
v -0.853162 0.990784 -0.032962
v -0.847440 0.999772 -0.024572
v -0.846757 1.000750 -0.007884
v -0.814705 0.972949 -0.002099
v -0.809152 0.969965 0.008480
v -0.800621 0.959422 0.020332
v -0.786805 0.978917 0.021662
v -0.775093 0.972836 0.021965
v -0.775136 0.978678 0.014230
v -0.766816 0.986026 0.026519
v -0.769603 0.991467 0.027596
v -0.793076 1.062117 0.009050
v -0.781435 1.076735 0.007544
v -0.782568 1.069732 -0.018280
v -0.765739 1.081043 -0.008567
v -0.761643 1.073990 -0.025579
v -0.746602 1.070929 -0.027437
v -0.741007 1.080149 -0.008842
v -0.744421 1.083098 0.005735
v -0.766845 1.083499 0.013477
v -0.770603 1.064285 0.034472
v -0.779366 1.047893 0.033993
v -0.758849 1.053009 0.037238
v -0.744040 1.045837 0.035443
v -0.758786 1.042389 0.042045
v -0.759039 1.035224 0.039870
v -0.779633 1.036821 0.025815
v -0.785411 1.031944 0.009521
v -0.790190 1.040242 0.019319
v -0.796645 1.049392 0.003292
v -0.792147 1.054846 -0.017907
v -0.774791 1.058584 -0.033236
v -0.753964 1.051904 -0.040514
v -0.732005 1.064250 -0.026163
v -0.722440 1.058809 -0.015127
v -0.728071 1.071330 0.010155
v -0.726839 1.062483 0.019565
v -0.741387 1.070563 0.028419
v -0.744315 1.057697 0.039110
v -0.727057 1.045964 0.033325
v -0.730696 1.039623 0.029503
v -0.748038 1.027320 0.039089
v -0.752550 1.018599 0.046810
v -0.753120 1.009006 0.041187
v -0.773658 1.012870 0.032170
v -0.782976 1.020795 0.025928
v -0.785081 1.013187 0.008114
v -0.788726 1.006712 0.000794
v -0.792429 1.023779 -0.005998
v -0.795328 1.031303 -0.014198
v -0.782582 1.042311 -0.032786
v -0.768083 1.028706 -0.037565
v -0.747637 1.029107 -0.038571
v -0.731027 1.043437 -0.033440
v -0.718492 1.048322 -0.014740
v -0.719435 1.050919 0.008775
v -0.729077 1.051735 0.027321
v -0.726016 1.026208 0.025301
v -0.737417 0.996731 0.029679
v -0.756006 0.993191 0.041172
v -0.780865 1.006754 -0.000241
v -0.781723 1.017185 -0.022552
v -0.759806 1.008352 -0.028380
v -0.739818 1.011026 -0.025790
v -0.730260 1.017874 -0.023326
v -0.718604 1.030022 -0.010256
v -0.719984 1.016220 -0.006477
v -0.725621 1.011096 0.006924
v -0.735088 0.995479 0.016869
v -0.746807 0.991396 0.025562
v -0.740374 0.968965 0.024358
v -0.757441 0.967867 0.029376
v -0.772968 0.966812 0.030108
v -0.777022 0.975905 0.036703
v -0.784729 0.975244 0.040074
v -0.792809 0.976729 0.028159
v -0.794033 0.962976 0.021409
v -0.795603 0.968128 -0.001057
v -0.792548 0.979558 -0.000346
v -0.775748 0.983521 -0.005132
v -0.774129 1.000497 -0.010327
v -0.758413 0.995985 -0.016605
v -0.745300 0.999497 -0.014043
v -0.732455 1.008612 -0.004175
v -0.731372 0.999054 0.001526
v -0.732871 0.979234 0.015462
v -0.742077 0.972189 0.036147
v -0.747975 0.974103 0.040011
v -0.771173 0.971978 0.048358
v -0.771138 0.957824 0.040757
v -0.783406 0.960365 0.034493
v -0.784468 0.916207 0.063857
v -0.794927 0.892481 0.060760
v -0.797827 0.875518 0.052272
v -0.777170 0.875448 0.060324
v -0.777972 0.832120 0.052300
v -0.778943 0.826898 0.055805
v -0.739620 0.825673 0.055749
v -0.739782 0.791552 0.048323
v -0.728465 0.794740 0.041327
v -0.711855 0.824132 0.030538
v -0.700790 0.808852 0.019262
v -0.700495 0.809211 0.000358
v -0.706463 0.813173 -0.010854
v -0.715937 0.819346 -0.021102
v -0.728655 0.818635 -0.027894
v -0.759180 0.837857 -0.023664
v -0.789290 0.839947 -0.018421
v -0.788550 0.850891 -0.014789
v -0.802057 0.888947 -0.026930
v -0.808377 0.913694 -0.029295
v -0.814698 0.919599 -0.035348
v -0.811798 0.957380 -0.035502
v -0.813346 0.968015 -0.025670
v -0.804190 0.968022 -0.010432
v -0.782540 0.968860 -0.015929
v -0.779858 0.980572 -0.017330
v -0.760623 0.983851 -0.016232
v -0.737002 0.983443 -0.006554
v -0.722933 0.980508 -0.001451
v -0.721800 0.978066 0.027018
v -0.728338 0.975462 0.039708
v -0.744026 0.971823 0.048605
v -0.754225 0.955255 0.043382
v -0.766049 0.930487 0.062505
v -0.763607 0.905156 0.071754
v -0.771236 0.890179 0.068720
v -0.756414 0.879952 0.064821
v -0.737938 0.875033 0.061161
v -0.741922 0.832078 0.052800
v -0.728387 0.829361 0.049393
v -0.714473 0.836949 0.033339
v -0.709680 0.839250 0.015265
v -0.711432 0.839328 -0.004499
v -0.725431 0.839067 -0.019638
v -0.735285 0.844831 -0.018315
v -0.776494 0.856050 -0.019476
v -0.786819 0.877215 -0.028528
v -0.790078 0.907641 -0.039296
v -0.787108 0.923456 -0.040098
v -0.803063 0.933725 -0.034088
v -0.804098 0.947372 -0.031111
v -0.804028 0.962244 -0.023868
v -0.762734 0.967382 -0.022242
v -0.747503 0.980621 -0.020933
v -0.731315 0.979776 -0.015042
v -0.723735 0.968255 -0.006287
v -0.722166 0.967368 0.009127
v -0.721082 0.962244 0.017700
v -0.726184 0.959787 0.030193
v -0.738072 0.956648 0.038533
v -0.746631 0.926222 0.064012
v -0.734651 0.910048 0.067489
v -0.735285 0.889468 0.067559
v -0.722862 0.878481 0.057276
v -0.722489 0.863384 0.046113
v -0.725143 0.839391 0.039828
v -0.716852 0.843192 0.019875
v -0.719941 0.843016 -0.009207
v -0.731829 0.856276 -0.017991
v -0.732209 0.890637 -0.033490
v -0.758582 0.900124 -0.035397
v -0.756548 0.927651 -0.039852
v -0.775213 0.948878 -0.033088
v -0.753613 0.959612 -0.031301
v -0.735222 0.965981 -0.018829
v -0.719357 0.963757 -0.013585
v -0.672306 0.993951 -0.029654
v -0.690395 0.984421 -0.025846
v -0.674918 1.000631 -0.019244
v -0.658997 0.979417 -0.001479
v -0.670223 0.993142 0.000878
v -0.674284 0.999519 -0.006575
v -0.706745 0.970964 0.000013
v -0.713255 0.970028 -0.013599
v -0.695413 0.970943 -0.031702
v -0.661594 0.980762 -0.030604
v -0.659856 0.971570 -0.015605
v -0.687016 0.949498 -0.005217
v -0.691239 0.954079 0.000935
v -0.698461 0.961836 0.004130
v -0.709342 0.968550 0.010007
v -0.706759 0.956655 0.026033
v -0.689775 0.939581 0.029236
v -0.704654 0.936991 0.029024
v -0.712777 0.948195 0.028011
v -0.719780 0.922562 0.053609
v -0.715768 0.897443 0.058050
v -0.707420 0.887357 0.044452
v -0.717675 0.855150 0.027237
v -0.717739 0.850371 0.006213
v -0.720110 0.855487 -0.007617
v -0.718217 0.885590 -0.027598
v -0.729591 0.924188 -0.040486
v -0.739494 0.945282 -0.035812
v -0.720906 0.954530 -0.028077
v -0.713910 0.958478 -0.033926
v -0.699960 0.961913 -0.031624
v -0.694956 0.956803 -0.031582
v -0.691021 0.947808 -0.025065
v -0.687439 0.945232 -0.014261
v -0.677219 0.905677 -0.003119
v -0.683955 0.943860 0.009226
v -0.689698 0.919683 0.022986
v -0.703029 0.915235 0.024738
v -0.702916 0.903594 0.037963
v -0.703613 0.882184 0.021479
v -0.702930 0.886850 0.005418
v -0.704436 0.882789 -0.004956
v -0.707688 0.887272 -0.011136
v -0.709264 0.901630 -0.025586
v -0.718696 0.934372 -0.038494
v -0.708772 0.933957 -0.038782
v -0.692014 0.914243 -0.032800
v -0.682913 0.903108 -0.025825
v -0.680471 0.908978 -0.015690
v -0.659314 0.882951 -0.010805
v -0.670005 0.886871 0.004257
v -0.682202 0.900490 0.011401
v -0.699235 0.897316 0.013716
v -0.686439 0.857902 0.001491
v -0.693471 0.854354 -0.011847
v -0.696940 0.867389 -0.022320
v -0.697004 0.900434 -0.031498
v -0.676860 0.870859 -0.032736
v -0.661461 0.880994 -0.022721
v -0.651860 0.854389 -0.019434
v -0.658997 0.872900 -0.003704
v -0.650826 0.836892 -0.004295
v -0.666211 0.853608 0.000400
v -0.675882 0.838230 -0.002303
v -0.680703 0.837350 -0.020265
v -0.683026 0.855037 -0.030118
v -0.670019 0.847773 -0.033687
v -0.660700 0.855762 -0.032047
v -0.648186 0.827947 -0.023551
v -0.647940 0.841157 -0.011326
v -0.639079 0.799772 -0.005351
v -0.646645 0.795824 0.001406
v -0.661960 0.814806 0.001990
v -0.669801 0.816094 -0.003802
v -0.673911 0.817206 -0.015331
v -0.668407 0.817333 -0.025241
v -0.655851 0.803123 -0.024607
v -0.640944 0.802785 -0.018533
v -0.646378 0.771859 -0.030139
v -0.639586 0.775258 -0.013430
v -0.641261 0.788575 -0.006843
v -0.649594 0.786456 -0.003225
v -0.659222 0.796514 -0.008454
v -0.659715 0.799364 -0.019645
v -0.653922 0.780980 -0.028929
v -0.649305 0.759556 -0.033116
v -0.658005 0.755776 -0.032103
v -0.652184 0.757261 -0.019695
v -0.644639 0.761146 -0.012128
v -0.656900 0.768867 -0.006667
v -0.659159 0.774019 -0.012389
v -0.657399 0.760963 -0.020870
v -0.663818 0.752989 -0.017886
v -0.658434 0.734788 -0.025051
v -0.649207 0.746774 -0.013860
v -0.665240 0.756959 -0.009032
vt 0.696881 0.866510
vt 0.695401 0.870158
vt 0.689350 0.873142
vt 0.521484 0.950325
vt 0.525653 0.954270
vt 0.517351 0.952728
vt 0.516897 0.955196
vt 0.521250 0.957569
vt 0.519637 0.958871
vt 0.512206 0.962535
vt 0.522942 0.962489
vt 0.689674 0.877952
vt 0.692714 0.877345
vt 0.694138 0.881564
vt 0.695821 0.874679
vt 0.699979 0.873441
vt 0.528883 0.945575
vt 0.521239 0.944525
vt 0.517343 0.943504
vt 0.514114 0.949882
vt 0.509560 0.955339
vt 0.498722 0.961814
vt 0.481421 0.971344
vt 0.495032 0.962789
vt 0.489554 0.970675
vt 0.490368 0.975724
vt 0.497261 0.969144
vt 0.692041 0.892033
vt 0.697793 0.887194
vt 0.702882 0.882206
vt 0.702373 0.875298
vt 0.509845 0.945737
vt 0.502432 0.950938
vt 0.495047 0.955967
vt 0.482640 0.960669
vt 0.478107 0.967466
vt 0.829959 0.014339
vt 0.835586 0.011326
vt 0.825139 0.026526
vt 0.832057 0.027958
vt 0.840699 0.034567
vt 0.834330 0.025359
vt 0.475252 0.981676
vt 0.695476 0.938762
vt 0.691231 0.925062
vt 0.694376 0.921929
vt 0.476828 0.986163
vt 0.695182 0.905261
vt 0.698270 0.919885
vt 0.699679 0.906395
vt 0.698222 0.894524
vt 0.702882 0.893529
vt 0.706899 0.888717
vt 0.710128 0.897407
vt 0.489341 0.951430
vt 0.472829 0.950261
vt 0.824490 0.007951
vt 0.833338 0.006393
vt 0.820523 0.017250
vt 0.816582 0.021536
vt 0.818143 0.029415
vt 0.808582 0.032252
vt 0.807159 0.028496
vt 0.799548 0.029448
vt 0.790406 0.028564
vt 0.804712 0.680259
vt 0.802886 0.676396
vt 0.808030 0.672628
vt 0.794346 0.675017
vt 0.805577 0.041961
vt 0.841665 0.041742
vt 0.836645 0.646938
vt 0.834625 0.653781
vt 0.827385 0.649978
vt 0.820359 0.655612
vt 0.847766 0.039016
vt 0.689978 0.941401
vt 0.697174 0.946880
vt 0.699564 0.932616
vt 0.704492 0.919973
vt 0.705152 0.906644
vt 0.714319 0.917335
vt 0.468266 0.942259
vt 0.468167 0.945293
vt 0.821787 0.007150
vt 0.816796 0.014971
vt 0.813709 0.007683
vt 0.818666 0.679754
vt 0.814985 0.672763
vt 0.818245 0.665919
vt 0.831350 0.662840
vt 0.842476 0.661429
vt 0.850797 0.674052
vt 0.853586 0.671797
vt 0.854012 0.666181
vt 0.850470 0.656078
vt 0.849425 0.644796
vt 0.839506 0.642549
vt 0.831997 0.640920
vt 0.833426 0.638628
vt 0.827066 0.640464
vt 0.704733 0.947756
vt 0.704817 0.932446
vt 0.710357 0.926144
vt 0.719432 0.928267
vt 0.719042 0.918977
vt 0.816290 0.006338
vt 0.816823 0.684257
vt 0.822850 0.679764
vt 0.829323 0.668635
vt 0.152065 0.965439
vt 0.156824 0.953349
vt 0.155487 0.967273
vt 0.162859 0.954013
vt 0.156865 0.938981
vt 0.160434 0.937526
vt 0.151913 0.936880
vt 0.863440 0.678410
vt 0.865775 0.686429
vt 0.859902 0.670479
vt 0.860431 0.687791
vt 0.866812 0.660998
vt 0.860647 0.657003
vt 0.858408 0.649466
vt 0.854287 0.629886
vt 0.858599 0.643682
vt 0.848016 0.632333
vt 0.841470 0.635651
vt 0.015322 0.581114
vt 0.020571 0.575073
vt 0.024857 0.589123
vt 0.027376 0.582300
vt 0.944681 0.516193
vt 0.938319 0.520689
vt 0.943061 0.512590
vt 0.020761 0.564729
vt 0.009528 0.574356
vt 0.009617 0.582832
vt 0.939419 0.506913
vt 0.937405 0.521361
vt 0.935690 0.518584
vt 0.003816 0.580279
vt 0.005626 0.589487
vt 0.023892 0.610626
vt 0.957446 0.515018
vt 0.946564 0.522216
vt 0.950914 0.508658
vt 0.943918 0.505282
vt 0.938298 0.500732
vt 0.933325 0.506778
vt 0.931186 0.520299
vt 0.923315 0.514526
vt 0.005177 0.609183
vt 0.017446 0.620205
vt 0.006395 0.618795
vt 0.978410 0.506086
vt 0.977992 0.515656
vt 0.969486 0.502579
vt 0.967032 0.515306
vt 0.963471 0.501751
vt 0.959376 0.502763
vt 0.954394 0.500097
vt 0.948927 0.499161
vt 0.942501 0.497003
vt 0.941188 0.485383
vt 0.935612 0.497007
vt 0.928505 0.502007
vt 0.918292 0.510958
vt 0.924991 0.501504
vt 0.925223 0.495970
vt 0.977068 0.500183
vt 0.967538 0.498082
vt 0.961206 0.491386
vt 0.955422 0.487448
vt 0.950066 0.487179
vt 0.944829 0.468246
vt 0.935549 0.469440
vt 0.934684 0.481722
vt 0.925393 0.468315
vt 0.928159 0.484016
vt 0.917898 0.479788
vt 0.979581 0.480826
vt 0.975019 0.479910
vt 0.965372 0.491831
vt 0.965144 0.463890
vt 0.957656 0.463467
vt 0.953615 0.461655
vt 0.944876 0.454929
vt 0.943422 0.448482
vt 0.937625 0.448946
vt 0.929533 0.456541
vt 0.919666 0.461323
vt 0.914832 0.465066
vt 0.980121 0.459730
vt 0.986498 0.466216
vt 0.977225 0.465279
vt 0.970290 0.464257
vt 0.963130 0.450179
vt 0.955582 0.453292
vt 0.948331 0.442833
vt 0.941689 0.441557
vt 0.935106 0.432112
vt 0.927030 0.443197
vt 0.917537 0.405890
vt 0.922312 0.418928
vt 0.917677 0.440217
vt 0.911976 0.441663
vt 0.980704 0.442680
vt 0.974064 0.441820
vt 0.973782 0.424246
vt 0.968750 0.440354
vt 0.961099 0.439680
vt 0.957011 0.420550
vt 0.950694 0.411417
vt 0.956435 0.393151
vt 0.946024 0.405796
vt 0.939063 0.408539
vt 0.930460 0.410647
vt 0.925674 0.397016
vt 0.919591 0.397600
vt 0.898247 0.143344
vt 0.894962 0.144787
vt 0.894335 0.133601
vt 0.803104 0.063238
vt 0.789308 0.062725
vt 0.788248 0.057570
vt 0.981508 0.971647
vt 0.979355 0.977498
vt 0.971743 0.981602
vt 0.981806 0.982362
vt 0.966876 0.995125
vt 0.978901 0.994860
vt 0.989832 0.976648
vt 0.996118 0.972469
vt 0.979277 0.966471
vt 0.981050 0.961320
vt 0.971718 0.960851
vt 0.948838 0.991602
vt 0.798865 0.043232
vt 0.803957 0.051123
vt 0.803208 0.044989
vt 0.796604 0.096328
vt 0.795825 0.092252
vt 0.800998 0.095736
vt 0.801613 0.090141
vt 0.797622 0.088822
vt 0.990648 0.992516
vt 0.777675 0.091372
vt 0.782682 0.085993
vt 0.793900 0.083738
vt 0.791613 0.080254
vt 0.779078 0.082435
vt 0.786182 0.074275
vt 0.948541 0.969299
vt 0.942915 0.986718
vt 0.942718 0.978374
vt 0.787794 0.069701
vt 0.802245 0.073844
vt 0.801734 0.069563
vt 0.806942 0.063579
vt 0.807752 0.056915
vt 0.816028 0.054198
vt 0.837053 0.045693
vt 0.820482 0.046801
vt 0.805994 0.044218
vt 0.804766 0.095226
vt 0.804738 0.088542
vt 0.803000 0.084372
vt 0.797768 0.077274
vt 0.815216 0.077544
vt 0.813414 0.072545
vt 0.815125 0.061172
vt 0.825178 0.055377
vt 0.840941 0.054070
vt 0.849221 0.047418
vt 0.840449 0.113934
vt 0.829439 0.107099
vt 0.842054 0.108185
vt 0.829403 0.098636
vt 0.817031 0.097783
vt 0.816284 0.091191
vt 0.815218 0.085583
vt 0.818389 0.082824
vt 0.839129 0.078302
vt 0.820306 0.072245
vt 0.821096 0.066809
vt 0.841340 0.067832
vt 0.842020 0.063556
vt 0.841821 0.058776
vt 0.862762 0.056734
vt 0.850821 0.122216
vt 0.852860 0.113428
vt 0.853589 0.106559
vt 0.848526 0.103955
vt 0.844258 0.100335
vt 0.831445 0.092335
vt 0.838579 0.088258
vt 0.839986 0.083305
vt 0.850268 0.081247
vt 0.841353 0.073847
vt 0.862846 0.069695
vt 0.863560 0.062339
vt 0.879301 0.055403
vt 0.863643 0.131806
vt 0.879049 0.130439
vt 0.882934 0.124231
vt 0.865317 0.111221
vt 0.859051 0.103414
vt 0.850176 0.099864
vt 0.846222 0.093737
vt 0.849726 0.086443
vt 0.860394 0.081784
vt 0.863629 0.076512
vt 0.881290 0.074348
vt 0.881632 0.068300
vt 0.895084 0.061948
vt 0.895909 0.055410
vt 0.877659 0.141845
vt 0.888785 0.143028
vt 0.906198 0.054017
vt 0.911764 0.049438
vt 0.914379 0.052136
vt 0.912480 0.396962
vt 0.911625 0.416632
vt 0.908924 0.426202
vt 0.985526 0.427855
vt 0.979399 0.423300
vt 0.979313 0.404674
vt 0.967963 0.423000
vt 0.962605 0.420993
vt 0.964592 0.394230
vt 0.961235 0.387198
vt 0.957581 0.378332
vt 0.949563 0.381481
vt 0.939795 0.390345
vt 0.934390 0.394140
vt 0.903736 0.143570
vt 0.899028 0.127922
vt 0.888669 0.118951
vt 0.891620 0.114050
vt 0.897931 0.110423
vt 0.859012 0.099621
vt 0.861181 0.089798
vt 0.863976 0.081514
vt 0.879625 0.078820
vt 0.900507 0.078161
vt 0.903345 0.070126
vt 0.907071 0.061441
vt 0.911743 0.059223
vt 0.918244 0.051243
vt 0.908850 0.395877
vt 0.904000 0.402360
vt 0.988254 0.403998
vt 0.990129 0.392329
vt 0.983396 0.393382
vt 0.975480 0.395774
vt 0.978592 0.385100
vt 0.971046 0.391082
vt 0.964340 0.374563
vt 0.957415 0.374490
vt 0.950860 0.376381
vt 0.945586 0.379356
vt 0.938097 0.376924
vt 0.911198 0.133466
vt 0.908542 0.146285
vt 0.904558 0.121331
vt 0.915088 0.113001
vt 0.903464 0.104933
vt 0.879821 0.099915
vt 0.878874 0.093247
vt 0.879568 0.085532
vt 0.906385 0.090535
vt 0.906108 0.087117
vt 0.911769 0.076545
vt 0.921247 0.076620
vt 0.919933 0.062066
vt 0.923473 0.044738
vt 0.927617 0.050548
vt 0.932742 0.052860
vt 0.988016 0.384662
vt 0.980990 0.374279
vt 0.972105 0.374942
vt 0.964024 0.362634
vt 0.957018 0.360600
vt 0.842883 0.613554
vt 0.834367 0.618747
vt 0.834482 0.606177
vt 0.830212 0.615778
vt 0.831242 0.606784
vt 0.828205 0.612544
vt 0.827756 0.600880
vt 0.948010 0.369536
vt 0.821543 0.588538
vt 0.826476 0.586219
vt 0.828262 0.577011
vt 0.836990 0.568179
vt 0.911689 0.122499
vt 0.843518 0.560935
vt 0.844872 0.563113
vt 0.848825 0.557863
vt 0.917942 0.108148
vt 0.905394 0.099049
vt 0.917701 0.092936
vt 0.917591 0.083528
vt 0.929704 0.082648
vt 0.930787 0.066672
vt 0.936154 0.059029
vt 0.988880 0.374277
vt 0.880438 0.531552
vt 0.879328 0.528611
vt 0.884078 0.525689
vt 0.883882 0.523009
vt 0.605616 0.022584
vt 0.611910 0.023906
vt 0.603167 0.024095
vt 0.601513 0.030651
vt 0.609307 0.032227
vt 0.823702 0.615539
vt 0.821604 0.620376
vt 0.824129 0.624043
vt 0.825886 0.633157
vt 0.823391 0.641820
vt 0.170043 0.984225
vt 0.169821 0.989700
vt 0.162517 0.987643
vt 0.710920 0.940617
vt 0.716975 0.940657
vt 0.720376 0.938236
vt 0.159215 0.982705
vt 0.154937 0.981706
vt 0.165686 0.968457
vt 0.165695 0.962851
vt 0.168982 0.954186
vt 0.165393 0.940625
vt 0.165355 0.931004
vt 0.870028 0.700797
vt 0.172057 0.932219
vt 0.176424 0.928388
vt 0.871346 0.688594
vt 0.869728 0.671100
vt 0.869579 0.664921
vt 0.871194 0.656181
vt 0.078486 0.213150
vt 0.076072 0.206499
vt 0.080761 0.207893
vt 0.078058 0.199021
vt 0.080929 0.197629
vt 0.687241 0.948077
vt 0.689511 0.953425
vt 0.676095 0.954657
vt 0.684762 0.960556
vt 0.676626 0.963308
vt 0.677578 0.969567
vt 0.686389 0.970220
vt 0.692132 0.967885
vt 0.694850 0.958528
vt 0.705985 0.951075
vt 0.197084 0.050646
vt 0.202250 0.037785
vt 0.209407 0.041042
vt 0.209709 0.032924
vt 0.213052 0.025669
vt 0.207710 0.028820
vt 0.203718 0.026685
vt 0.197137 0.034549
vt 0.189579 0.037531
vt 0.194792 0.039884
vt 0.191373 0.047327
vt 0.185263 0.054720
vt 0.671251 0.949535
vt 0.668712 0.960267
vt 0.667640 0.970639
vt 0.678594 0.976161
vt 0.682375 0.981077
vt 0.694218 0.976478
vt 0.697320 0.979990
vt 0.702502 0.970163
vt 0.707618 0.973346
vt 0.215653 0.031351
vt 0.709091 0.982611
vt 0.703150 0.984777
vt 0.702501 0.988472
vt 0.216937 0.020862
vt 0.207827 0.020173
vt 0.203553 0.019093
vt 0.200212 0.014245
vt 0.192993 0.023735
vt 0.192130 0.029579
vt 0.184781 0.031802
vt 0.181263 0.032249
vt 0.181341 0.040037
vt 0.180689 0.044549
vt 0.660762 0.948760
vt 0.661621 0.958435
vt 0.658801 0.967230
vt 0.661943 0.980187
vt 0.671492 0.981114
vt 0.680959 0.986329
vt 0.691177 0.984942
vt 0.700309 0.984744
vt 0.702207 0.993223
vt 0.216465 0.015638
vt 0.080530 0.173859
vt 0.084725 0.189011
vt 0.074840 0.183679
vt 0.080558 0.190888
vt 0.087754 0.200326
vt 0.185551 0.019360
vt 0.178529 0.029432
vt 0.172698 0.040302
vt 0.651507 0.958933
vt 0.653200 0.975174
vt 0.061464 0.150719
vt 0.070353 0.143897
vt 0.067137 0.155553
vt 0.071677 0.155817
vt 0.668937 0.991497
vt 0.679102 0.993630
vt 0.073504 0.164949
vt 0.077834 0.158967
vt 0.073183 0.171754
vt 0.069008 0.180843
vt 0.071678 0.188429
vt 0.063203 0.192459
vt 0.067943 0.200116
vt 0.071638 0.206680
vt 0.069461 0.211837
vt 0.069985 0.215703
vt 0.077419 0.216511
vt 0.874161 0.654687
vt 0.876160 0.664363
vt 0.878914 0.664807
vt 0.880048 0.654179
vt 0.087948 0.218189
vt 0.088964 0.212303
vt 0.093827 0.209613
vt 0.095155 0.213987
vt 0.173473 0.030917
vt 0.164047 0.034524
vt 0.053277 0.149187
vt 0.057332 0.156909
vt 0.062052 0.161392
vt 0.068479 0.166040
vt 0.067119 0.172175
vt 0.061399 0.184419
vt 0.060103 0.197293
vt 0.060450 0.200902
vt 0.063427 0.213032
vt 0.880014 0.639721
vt 0.886080 0.643171
vt 0.875409 0.646694
vt 0.882786 0.649024
vt 0.861416 0.628242
vt 0.851629 0.623455
vt 0.844775 0.619469
vt 0.851065 0.612005
vt 0.837789 0.599280
vt 0.835996 0.597211
vt 0.845592 0.583831
vt 0.836593 0.574594
vt 0.839539 0.569528
vt 0.853143 0.568872
vt 0.852055 0.559533
vt 0.856642 0.552890
vt 0.924034 0.098565
vt 0.927180 0.092461
vt 0.861456 0.550293
vt 0.866708 0.545169
vt 0.866630 0.548630
vt 0.870516 0.544193
vt 0.874754 0.533083
vt 0.881314 0.543542
vt 0.887723 0.532951
vt 0.595190 0.028131
vt 0.593360 0.034058
vt 0.600424 0.036563
vt 0.598213 0.046816
vt 0.588226 0.053216
vt 0.591126 0.059131
vt 0.584334 0.064662
vt 0.170579 0.977350
vt 0.169949 0.971315
vt 0.175756 0.956214
vt 0.176845 0.950527
vt 0.185346 0.949020
vt 0.874936 0.669357
vt 0.567175 0.088012
vt 0.563243 0.089817
vt 0.558676 0.082137
vt 0.041665 0.150039
vt 0.038715 0.140594
vt 0.045727 0.152642
vt 0.042735 0.142915
vt 0.052609 0.158203
vt 0.048285 0.149247
vt 0.059954 0.170757
vt 0.055955 0.177708
vt 0.054932 0.189701
vt 0.054179 0.196060
vt 0.056511 0.203130
vt 0.893102 0.633943
vt 0.884773 0.632992
vt 0.872217 0.627498
vt 0.865226 0.617246
vt 0.858356 0.614501
vt 0.859415 0.605861
vt 0.863758 0.597686
vt 0.848001 0.586098
vt 0.849924 0.579710
vt 0.857206 0.573515
vt 0.861400 0.567270
vt 0.866362 0.560261
vt 0.872886 0.554318
vt 0.877434 0.554082
vt 0.890136 0.541037
vt 0.586898 0.033347
vt 0.584767 0.044884
vt 0.577591 0.057934
vt 0.572814 0.063764
vt 0.576273 0.073611
vt 0.176208 0.976692
vt 0.580416 0.076344
vt 0.573320 0.076454
vt 0.178714 0.961018
vt 0.181423 0.953846
vt 0.569642 0.082662
vt 0.551506 0.075571
vt 0.043905 0.159308
vt 0.051878 0.163902
vt 0.053873 0.171145
vt 0.050055 0.176942
vt 0.051082 0.184345
vt 0.047753 0.188832
vt 0.045496 0.195686
vt 0.898601 0.628703
vt 0.897306 0.622857
vt 0.891002 0.626419
vt 0.876969 0.619787
vt 0.875654 0.609644
vt 0.869115 0.602511
vt 0.870245 0.594003
vt 0.865874 0.586145
vt 0.856689 0.579180
vt 0.864023 0.571277
vt 0.871436 0.560095
vt 0.880192 0.558083
vt 0.560113 0.037261
vt 0.569442 0.023481
vt 0.567773 0.047033
vt 0.559653 0.056946
vt 0.561651 0.069704
vt 0.550703 0.068913
vt 0.540139 0.069224
vt 0.046350 0.168819
vt 0.532826 0.070396
vt 0.533214 0.066435
vt 0.527818 0.075750
vt 0.510305 0.056398
vt 0.518404 0.058986
vt 0.508592 0.060589
vt 0.498135 0.060174
vt 0.504944 0.067809
vt 0.507984 0.064688
vt 0.525143 0.069070
vt 0.528809 0.064970
vt 0.523909 0.055761
vt 0.507167 0.050043
vt 0.880688 0.957403
vt 0.874056 0.965060
vt 0.874660 0.957556
vt 0.866001 0.952639
vt 0.863750 0.955220
vt 0.863050 0.960273
vt 0.866745 0.972074
vt 0.858665 0.962123
vt 0.519960 0.072431
vt 0.523973 0.073956
vt 0.526018 0.078930
vt 0.520683 0.079876
vt 0.513438 0.081774
vt 0.515131 0.084825
vt 0.519950 0.083519
vt 0.901470 0.620239
vt 0.899570 0.614730
vt 0.885913 0.608958
vt 0.878563 0.598928
vt 0.880868 0.591355
vt 0.867489 0.576597
vt 0.870843 0.567756
vt 0.877069 0.564311
vt 0.897498 0.565287
vt 0.556427 0.030922
vt 0.550344 0.049235
vt 0.548452 0.059895
vt 0.538357 0.059932
vt 0.534777 0.057113
vt 0.528462 0.054098
vt 0.528143 0.051052
vt 0.527397 0.045902
vt 0.871868 0.946543
vt 0.865694 0.948910
vt 0.860313 0.925732
vt 0.857609 0.948790
vt 0.511066 0.074704
vt 0.850507 0.945183
vt 0.849808 0.935748
vt 0.843344 0.935556
vt 0.507220 0.090690
vt 0.897808 0.598213
vt 0.890206 0.594977
vt 0.886279 0.582903
vt 0.894129 0.580116
vt 0.833353 0.918219
vt 0.838066 0.921846
vt 0.829224 0.919211
vt 0.896450 0.573195
vt 0.901797 0.566639
vt 0.547231 0.033393
vt 0.543658 0.049469
vt 0.539641 0.047686
vt 0.537209 0.036766
vt 0.536851 0.028399
vt 0.531917 0.028202
vt 0.524728 0.042294
vt 0.527625 0.025062
vt 0.865976 0.923617
vt 0.861699 0.910943
vt 0.855370 0.916811
vt 0.852879 0.925671
vt 0.842914 0.926688
vt 0.897018 0.587023
vt 0.841244 0.907311
vt 0.833565 0.905581
vt 0.826714 0.909569
vt 0.548854 0.026992
vt 0.542166 0.022068
vt 0.541173 0.033461
vt 0.875304 0.915378
vt 0.870230 0.919115
vt 0.874410 0.901942
vt 0.866686 0.907598
vt 0.862247 0.896474
vt 0.857283 0.907651
vt 0.853024 0.891256
vt 0.849880 0.902215
vt 0.841809 0.897211
vt 0.888903 0.052646
vt 0.877118 0.053348
vt 0.884579 0.045360
vt 0.870121 0.052400
vt 0.875254 0.044825
vt 0.882203 0.901092
vt 0.880266 0.895545
vt 0.874108 0.893475
vt 0.869499 0.896037
vt 0.861238 0.883987
vt 0.857003 0.891645
vt 0.849961 0.873078
vt 0.845224 0.873235
vt 0.843210 0.884609
vt 0.901347 0.048681
vt 0.897802 0.046417
vt 0.894266 0.042692
vt 0.892446 0.038439
vt 0.878442 0.038664
vt 0.898743 0.033244
vt 0.875291 0.034528
vt 0.898855 0.028148
vt 0.855963 0.872690
vt 0.914326 0.020604
vt 0.909509 0.017626
vt 0.904300 0.017338
vt 0.848488 0.867778
vt 0.916633 0.045416
vt 0.911728 0.046279
vt 0.913814 0.042240
vt 0.906432 0.039781
vt 0.902048 0.035578
vt 0.908945 0.028675
vt 0.915548 0.023242
vt 0.917526 0.025077
vt 0.920509 0.022178
vt 0.916670 0.013649
vt 0.925449 0.039254
vt 0.919189 0.036493
vt 0.915525 0.034797
vt 0.919369 0.028788
vt 0.923384 0.026975
vt 0.931647 0.023128
vt 0.942509 0.140284
vt 0.938917 0.143430
vt 0.942304 0.130228
vt 0.938356 0.137077
vt 0.930173 0.033589
vt 0.923317 0.031906
vn -0.6831 -0.5682 0.4588
vn -0.5768 -0.3133 0.7544
vn -0.0308 -0.9528 0.3022
vn 0.1955 0.0447 -0.9797
vn -0.2399 -0.0857 -0.9670
vn -0.9989 0.0191 -0.0435
vn -0.5615 -0.2442 0.7906
vn 0.7295 -0.5235 0.4401
vn 0.9646 -0.2396 0.1102
vn 0.7428 -0.6683 -0.0398
vn -0.0395 -0.2607 0.9646
vn -0.2454 -0.4562 0.8554
vn -0.2394 -0.4137 0.8784
vn -0.2337 -0.3735 0.8977
vn -0.2280 -0.3348 0.9143
vn 0.9392 -0.2532 -0.2317
vn 0.8661 -0.0286 -0.4991
vn 0.8699 0.0095 -0.4931
vn 0.8685 -0.0323 -0.4947
vn -0.8331 -0.0583 -0.5500
vn -0.6682 -0.6952 -0.2649
vn -0.6473 -0.6831 -0.3382
vn -0.6475 -0.6830 -0.3380
vn -0.6287 -0.6701 -0.3946
vn -0.3407 -0.7379 -0.5826
vn -0.8873 -0.2250 -0.4026
vn -0.9143 -0.2992 0.2730
vn -0.9211 -0.3228 0.2178
vn -0.9221 -0.3278 0.2055
vn -0.9243 -0.3457 0.1616
vn -0.9410 -0.0087 0.3384
vn -0.2135 0.1158 0.9701
vn -0.3389 0.1269 0.9322
vn -0.3223 0.1250 0.9383
vn 0.3293 -0.1451 0.9330
vn 0.3616 -0.2476 0.8989
vn 0.3861 -0.3008 0.8720
vn -0.2605 -0.1493 0.9539
vn -0.4629 -0.4119 0.7849
vn -0.3875 0.1194 0.9141
vn -0.2667 0.0738 0.9609
vn -0.3637 0.1109 0.9249
vn -0.2400 0.0640 0.9687
vn 0.7500 0.0161 0.6613
vn 0.7255 -0.0091 0.6881
vn 0.7380 0.0224 0.6744
vn 0.6858 0.0426 0.7266
vn 0.7026 0.0281 0.7110
vn 0.8360 0.0510 -0.5463
vn 0.8603 -0.0127 -0.5096
vn 0.9756 -0.0138 -0.2191
vn 0.0195 0.2625 -0.9647
vn 0.0165 0.2611 -0.9652
vn 0.0319 0.2698 -0.9624
vn -0.5089 0.0783 -0.8573
vn -0.7862 0.0672 -0.6143
vn -0.9102 0.3167 -0.2671
vn -0.9402 -0.3177 -0.1226
vn -0.9962 -0.0475 0.0725
vn -0.9434 0.3097 0.1185
vn -0.9369 0.3181 0.1452
vn -0.9113 0.3496 0.2174
vn -0.9167 0.3691 0.1531
vn -0.5419 0.2666 0.7970
vn -0.5261 0.2665 0.8076
vn -0.5481 0.2636 0.7938
vn -0.4570 0.2665 0.8486
vn -0.6672 0.4885 0.5623
vn -0.6742 0.5250 0.5194
vn -0.6806 0.4358 0.5889
vn -0.2262 -0.0245 0.9738
vn -0.6444 -0.2646 0.7174
vn -0.4367 0.2673 0.8590
vn -0.1910 0.1136 0.9750
vn 0.0707 -0.2069 0.9758
vn 0.0963 -0.1344 0.9862
vn 0.1294 -0.1120 0.9852
vn 0.5859 -0.1799 0.7901
vn 0.8568 -0.4746 0.2017
vn 0.8711 -0.3880 0.3010
vn 0.8780 -0.3868 0.2818
vn 0.7516 -0.6232 0.2162
vn 0.7405 -0.6282 0.2388
vn 0.7163 -0.6375 0.2838
vn 0.7068 -0.6401 0.3011
vn 0.7676 0.0862 0.6351
vn 0.8834 0.3149 -0.3470
vn 0.8025 0.1326 -0.5817
vn 0.0344 0.2712 -0.9619
vn 0.2659 -0.2213 -0.9382
vn 0.3117 -0.2037 -0.9281
vn 0.2165 -0.2542 -0.9426
vn -0.5955 0.1298 -0.7928
vn -0.6541 0.4148 -0.6325
vn -0.8977 0.1530 -0.4132
vn -0.9038 0.1798 -0.3883
vn -0.9137 0.2408 -0.3273
vn -0.9162 0.2716 -0.2948
vn -0.9390 0.3335 0.0843
vn -0.9500 0.3082 0.0507
vn 0.1405 -0.9844 0.1054
vn 0.2324 -0.9723 0.0247
vn 0.3111 -0.9504 0.0025
vn 0.3454 -0.9380 -0.0308
vn 0.3933 -0.9190 -0.0275
vn 0.3939 -0.9187 -0.0268
vn -0.9924 -0.1227 -0.0058
vn -0.9950 -0.0982 -0.0195
vn -0.9935 -0.1134 0.0054
vn 0.7768 0.0713 -0.6256
vn -0.3301 0.9439 -0.0056
vn -0.3084 0.9506 -0.0347
vn -0.3565 0.9342 0.0102
vn 0.0247 -0.0240 0.9994
vn -0.0126 -0.0037 0.9999
vn 0.0008 0.0043 1.0000
vn -0.9987 -0.0513 -0.0021
vn -0.9983 -0.0570 -0.0112
vn -0.9950 -0.0976 -0.0210
vn 0.0132 0.0257 0.9996
vn 0.0054 0.0074 1.0000
vn -0.0021 -0.0230 0.9997
vn -0.0012 0.0497 0.9988
vn -0.6815 0.4284 0.5932
vn -0.4798 -0.0410 0.8764
vn -0.8799 0.1195 0.4599
vn -0.8740 0.0990 0.4757
vn -0.8431 0.0141 0.5375
vn -0.7136 0.4064 0.5706
vn -0.5345 0.1265 0.8356
vn 0.0711 -0.2094 0.9752
vn 0.0974 -0.1854 0.9778
vn 0.4146 -0.4625 0.7837
vn 0.4218 -0.4608 0.7809
vn 0.4346 -0.4460 0.7825
vn 0.4044 -0.3904 0.8271
vn 0.3926 -0.3725 0.8409
vn 0.8311 -0.5249 0.1836
vn 0.8427 -0.5055 0.1852
vn 0.7999 -0.4234 -0.4253
vn 0.7794 -0.5555 -0.2897
vn 0.7936 -0.5270 -0.3040
vn 0.7139 -0.6189 -0.3275
vn 0.7080 -0.6202 -0.3377
vn 0.1979 -0.2952 -0.9347
vn 0.2021 -0.3081 -0.9297
vn -0.1176 -0.1124 -0.9867
vn -0.5835 0.0850 -0.8076
vn -0.7020 0.3811 -0.6016
vn -0.7664 0.2878 -0.5743
vn -0.7318 0.3405 -0.5904
vn -0.7931 0.2431 -0.5585
vn 0.1940 -0.3336 -0.9225
vn -0.3001 0.3728 -0.8781
vn -0.0215 0.0604 -0.9979
vn 0.0109 0.0128 -0.9999
vn 0.0159 0.0005 -0.9999
vn 0.0164 0.0004 -0.9999
vn 0.0171 -0.0075 -0.9998
vn -0.4136 0.9103 0.0167
vn -0.4515 0.8918 0.0279
vn -0.0007 0.0551 0.9985
vn 0.0288 0.1072 0.9938
vn -0.8941 0.1822 0.4093
vn -0.9325 -0.0559 0.3569
vn -0.9191 -0.0541 0.3902
vn -0.9629 -0.0617 0.2629
vn -0.9679 0.2471 0.0454
vn -0.9370 0.2621 0.2309
vn -0.9562 0.2922 -0.0153
vn -0.8036 0.5682 0.1769
vn -0.8030 0.5690 0.1773
vn -0.8038 0.5689 0.1737
vn -0.9216 0.2780 0.2708
vn -0.8848 0.2557 0.3896
vn -0.8793 -0.0470 0.4740
vn -0.5352 -0.3573 0.7654
vn -0.2381 -0.3733 0.8967
vn -0.0855 -0.4453 0.8913
vn -0.1959 -0.4065 0.8924
vn -0.0420 -0.5004 0.8648
vn -0.0516 -0.4409 0.8961
vn 0.1566 -0.6625 0.7325
vn -0.2299 -0.5965 0.7690
vn 0.2216 -0.9717 -0.0817
vn 0.8650 -0.4567 0.2076
vn 0.8655 -0.4574 0.2044
vn 0.8299 -0.5277 0.1812
vn 0.7670 -0.3993 -0.5023
vn 0.7534 -0.4235 -0.5031
vn 0.4852 -0.2899 -0.8249
vn 0.2956 0.0764 -0.9523
vn -0.0108 0.1342 -0.9909
vn -0.4942 0.4069 -0.7683
vn -0.4938 0.4493 -0.7445
vn -0.5327 0.4805 -0.6967
vn -0.5827 0.4910 -0.6476
vn -0.6354 0.4619 -0.6188
vn -0.5545 0.1334 -0.8214
vn 0.0194 -0.0041 -0.9998
vn -0.4793 0.8766 0.0439
vn -0.4798 0.8763 0.0430
vn -0.9455 0.2771 -0.1708
vn -0.8562 0.3487 -0.3812
vn -0.5994 -0.7754 -0.1984
vn -0.5941 -0.7448 -0.3039
vn -0.5989 -0.7696 -0.2214
vn -0.5918 -0.7373 -0.3258
vn -0.9785 -0.1979 -0.0586
vn -0.6633 -0.7408 0.1063
vn -0.3029 -0.2227 0.9266
vn -0.3267 -0.2427 0.9134
vn -0.3251 -0.2417 0.9143
vn -0.3277 -0.2436 0.9128
vn -0.4269 -0.5773 0.6960
vn -0.8053 0.5666 0.1745
vn -0.6353 0.6733 0.3782
vn -0.6446 0.5813 0.4965
vn -0.6396 0.6315 0.4384
vn -0.6442 0.5380 0.5437
vn -0.6783 0.5441 0.4938
vn -0.0776 0.1493 0.9857
vn -0.0237 -0.1158 0.9930
vn -0.7066 0.1991 0.6790
vn -0.7037 0.3648 0.6097
vn -0.8628 -0.0094 0.5054
vn -0.9119 0.1548 0.3801
vn -0.9608 0.1132 0.2531
vn -0.9546 0.1156 0.2746
vn -0.9785 0.1034 0.1785
vn -0.9917 -0.1282 0.0115
vn -0.9543 -0.2987 0.0092
vn -0.9298 -0.3095 0.1994
vn -0.7186 -0.1393 0.6813
vn -0.7439 -0.1015 0.6606
vn -0.7564 -0.0821 0.6489
vn -0.7862 -0.0322 0.6171
vn -0.3268 0.9414 0.0830
vn -0.3061 0.9443 0.1204
vn -0.3335 0.9401 0.0703
vn 0.0136 0.9949 0.1001
vn -0.0896 0.0784 0.9929
vn 0.3287 -0.1602 0.9307
vn 0.1390 0.9737 0.1807
vn 0.2598 0.9497 0.1751
vn 0.3228 0.9310 0.1705
vn 0.7300 0.0070 0.6834
vn 0.9091 -0.1765 0.3773
vn -0.0235 -0.9997 0.0035
vn -0.0087 -0.9998 0.0182
vn -0.0105 -0.9998 0.0140
vn -0.0051 -0.9999 0.0135
vn -0.0125 -0.9999 0.0085
vn -0.9947 -0.0027 -0.1032
vn -0.9994 -0.0245 0.0262
vn -0.9984 -0.0042 -0.0569
vn -0.9988 0.0099 0.0470
vn -0.3523 0.9352 0.0355
vn -0.6247 0.7523 0.2092
vn -0.2890 0.9066 0.3076
vn 0.0990 0.9782 0.1823
vn -0.0000 0.6188 0.7856
vn 0.0443 0.5209 0.8525
vn -0.0020 0.6235 0.7818
vn 0.5727 0.0579 0.8177
vn 0.5729 0.8185 0.0424
vn 0.9991 0.0225 0.0368
vn 0.9998 -0.0013 0.0221
vn 0.9985 -0.0549 -0.0046
vn 0.9934 -0.0908 -0.0700
vn -0.0139 -0.9999 0.0085
vn -0.0124 -0.9999 -0.0020
vn -0.0069 -0.9999 -0.0080
vn 0.4490 0.0213 -0.8933
vn 0.4420 0.0013 -0.8970
vn 0.4519 0.0289 -0.8916
vn 0.1264 -0.1833 -0.9749
vn -0.4181 -0.0218 -0.9082
vn -0.9103 -0.1549 -0.3839
vn -0.8748 -0.1074 -0.4725
vn -0.8935 -0.1307 -0.4296
vn -0.8627 -0.0935 -0.4970
vn -0.9667 0.1699 -0.1914
vn -0.9772 0.1935 -0.0869
vn -0.7863 0.5697 0.2392
vn -0.6233 0.5904 0.5128
vn -0.3244 0.7879 0.5234
vn -0.0332 0.6867 0.7262
vn 0.4369 0.1208 0.8914
vn 0.3457 0.0932 0.9337
vn 0.3858 0.1053 0.9166
vn 0.2506 0.9221 0.2949
vn 0.8889 0.2744 0.3670
vn 0.9795 0.1871 0.0739
vn 0.9895 -0.1003 -0.1036
vn 0.9797 -0.1188 -0.1613
vn 0.9782 -0.1112 -0.1752
vn 0.9548 0.1426 -0.2608
vn 0.4610 0.0555 -0.8856
vn 0.2636 0.4856 -0.8335
vn -0.3997 0.2712 -0.8756
vn -0.4007 0.2722 -0.8749
vn -0.4007 0.2722 -0.8748
vn -0.9247 0.2078 -0.3190
vn -0.9264 0.2095 -0.3128
vn -0.9525 0.1950 -0.2340
vn -0.8963 0.2067 0.3923
vn -0.8962 0.2060 0.3929
vn -0.9150 0.0963 0.3917
vn -0.9130 0.1071 0.3936
vn -0.2834 0.2045 0.9370
vn -0.2356 0.2335 0.9434
vn -0.2078 0.2504 0.9456
vn -0.1617 0.2761 0.9474
vn -0.1352 -0.1220 0.9833
vn -0.1448 -0.1174 0.9825
vn 0.0745 -0.1681 0.9829
vn 0.2677 -0.0830 0.9599
vn 0.2451 -0.1715 0.9542
vn 0.6079 -0.2477 0.7544
vn 0.5946 -0.2517 0.7636
vn 0.5973 -0.2515 0.7616
vn 0.4709 0.1311 0.8724
vn 0.9210 -0.3177 0.2254
vn 0.9535 -0.2461 0.1738
vn 0.9618 -0.2034 0.1832
vn 0.9722 -0.0625 0.2255
vn 0.9670 -0.0387 0.2518
vn 0.8703 -0.1468 -0.4701
vn 0.8672 -0.1440 -0.4767
vn 0.8539 -0.1348 -0.5027
vn 0.8506 -0.1328 -0.5088
vn 0.2336 -0.1996 -0.9516
vn 0.2441 -0.1788 -0.9531
vn 0.2356 -0.1982 -0.9514
vn 0.2448 -0.1789 -0.9529
vn -0.2921 -0.0997 -0.9512
vn -0.4471 0.0289 -0.8940
vn -0.4155 0.0078 -0.9096
vn -0.7696 -0.0586 -0.6359
vn -0.7709 -0.0427 -0.6355
vn -0.7725 -0.0461 -0.6333
vn -0.7963 -0.0358 -0.6039
vn -0.9868 0.0021 -0.1618
vn -0.9877 0.0038 -0.1563
vn -0.9862 0.1126 -0.1213
vn -0.9875 0.1033 -0.1188
vn -0.9108 -0.0006 0.4128
vn -0.9092 0.0001 0.4163
vn -0.4886 -0.0087 0.8725
vn 0.0287 -0.1720 0.9847
vn 0.2617 -0.5073 0.8210
vn 0.1204 -0.2148 0.9692
vn 0.5795 -0.2284 0.7823
vn 0.5831 -0.2311 0.7788
vn 0.9204 -0.3147 0.2321
vn 0.9989 -0.0048 -0.0456
vn 0.9839 -0.1785 0.0023
vn 0.9972 -0.0679 -0.0323
vn 0.8792 -0.3467 -0.3269
vn 0.9018 -0.3053 -0.3060
vn 0.8918 -0.3247 -0.3150
vn 0.9084 -0.2922 -0.2989
vn 0.6061 -0.3821 -0.6976
vn 0.3652 0.1140 -0.9239
vn 0.3174 -0.0375 -0.9475
vn 0.2409 -0.1257 -0.9624
vn -0.4187 -0.1659 -0.8928
vn -0.3718 -0.1473 -0.9165
vn -0.7983 -0.0361 -0.6012
vn -0.7781 0.2976 -0.5532
vn -0.7442 0.3201 -0.5862
vn -0.8535 0.2470 -0.4589
vn -0.9691 0.2201 -0.1116
vn -0.8803 0.3403 0.3304
vn -0.8986 0.3212 0.2989
vn -0.9756 0.1571 0.1531
vn -0.9597 0.2177 0.1774
vn -0.5903 0.2888 0.7537
vn -0.7094 -0.0954 0.6983
vn -0.7113 -0.0808 0.6982
vn -0.7116 -0.0818 0.6978
vn -0.7134 -0.0702 0.6973
vn -0.4178 0.1787 0.8908
vn 0.3565 -0.1082 0.9280
vn 0.3287 -0.1222 0.9365
vn 0.3179 -0.1482 0.9365
vn 0.3705 -0.2114 0.9044
vn 0.9114 -0.2280 0.3424
vn 0.9044 -0.2391 0.3533
vn 0.9067 -0.2355 0.3498
vn 0.7975 0.1320 0.5887
vn 0.9811 -0.1583 0.1111
vn 0.9818 -0.1877 0.0269
vn 0.9739 -0.1748 -0.1448
vn 0.9801 -0.1673 -0.1067
vn 0.9961 0.0793 -0.0380
vn 0.9960 0.0706 -0.0542
vn 0.8347 0.1001 -0.5415
vn 0.5794 0.1884 -0.7929
vn 0.5570 0.1876 -0.8090
vn 0.0017 0.2701 -0.9628
vn -0.0435 0.2613 -0.9643
vn -0.0061 0.2685 -0.9633
vn -0.0497 0.2602 -0.9643
vn -0.3530 0.2524 -0.9009
vn -0.3596 0.2539 -0.8979
vn -0.3946 0.2638 -0.8802
vn -0.4682 -0.0559 -0.8818
vn -0.5076 -0.1093 -0.8547
vn -0.5229 -0.1130 -0.8449
vn -0.4031 0.2665 -0.8755
vn -0.8767 0.2502 -0.4109
vn -0.8836 0.2590 -0.3901
vn -0.9897 0.0948 0.1070
vn -0.8513 0.1744 0.4949
vn -0.9323 -0.1665 0.3212
vn -0.9226 -0.1760 0.3432
vn -0.9685 -0.0786 0.2365
vn -0.7827 -0.1271 0.6092
vn -0.8136 -0.0805 0.5758
vn -0.7925 -0.1132 0.5993
vn -0.8226 -0.0653 0.5649
vn -0.5973 0.0510 0.8004
vn -0.5190 -0.1137 0.8472
vn -0.5613 -0.0400 0.8266
vn -0.4082 -0.1784 0.8953
vn -0.4010 -0.1799 0.8982
vn 0.0341 -0.0524 0.9980
vn -0.0281 -0.1717 0.9847
vn 0.0060 -0.0958 0.9954
vn 0.3859 -0.2237 0.8950
vn 0.6829 -0.0798 0.7262
vn 0.6726 -0.1547 0.7236
vn 0.6838 -0.1040 0.7222
vn 0.9136 -0.2244 0.3391
vn 0.9840 -0.1478 0.0994
vn 0.9794 -0.1322 0.1527
vn 0.9605 -0.1945 0.1991
vn 0.1487 -0.9889 -0.0026
vn 0.1027 -0.9941 0.0347
vn 0.1094 -0.9936 0.0293
vn -0.4553 -0.0979 -0.8850
vn 0.0105 -0.9996 0.0259
vn 0.0033 -0.9998 0.0215
vn 0.0053 -1.0000 0.0062
vn -0.9737 -0.1130 0.1981
vn -0.9891 -0.0496 0.1386
vn -0.9958 -0.0278 0.0867
vn -0.9952 -0.0934 0.0288
vn -0.6242 0.7770 0.0810
vn -0.1581 0.9750 0.1562
vn -0.3023 0.9366 0.1770
vn -0.1383 0.9750 0.1737
vn -0.6243 0.0011 0.7812
vn -0.5530 -0.0595 0.8311
vn -0.5600 -0.0534 0.8268
vn -0.4896 -0.1090 0.8651
vn 0.1104 0.0375 0.9932
vn 0.5508 -0.1231 0.8255
vn 0.7803 0.0564 0.6229
vn 0.8904 -0.1010 0.4437
vn 0.0497 -0.9970 0.0594
vn 0.0085 -0.9999 0.0101
vn 0.0044 -1.0000 -0.0090
vn -0.9946 -0.1037 -0.0048
vn -0.9922 -0.1104 -0.0576
vn -0.9791 -0.2013 0.0277
vn -0.8462 0.1120 0.5210
vn -0.5152 0.7294 0.4501
vn 0.0738 0.3563 0.9314
vn -0.1085 0.9817 0.1564
vn -0.0345 0.9835 0.1775
vn 0.3705 0.9120 0.1761
vn 0.3893 0.9065 0.1633
vn 0.4446 0.8870 0.1245
vn 0.4694 0.8766 0.1057
vn 0.8623 0.5064 -0.0006
vn 0.8417 0.5399 0.0069
vn 0.8370 0.5471 -0.0054
vn 0.9977 0.0600 0.0318
vn 0.9994 0.0291 0.0163
vn 0.9952 0.0035 -0.0977
vn 0.9461 -0.0157 -0.3234
vn -0.0020 -1.0000 -0.0006
vn 0.0005 -1.0000 -0.0093
vn -0.0312 -0.9991 0.0299
vn 0.7813 -0.0578 -0.6215
vn 0.7039 0.0441 -0.7090
vn 0.6406 0.0420 -0.7668
vn 0.3274 -0.1038 -0.9392
vn 0.2779 -0.0845 -0.9569
vn 0.2020 -0.0548 -0.9779
vn 0.1475 -0.0337 -0.9885
vn 0.1431 0.4475 -0.8828
vn -0.3636 0.4507 -0.8153
vn -0.6799 0.0175 -0.7331
vn -0.6924 0.0161 -0.7213
vn -0.7395 0.0144 -0.6730
vn -0.7394 0.0210 -0.6729
vn -0.9880 -0.0676 -0.1389
vn -0.8451 -0.3171 0.4304
vn -0.9875 0.0095 0.1575
vn -0.9567 -0.0136 0.2909
vn -0.9739 -0.0022 0.2268
vn -0.9405 -0.0222 0.3390
vn -0.7754 0.6241 0.0965
vn -0.5726 0.4398 0.6919
vn -0.3049 0.9080 0.2873
vn 0.4035 0.7801 0.4781
vn 0.4411 0.7353 0.5146
vn 0.5423 0.6641 0.5146
vn 0.5473 0.6528 0.5237
vn 0.6529 0.5638 0.5058
vn 0.9482 0.2977 0.1107
vn 0.9259 0.3706 0.0729
vn 0.9361 0.0638 -0.3458
vn 0.8747 -0.0035 -0.4846
vn 0.8234 0.1136 -0.5560
vn 0.8590 0.0149 -0.5118
vn 0.9337 0.3337 -0.1297
vn 0.6134 0.1431 -0.7767
vn -0.0073 0.1769 -0.9842
vn 0.0505 0.1312 -0.9901
vn 0.0682 0.1171 -0.9908
vn 0.1305 0.0665 -0.9892
vn -0.5275 -0.1509 -0.8360
vn -0.7358 0.0231 -0.6768
vn -0.6957 -0.3290 -0.6385
vn -0.7313 -0.3510 -0.5848
vn -0.7074 -0.3145 -0.6330
vn -0.8990 -0.3093 -0.3101
vn -0.9619 -0.2679 0.0546
vn -0.9666 -0.2383 0.0938
vn -0.9698 -0.2334 0.0710
vn -0.9599 -0.2047 0.1914
vn -0.9475 -0.2025 0.2473
vn -0.6470 -0.4102 0.6428
vn -0.6500 -0.3320 0.6836
vn -0.6278 -0.2652 0.7318
vn -0.5600 -0.2144 0.8003
vn -0.5261 -0.2232 0.8206
vn -0.4444 0.1517 0.8829
vn -0.3584 0.1185 0.9260
vn -0.4027 0.1359 0.9052
vn -0.3127 0.1008 0.9445
vn 0.2138 0.2753 0.9373
vn 0.4923 0.1836 0.8508
vn 0.9563 0.2298 0.1810
vn 0.9560 0.2286 0.1838
vn 0.8910 -0.3869 0.2375
vn 0.9993 0.0024 -0.0385
vn 0.9996 0.0061 -0.0293
vn 0.9961 -0.0178 -0.0865
vn 0.8420 -0.0172 -0.5392
vn 0.8977 -0.0564 -0.4369
vn 0.4219 -0.1495 -0.8942
vn 0.4169 -0.2155 -0.8831
vn 0.4223 -0.1196 -0.8985
vn 0.1507 -0.4300 -0.8901
vn -0.0798 -0.1669 -0.9827
vn -0.2317 -0.2305 -0.9451
vn -0.1089 -0.1794 -0.9777
vn -0.2487 -0.2374 -0.9390
vn -0.5058 -0.2599 -0.8226
vn -0.6439 -0.2824 -0.7111
vn -0.7718 -0.2920 -0.5648
vn -0.8569 0.1091 -0.5039
vn -0.8577 0.1091 -0.5024
vn -0.8569 -0.0222 -0.5150
vn -0.9840 0.0344 -0.1748
vn -0.9774 0.1256 0.1698
vn -0.9648 0.0857 0.2487
vn -0.9726 0.1072 0.2062
vn -0.9545 0.0634 0.2915
vn -0.7577 0.0904 0.6463
vn -0.7016 0.0408 0.7114
vn -0.5583 0.0391 0.8287
vn -0.5800 -0.0138 0.8145
vn -0.1593 -0.4543 0.8765
vn -0.2505 -0.4902 0.8348
vn -0.1784 -0.4623 0.8686
vn -0.3003 -0.2356 0.9243
vn -0.2049 -0.1779 0.9625
vn -0.2660 -0.2388 0.9339
vn -0.1849 -0.1648 0.9688
vn -0.1999 -0.0832 0.9763
vn 0.1967 -0.1181 0.9733
vn 0.4337 -0.0232 0.9007
vn 0.4606 -0.0174 0.8874
vn 0.4720 -0.0270 0.8812
vn 0.8391 -0.0074 0.5439
vn 0.8522 -0.0025 0.5232
vn 0.8846 0.1585 0.4387
vn 0.9081 0.1479 0.3917
vn 0.9949 -0.0225 -0.0981
vn 0.9573 0.2770 -0.0820
vn 0.9565 0.2518 -0.1476
vn 0.9731 0.2250 0.0501
vn 0.8443 0.2754 -0.4598
vn 0.8216 0.2988 -0.4855
vn 0.8314 0.2890 -0.4747
vn 0.8276 -0.0126 -0.5611
vn 0.4211 -0.0737 -0.9040
vn 0.4203 -0.0735 -0.9044
vn 0.3194 0.2723 -0.9076
vn 0.3408 0.2829 -0.8966
vn 0.2423 0.2342 -0.9415
vn -0.1110 0.2279 -0.9673
vn -0.3236 0.2099 -0.9226
vn -0.3147 0.2363 -0.9193
vn -0.3766 0.2283 -0.8978
vn -0.5339 0.1731 -0.8277
vn -0.8626 -0.0055 -0.5059
vn -0.9081 -0.1989 -0.3684
vn -0.9817 -0.1671 -0.0908
vn -0.9742 -0.2168 0.0624
vn -0.9928 -0.1180 -0.0206
vn -0.9683 -0.2287 0.1001
vn -0.8801 -0.0047 0.4748
vn -0.8864 -0.1390 0.4415
vn -0.8767 -0.1194 0.4660
vn -0.7885 -0.2269 0.5717
vn -0.7486 -0.2505 0.6139
vn -0.7892 -0.2147 0.5753
vn -0.0530 -0.1832 0.9816
vn -0.1043 -0.2108 0.9720
vn -0.0919 -0.2028 0.9749
vn -0.4033 0.0289 0.9146
vn -0.1613 -0.0398 0.9861
vn -0.0730 -0.4158 0.9065
vn 0.2805 -0.5245 0.8039
vn 0.2420 -0.0365 0.9696
vn 0.3159 -0.0348 0.9482
vn 0.8021 0.1560 0.5765
vn 0.8434 0.1752 0.5078
vn 0.9687 0.2256 0.1032
vn 0.9798 0.1480 0.1343
vn 0.6116 0.0608 -0.7888
vn 0.8501 0.2696 -0.4523
vn 0.2179 0.2219 -0.9504
vn 0.3746 -0.1150 -0.9200
vn 0.3499 -0.1204 -0.9290
vn 0.5193 -0.0328 -0.8539
vn 0.0996 -0.0395 -0.9942
vn 0.0850 -0.0862 -0.9926
vn 0.0811 -0.0507 -0.9954
vn -0.3198 -0.1459 -0.9362
vn -0.3376 -0.1426 -0.9304
vn -0.3719 -0.1114 -0.9216
vn -0.2828 -0.0212 -0.9589
vn -0.8023 -0.1075 -0.5872
vn -0.7981 -0.1553 -0.5821
vn -0.8301 -0.0770 -0.5523
vn -0.9131 -0.2047 -0.3527
vn -0.9935 -0.1069 -0.0384
vn -0.9997 -0.0211 0.0100
vn -0.9993 -0.0020 0.0366
vn 0.0690 -0.9957 0.0619
vn -0.0453 -0.9663 -0.2533
vn 0.9645 -0.0101 -0.2640
vn 0.8031 -0.1216 -0.5833
vn 0.8458 -0.1413 -0.5144
vn 0.8459 -0.1469 -0.5126
vn 0.8504 -0.1516 -0.5039
vn 0.6146 -0.1727 -0.7697
vn 0.6028 -0.1695 -0.7797
vn 0.4474 -0.0965 -0.8891
vn 0.2699 -0.1118 -0.9564
vn -0.0440 -0.1197 -0.9918
vn 0.0267 -0.0677 -0.9973
vn -0.0618 -0.1241 -0.9903
vn -0.4667 -0.0333 -0.8838
vn -0.4773 0.0119 -0.8787
vn -0.7508 0.0411 -0.6593
vn -0.8051 0.0020 -0.5932
vn -0.8114 -0.0096 -0.5844
vn -0.8865 -0.1192 -0.4472
vn -0.9040 -0.1304 -0.4073
vn -0.9950 -0.0351 -0.0933
vn -0.9936 -0.0734 -0.0856
vn -0.9947 -0.0246 -0.0995
vn -0.9766 -0.0702 0.2033
vn -0.9538 0.0124 0.3001
vn -0.9513 0.0146 0.3081
vn -0.9493 0.0552 0.3094
vn -0.8542 0.2434 0.4594
vn -0.8365 0.2051 0.5080
vn -0.8785 0.3169 0.3574
vn -0.6716 0.1644 0.7225
vn -0.6362 0.1131 0.7632
vn 0.1015 -0.0041 0.9948
vn 0.0930 0.0009 0.9957
vn 0.6522 -0.0084 0.7580
vn 0.6646 -0.0156 0.7471
vn 0.8811 0.0435 0.4709
vn 0.0662 -0.9489 0.3086
vn 0.0889 -0.9309 0.3542
vn 0.0803 -0.9379 0.3376
vn 0.0988 -0.9222 0.3739
vn -0.8713 0.0048 0.4907
vn -0.5074 0.0199 0.8615
vn -0.4895 -0.1202 0.8637
vn -0.5106 -0.0548 0.8581
vn -0.4535 -0.1815 0.8726
vn 0.0188 -0.1211 0.9925
vn 0.0687 -0.0524 0.9963
vn 0.7188 -0.0289 0.6947
vn 0.5513 -0.1318 0.8239
vn 0.4097 -0.1608 0.8979
vn 0.3489 -0.1695 0.9217
vn 0.3914 0.0887 0.9159
vn 0.7107 0.0245 0.7031
vn 0.8027 0.0738 0.5918
vn 0.8403 0.0855 0.5353
vn 0.9761 0.1567 0.1507
vn 0.8731 0.4823 0.0712
vn 0.6570 0.3547 -0.6652
vn 0.7983 -0.0793 -0.5970
vn 0.7861 -0.0848 -0.6122
vn 0.8367 -0.0503 -0.5453
vn 0.5406 -0.0339 -0.8406
vn 0.6039 0.0130 -0.7969
vn 0.2419 0.0360 -0.9696
vn 0.2097 0.0262 -0.9774
vn -0.2877 0.0155 -0.9576
vn -0.3142 0.0362 -0.9487
vn -0.8816 0.0093 -0.4719
vn -0.9159 0.0445 -0.3990
vn -0.4401 -0.8128 -0.3816
vn 0.1118 -0.8641 -0.4907
vn 0.0757 -0.8238 -0.5618
vn 0.0974 -0.8487 -0.5199
vn 0.0546 -0.7980 -0.6001
vn 0.7878 -0.1157 -0.6050
vn 0.2723 -0.0450 -0.9612
vn 0.2157 -0.0379 -0.9757
vn -0.2129 0.0497 -0.9758
vn -0.1999 -0.0424 -0.9789
vn -0.1892 -0.0792 -0.9787
vn -0.1616 -0.1504 -0.9753
vn -0.1690 -0.1550 -0.9734
vn -0.6461 -0.0339 -0.7625
vn -0.7187 0.0867 -0.6899
vn -0.6719 0.0610 -0.7381
vn -0.7378 0.1545 -0.6571
vn -0.8049 0.1909 -0.5619
vn -0.8019 -0.5642 0.1967
vn -0.7434 0.0357 -0.6678
vn -0.9889 0.0022 -0.1484
vn -0.9873 0.0006 -0.1591
vn -0.9637 0.2667 0.0136
vn -0.9518 0.3067 0.0049
vn -0.9248 0.3575 -0.1304
vn -0.9384 0.3033 -0.1657
vn -0.8854 0.3508 0.3050
vn -0.9891 0.1328 0.0628
vn -0.9991 -0.0132 0.0415
vn -0.9903 0.1032 0.0932
vn -0.7844 -0.1997 0.5873
vn -0.8241 -0.2901 0.4865
vn -0.8011 -0.2340 0.5509
vn -0.8365 -0.3287 0.4384
vn -0.3191 -0.3430 0.8835
vn -0.3229 -0.3260 0.8885
vn -0.3253 -0.3127 0.8924
vn -0.3278 -0.3025 0.8950
vn -0.0738 -0.2829 0.9563
vn -0.0468 -0.3209 0.9459
vn 0.0002 -0.3641 0.9314
vn 0.0445 -0.3332 0.9418
vn 0.0442 -0.6426 0.7649
vn 0.0453 -0.6461 0.7619
vn 0.0544 -0.6653 0.7446
vn 0.0598 -0.6772 0.7333
vn -0.4924 0.0302 0.8698
vn 0.1118 0.0474 0.9926
vn 0.2028 0.0512 0.9779
vn 0.3613 0.0370 0.9317
vn 0.7051 0.0994 0.7021
vn 0.8122 0.0075 0.5834
vn 0.8100 -0.1087 0.5763
vn 0.8406 -0.1792 0.5111
vn 0.8571 -0.1697 0.4865
vn 0.9282 -0.0993 0.3585
vn 0.9974 -0.0695 -0.0177
vn 0.9914 -0.1134 -0.0650
vn 0.9968 -0.0756 -0.0246
vn 0.9893 -0.1196 -0.0840
vn 0.8415 -0.0437 -0.5384
vn 0.8509 -0.0315 -0.5243
vn 0.8499 -0.0316 -0.5260
vn 0.6162 0.0103 -0.7875
vn 0.6234 0.0098 -0.7818
vn 0.1824 -0.2284 -0.9563
vn -0.0732 0.1506 -0.9859
vn -0.0932 -0.0426 -0.9947
vn -0.0279 0.2203 -0.9750
vn -0.1140 -0.1247 -0.9856
vn -0.3737 -0.3997 -0.8370
vn -0.0082 -0.2413 -0.9704
vn 0.0132 -0.2366 -0.9715
vn 0.0364 -0.2314 -0.9722
vn 0.0501 -0.2286 -0.9722
vn 0.4815 -0.4848 -0.7301
vn 0.1439 -0.1585 -0.9768
vn 0.0568 0.1872 -0.9807
vn 0.0496 0.2988 -0.9530
vn -0.2216 0.1148 -0.9684
vn -0.4786 0.2876 -0.8296
vn -0.4744 0.3857 -0.7913
vn -0.4232 0.4519 -0.7853
vn -0.3675 0.5382 -0.7585
vn -0.6274 0.5557 -0.5455
vn -0.8311 0.4185 -0.3663
vn -0.9040 0.3501 -0.2455
vn -0.9366 0.2404 -0.2550
vn -0.9465 0.2412 0.2142
vn -0.9245 0.2659 0.2732
vn -0.7073 0.1706 0.6860
vn -0.6652 0.1811 0.7243
vn -0.6579 0.1827 0.7306
vn -0.8866 -0.1360 0.4422
vn -0.9045 -0.1776 0.3878
vn -0.9016 -0.1701 0.3977
vn -0.9194 -0.2236 0.3237
vn -0.5060 0.5498 0.6646
vn -0.5505 0.6423 0.5333
vn -0.5264 0.6097 0.5927
vn -0.5652 0.6344 0.5274
vn -0.9119 -0.1797 0.3690
vn -0.6063 0.1934 0.7714
vn -0.2129 -0.0654 0.9749
vn -0.6874 -0.1677 0.7067
vn -0.6353 -0.1499 0.7576
vn -0.6583 -0.1743 0.7323
vn -0.1716 -0.9823 -0.0745
vn 0.0402 -0.9471 0.3183
vn 0.0665 -0.9007 0.4293
vn 0.0259 -0.9661 0.2570
vn 0.0633 -0.2860 0.9561
vn 0.3557 -0.1313 0.9253
vn 0.4627 -0.6404 0.6130
vn 0.3944 -0.6572 0.6422
vn 0.3930 -0.6535 0.6469
vn 0.8626 -0.3584 0.3570
vn 0.8401 -0.4161 0.3480
vn 0.8872 -0.2794 0.3672
vn 0.8015 0.1208 0.5857
vn 0.8151 0.1641 0.5555
vn 0.8348 0.2495 0.4908
vn 0.8415 0.2950 0.4526
vn 0.9077 -0.0477 0.4170
vn 0.9988 -0.0477 -0.0077
vn 0.9988 -0.0484 -0.0055
vn 0.9561 0.2929 -0.0030
vn 0.9564 0.2921 -0.0048
vn 0.9557 0.2943 -0.0014
vn 0.7968 0.3956 -0.4567
vn 0.8048 0.2558 -0.5356
vn 0.7882 0.3521 -0.5047
vn 0.7964 0.2275 -0.5604
vn 0.6258 0.0193 -0.7798
vn 0.3402 0.2592 -0.9039
vn 0.4420 0.5651 -0.6966
vn 0.3786 0.5376 -0.7534
vn 0.4605 0.5728 -0.6781
vn 0.0315 0.6099 -0.7919
vn -0.0087 0.3432 -0.9392
vn 0.0054 0.4681 -0.8836
vn -0.2802 0.5752 -0.7686
vn -0.4303 -0.3316 -0.8396
vn -0.3438 -0.0596 -0.9372
vn -0.7045 -0.0580 -0.7074
vn -0.7490 0.3215 -0.5794
vn -0.7884 0.2820 -0.5468
vn -0.7209 0.3292 -0.6099
vn -0.9259 0.2568 -0.2772
vn -0.4272 0.9041 0.0059
vn -0.8092 0.5874 0.0096
vn -0.9270 0.3631 0.0940
vn -0.9983 -0.0581 0.0041
vn -0.9074 -0.3895 0.1578
vn -0.9263 -0.3732 0.0509
vn -0.9389 -0.3440 0.0114
vn -0.9549 -0.2922 -0.0526
vn -0.7404 -0.4068 -0.5350
vn -0.8938 -0.2923 -0.3401
vn -0.7901 -0.2907 -0.5397
vn 0.7746 -0.6090 -0.1708
vn 0.8507 -0.3531 -0.3894
vn 0.8264 -0.3655 -0.4283
vn 0.4148 -0.2556 -0.8733
vn 0.4609 -0.1767 -0.8697
vn 0.3506 -0.2790 -0.8940
vn 0.0994 -0.1005 -0.9900
vn -0.2083 0.2292 -0.9508
vn -0.1848 -0.1926 -0.9637
vn -0.2183 -0.1781 -0.9595
vn -0.3838 -0.0995 -0.9180
vn -0.4030 -0.0898 -0.9108
vn -0.8007 0.0502 -0.5970
vn -0.8319 0.3249 -0.4499
vn -0.7459 0.4132 -0.5224
vn -0.3962 -0.5902 -0.7033
vn -0.2755 -0.2202 -0.9357
vn -0.2791 -0.3061 -0.9102
vn -0.2809 -0.3718 -0.8848
vn 0.2326 0.1053 -0.9668
vn 0.1513 0.0427 -0.9876
vn 0.2098 0.0877 -0.9738
vn -0.2706 -0.1485 -0.9512
vn -0.7713 0.6363 0.0174
vn -0.7913 0.6114 -0.0048
vn -0.8066 0.5911 -0.0008
vn -0.8095 0.5870 -0.0138
vn -0.8451 0.5345 0.0033
vn -0.8277 0.5610 -0.0116
vn 0.3273 0.5383 0.7766
vn 0.2326 0.2793 0.9316
vn 0.2317 0.2485 0.9405
vn 0.2305 0.1960 0.9531
vn 0.2286 0.1638 0.9597
vn -0.6115 0.7140 0.3410
vn -0.2009 0.9100 0.3628
vn 0.3714 0.8106 0.4529
vn 0.1882 0.4178 0.8888
vn 0.2176 0.3683 0.9039
vn 0.2069 0.3855 0.8992
vn 0.2305 0.3438 0.9103
vn 0.3804 0.7593 0.5280
vn 0.3863 0.7693 0.5088
vn 0.3709 0.7421 0.5584
vn -0.8479 0.4208 0.3224
vn -0.5991 -0.4397 0.6691
vn -0.8592 0.4928 -0.1375
vn -0.7821 0.6093 -0.1309
vn -0.8135 0.5600 -0.1570
vn -0.4136 0.8957 -0.1633
vn -0.3923 0.8791 -0.2707
vn -0.3955 0.8617 -0.3178
vn -0.3208 0.8448 -0.4282
vn 0.1202 0.8749 -0.4692
vn 0.0709 0.9046 -0.4202
vn 0.0522 0.9500 -0.3077
vn 0.0129 0.9685 -0.2487
vn 0.0098 0.9876 -0.1565
vn -0.0208 0.9935 -0.1117
vn -0.3765 0.9185 -0.1212
vn -0.5241 0.6727 0.5223
vn -0.5911 0.6146 0.5224
vn -0.6573 0.4960 0.5674
vn -0.7920 0.3172 0.5217
vn -0.7642 0.2813 0.5804
vn -0.1661 0.0682 0.9837
vn -0.1712 0.0628 0.9832
vn -0.1591 0.0757 0.9844
vn 0.4447 -0.2594 0.8573
vn 0.4451 -0.2689 0.8542
vn 0.4455 -0.2742 0.8523
vn -0.9984 0.0188 0.0540
vn -0.5142 0.0711 0.8547
vn -0.5526 0.1279 0.8236
vn -0.5534 0.1231 0.8238
vn 0.0208 -0.5941 0.8041
vn -0.4985 -0.7662 0.4055
vn -0.5678 -0.4805 0.6684
vn -0.8560 0.1230 0.5021
vn -0.9105 0.0711 0.4073
vn -0.9611 0.2364 -0.1427
vn -0.9246 0.3413 -0.1690
vn -0.6600 0.3575 -0.6608
vn -0.6528 0.4047 -0.6404
vn -0.6619 0.3456 -0.6652
vn -0.3656 0.6458 -0.6703
vn -0.1256 0.5254 -0.8415
vn -0.0526 0.5468 -0.8356
vn -0.0697 0.5421 -0.8374
vn 0.0124 0.5635 -0.8260
vn 0.3452 0.3823 -0.8571
vn 0.2864 0.4650 -0.8377
vn 0.3378 0.3937 -0.8549
vn 0.3957 0.7694 -0.5015
vn 0.6880 0.6760 -0.2640
vn 0.6688 0.7304 -0.1391
vn 0.7017 0.6767 -0.2230
vn 0.6740 0.7290 -0.1197
vn 0.5885 0.8081 -0.0256
vn 0.6316 0.6040 0.4861
vn 0.4716 0.7970 0.3773
vn 0.1741 0.8715 0.4585
vn -0.0196 0.7395 0.6729
vn -0.0050 0.7061 0.7081
vn 0.0036 0.6854 0.7281
vn 0.0231 0.6351 0.7721
vn -0.1532 0.0822 0.9848
vn -0.2421 0.3987 0.8846
vn 0.4438 -0.2550 0.8591
vn 0.1202 -0.2902 0.9494
vn 0.1069 -0.5575 0.8233
vn 0.4926 -0.0163 0.8701
vn 0.4369 0.0820 0.8957
vn 0.5081 -0.0252 0.8609
vn 0.1788 0.1528 0.9720
vn 0.4011 0.4824 0.7787
vn 0.9304 -0.2250 0.2895
vn -0.8971 -0.1824 0.4025
vn -0.3987 0.0204 0.9169
vn -0.4630 0.0221 0.8861
vn -0.5385 0.0831 0.8385
vn -0.9410 0.1982 0.2744
vn -0.9913 -0.0271 0.1287
vn -0.8907 -0.0123 0.4545
vn -0.8952 -0.0287 0.4446
vn -0.8973 -0.0355 0.4399
vn -0.9003 -0.0483 0.4325
vn -0.2717 -0.7957 0.5414
vn -0.9400 -0.2419 0.2404
vn -0.9471 -0.2353 0.2183
vn -0.9576 -0.2236 0.1819
vn -0.9661 -0.2123 0.1468
vn -0.9781 0.1035 -0.1804
vn -0.8315 0.0248 -0.5550
vn -0.6671 0.3005 -0.6816
vn -0.2944 0.1147 -0.9488
vn -0.2843 0.0773 -0.9556
vn -0.2836 0.0758 -0.9560
vn -0.2745 0.0449 -0.9606
vn -0.0470 -0.0978 -0.9941
vn 0.2951 -0.0000 -0.9555
vn 0.3854 0.3209 -0.8651
vn 0.7760 0.2408 -0.5830
vn 0.7797 0.2508 -0.5737
vn 0.7813 0.2539 -0.5702
vn 0.7893 0.2768 -0.5481
vn 0.9349 0.3532 0.0333
vn 0.9201 0.3758 0.1103
vn 0.9289 0.3699 0.0156
vn 0.9209 0.3859 0.0553
vn 0.9024 0.3665 0.2265
vn 0.8807 0.1425 0.4516
vn 0.6243 0.3680 0.6891
vn 0.6426 0.3811 0.6647
vn 0.6377 0.3774 0.6715
vn 0.6538 0.3893 0.6488
vn 0.6011 0.6675 0.4394
vn 0.8538 -0.2001 -0.4806
vn 0.7152 0.0303 0.6983
vn 0.5317 -0.0758 0.8435
vn 0.5373 -0.0819 0.8394
vn 0.5416 -0.0910 0.8357
vn 0.5369 -0.0987 0.8379
vn -0.3898 0.0700 0.9182
vn -0.6618 -0.2745 0.6977
vn -0.6795 -0.2746 0.6804
vn -0.6667 -0.2747 0.6929
vn -0.6849 -0.2738 0.6753
vn -0.8820 -0.3869 0.2689
vn -0.8233 -0.5672 0.0221
vn 0.0877 -0.7674 0.6352
vn -0.1181 -0.3892 -0.9136
vn -0.7926 -0.5636 -0.2329
vn -0.7638 -0.5919 -0.2574
vn -0.7786 -0.5775 -0.2455
vn -0.7678 -0.5840 -0.2635
vn -0.7011 -0.2896 -0.6516
vn -0.6265 -0.3117 -0.7144
vn -0.5319 -0.4628 -0.7091
vn -0.4941 -0.4126 -0.7653
vn -0.4251 -0.6006 -0.6772
vn -0.0359 -0.4233 -0.9053
vn 0.0592 -0.4677 -0.8819
vn 0.1283 -0.5671 -0.8136
vn 0.2102 -0.6146 -0.7603
vn 0.4690 -0.3650 -0.8043
vn 0.4986 -0.3215 -0.8050
vn 0.4867 -0.3385 -0.8053
vn 0.5100 -0.3036 -0.8048
vn 0.8384 -0.1790 -0.5149
vn 0.8246 -0.1662 -0.5407
vn 0.8238 -0.1655 -0.5422
vn 0.8024 -0.1470 -0.5784
vn 0.9992 0.0036 0.0391
vn 0.8173 -0.3700 0.4417
vn 0.9718 0.1000 0.2136
vn 0.9197 0.0156 0.3924
vn 0.9644 -0.1936 0.1804
vn 0.9360 -0.2618 0.2352
vn 0.9122 -0.3623 0.1911
vn 0.9021 -0.3573 0.2421
vn 0.8875 -0.4262 0.1755
vn 0.4314 -0.8868 0.1659
vn 0.4034 -0.8861 0.2284
vn 0.3892 -0.8840 0.2590
vn 0.3613 -0.8780 0.3138
vn 0.0075 -0.9929 0.1186
vn 0.0872 -0.1504 0.9848
vn 0.2800 0.0284 0.9596
vn 0.0049 0.1579 0.9874
vn -0.4013 -0.0632 0.9138
vn -0.0258 0.8000 0.5994
vn 0.3951 0.7846 0.4778
vn 0.7289 0.5840 -0.3572
vn 0.0257 0.9640 0.2647
vn -0.1875 0.9729 0.1355
vn -0.0042 0.9719 0.2356
vn -0.1638 0.9709 0.1746
vn -0.4587 0.8554 0.2406
vn -0.4909 0.8411 0.2272
vn -0.3495 0.8936 0.2817
vn -0.9606 0.2488 0.1239
vn -0.9913 0.1284 0.0302
vn -0.9781 0.1924 0.0799
vn -0.9960 0.0888 -0.0003
vn -0.2496 0.9638 0.0932
vn 0.0335 0.9992 0.0204
vn -0.1564 0.9570 0.2441
vn -0.9479 0.3008 0.1052
vn -0.9366 -0.2567 0.2385
vn -0.8506 -0.0778 -0.5201
vn -0.8187 -0.5315 -0.2173
vn -0.4319 -0.6499 -0.6254
vn -0.4358 -0.6459 -0.6268
vn 0.2411 -0.7052 -0.6667
vn 0.3145 -0.7467 -0.5861
vn 0.5997 -0.6930 -0.4002
vn 0.7265 -0.6379 -0.2556
vn 0.6587 -0.6901 -0.2996
vn 0.7320 -0.6428 -0.2259
vn 0.8006 -0.5702 -0.1840
vn -0.0182 -0.2622 -0.9648
vn 0.1440 -0.4946 -0.8571
vn 0.8562 -0.4867 0.1735
vn 0.8715 -0.4735 0.1280
vn 0.9600 0.1090 0.2580
vn 0.5938 0.0117 0.8045
vn 0.6267 0.0736 0.7758
vn 0.6394 0.0995 0.7624
vn 0.6626 0.1503 0.7337
vn -0.8714 0.4267 -0.2422
vn -0.1435 0.9491 -0.2803
vn -0.0944 0.9224 -0.3745
vn -0.0862 0.8890 -0.4497
vn -0.0680 0.8921 -0.4466
vn -0.0556 0.8594 -0.5083
vn 0.1270 0.6190 -0.7751
vn -0.0172 0.9619 0.2729
vn 0.0261 0.9540 0.2986
vn -0.4804 -0.4159 0.7722
vn -0.5177 -0.3732 0.7698
vn -0.5154 -0.3758 0.7702
vn -0.5484 -0.3361 0.7657
vn -0.8131 -0.2669 0.5174
vn -0.7961 -0.2428 0.5543
vn -0.7959 -0.2427 0.5546
vn -0.7781 -0.2194 0.5886
vn -0.4694 0.7116 0.5228
vn -0.5382 0.5746 0.6166
vn -0.4546 0.5479 0.7022
vn -0.5769 0.5347 0.6175
vn -0.4858 0.4505 0.7491
vn -0.3883 0.0510 0.9201
vn -0.5045 0.1106 0.8563
vn -0.3985 0.0452 0.9161
vn -0.7533 -0.1043 0.6493
vn -0.8460 -0.3008 0.4403
vn -0.6456 -0.5977 0.4752
vn -0.3302 -0.4032 0.8534
vn -0.3271 -0.4417 0.8354
vn -0.3368 -0.3792 0.8618
vn -0.5779 -0.1381 0.8044
vn -0.6099 -0.1521 0.7778
vn -0.6791 -0.1821 0.7111
vn -0.7218 -0.2013 0.6622
vn -0.4231 0.5572 0.7145
vn -0.4466 0.5361 0.7164
vn -0.7104 -0.1386 0.6900
vn -0.6940 -0.1754 0.6983
vn -0.0053 -0.2144 0.9767
vn -0.0061 -0.2136 0.9769
vn -0.0062 -0.2135 0.9769
vn -0.0070 -0.2129 0.9770
vn 0.0146 -0.9782 0.2069
vn 0.5272 -0.6360 0.5635
vn 0.4466 -0.6390 0.6264
vn 0.2760 0.1899 0.9422
vn 0.8801 0.2232 0.4191
vn 0.8060 0.1647 0.5685
vn 0.8274 0.2176 0.5178
vn 0.8953 -0.2477 0.3704
vn 0.9404 -0.3400 0.0083
vn 0.8947 0.3214 0.3101
vn 0.9555 0.2951 -0.0000
vn 0.8609 0.3965 -0.3187
vn 0.8338 0.3551 -0.4226
vn 0.5074 0.5909 -0.6272
vn 0.5792 -0.3407 -0.7406
vn 0.5066 -0.2151 -0.8349
vn 0.5556 -0.2988 -0.7759
vn 0.4719 -0.1621 -0.8666
vn 0.1590 -0.5079 -0.8466
vn -0.0368 0.1418 -0.9892
vn 0.0421 -0.5122 -0.8578
vn 0.0756 0.3273 -0.9419
vn -0.0649 0.3574 -0.9317
vn 0.0463 0.3285 -0.9434
vn -0.1281 0.4146 -0.9009
vn -0.3914 0.2962 -0.8713
vn -0.6922 0.3237 -0.6451
vn -0.7109 0.2948 -0.6385
vn -0.7221 0.3433 -0.6006
vn -0.7071 -0.4413 -0.5525
vn -0.7038 -0.4371 -0.5601
vn -0.7543 -0.3476 -0.5569
vn -0.7423 -0.2490 -0.6221
vn 0.6902 -0.4379 -0.5761
vn 0.4594 -0.3465 -0.8178
vn 0.3254 -0.2365 -0.9155
vn 0.1282 -0.0711 -0.9892
vn 0.3008 -0.0068 -0.9537
vn -0.0156 0.0887 -0.9959
vn -0.3743 0.4125 -0.8305
vn -0.3737 0.4740 -0.7973
vn -0.3712 0.5388 -0.7562
vn -0.3664 0.6025 -0.7091
vn 0.2402 0.1111 -0.9644
vn 0.4115 0.4684 -0.7818
vn 0.5988 0.7154 -0.3602
vn 0.6251 0.6841 -0.3759
vn 0.5910 0.7240 -0.3558
vn 0.6053 0.7927 -0.0717
vn 0.5917 0.7458 0.3060
vn 0.4393 0.8980 0.0232
vn 0.7062 0.6989 0.1135
vn -0.3265 0.8997 0.2896
vn -0.0337 0.9992 0.0196
vn -0.7503 0.0935 -0.6545
vn -0.7753 0.1956 -0.6006
vn -0.7654 0.1490 -0.6261
vn -0.7838 0.2453 -0.5705
vn -0.1640 0.9844 -0.0634
vn -0.3183 0.8561 -0.4072
vn -0.5783 -0.1873 -0.7940
vn -0.3618 0.0371 -0.9315
vn 0.3762 -0.0976 -0.9214
vn 0.3328 -0.1751 -0.9266
vn 0.3167 -0.2020 -0.9268
vn 0.2591 -0.2952 -0.9196
vn 0.6260 -0.0395 -0.7789
vn 0.9126 -0.1285 -0.3882
vn 0.9290 -0.1636 -0.3320
vn 0.9431 -0.2042 -0.2626
vn 0.9482 -0.2273 -0.2218
vn 0.1459 0.9764 0.1593
vn -0.0192 0.9912 0.1311
vn 0.1083 0.9845 0.1383
vn -0.0466 0.9886 0.1434
vn -0.2034 0.9610 0.1875
vn -0.2756 0.9408 0.1976
vn -0.0668 0.8501 -0.5224
vn -0.0623 0.9573 0.2824
vn -0.0334 0.9622 0.2702
vn -0.0107 -0.4726 0.8812
vn -0.1790 -0.1941 0.9645
vn 0.0810 0.6091 0.7889
vn -0.1897 0.5894 0.7852
vn -0.1542 0.5747 0.8037
vn -0.0805 0.3350 0.9388
vn -0.1813 0.3218 0.9293
vn -0.0415 0.3164 0.9477
vn -0.3319 0.0019 0.9433
vn -0.3211 -0.0285 0.9466
vn -0.3277 -0.3774 0.8661
vn -0.3344 -0.3682 0.8675
vn -0.0231 -0.3453 0.9382
vn -0.0897 -0.4657 0.8804
vn -0.0014 -0.3099 0.9508
vn -0.1718 -0.1763 0.9692
vn -0.0544 -0.2298 0.9717
vn 0.1974 -0.3790 0.9041
vn 0.0210 -0.2375 0.9712
vn -0.0109 0.5584 0.8295
vn -0.0075 0.5411 0.8409
vn 0.0124 0.4346 0.9005
vn 0.0144 0.4217 0.9066
vn 0.3051 0.5291 0.7918
vn 0.3033 0.4856 0.8199
vn 0.3499 0.5634 0.7485
vn 0.5292 -0.1829 0.8285
vn 0.5480 -0.1888 0.8149
vn 0.6504 -0.1428 0.7460
vn 0.6075 -0.1817 0.7732
vn 0.7385 -0.0799 0.6695
vn 0.7531 0.0099 0.6578
vn 0.9532 0.1354 0.2702
vn 0.9066 0.2277 0.3552
vn 0.9589 0.2831 0.0204
vn 0.9540 0.2994 -0.0149
vn 0.9483 0.3137 -0.0487
vn 0.9409 0.3287 -0.0819
vn 0.7613 0.3251 -0.5609
vn 0.7441 0.3193 -0.5868
vn 0.6782 0.3737 -0.6328
vn 0.4411 0.2755 -0.8541
vn 0.0974 0.3648 -0.9260
vn 0.1002 0.3662 -0.9251
vn 0.1151 0.3255 -0.9385
vn -0.1666 0.0679 -0.9837
vn -0.4560 0.3076 -0.8351
vn -0.0425 -0.4008 -0.9152
vn -0.2248 -0.4390 -0.8699
vn -0.1709 -0.3852 -0.9069
vn -0.4136 -0.3227 -0.8514
vn -0.4516 -0.1585 -0.8780
vn -0.5089 -0.1336 -0.8504
vn -0.3426 0.0165 -0.9393
vn -0.4383 -0.0389 -0.8980
vn 0.4800 -0.3225 -0.8158
vn -0.1250 0.2325 -0.9645
vn -0.1390 0.2010 -0.9697
vn -0.0888 0.3096 -0.9467
vn 0.4567 -0.0387 -0.8888
vn 0.7327 0.2950 -0.6133
vn 0.5022 0.6252 -0.5974
vn 0.5424 0.7744 -0.3257
vn -0.1349 0.9095 -0.3931
vn -0.0988 0.8796 -0.4654
vn -0.1245 0.9016 -0.4143
vn -0.0893 0.8706 -0.4839
vn -0.3062 -0.0433 -0.9510
vn -0.1085 0.2209 -0.9692
vn -0.0801 0.7045 -0.7051
vn 0.1320 0.9498 -0.2835
vn 0.2030 0.9429 -0.2640
vn 0.1389 0.9477 -0.2873
vn 0.2127 0.9409 -0.2637
vn 0.2746 0.9360 -0.2202
vn 0.7867 0.0499 -0.6153
vn 0.8376 0.1525 -0.5246
vn 0.8000 0.0732 -0.5956
vn 0.9945 -0.0240 -0.1024
vn 0.9972 -0.0014 -0.0744
vn 0.9974 0.0339 -0.0631
vn 0.9970 0.0551 -0.0535
vn 0.9934 0.0880 -0.0733
vn 0.9241 -0.1616 0.3462
vn 0.9054 -0.1482 0.3978
vn 0.9118 -0.1526 0.3812
vn 0.8918 -0.1393 0.4305
vn 0.5210 -0.3895 0.7595
vn 0.5557 -0.3382 0.7595
vn 0.5616 -0.3289 0.7592
vn 0.5998 -0.2651 0.7549
vn 0.2927 -0.4468 0.8454
vn 0.3167 0.5602 0.7654
vn 0.2596 0.5437 0.7981
vn 0.0510 0.3081 0.9500
vn 0.0940 0.2753 0.9568
vn 0.1459 -0.0011 0.9893
vn 0.0640 -0.1483 0.9869
vn 0.1409 -0.2744 0.9512
vn 0.3227 -0.5123 0.7959
vn 0.3245 -0.5572 0.7644
vn 0.5985 -0.2062 0.7741
vn 0.6321 -0.2346 0.7385
vn 0.6164 -0.2211 0.7557
vn 0.6588 -0.2580 0.7067
vn 0.4784 0.5201 0.7076
vn 0.5324 0.4876 0.6919
vn 0.3956 0.8577 0.3285
vn 0.4401 0.8419 0.3123
vn 0.5393 0.7965 0.2735
vn 0.5857 0.7697 0.2539
vn 0.4624 0.8859 -0.0373
vn 0.4270 0.9030 -0.0484
vn 0.4497 0.8922 -0.0415
vn 0.4203 0.9060 -0.0505
vn 0.5674 0.6256 -0.5354
vn 0.4238 0.7507 -0.5068
vn 0.5279 0.6643 -0.5293
vn 0.3870 0.7765 -0.4973
vn 0.4952 -0.1250 -0.8597
vn 0.0334 0.0185 -0.9993
vn -0.0504 -0.3295 -0.9428
vn -0.0046 -0.3714 -0.9285
vn 0.0191 -0.2670 -0.9635
vn 0.0438 -0.2035 -0.9781
vn 0.0068 -0.1454 -0.9894
vn 0.0151 -0.0537 -0.9984
vn -0.0276 0.2567 -0.9661
vn -0.0955 0.3056 -0.9474
vn -0.0755 0.3859 -0.9194
vn -0.0642 0.4691 -0.8808
vn -0.1504 0.5735 -0.8053
vn -0.2381 0.6053 -0.7596
vn 0.1127 0.8079 -0.5784
vn 0.1215 -0.0412 -0.9917
vn 0.3450 0.1564 -0.9255
vn 0.7392 -0.0246 -0.6731
vn 0.2758 0.8305 -0.4840
vn 0.2533 0.8842 -0.3924
vn 0.2715 0.8425 -0.4652
vn 0.6923 0.7210 -0.0290
vn -0.4762 0.6813 -0.5559
vn 0.8006 0.5992 -0.0021
vn 0.8005 0.5970 -0.0539
vn 0.7886 0.6133 0.0444
vn 0.8400 0.5425 0.0054
vn -0.3770 0.5922 0.7121
vn -0.6129 0.7526 0.2409
vn -0.6129 0.7804 0.1238
vn -0.6135 0.7601 0.2140
vn -0.6118 0.7848 0.0995
vn -0.6205 0.7197 -0.3114
vn -0.6314 0.4951 -0.5968
vn -0.4185 0.4885 -0.7657
vn 0.0591 -0.0247 -0.9979
vn 0.0093 0.0794 -0.9968
vn 0.0142 0.0596 -0.9981
vn 0.7506 0.6256 -0.2127
vn 0.8033 0.5891 -0.0875
vn 0.9952 0.0469 -0.0861
vn 0.6684 -0.6691 0.3249
vn 0.6685 -0.6668 0.3293
vn 0.6683 -0.6812 0.2988
vn 0.4659 -0.5250 0.7123
vn 0.2203 -0.1891 0.9569
vn 0.1687 -0.0649 0.9835
vn 0.2049 -0.1511 0.9671
vn 0.1579 -0.0399 0.9866
vn -0.1824 0.2626 0.9475
vn 0.6294 0.6560 0.4165
vn 0.6190 0.7116 0.3323
vn 0.6293 0.6844 0.3681
vn -0.3844 0.9153 0.1207
vn -0.7072 0.6886 0.1603
vn -0.0798 0.9830 -0.1657
vn -0.1136 0.8462 0.5207
vn -0.0699 0.8211 0.5665
vn -0.0690 0.8206 0.5673
vn -0.0368 0.7996 0.5994
vn 0.6081 0.6813 0.4076
vn 0.6474 0.6736 0.3565
vn -0.0391 0.1462 0.9885
vn 0.0316 0.1536 0.9876
vn -0.0041 0.1500 0.9887
vn 0.0975 0.1599 0.9823
vn -0.3243 0.4280 0.8436
vn 0.6376 0.6638 0.3909
vn 0.5491 0.5106 0.6616
vn 0.4588 0.5287 0.7141
vn 0.4001 0.5095 0.7618
vn 0.3749 0.4516 0.8097
vn 0.5532 0.2298 0.8007
vn 0.4417 -0.0106 0.8971
vn 0.4702 -0.1060 0.8762
vn 0.4736 -0.1180 0.8728
vn 0.4986 -0.2208 0.8382
vn 0.7045 -0.2904 0.6476
vn 0.7099 -0.3638 0.6031
vn 0.8528 -0.3334 0.4020
vn 0.7641 -0.4487 0.4635
vn 0.8694 -0.4458 0.2130
vn 0.9296 -0.1864 0.3179
vn 0.9269 -0.1731 0.3331
vn 0.9262 -0.1702 0.3363
vn 0.9226 -0.1545 0.3536
vn 0.9964 0.0816 -0.0215
vn 0.9981 0.0454 -0.0410
vn 0.9947 -0.0235 -0.1000
vn 0.9900 -0.0006 -0.1409
vn 0.9871 0.0328 -0.1569
vn 0.6629 0.1032 -0.7415
vn 0.5625 -0.4812 -0.6723
vn 0.2303 -0.3980 -0.8880
vn 0.2827 -0.2856 -0.9157
vn 0.3168 -0.2982 -0.9004
vn 0.3483 -0.2035 -0.9150
vn -0.0231 -0.1796 -0.9835
vn -0.0065 0.2134 -0.9769
vn -0.0234 0.2369 -0.9713
vn -0.0477 0.2569 -0.9653
vn 0.3241 0.5589 -0.7632
vn 0.0769 0.5443 -0.8354
vn 0.0068 0.6334 -0.7738
vn 0.0630 0.5627 -0.8243
vn 0.2884 0.7934 -0.5360
vn -0.6732 0.6543 -0.3447
vn -0.5858 0.7133 -0.3848
vn -0.6672 0.6571 -0.3508
vn -0.5759 0.7190 -0.3892
vn -0.4703 0.7735 -0.4248
vn 0.1869 -0.1028 -0.9770
vn 0.1288 0.0295 -0.9912
vn 0.1554 0.0946 -0.9833
vn 0.3454 -0.4473 -0.8250
vn 0.6224 -0.6331 -0.4602
vn 0.6246 -0.6406 -0.4466
vn 0.6299 -0.6694 -0.3939
vn 0.6316 -0.6804 -0.3717
vn 0.6680 -0.6847 0.2917
vn -0.3169 -0.8520 0.4167
vn 0.9642 0.1999 -0.1741
vn 0.9566 0.2002 -0.2118
vn 0.9682 0.2128 -0.1315
vn 0.8453 0.5258 -0.0953
vn 0.7525 0.6448 0.1339
vn 0.6581 0.6655 0.3521
vn 0.9616 -0.0788 0.2629
vn 0.2295 -0.3717 0.8995
vn 0.0920 -0.2291 0.9691
vn 0.2090 -0.3700 0.9052
vn 0.0199 -0.1917 0.9813
vn -0.3965 -0.2063 0.8946
vn 0.9612 0.2110 0.1775
vn 0.9417 0.2565 0.2178
vn 0.9700 0.1865 0.1559
vn 0.8063 0.2929 0.5139
vn 0.8000 0.2688 0.5364
vn 0.8192 0.1721 0.5470
vn 0.8164 0.1308 0.5624
vn 0.8450 -0.0212 0.5344
vn 0.9628 -0.1839 0.1977
vn 0.9392 -0.3269 0.1052
vn 0.9084 -0.4014 -0.1167
vn 0.9246 -0.3542 -0.1399
vn 0.8703 -0.3694 -0.3257
vn -0.8631 -0.3990 0.3096
vn -0.8382 -0.4555 0.3000
vn -0.9152 -0.3122 0.2551
vn 0.8390 -0.3773 -0.3920
vn 0.7979 -0.3744 -0.4724
vn 0.7949 -0.3843 -0.4695
vn 0.5152 -0.1822 -0.8375
vn 0.3956 -0.1965 -0.8972
vn -0.0165 0.2094 -0.9777
vn 0.1319 0.4665 -0.8747
vn -0.7021 0.2647 -0.6611
vn -0.0209 0.1899 -0.9816
vn 0.0823 0.2105 -0.9741
vn 0.2057 0.1315 -0.9697
vn 0.3908 0.0533 -0.9189
vn 0.8962 0.0743 -0.4375
vn 0.7043 0.1399 -0.6960
vn 0.9295 0.1738 -0.3252
vn 0.9417 0.1885 -0.2788
vn 0.9472 0.1846 -0.2623
vn 0.7810 0.6183 -0.0878
vn 0.7789 0.6260 -0.0380
vn 0.7786 0.5971 -0.1932
vn 0.7929 0.4013 0.4586
vn 0.7737 0.4655 0.4298
vn 0.7807 0.4441 0.4396
vn 0.7725 0.4659 0.4316
vn 0.9382 0.0550 0.3417
vn 0.9067 0.0576 0.4177
vn 0.9201 0.0566 0.3876
vn 0.8800 0.0592 0.4713
vn 0.2021 -0.4472 0.8713
vn 0.2241 -0.4531 0.8628
vn 0.9838 0.1385 0.1135
vn 0.9645 -0.1803 0.1928
vn 0.9529 -0.2996 -0.0465
vn -0.5308 -0.4035 0.7453
vn -0.7447 -0.4569 0.4865
vn -0.7382 -0.4446 0.5074
vn -0.9361 -0.3352 -0.1063
vn -0.8569 -0.5090 0.0816
vn -0.9037 -0.3489 -0.2481
vn -0.5891 -0.2175 -0.7782
vn -0.4341 -0.3574 -0.8269
vn -0.4601 -0.3091 -0.8324
vn -0.4251 -0.4353 -0.7936
vn -0.0382 -0.2247 -0.9737
vn -0.0057 -0.2145 -0.9767
vn 0.2764 -0.2052 -0.9389
vn 0.2475 -0.1792 -0.9522
vn 0.4008 -0.2289 -0.8871
vn 0.3190 0.2559 -0.9126
vn 0.3432 0.2579 -0.9031
vn 0.3640 0.2955 -0.8833
vn 0.3792 0.2922 -0.8780
vn 0.6594 0.5704 -0.4897
vn 0.7754 0.5859 -0.2356
vn 0.9262 0.3078 -0.2177
vn 0.9518 0.2947 0.0852
vn 0.9583 0.1842 0.2187
vn 0.9593 0.2110 0.1877
vn 0.8022 0.3612 0.4754
vn 0.4475 0.1512 0.8814
vn 0.5126 -0.0094 0.8586
vn 0.4146 0.0551 0.9084
vn 0.4821 -0.0465 0.8749
vn 0.4627 -0.0499 0.8851
vn 0.1641 -0.1720 0.9713
vn 0.1242 -0.2022 0.9714
vn 0.0264 -0.2191 0.9753
vn -0.0042 -0.2658 0.9640
vn 0.0144 -0.1819 0.9832
vn -0.7156 -0.4817 0.5059
vn -0.7221 -0.6540 0.2254
vn -0.8278 -0.4688 -0.3081
vn -0.7829 -0.3809 -0.4919
vn -0.6973 -0.4170 -0.5829
vn -0.7163 -0.4090 -0.5653
vn -0.6143 -0.2123 -0.7600
vn -0.1895 -0.0877 -0.9780
vn -0.2131 -0.0778 -0.9739
vn -0.2937 -0.1104 -0.9495
vn -0.3549 -0.2107 -0.9109
vn 0.2089 -0.0426 -0.9770
vn 0.1115 0.0742 -0.9910
vn 0.2054 -0.0105 -0.9786
vn 0.3495 0.3334 -0.8756
vn 0.8090 0.2250 -0.5431
vn 0.8113 0.2096 -0.5458
vn 0.8105 0.2140 -0.5452
vn 0.8126 0.1982 -0.5480
vn 0.9473 0.2079 -0.2437
vn 0.9662 0.1648 -0.1983
vn 0.9633 0.1803 -0.1987
vn 0.9469 0.3163 0.0581
vn 0.8631 0.1885 0.4686
vn 0.8451 0.2266 0.4843
vn 0.8525 0.2108 0.4783
vn 0.8331 0.2494 0.4936
vn 0.6063 0.1700 0.7768
vn 0.5802 0.1700 0.7965
vn 0.1020 0.0515 0.9935
vn -0.2813 0.0086 0.9596
vn -0.6027 -0.2173 0.7678
vn -0.8756 -0.3977 0.2743
vn -0.9264 -0.2573 0.2751
vn -0.8963 -0.3492 0.2735
vn -0.9320 -0.2500 0.2624
vn -0.7859 -0.4325 -0.4420
vn -0.7812 -0.4398 -0.4430
vn -0.2763 -0.2705 -0.9222
vn -0.2599 -0.2706 -0.9270
vn 0.3616 -0.0977 -0.9272
vn 0.3867 -0.0899 -0.9178
vn 0.5460 -0.0095 -0.8378
vn 0.9717 0.2008 -0.1242
vn 0.9763 0.1952 -0.0933
vn 0.9278 -0.0232 -0.3724
vn 0.9913 0.0696 0.1114
vn 0.9706 -0.1652 -0.1748
vn 0.7120 -0.2273 0.6644
vn 0.4485 -0.5056 0.7371
vn -0.6127 -0.1868 0.7679
vn -0.5599 -0.4728 0.6804
vn -0.5694 -0.4706 0.6741
vn -0.5633 -0.4721 0.6781
vn -0.5736 -0.4690 0.6716
vn -0.8269 -0.5053 0.2468
vn -0.7905 -0.6010 -0.1180
vn -0.7554 -0.4980 -0.4259
vn -0.4913 -0.4666 -0.7355
vn -0.8047 0.0459 -0.5919
vn 0.3733 0.2093 -0.9038
vn 0.3355 0.2356 -0.9121
vn 0.2360 0.2734 -0.9325
vn 0.1351 0.2397 -0.9614
vn 0.0997 0.2115 -0.9723
vn -0.1790 0.1514 -0.9721
vn 0.3902 -0.9178 -0.0732
vn 0.9511 -0.2646 0.1592
vn 0.7073 -0.5750 -0.4112
vn 0.8916 -0.3462 -0.2920
vn 0.7542 -0.2125 0.6213
vn 0.4357 -0.2219 0.8723
vn 0.3816 -0.2396 0.8927
vn 0.2925 -0.2266 0.9290
vn 0.2140 -0.2640 0.9405
vn -0.4623 0.0188 0.8865
vn -0.9454 -0.0587 0.3204
vn -0.9991 -0.0103 0.0416
vn -0.9310 -0.1192 -0.3449
vn -0.9444 -0.0586 -0.3236
vn -0.9513 -0.0170 -0.3077
vn -0.9583 0.0530 -0.2809
vn -0.9865 0.1625 -0.0219
vn -0.5925 -0.7186 0.3642
vn -0.0242 -0.3333 -0.9425
vn -0.2500 0.2897 -0.9239
vn 0.7164 -0.0332 -0.6969
vn 0.8538 -0.2142 -0.4746
vn 0.2034 -0.2384 0.9496
vn 0.1157 -0.2708 0.9556
vn -0.7011 0.3693 0.6100
vn -0.8465 0.2051 -0.4913
vn -0.7890 0.5031 -0.3526
vn -0.9618 -0.2717 -0.0327
vn -0.1528 -0.6095 0.7779
f 1/1/1 2/2/1 3/3/1
f 3/4/2 4/5/2 5/6/2
f 5/6/3 4/5/3 6/7/3
f 4/5/4 7/8/4 6/7/4
f 7/8/5 8/9/5 6/7/5
f 6/7/6 8/9/6 9/10/6
f 9/10/7 8/9/7 10/11/7
f 8/9/8 7/8/8 10/11/8
f 7/8/9 4/5/9 10/11/9
f 10/12/10 4/13/10 11/14/10
f 11/14/11 4/13/11 12/15/11
f 4/13/12 3/3/13 12/15/14
f 3/3/13 2/2/15 12/15/14
f 2/2/16 1/1/16 12/15/16
f 12/15/17 1/1/18 13/16/19
f 1/17/20 3/4/20 13/18/20
f 14/19/21 13/18/22 15/20/23
f 13/18/22 3/4/24 15/20/23
f 3/4/25 5/6/25 15/20/25
f 15/20/26 5/6/26 16/21/26
f 5/6/27 6/7/28 16/21/29
f 6/7/28 9/10/30 16/21/29
f 16/21/31 9/10/31 17/22/31
f 18/23/32 19/24/33 20/25/34
f 21/26/35 20/25/36 22/27/37
f 20/25/38 19/24/38 22/27/38
f 19/24/39 17/22/39 22/27/39
f 17/22/40 9/10/41 22/27/42
f 9/10/41 10/11/43 22/27/42
f 22/28/44 10/12/45 23/29/46
f 10/12/45 11/14/47 23/29/46
f 11/14/47 12/15/48 23/29/46
f 12/15/17 13/16/19 23/29/49
f 23/29/49 13/16/19 24/30/50
f 13/16/51 14/31/51 24/30/51
f 24/32/52 14/19/53 25/33/54
f 14/19/55 15/20/55 25/33/55
f 15/20/56 16/21/56 25/33/56
f 16/21/57 17/22/57 25/33/57
f 25/33/58 17/22/58 26/34/58
f 17/22/59 19/24/59 26/34/59
f 26/34/60 19/24/61 27/35/62
f 27/35/62 19/24/61 28/36/63
f 19/24/64 18/23/65 28/36/66
f 28/37/66 18/38/65 29/39/67
f 29/39/68 30/40/69 31/41/70
f 31/41/71 30/40/71 32/42/71
f 30/40/72 29/39/72 32/42/72
f 29/39/67 18/38/65 32/42/73
f 18/23/32 20/25/34 32/43/74
f 33/44/75 32/45/76 34/46/77
f 32/43/76 20/25/36 34/47/77
f 20/25/36 21/26/35 34/47/77
f 34/46/78 21/48/78 35/49/78
f 35/49/79 21/48/80 36/50/81
f 36/50/82 21/48/83 37/51/84
f 21/48/83 22/28/85 37/51/84
f 22/28/44 23/29/46 37/51/86
f 37/51/87 23/29/87 38/52/87
f 23/29/49 24/30/50 38/52/88
f 24/30/52 25/53/54 38/52/89
f 38/52/90 25/53/91 39/54/92
f 25/33/93 26/34/93 39/55/93
f 26/34/94 27/35/94 39/55/94
f 39/55/95 27/35/96 40/56/97
f 40/57/97 27/58/96 41/59/98
f 27/58/62 28/37/63 41/59/99
f 28/37/63 29/39/100 41/59/99
f 41/59/101 29/39/102 42/60/103
f 29/39/102 43/61/104 42/60/103
f 43/61/104 44/62/105 42/60/103
f 42/60/103 44/62/105 45/63/106
f 44/62/107 46/64/108 45/63/109
f 45/63/110 46/64/110 47/65/110
f 47/66/111 48/67/112 49/68/113
f 49/68/114 48/67/115 50/69/116
f 48/67/117 47/66/118 50/69/119
f 47/65/118 46/64/108 50/70/119
f 46/64/108 44/62/107 50/70/119
f 44/62/120 43/61/121 50/70/116
f 43/61/121 29/39/122 50/70/116
f 50/70/116 29/39/122 51/71/123
f 29/39/68 31/41/70 51/71/124
f 52/72/125 53/73/125 54/74/125
f 53/73/126 51/75/127 54/74/128
f 51/71/124 31/41/70 54/76/129
f 31/41/130 32/42/130 54/76/130
f 32/45/76 33/44/75 54/77/131
f 54/77/131 33/44/75 55/78/132
f 55/78/133 33/44/134 56/79/135
f 33/44/134 34/46/136 56/79/135
f 34/46/136 35/49/137 56/79/135
f 56/79/138 35/49/79 57/80/139
f 35/49/79 36/50/81 57/80/139
f 57/80/140 36/50/141 58/81/142
f 36/50/141 37/51/143 58/81/142
f 37/51/143 38/52/144 58/81/142
f 38/52/90 39/54/92 58/81/145
f 58/81/145 39/54/92 59/82/146
f 59/83/147 39/55/147 60/84/147
f 39/55/148 40/56/148 60/84/148
f 40/57/149 41/59/150 60/85/151
f 60/85/151 41/59/150 61/86/152
f 41/59/153 42/60/153 61/86/153
f 61/86/154 42/60/154 62/87/154
f 42/60/155 45/63/156 62/87/157
f 45/63/156 47/65/158 62/87/157
f 62/88/157 47/66/158 63/89/159
f 47/66/111 49/68/113 63/89/160
f 63/89/160 49/68/113 64/90/161
f 49/68/114 50/69/116 64/90/162
f 50/69/116 51/75/123 64/90/162
f 64/90/162 51/75/123 65/91/163
f 51/75/127 53/73/126 65/91/164
f 53/73/165 66/92/166 65/91/167
f 65/91/168 66/92/169 67/93/170
f 68/94/171 67/93/172 69/95/173
f 67/93/170 66/92/169 69/95/174
f 69/95/174 66/92/169 70/96/175
f 66/92/166 53/73/165 70/96/176
f 53/73/177 52/72/177 70/96/177
f 70/96/178 52/72/179 71/97/180
f 71/97/180 52/72/179 72/98/181
f 52/72/179 54/74/182 72/98/181
f 54/74/183 55/99/183 72/98/183
f 72/98/184 55/99/184 73/100/184
f 73/100/185 55/99/185 74/101/185
f 55/78/186 56/79/138 74/102/187
f 74/102/187 56/79/138 75/103/188
f 56/79/138 57/80/139 75/103/188
f 75/103/189 57/80/140 76/104/190
f 57/80/140 58/81/142 76/104/190
f 58/81/191 59/82/191 76/104/191
f 76/104/192 59/82/192 77/105/192
f 59/82/193 60/106/193 77/105/193
f 60/85/194 61/86/195 77/107/196
f 61/86/195 62/87/197 77/107/196
f 77/108/196 62/88/197 78/109/198
f 78/109/199 62/88/199 79/110/199
f 62/88/157 63/89/159 79/110/200
f 63/89/160 64/90/161 79/110/201
f 64/90/161 65/91/202 79/110/201
f 65/111/168 67/112/170 79/113/203
f 79/113/203 67/112/170 80/114/204
f 67/112/205 81/115/206 80/114/207
f 80/114/207 81/115/206 82/116/208
f 82/116/209 81/115/209 83/117/209
f 81/115/210 67/112/210 83/117/210
f 84/118/211 85/119/212 86/120/213
f 85/119/212 83/121/214 86/120/213
f 83/121/215 67/93/215 86/120/215
f 67/93/172 68/94/171 86/120/216
f 68/94/171 69/95/173 86/120/216
f 86/120/217 69/95/218 87/122/219
f 69/95/218 70/96/220 87/122/219
f 87/122/219 70/96/220 88/123/221
f 88/123/222 70/96/222 89/124/222
f 70/96/223 71/97/223 89/124/223
f 90/125/224 91/126/225 92/127/226
f 91/126/225 89/124/227 92/127/226
f 92/127/226 89/124/227 93/128/228
f 89/124/227 71/97/229 93/128/228
f 71/97/229 72/98/230 93/128/228
f 72/98/231 73/100/232 93/128/233
f 94/129/234 95/130/235 96/131/236
f 96/131/236 95/130/235 97/132/237
f 97/133/238 95/134/239 98/135/240
f 98/136/241 95/130/241 99/137/241
f 95/130/242 94/129/242 99/137/242
f 94/129/243 100/138/243 99/137/243
f 101/139/244 99/140/245 102/141/246
f 99/137/247 100/138/247 102/142/247
f 102/142/248 100/138/248 103/143/248
f 100/138/249 94/129/250 103/143/251
f 94/129/250 96/131/252 103/143/251
f 103/143/251 96/131/252 104/144/253
f 104/145/254 96/146/255 105/147/256
f 96/146/255 97/133/257 105/147/256
f 97/133/238 98/135/240 105/147/258
f 105/147/259 98/135/259 106/148/259
f 98/135/260 99/140/260 106/148/260
f 99/140/245 101/139/244 106/148/261
f 106/148/262 101/139/263 107/149/264
f 107/149/265 101/139/265 108/150/265
f 101/139/266 102/141/266 108/150/266
f 102/141/267 103/151/268 108/150/269
f 108/150/269 103/151/268 109/152/270
f 103/143/251 104/144/253 109/153/271
f 104/144/253 110/154/272 109/153/271
f 109/153/271 110/154/272 111/155/273
f 112/156/274 111/157/275 113/158/276
f 111/157/277 110/159/277 113/158/277
f 113/158/278 110/159/278 114/160/278
f 114/160/279 110/159/280 115/161/281
f 110/159/280 104/145/282 115/161/281
f 104/145/254 105/147/256 115/161/283
f 115/161/283 105/147/256 116/162/284
f 116/162/285 105/147/285 117/163/285
f 105/147/286 106/148/286 117/163/286
f 117/163/287 106/148/287 118/164/287
f 106/148/262 107/149/264 118/164/288
f 119/165/289 118/164/290 120/166/291
f 118/164/292 107/149/292 120/166/292
f 107/149/293 108/150/293 120/166/293
f 120/166/294 108/150/294 121/167/294
f 108/150/269 109/152/270 121/167/295
f 109/152/270 111/168/296 121/167/295
f 111/168/296 112/169/297 121/167/295
f 121/167/298 112/169/298 122/170/298
f 112/156/274 113/158/276 122/171/299
f 122/171/300 113/158/300 123/172/300
f 113/158/301 114/160/302 123/172/303
f 123/172/303 114/160/302 124/173/303
f 114/160/304 115/161/283 124/173/305
f 124/173/305 115/161/283 125/174/306
f 115/161/283 116/162/284 125/174/306
f 116/162/307 117/163/308 125/174/309
f 125/174/309 117/163/308 126/175/310
f 117/163/311 118/164/312 126/175/313
f 118/164/312 119/165/314 126/175/313
f 126/175/315 119/165/316 127/176/317
f 127/176/317 119/165/318 128/177/319
f 128/177/320 119/165/321 129/178/322
f 119/165/289 120/166/291 129/178/323
f 130/179/324 129/178/325 131/180/326
f 129/178/325 120/166/327 131/180/326
f 120/166/327 121/167/328 131/180/326
f 121/167/329 122/170/330 131/180/331
f 131/180/331 122/170/330 132/181/332
f 132/182/333 122/171/334 133/183/335
f 122/171/334 123/172/336 133/183/335
f 133/183/337 123/172/338 134/184/339
f 123/172/340 124/173/341 134/184/342
f 134/184/342 124/173/341 135/185/343
f 124/173/344 125/174/345 135/185/346
f 135/185/346 125/174/345 136/186/347
f 125/174/309 126/175/310 136/186/348
f 136/186/348 126/175/310 137/187/349
f 137/187/350 126/175/350 138/188/350
f 126/175/315 127/176/317 138/188/351
f 139/189/352 138/188/352 140/190/352
f 138/188/351 127/176/317 140/190/353
f 127/176/317 128/177/319 140/190/353
f 140/190/354 128/177/320 141/191/355
f 128/177/320 129/178/322 141/191/355
f 129/178/325 130/179/324 141/191/356
f 141/191/357 130/179/358 142/192/359
f 142/192/360 130/179/361 143/193/362
f 130/179/361 131/180/363 143/193/362
f 131/180/364 132/181/364 143/193/364
f 144/194/365 143/195/366 145/196/367
f 143/195/366 132/182/333 145/196/367
f 132/182/333 133/183/335 145/196/367
f 145/196/368 133/183/337 146/197/369
f 133/183/337 134/184/339 146/197/369
f 134/184/342 135/185/343 146/197/370
f 146/197/371 135/185/372 147/198/373
f 135/185/346 136/186/347 147/198/374
f 136/186/375 137/187/376 147/198/377
f 147/198/377 137/187/376 148/199/378
f 137/187/379 138/188/379 148/199/379
f 138/188/380 139/189/381 148/199/382
f 148/199/382 139/189/381 149/200/383
f 149/200/384 139/189/384 150/201/384
f 139/189/385 140/190/386 150/201/387
f 150/201/387 140/190/386 151/202/388
f 151/202/389 140/190/390 152/203/391
f 140/190/392 141/191/392 152/203/392
f 153/204/393 154/205/394 155/206/395
f 154/205/394 152/203/396 155/206/395
f 152/203/397 141/191/357 155/206/398
f 141/191/357 142/192/359 155/206/398
f 142/192/399 143/193/399 155/206/399
f 155/206/400 143/193/366 156/207/401
f 143/195/366 144/194/365 156/208/401
f 156/208/402 144/194/403 157/209/404
f 144/194/403 145/196/405 157/209/404
f 145/196/406 146/197/407 157/209/408
f 158/210/409 157/209/410 159/211/411
f 157/209/408 146/197/407 159/211/412
f 146/197/371 147/198/373 159/211/413
f 159/211/413 147/198/373 160/212/414
f 147/198/377 148/199/378 160/212/415
f 148/199/416 149/200/416 160/212/416
f 160/212/417 149/200/418 161/213/419
f 149/200/420 162/214/421 161/213/422
f 161/213/422 162/214/421 163/215/423
f 163/215/424 162/214/425 164/216/426
f 162/214/425 149/200/427 164/216/426
f 149/200/427 150/201/428 164/216/426
f 164/216/429 150/201/430 165/217/431
f 150/201/387 151/202/388 165/217/432
f 165/217/433 151/202/434 166/218/435
f 151/202/389 152/203/391 166/218/436
f 152/203/396 154/205/394 166/218/437
f 154/205/394 153/204/393 166/218/437
f 166/218/437 153/204/393 167/219/438
f 153/204/393 168/220/439 167/219/438
f 167/221/440 168/222/441 169/223/442
f 170/224/443 171/225/443 172/226/443
f 173/227/444 174/228/445 175/229/446
f 174/228/447 176/230/448 175/229/449
f 175/229/449 176/230/448 177/231/450
f 177/231/451 176/230/451 178/232/451
f 178/232/452 176/230/453 179/233/454
f 176/230/455 174/228/456 179/233/457
f 174/228/456 173/227/458 179/233/457
f 179/233/459 173/227/459 180/234/459
f 173/227/460 181/235/460 180/234/460
f 180/234/461 181/235/461 182/236/461
f 182/236/462 181/235/462 183/237/462
f 181/235/463 173/227/444 183/237/464
f 173/227/444 175/229/446 183/237/464
f 183/237/464 175/229/446 172/238/465
f 175/229/449 177/231/450 172/238/466
f 172/226/466 177/239/450 184/240/467
f 184/240/467 177/239/450 185/241/468
f 177/242/469 178/243/469 185/244/469
f 185/244/470 178/243/470 186/245/470
f 186/245/471 178/243/471 187/246/471
f 178/232/452 179/233/454 187/247/472
f 179/233/454 180/234/473 187/247/472
f 180/248/474 182/249/475 187/246/476
f 187/246/476 182/249/475 188/250/477
f 188/250/478 182/249/479 189/251/480
f 182/249/481 183/252/482 189/251/483
f 189/251/483 183/252/482 190/253/484
f 183/237/464 172/238/465 190/254/485
f 172/238/465 171/255/486 190/254/485
f 171/255/486 191/256/487 190/254/485
f 190/253/484 191/257/488 192/258/489
f 192/258/489 191/257/488 193/259/490
f 191/257/491 171/225/492 193/259/493
f 171/225/492 170/224/494 193/259/493
f 193/259/495 170/224/495 194/260/495
f 194/260/496 170/224/496 195/261/496
f 170/224/497 172/226/498 195/261/499
f 195/261/499 172/226/498 196/262/500
f 172/226/466 184/240/467 196/262/501
f 197/263/502 196/262/502 198/264/502
f 196/262/503 184/240/504 198/264/505
f 198/264/505 184/240/504 199/265/506
f 184/240/507 185/241/507 199/265/507
f 185/244/508 186/245/508 199/266/508
f 199/266/509 186/245/509 200/267/509
f 200/267/510 186/245/511 201/268/512
f 186/245/511 187/246/513 201/268/512
f 187/246/513 188/250/514 201/268/512
f 201/268/515 188/250/478 202/269/516
f 188/250/478 189/251/480 202/269/516
f 189/251/483 190/253/484 202/269/517
f 190/253/484 192/258/489 202/269/517
f 203/270/518 202/269/519 204/271/520
f 202/269/521 192/258/521 204/271/521
f 192/258/489 193/259/490 204/271/522
f 193/259/523 194/260/524 204/271/525
f 204/271/525 194/260/524 205/272/526
f 194/260/527 195/261/527 205/272/527
f 195/261/499 196/262/500 205/272/528
f 205/272/529 196/262/530 206/273/531
f 206/273/532 196/262/532 207/274/532
f 196/262/533 197/263/534 207/274/535
f 207/274/535 197/263/534 208/275/536
f 208/276/536 197/277/534 209/278/537
f 209/278/538 197/277/539 210/279/540
f 197/277/539 198/280/541 210/279/540
f 210/279/540 198/280/541 211/281/542
f 198/280/543 199/266/544 211/281/545
f 199/266/544 200/267/546 211/281/545
f 211/281/547 200/267/547 212/282/547
f 200/267/548 201/268/548 212/282/548
f 201/268/515 202/269/516 212/282/549
f 202/269/516 203/270/550 212/282/549
f 212/282/551 203/270/551 213/283/551
f 213/283/552 203/270/553 214/284/554
f 214/284/555 203/270/518 215/285/556
f 203/270/518 204/271/520 215/285/556
f 215/285/557 204/271/558 216/286/559
f 204/271/560 205/272/560 216/286/560
f 217/287/561 216/286/562 218/288/563
f 216/286/562 205/272/564 218/288/563
f 218/288/565 205/272/529 219/289/566
f 205/272/529 206/273/531 219/289/566
f 206/273/531 207/274/567 219/289/566
f 219/289/568 207/274/569 220/290/570
f 207/274/571 208/275/571 220/290/571
f 220/291/572 208/276/573 221/292/574
f 208/276/573 209/278/575 221/292/574
f 221/292/576 209/278/577 222/293/578
f 222/293/578 209/278/577 223/294/579
f 223/294/580 209/278/581 224/295/582
f 209/278/583 210/279/584 224/295/585
f 224/295/585 210/279/584 225/296/586
f 210/279/584 211/281/587 225/296/586
f 211/281/588 212/282/588 225/296/588
f 225/296/589 212/282/590 226/297/591
f 212/282/592 213/283/593 226/297/594
f 226/297/594 213/283/593 227/298/595
f 213/283/552 214/284/554 227/298/596
f 227/298/597 214/284/598 228/299/599
f 228/299/600 214/284/601 229/300/602
f 214/284/555 215/285/556 229/300/603
f 215/285/557 216/286/559 229/300/604
f 216/286/559 217/287/605 229/300/604
f 229/300/606 217/287/607 230/301/608
f 217/287/609 218/288/610 230/301/611
f 230/301/611 218/288/610 231/302/612
f 218/288/610 219/289/613 231/302/612
f 219/289/568 220/290/570 231/302/614
f 231/302/614 220/290/570 232/303/615
f 232/304/616 220/291/617 233/305/618
f 220/291/617 221/292/619 233/305/618
f 169/223/620 233/305/621 234/306/622
f 233/305/621 221/292/623 234/306/622
f 234/306/622 221/292/623 235/307/624
f 221/292/623 222/293/625 235/307/624
f 235/307/626 222/293/627 236/308/628
f 222/293/578 223/294/579 236/308/629
f 236/308/630 223/294/630 237/309/630
f 223/294/580 224/295/582 237/309/631
f 237/309/632 224/295/632 238/310/632
f 224/295/633 225/296/589 238/310/634
f 225/296/589 226/297/591 238/310/634
f 238/310/635 226/297/594 239/311/636
f 226/297/594 227/298/595 239/311/636
f 227/298/597 228/299/599 239/311/637
f 239/311/637 228/299/599 240/312/638
f 240/312/639 228/299/639 241/313/639
f 228/299/600 229/300/602 241/313/640
f 229/300/606 230/301/608 241/313/641
f 241/313/642 230/301/643 242/314/644
f 242/314/645 230/301/646 243/315/647
f 230/301/648 231/302/649 243/315/650
f 243/315/650 231/302/649 244/316/651
f 244/316/652 231/302/653 245/317/654
f 231/302/614 232/303/615 245/317/655
f 232/304/616 233/305/618 245/318/656
f 245/318/656 233/305/618 246/319/657
f 233/305/618 169/223/658 246/319/657
f 169/223/442 168/222/441 246/319/659
f 246/320/660 168/321/660 247/322/660
f 168/220/661 153/204/661 247/323/661
f 247/323/662 153/204/663 248/324/664
f 153/204/663 155/206/665 248/324/664
f 155/206/666 156/207/667 248/324/668
f 248/324/668 156/207/667 249/325/669
f 249/326/669 156/208/670 250/327/671
f 156/208/670 157/209/672 250/327/671
f 157/209/410 158/210/409 250/327/673
f 250/327/673 158/210/409 251/328/674
f 251/328/675 158/210/676 252/329/677
f 158/210/676 159/211/678 252/329/677
f 159/211/678 160/212/679 252/329/677
f 252/329/680 160/212/681 253/330/682
f 160/212/417 161/213/419 253/330/683
f 253/330/683 161/213/419 254/331/684
f 161/213/419 163/215/685 254/331/684
f 254/331/684 163/215/685 255/332/686
f 255/332/687 163/215/688 256/333/689
f 256/333/690 163/215/424 257/334/691
f 163/215/424 164/216/426 257/334/691
f 257/334/692 164/216/429 258/335/693
f 164/216/429 165/217/431 258/335/693
f 258/335/694 165/217/433 259/336/695
f 165/217/433 166/218/435 259/336/695
f 166/218/696 167/219/696 259/336/696
f 167/221/697 169/223/698 259/337/699
f 259/337/699 169/223/698 260/338/700
f 169/223/620 234/306/622 260/338/701
f 260/338/702 234/306/703 261/339/704
f 234/306/703 235/307/705 261/339/704
f 261/339/706 235/307/626 262/340/707
f 235/307/626 236/308/628 262/340/707
f 263/341/708 262/340/709 264/342/710
f 262/340/709 236/308/711 264/342/710
f 236/308/712 237/309/712 264/342/712
f 237/309/713 238/310/635 264/342/714
f 264/342/714 238/310/635 265/343/715
f 238/310/635 239/311/636 265/343/715
f 239/311/637 240/312/638 265/343/716
f 265/343/717 240/312/717 266/344/717
f 240/312/718 241/313/718 266/344/718
f 266/344/719 241/313/720 267/345/721
f 241/313/642 242/314/644 267/345/722
f 267/345/722 242/314/644 268/346/723
f 268/346/724 242/314/645 269/347/725
f 242/314/645 243/315/647 269/347/725
f 243/315/650 244/316/651 269/347/726
f 269/347/726 244/316/651 270/348/727
f 244/316/652 245/317/654 270/348/728
f 245/317/654 246/320/729 270/348/728
f 270/348/730 246/320/730 271/349/730
f 246/320/731 247/322/732 271/349/733
f 271/349/733 247/322/732 272/350/734
f 247/323/662 248/324/664 272/351/735
f 248/324/668 249/325/669 272/351/736
f 272/351/736 249/325/669 273/352/737
f 249/326/669 250/327/671 273/353/737
f 250/327/738 251/328/739 273/353/740
f 274/354/741 273/353/740 275/355/742
f 273/353/740 251/328/739 275/355/742
f 251/328/743 276/356/744 275/355/745
f 275/355/745 276/356/744 277/357/746
f 277/357/746 276/356/744 278/358/747
f 276/356/748 251/328/748 278/358/748
f 251/328/675 252/329/677 278/358/749
f 252/329/680 253/330/682 278/358/750
f 253/330/682 254/331/751 278/358/750
f 254/331/752 255/332/753 278/358/754
f 278/358/754 255/332/753 279/359/755
f 255/332/687 256/333/689 279/359/756
f 279/359/757 256/333/758 280/360/759
f 256/333/760 257/334/761 280/360/762
f 280/360/762 257/334/761 281/361/763
f 281/361/764 257/334/765 282/362/766
f 257/334/765 258/335/767 282/362/766
f 282/362/768 258/335/769 283/363/770
f 283/364/770 258/365/769 284/366/771
f 258/365/772 259/337/773 284/366/774
f 259/337/773 260/338/775 284/366/774
f 260/338/702 261/339/704 284/366/776
f 261/339/706 262/340/707 284/366/777
f 284/366/777 262/340/707 285/367/778
f 262/340/707 263/341/779 285/367/778
f 285/367/780 263/341/708 286/368/781
f 286/368/781 263/341/708 287/369/782
f 263/341/708 264/342/710 287/369/782
f 264/342/783 265/343/784 287/369/782
f 287/369/782 265/343/784 288/370/785
f 288/370/786 265/343/787 289/371/788
f 265/343/787 266/344/789 289/371/788
f 266/344/719 267/345/721 289/371/790
f 290/372/791 289/371/790 291/373/792
f 289/371/790 267/345/721 291/373/792
f 267/345/722 268/346/723 291/373/793
f 291/373/793 268/346/723 292/374/794
f 268/346/795 269/347/795 292/374/795
f 293/375/796 292/374/797 294/376/798
f 292/374/797 269/347/799 294/376/798
f 269/347/800 270/348/800 294/376/800
f 270/348/801 271/349/802 294/376/803
f 271/349/802 272/350/804 294/376/803
f 272/350/805 273/377/805 294/376/805
f 273/377/806 274/378/806 294/376/806
f 294/376/798 274/378/807 295/379/808
f 274/354/809 275/355/809 295/380/809
f 275/355/810 277/357/811 295/380/812
f 295/380/812 277/357/811 296/381/813
f 296/381/814 277/357/814 297/382/814
f 277/357/815 278/358/754 297/382/816
f 278/358/754 279/359/755 297/382/816
f 297/382/816 279/359/755 298/383/817
f 279/359/757 280/360/759 298/383/818
f 298/383/818 280/360/759 299/384/819
f 280/360/820 281/361/821 299/384/822
f 300/385/823 301/386/824 302/387/825
f 301/386/824 303/388/826 302/387/825
f 302/387/827 303/388/828 304/389/829
f 303/388/828 299/390/830 304/389/829
f 304/389/831 299/390/831 305/391/831
f 299/384/822 281/361/821 305/392/832
f 281/361/833 282/362/833 305/392/833
f 305/391/834 282/393/835 306/394/836
f 282/393/837 283/395/837 306/394/837
f 306/394/838 283/395/839 307/396/840
f 283/364/770 284/366/771 307/397/841
f 284/366/842 285/367/842 307/397/842
f 307/396/843 285/398/844 308/399/845
f 308/399/846 285/398/847 309/400/848
f 309/401/849 285/367/850 310/402/851
f 285/367/850 286/368/852 310/402/851
f 286/368/781 287/369/782 310/402/853
f 287/369/782 288/370/785 310/402/853
f 288/370/786 289/371/788 310/402/854
f 289/371/788 290/372/855 310/402/854
f 310/402/856 290/372/857 311/403/858
f 311/403/859 290/372/860 312/404/861
f 290/372/860 291/373/862 312/404/861
f 291/373/793 292/374/794 312/404/863
f 292/374/864 293/375/864 312/404/864
f 312/404/865 293/375/866 313/405/867
f 313/405/868 293/375/868 314/406/868
f 293/375/796 294/376/798 314/406/869
f 294/376/798 295/379/808 314/406/869
f 314/406/869 295/379/808 315/407/870
f 295/380/812 296/381/813 315/408/871
f 316/409/872 315/410/872 317/411/872
f 315/410/873 296/412/873 317/411/873
f 296/413/874 297/414/874 317/415/874
f 317/415/875 297/414/876 318/416/877
f 297/414/816 298/417/817 318/416/878
f 298/418/879 299/390/879 318/419/879
f 299/390/880 303/388/880 318/419/880
f 318/419/881 303/388/881 319/420/881
f 303/388/882 301/386/882 319/420/882
f 301/386/883 93/128/233 319/420/884
f 319/420/884 93/128/233 320/421/885
f 93/128/233 73/100/232 320/421/885
f 73/100/232 74/101/886 320/421/885
f 320/421/887 74/101/888 321/422/889
f 321/423/890 74/424/890 322/425/890
f 74/102/891 75/103/189 322/426/892
f 75/103/189 76/104/190 322/426/892
f 322/426/893 76/104/894 323/427/895
f 76/104/896 77/105/896 323/427/896
f 77/105/897 78/428/897 323/427/897
f 323/429/898 78/430/899 324/431/900
f 324/431/900 78/430/899 325/432/901
f 78/430/902 79/113/902 325/432/902
f 79/113/203 80/114/204 325/432/903
f 325/432/903 80/114/204 326/433/904
f 80/114/905 82/116/905 326/433/905
f 82/116/906 327/434/907 326/433/908
f 326/433/909 327/434/910 328/435/911
f 327/434/907 82/116/906 328/435/912
f 82/116/913 83/117/914 328/435/915
f 83/121/914 85/119/916 328/436/915
f 329/437/917 328/435/915 330/438/918
f 328/436/915 85/119/916 330/439/918
f 330/439/919 85/119/919 331/440/919
f 85/119/920 84/118/921 331/440/922
f 84/118/921 86/120/923 331/440/922
f 86/120/217 87/122/219 331/440/924
f 331/440/925 87/122/925 332/441/925
f 332/441/926 87/122/926 333/442/926
f 87/122/927 88/123/928 333/442/929
f 88/123/928 89/124/930 333/442/929
f 334/443/931 335/444/932 336/445/933
f 335/444/934 337/446/934 336/445/934
f 336/445/935 337/446/935 338/447/935
f 339/448/936 340/449/937 341/450/938
f 340/449/939 342/451/940 341/450/941
f 341/450/941 342/451/940 343/452/942
f 344/453/943 343/452/944 345/454/945
f 343/452/944 342/451/946 345/454/945
f 345/454/945 342/451/946 346/455/947
f 346/455/947 342/451/946 347/456/948
f 342/451/940 340/449/939 347/456/949
f 347/456/950 340/449/951 348/457/952
f 340/449/951 339/448/953 348/457/952
f 339/458/953 349/459/954 348/460/952
f 348/460/955 349/459/956 350/461/957
f 351/462/958 352/463/959 353/464/960
f 352/463/961 350/461/961 353/464/961
f 353/464/962 350/461/963 354/465/964
f 350/461/965 349/459/965 354/465/965
f 355/466/966 354/465/966 356/467/966
f 354/465/967 349/459/967 356/467/967
f 349/459/954 339/458/953 356/467/968
f 356/467/968 339/458/953 357/468/969
f 357/468/970 339/458/936 358/469/971
f 339/448/936 341/450/938 358/470/971
f 358/470/972 341/450/973 359/471/974
f 341/450/975 343/452/975 359/471/975
f 359/471/976 343/452/977 360/472/978
f 343/452/977 344/453/979 360/472/978
f 360/472/980 344/453/981 361/473/982
f 344/453/983 345/454/983 361/473/983
f 361/473/984 345/454/985 362/474/986
f 362/474/986 345/454/985 363/475/987
f 345/454/985 346/455/988 363/475/987
f 364/476/989 363/475/989 365/477/989
f 363/475/990 346/455/990 365/477/990
f 346/455/991 347/456/991 365/477/991
f 347/456/992 348/457/993 365/477/994
f 365/477/994 348/457/993 366/478/995
f 348/460/955 350/461/957 366/479/996
f 350/461/997 352/463/997 366/479/997
f 352/463/959 351/462/958 366/479/998
f 366/478/999 351/480/999 367/481/999
f 367/481/1000 351/480/1000 368/482/1000
f 368/483/1001 351/462/1002 369/484/1003
f 351/462/1004 353/464/1004 369/484/1004
f 353/464/1005 370/485/1005 369/484/1005
f 369/484/1006 370/485/1006 371/486/1006
f 370/485/1007 353/464/1007 371/486/1007
f 371/486/1008 353/464/962 372/487/1009
f 372/487/1009 353/464/962 373/488/1010
f 353/464/962 354/465/964 373/488/1010
f 354/465/1011 355/466/1011 373/488/1011
f 373/488/1012 355/466/1012 374/489/1012
f 375/490/1013 374/489/1014 376/491/1015
f 374/489/1014 355/466/1016 376/491/1015
f 355/466/1017 356/467/1017 376/491/1017
f 356/467/1018 357/468/1019 376/491/1020
f 376/491/1020 357/468/1019 377/492/1021
f 357/468/970 358/469/971 377/492/1022
f 377/493/1023 358/470/1023 378/494/1023
f 358/470/972 359/471/974 378/494/1024
f 359/471/1025 360/472/1026 378/494/1027
f 378/494/1027 360/472/1026 379/495/1028
f 379/495/1029 360/472/1029 380/496/1029
f 380/496/1030 360/472/1030 381/497/1030
f 360/472/980 361/473/982 381/497/1031
f 381/497/1032 361/473/1033 382/498/1034
f 361/473/1033 362/474/1035 382/498/1034
f 362/474/1036 363/475/1037 382/498/1038
f 382/498/1038 363/475/1037 383/499/1039
f 363/475/1037 364/476/1040 383/499/1039
f 383/499/1041 364/476/1041 384/500/1041
f 364/476/1042 365/477/1043 384/500/1044
f 365/477/1043 366/478/1045 384/500/1044
f 366/478/1046 367/481/1046 384/500/1046
f 367/481/1047 368/482/1047 384/500/1047
f 384/500/1048 368/482/1048 385/501/1048
f 368/483/1001 369/484/1003 385/502/1049
f 369/484/1003 371/486/1050 385/502/1049
f 385/503/1049 371/504/1050 386/505/1051
f 386/505/1051 371/504/1050 387/506/1052
f 371/504/1008 372/507/1009 387/506/1053
f 387/506/1054 372/507/1055 338/447/1056
f 372/487/1055 373/488/1057 338/508/1056
f 373/488/1058 374/489/1058 338/508/1058
f 338/508/1059 374/489/1059 388/509/1059
f 374/489/1060 375/490/1060 388/509/1060
f 375/490/1061 376/491/1061 388/509/1061
f 388/509/1062 376/491/1063 389/510/1064
f 376/491/1063 377/492/1065 389/510/1064
f 377/493/1066 378/494/1067 389/511/1068
f 378/494/1067 379/495/1069 389/511/1068
f 389/511/1068 379/495/1069 390/512/1070
f 379/495/1071 380/496/1072 390/512/1073
f 390/513/1073 380/514/1072 391/515/1074
f 391/515/1075 380/514/1076 392/516/1077
f 380/496/1076 381/497/1078 392/517/1077
f 381/497/1079 382/498/1080 392/517/1081
f 392/517/1081 382/498/1080 393/518/1082
f 382/498/1083 383/499/1083 393/518/1083
f 383/499/1084 384/500/1084 393/518/1084
f 384/500/1085 385/501/1085 393/518/1085
f 394/519/1086 393/520/1086 395/521/1086
f 393/520/1087 385/503/1088 395/521/1089
f 385/503/1088 386/505/1090 395/521/1089
f 395/521/1089 386/505/1090 396/522/1091
f 396/522/1092 386/505/1093 397/523/1094
f 386/505/1093 387/506/1095 397/523/1094
f 387/506/1096 338/447/1096 397/523/1096
f 338/447/1097 337/446/1097 397/523/1097
f 398/524/1098 397/523/1098 399/525/1098
f 397/523/1099 337/446/1099 399/525/1099
f 337/446/1100 335/444/1100 399/525/1100
f 399/525/1101 335/444/1101 400/526/1101
f 335/444/932 334/443/931 400/526/1102
f 400/526/1103 334/443/1103 401/527/1103
f 401/527/1104 334/443/1105 402/528/1106
f 402/528/1106 334/443/1105 403/529/1107
f 333/442/1108 404/530/1109 405/531/1110
f 405/531/1111 404/530/1112 406/532/1113
f 404/530/1112 403/533/1114 406/532/1113
f 403/529/1107 334/443/1105 406/534/1115
f 334/443/1116 336/445/1116 406/534/1116
f 406/534/1117 336/445/1117 407/535/1117
f 336/445/1118 338/447/1118 407/535/1118
f 338/447/1119 388/536/1119 407/535/1119
f 407/535/1120 388/536/1120 408/537/1120
f 388/509/1062 389/510/1064 408/538/1121
f 389/510/1068 390/539/1070 408/538/1122
f 408/540/1122 390/513/1070 409/541/1123
f 390/513/1073 391/515/1074 409/541/1124
f 409/541/1124 391/515/1074 410/542/1125
f 391/515/1126 392/516/1127 410/542/1128
f 410/542/1128 392/516/1127 411/543/1129
f 392/516/1127 393/520/1130 411/543/1129
f 393/520/1131 394/519/1131 411/543/1131
f 411/543/1132 394/519/1132 412/544/1132
f 394/519/1133 395/521/1089 412/544/1134
f 395/521/1089 396/522/1091 412/544/1134
f 412/544/1135 396/522/1135 413/545/1135
f 396/522/1136 397/523/1137 413/545/1138
f 397/523/1137 398/524/1139 413/545/1138
f 413/545/1140 398/524/1140 414/546/1140
f 398/524/1141 399/525/1142 414/546/1143
f 399/525/1142 400/526/1144 414/546/1143
f 414/546/1143 400/526/1144 415/547/1145
f 400/526/1146 401/527/1146 415/547/1146
f 415/547/1147 401/527/1104 416/548/1148
f 401/527/1104 402/528/1106 416/548/1148
f 417/549/1149 416/550/1150 418/551/1151
f 416/550/1150 402/552/1152 418/551/1151
f 402/552/1153 403/533/1154 418/551/1155
f 403/533/1154 404/530/1156 418/551/1155
f 404/530/1157 333/442/1158 418/551/1159
f 333/442/1158 89/124/1160 418/551/1159
f 89/124/1160 91/126/225 418/551/1159
f 418/551/1159 91/126/225 419/553/1161
f 91/126/225 90/125/224 419/553/1161
f 419/553/1162 90/125/1163 420/554/1164
f 90/125/224 92/127/226 420/554/1165
f 420/554/1165 92/127/226 421/555/1166
f 92/127/226 93/128/233 421/555/1166
f 93/128/233 301/386/883 421/555/1166
f 301/386/1167 300/385/1167 421/555/1167
f 421/555/1168 300/385/1169 422/556/1170
f 422/556/1171 300/385/1172 423/557/1173
f 300/385/1172 302/387/1174 423/557/1173
f 423/557/1175 302/387/827 424/558/1176
f 302/387/827 304/389/829 424/558/1176
f 304/389/1177 305/391/834 424/558/1178
f 305/391/834 306/394/836 424/558/1178
f 424/558/1179 306/394/1180 425/559/1181
f 425/559/1181 306/394/1180 426/560/1182
f 306/394/838 307/396/840 426/560/1183
f 426/560/1184 307/396/843 427/561/1185
f 307/396/843 308/399/845 427/561/1185
f 427/561/1186 308/399/1186 428/562/1186
f 428/562/1187 308/399/1188 429/563/1189
f 308/399/846 309/400/848 429/563/1190
f 429/563/1191 309/400/1191 430/564/1191
f 309/401/1192 310/402/1192 430/565/1192
f 310/402/856 311/403/858 430/565/1193
f 430/565/1194 311/403/859 431/566/1195
f 311/403/859 312/404/861 431/566/1195
f 312/404/865 313/405/867 431/566/1196
f 431/567/1197 313/568/1198 432/569/1199
f 432/569/1199 313/568/1198 433/570/1200
f 313/568/1201 314/571/1201 433/570/1201
f 314/571/1202 315/410/1202 433/570/1202
f 315/410/1203 316/409/1203 433/570/1203
f 433/570/1204 316/409/1205 434/572/1206
f 434/572/1206 316/409/1205 435/573/1207
f 316/409/1208 317/411/1208 435/573/1208
f 317/415/875 318/416/877 435/574/1209
f 435/574/1209 318/416/877 436/575/1210
f 318/416/877 319/576/1211 436/575/1210
f 319/576/1212 320/577/887 436/575/1213
f 436/575/1213 320/577/887 437/578/1214
f 320/577/887 321/579/889 437/578/1214
f 437/578/1214 321/579/889 438/580/1215
f 321/423/1216 322/425/1216 438/581/1216
f 438/581/1217 322/425/893 439/582/1218
f 322/425/893 323/429/895 439/582/1218
f 323/429/895 324/431/1219 439/582/1218
f 439/582/1218 324/431/1219 440/583/1220
f 324/431/1219 325/432/1221 440/583/1220
f 325/432/1222 326/433/1223 440/583/1224
f 440/583/1224 326/433/1223 441/584/1225
f 326/433/909 328/435/911 441/584/1226
f 328/435/1227 329/437/1227 441/584/1227
f 441/584/1228 329/437/1229 442/585/1230
f 329/437/1231 330/438/1231 442/585/1231
f 330/439/1232 331/440/1232 442/586/1232
f 331/440/1233 332/441/1233 442/586/1233
f 332/441/1234 333/442/1234 442/586/1234
f 333/442/1108 405/531/1110 442/586/1235
f 442/587/1236 405/588/1236 443/589/1236
f 443/590/1237 405/591/1238 444/592/1239
f 405/591/1238 406/593/1240 444/592/1239
f 444/592/1241 406/593/1241 445/594/1241
f 406/593/1242 407/595/1242 445/594/1242
f 407/595/1243 408/540/1243 445/594/1243
f 408/540/1244 409/541/1244 445/594/1244
f 445/594/1245 409/541/1246 446/596/1247
f 409/541/1246 410/542/1248 446/596/1247
f 410/542/1249 411/543/1249 446/596/1249
f 411/543/1250 412/544/1251 446/596/1252
f 412/544/1251 413/545/1253 446/596/1252
f 446/596/1254 413/545/1255 447/597/1256
f 447/597/1256 413/545/1255 448/598/1257
f 448/598/1257 413/545/1255 449/599/1258
f 413/545/1255 414/546/1259 449/599/1258
f 414/546/1143 415/547/1145 449/599/1260
f 449/599/1261 415/547/1147 450/600/1262
f 415/547/1147 416/548/1148 450/600/1262
f 416/550/1263 417/549/1263 450/601/1263
f 450/601/1264 417/549/1264 451/602/1264
f 451/602/1265 417/549/1266 452/603/1267
f 417/549/1266 418/551/1159 452/603/1267
f 418/551/1159 419/553/1161 452/603/1267
f 452/603/1268 419/553/1269 453/604/1270
f 419/553/1162 420/554/1164 453/604/1271
f 453/604/1271 420/554/1164 454/605/1272
f 420/554/1273 421/555/1168 454/605/1274
f 421/555/1168 422/556/1170 454/605/1274
f 454/605/1275 422/556/1276 455/606/1277
f 422/556/1278 423/557/1279 455/606/1277
f 456/607/1280 455/606/1277 457/608/1281
f 455/606/1277 423/557/1279 457/608/1281
f 423/557/1282 424/558/1283 457/608/1284
f 424/558/1283 425/559/1285 457/608/1284
f 457/608/1286 425/559/1287 458/609/1288
f 425/559/1289 426/560/1290 458/609/1291
f 426/560/1290 427/561/1292 458/609/1291
f 427/561/1292 428/562/1293 458/609/1291
f 458/609/1291 428/562/1293 459/610/1294
f 459/610/1295 428/562/1187 460/611/1296
f 428/562/1187 429/563/1189 460/611/1296
f 429/563/1297 430/564/1298 460/611/1299
f 460/611/1299 430/564/1298 461/612/1300
f 430/564/1194 431/567/1195 461/612/1301
f 431/567/1195 432/569/1302 461/612/1301
f 461/612/1301 432/569/1302 462/613/1303
f 432/569/1304 433/570/1304 462/613/1304
f 433/570/1204 434/572/1206 462/613/1305
f 462/613/1305 434/572/1206 463/614/1306
f 463/614/1306 434/572/1206 464/615/1307
f 434/572/1308 435/573/1308 464/615/1308
f 435/574/1309 436/575/1309 464/616/1309
f 464/616/1310 436/575/1311 465/617/1312
f 436/575/1311 437/578/1313 465/617/1312
f 465/617/1312 437/578/1313 466/618/1314
f 437/578/1313 438/580/1315 466/618/1314
f 467/619/1316 466/618/1314 468/620/1317
f 466/618/1314 438/580/1315 468/620/1317
f 438/581/1217 439/582/1218 468/621/1318
f 468/620/1319 439/622/1320 469/623/1321
f 439/582/1218 440/583/1220 469/624/1322
f 469/624/1323 440/583/1323 470/625/1323
f 440/583/1324 441/584/1324 470/625/1324
f 441/584/1228 442/585/1230 470/625/1325
f 442/587/1326 443/589/1327 470/626/1328
f 470/626/1328 443/589/1327 471/627/1329
f 443/590/1330 444/592/1330 471/628/1330
f 471/628/1331 444/592/1331 472/629/1331
f 444/592/1332 445/594/1332 472/629/1332
f 445/594/1333 446/596/1334 472/629/1335
f 472/629/1335 446/596/1334 473/630/1336
f 446/596/1334 447/597/1337 473/630/1336
f 473/630/1338 447/597/1339 474/631/1340
f 474/631/1341 447/597/1342 475/632/1343
f 447/597/1342 448/598/1344 475/632/1343
f 475/632/1343 448/598/1344 476/633/1345
f 476/633/1346 448/598/1347 477/634/1348
f 448/598/1347 449/599/1349 477/634/1348
f 449/635/1350 450/601/1351 477/636/1352
f 477/636/1352 450/601/1351 478/637/1353
f 450/601/1354 451/602/1354 478/637/1354
f 478/637/1355 451/602/1265 479/638/1356
f 451/602/1265 452/603/1267 479/638/1356
f 452/603/1268 453/604/1270 479/638/1357
f 479/638/1357 453/604/1270 480/639/1358
f 480/639/1359 453/604/1360 481/640/1361
f 453/604/1360 454/605/1275 481/640/1361
f 454/605/1275 455/606/1277 481/640/1361
f 455/606/1277 456/607/1280 481/640/1361
f 481/640/1361 456/607/1280 482/641/1362
f 482/641/1362 456/607/1280 483/642/1363
f 456/607/1364 457/608/1365 483/642/1366
f 483/642/1366 457/608/1365 484/643/1367
f 457/608/1286 458/609/1288 484/643/1368
f 458/609/1288 459/610/1369 484/643/1368
f 484/643/1370 459/610/1371 485/644/1372
f 459/610/1371 460/611/1373 485/644/1372
f 460/611/1374 461/612/1375 485/644/1376
f 485/644/1376 461/612/1375 486/645/1377
f 461/612/1378 462/613/1379 486/645/1380
f 462/613/1379 463/614/1381 486/645/1380
f 486/645/1382 463/614/1382 487/646/1382
f 463/614/1383 464/615/1383 487/646/1383
f 488/647/1384 487/648/1385 489/649/1386
f 487/648/1385 464/616/1310 489/649/1386
f 464/616/1310 465/617/1312 489/649/1386
f 465/617/1312 466/618/1387 489/649/1386
f 489/649/1386 466/618/1387 490/650/1388
f 466/618/1387 467/619/1389 490/650/1388
f 490/650/1390 467/619/1391 491/651/1392
f 467/619/1391 468/620/1319 491/651/1392
f 468/620/1319 469/623/1321 491/651/1392
f 469/623/1321 470/626/1393 491/651/1392
f 470/626/1393 471/627/1394 491/651/1392
f 491/651/1392 471/627/1394 492/652/1395
f 492/652/1396 471/627/1396 493/653/1396
f 471/628/1397 472/629/1397 493/654/1397
f 472/629/1398 473/630/1398 493/654/1398
f 473/630/1338 474/631/1340 493/654/1399
f 493/653/1400 474/655/1401 494/656/1402
f 474/655/1403 475/657/1403 494/656/1403
f 495/658/1404 496/659/1404 497/660/1404
f 498/661/1405 497/660/1406 499/662/1407
f 497/660/1406 500/663/1408 499/662/1407
f 499/662/1409 500/663/1409 501/664/1409
f 501/664/1410 500/663/1411 502/665/1412
f 500/663/1411 497/660/1413 502/665/1412
f 497/660/1414 496/659/1414 502/665/1414
f 502/665/1415 496/659/1415 503/666/1415
f 496/659/1416 495/658/1416 503/666/1416
f 503/666/1417 495/658/1418 504/667/1419
f 495/658/1420 497/660/1406 504/667/1421
f 497/660/1406 498/661/1405 504/667/1421
f 504/668/1422 498/669/1422 505/670/1422
f 505/670/1423 498/669/1424 506/671/1425
f 506/671/1426 498/669/1426 507/672/1426
f 507/672/1427 498/669/1428 508/673/1429
f 498/669/1428 499/674/1430 508/673/1429
f 499/674/1431 501/675/1431 508/673/1431
f 508/676/1432 501/664/1433 509/677/1434
f 501/664/1435 502/665/1435 509/677/1435
f 502/665/1436 494/656/1436 509/677/1436
f 494/656/1437 475/657/1437 509/677/1437
f 475/657/1438 476/678/1439 509/677/1440
f 476/678/1439 510/679/1441 509/677/1440
f 509/677/1434 510/679/1442 511/680/1443
f 511/680/1444 510/679/1445 512/681/1446
f 512/681/1446 510/679/1445 513/682/1447
f 510/679/1448 476/678/1448 513/682/1448
f 476/683/1449 477/636/1449 513/684/1449
f 513/684/1450 477/636/1451 514/685/1452
f 477/636/1451 478/637/1355 514/685/1452
f 478/637/1355 479/638/1356 514/685/1452
f 479/638/1356 480/639/1453 514/685/1452
f 514/685/1454 480/639/1454 515/686/1454
f 480/639/1455 481/640/1456 515/686/1457
f 481/640/1456 482/641/1458 515/686/1457
f 515/686/1459 482/641/1460 516/687/1461
f 482/641/1460 483/642/1462 516/687/1461
f 516/687/1461 483/642/1462 517/688/1463
f 483/642/1464 484/643/1465 517/688/1466
f 484/643/1465 485/644/1467 517/688/1466
f 517/688/1468 485/644/1469 518/689/1470
f 485/644/1469 486/645/1471 518/689/1470
f 518/689/1470 486/645/1471 519/690/1472
f 486/645/1473 487/646/1473 519/690/1473
f 519/690/1474 487/646/1474 520/691/1474
f 487/648/1475 488/647/1476 520/692/1477
f 520/692/1477 488/647/1476 521/693/1478
f 488/647/1384 489/649/1386 521/693/1479
f 489/649/1386 490/650/1388 521/693/1479
f 521/693/1480 490/650/1390 522/694/1481
f 490/650/1390 491/651/1392 522/694/1481
f 491/651/1392 492/652/1482 522/694/1481
f 492/652/1483 493/653/1483 522/694/1483
f 522/694/1484 493/653/1485 523/695/1486
f 493/653/1400 494/656/1402 523/695/1487
f 494/656/1488 502/665/1489 523/695/1490
f 523/695/1490 502/665/1489 524/696/1491
f 502/665/1489 503/666/1492 524/696/1491
f 524/696/1493 503/666/1417 525/697/1494
f 503/666/1417 504/667/1419 525/697/1494
f 525/697/1494 504/667/1419 526/698/1495
f 526/698/1496 504/667/1496 527/699/1496
f 504/668/1497 505/670/1498 527/700/1499
f 527/700/1499 505/670/1498 528/701/1500
f 505/670/1423 506/671/1425 528/701/1501
f 506/671/1502 507/672/1502 528/701/1502
f 529/702/1503 528/701/1504 530/703/1505
f 528/701/1506 507/672/1506 530/703/1506
f 507/672/1507 508/673/1507 530/703/1507
f 508/676/1432 509/677/1434 530/704/1508
f 509/677/1434 511/680/1443 530/704/1508
f 530/703/1509 511/705/1509 531/706/1509
f 531/706/1510 511/705/1511 532/707/1512
f 511/680/1511 512/681/1513 532/708/1512
f 512/681/1514 513/682/1514 532/708/1514
f 532/709/1515 513/684/1516 533/710/1517
f 513/684/1518 514/685/1519 533/710/1520
f 514/685/1519 515/686/1521 533/710/1520
f 515/686/1521 516/687/1522 533/710/1520
f 533/710/1523 516/687/1461 534/711/1524
f 516/687/1461 517/688/1463 534/711/1524
f 517/688/1463 518/689/1525 534/711/1524
f 534/711/1524 518/689/1525 535/712/1526
f 518/689/1525 519/690/1527 535/712/1526
f 536/713/1528 535/714/1529 537/715/1530
f 535/712/1526 519/690/1527 537/716/1531
f 519/690/1527 520/691/1532 537/716/1531
f 537/716/1531 520/691/1532 538/717/1533
f 538/718/1534 520/692/1477 539/719/1535
f 520/692/1477 521/693/1478 539/719/1535
f 521/693/1480 522/694/1481 539/719/1536
f 522/694/1484 523/695/1486 539/719/1537
f 523/695/1538 524/696/1538 539/719/1538
f 539/719/1539 524/696/1540 540/720/1541
f 524/696/1540 525/697/1494 540/720/1541
f 525/697/1494 526/698/1495 540/720/1541
f 540/720/1541 526/698/1495 541/721/1542
f 526/698/1543 527/699/1543 541/721/1543
f 541/721/1544 527/699/1544 542/722/1544
f 542/722/1545 527/699/1546 543/723/1547
f 527/699/1546 528/724/1504 543/723/1547
f 528/724/1504 529/725/1503 543/723/1547
f 543/726/1548 529/702/1549 544/727/1550
f 544/727/1551 529/702/1552 545/728/1553
f 545/728/1553 529/702/1552 546/729/1554
f 529/702/1555 530/703/1556 546/729/1557
f 530/703/1556 531/706/1558 546/729/1557
f 546/729/1559 531/706/1510 547/730/1560
f 531/706/1510 532/707/1512 547/730/1560
f 532/709/1515 533/710/1517 547/731/1561
f 533/710/1523 534/711/1524 547/731/1562
f 534/711/1524 535/712/1526 547/731/1563
f 547/730/1564 535/714/1564 548/732/1564
f 535/714/1529 536/713/1528 548/732/1565
f 548/732/1565 536/713/1528 549/733/1566
f 549/733/1567 536/713/1567 550/734/1567
f 536/713/1568 537/715/1568 550/734/1568
f 537/735/1569 538/718/1569 550/736/1569
f 550/736/1570 538/718/1571 551/737/1572
f 538/718/1571 539/719/1573 551/737/1572
f 539/719/1574 540/720/1575 551/737/1576
f 540/720/1575 541/721/1577 551/737/1576
f 541/721/1577 542/722/1578 551/737/1576
f 551/738/1579 542/739/1580 552/740/1581
f 552/740/1581 542/739/1580 553/741/1582
f 542/739/1583 543/726/1583 553/741/1583
f 543/726/1548 544/727/1550 553/741/1584
f 553/741/1585 544/727/1585 554/742/1585
f 554/742/1586 544/727/1587 555/743/1588
f 544/727/1551 545/728/1553 555/743/1589
f 556/744/1590 555/743/1591 557/745/1592
f 555/743/1591 545/728/1593 557/745/1592
f 545/728/1593 546/729/1594 557/745/1592
f 546/729/1595 547/730/1596 557/745/1597
f 547/730/1596 548/732/1598 557/745/1597
f 557/745/1597 548/732/1598 558/746/1599
f 548/732/1565 549/733/1566 558/746/1600
f 558/747/1601 549/748/1601 559/749/1601
f 549/748/1602 550/750/1602 559/749/1602
f 559/749/1603 550/750/1604 560/751/1605
f 550/752/1570 551/738/1572 560/753/1606
f 551/738/1607 552/740/1608 560/753/1609
f 560/753/1609 552/740/1608 561/754/1610
f 561/754/1611 552/740/1612 562/755/1613
f 552/740/1581 553/741/1582 562/755/1614
f 553/741/1615 554/742/1616 562/755/1617
f 562/755/1617 554/742/1616 563/756/1618
f 563/756/1619 554/742/1620 564/757/1621
f 554/742/1586 555/743/1588 564/757/1622
f 555/743/1623 556/744/1624 564/757/1625
f 564/757/1625 556/744/1624 565/758/1626
f 565/758/1627 556/744/1590 566/759/1628
f 556/744/1590 557/745/1592 566/759/1628
f 566/759/1629 557/745/1629 567/760/1629
f 557/745/1630 558/746/1630 567/760/1630
f 567/761/1631 558/747/1631 568/762/1631
f 568/762/1632 558/747/1633 569/763/1634
f 558/747/1633 559/749/1635 569/763/1634
f 569/763/1636 559/749/1603 570/764/1637
f 559/749/1603 560/751/1605 570/764/1637
f 560/751/1609 561/765/1610 570/764/1638
f 570/764/1638 561/765/1610 571/766/1639
f 561/765/1611 562/767/1613 571/766/1640
f 571/766/1640 562/767/1613 572/768/1641
f 562/755/1613 563/756/1642 572/769/1641
f 563/756/1619 564/757/1621 572/769/1643
f 564/757/1621 565/758/1644 572/769/1643
f 573/770/1645 572/768/1645 574/771/1645
f 574/771/1646 572/768/1646 575/772/1646
f 572/769/1647 565/758/1647 575/773/1647
f 565/758/1648 566/759/1648 575/773/1648
f 575/774/1649 566/775/1649 576/776/1649
f 576/776/1650 566/775/1650 577/777/1650
f 566/775/1651 567/761/1652 577/777/1653
f 567/761/1652 568/762/1654 577/777/1653
f 568/762/1632 569/763/1634 577/777/1655
f 577/777/1656 569/763/1656 578/778/1656
f 569/763/1636 570/764/1637 578/778/1657
f 570/764/1658 571/766/1658 578/778/1658
f 578/778/1659 571/766/1659 579/779/1659
f 571/766/1660 572/768/1661 579/779/1662
f 572/768/1661 573/770/1663 579/779/1662
f 573/770/1663 580/780/1664 579/779/1662
f 579/779/1665 580/780/1665 581/781/1665
f 581/781/1666 580/780/1666 582/782/1666
f 580/780/1667 573/770/1667 582/782/1667
f 582/782/1668 573/770/1668 583/783/1668
f 573/770/1669 574/771/1669 583/783/1669
f 574/771/1670 575/772/1670 583/783/1670
f 575/774/1671 576/776/1672 583/784/1673
f 583/784/1673 576/776/1672 584/785/1674
f 576/776/1675 577/777/1675 584/785/1675
f 584/785/1676 577/777/1676 585/786/1676
f 577/777/1677 578/778/1677 585/786/1677
f 578/778/1678 579/779/1679 585/786/1680
f 585/786/1680 579/779/1679 586/787/1681
f 579/779/1682 581/781/1682 586/787/1682
f 581/781/1683 582/782/1683 586/787/1683
f 586/787/1684 582/782/1684 587/788/1684
f 587/788/1685 582/782/1685 588/789/1685
f 582/790/1686 583/791/1686 588/792/1686
f 588/792/1687 583/791/1687 589/793/1687
f 583/784/1673 584/785/1674 589/794/1688
f 589/794/1688 584/785/1674 590/795/1689
f 584/785/1690 585/786/1690 590/795/1690
f 585/786/1691 586/787/1691 590/795/1691
f 586/787/1692 587/788/1692 590/795/1692
f 587/788/1693 588/789/1693 590/795/1693
f 589/794/1694 590/795/1694 588/789/1694
