# Blender 4.3.2
# www.blender.org
o model
v -0.015003 1.809368 0.146427
v -0.000279 1.793164 0.150001
v -0.000279 1.788073 0.137360
v -0.007210 1.809800 0.128086
v -0.025337 1.801859 0.150641
v -0.008953 1.789563 0.156334
v -0.010092 1.774815 0.153013
v -0.000279 1.772815 0.158968
v -0.000279 1.773199 0.159799
v -0.007643 1.778506 0.158194
v -0.011419 1.735804 0.145002
v -0.014810 1.726465 0.134178
v -0.000279 1.733077 0.130244
v -0.000279 1.728251 0.143499
v -0.015868 1.713228 0.127515
v -0.000279 1.712673 0.128908
v -0.031412 1.465882 0.042721
v -0.006128 1.465348 0.049245
v -0.000279 1.473946 0.049491
v -0.026124 1.473361 0.037269
v -0.007313 1.313308 0.118527
v -0.002141 1.301112 0.115314
v -0.000279 1.301349 0.115069
v -0.000279 1.312636 0.112413
v -0.000279 1.300097 0.117459
v -0.000279 1.298493 0.117224
v -0.001315 1.301237 0.115169
v -0.008011 0.811928 -0.090879
v -0.027629 0.870043 -0.144408
v -0.000279 0.895073 -0.143581
v -0.000279 0.821192 -0.090520
v -0.036146 0.956047 -0.147436
v -0.000279 0.961093 -0.141477
v -0.015493 1.012318 -0.128771
v -0.000279 1.011289 -0.128652
v -0.000279 1.007244 -0.119471
v -0.007773 1.006558 -0.121706
v -0.182831 0.978836 0.034202
v -0.184643 0.979108 0.023575
v -0.181342 1.003018 0.022508
v -0.178588 1.000769 0.036003
v -0.189373 0.979907 0.032169
v -0.185358 1.002238 0.035741
v -0.185656 1.015316 0.039949
v -0.189977 1.018722 0.024311
v -0.170097 1.011089 0.039504
v -0.168722 1.004018 0.020204
v -0.170694 1.003916 0.002051
v -0.180050 1.008722 0.001546
v -0.191060 0.936997 0.036512
v -0.198266 0.921546 0.030964
v -0.193367 0.924190 0.022634
v -0.191345 0.937628 0.025482
v -0.197132 0.938215 0.031448
v -0.198288 0.925874 0.030184
v -0.128508 0.010215 0.115822
v -0.159892 0.017460 0.160201
v -0.164579 0.007223 0.142922
v -0.147021 0.003349 0.104984
v -0.181270 0.020005 0.169849
v -0.180027 0.007212 0.146128
v -0.167444 0.000587 0.095107
v -0.222710 0.026459 0.173619
v -0.241729 0.022177 0.156373
v -0.232090 0.013857 0.148052
v -0.217708 0.016051 0.159917
v -0.258474 0.015313 0.118786
v -0.239219 0.007849 0.122244
v -0.218702 0.005096 0.128715
v -0.176940 0.006234 -0.121842
v -0.142065 0.005863 -0.140672
v -0.139248 0.000432 -0.118420
v -0.153810 0.000000 -0.097979
v -0.111177 0.006224 -0.133032
v -0.111984 0.002001 -0.109924
v -0.140798 0.022847 -0.153191
v -0.100586 0.022700 -0.138502
v -0.085947 0.014953 -0.105270
v -0.155688 0.078798 0.160559
v -0.170368 0.095144 0.151528
v -0.181285 0.089651 0.167456
v -0.178631 0.074309 0.174643
v -0.194704 0.104770 0.139839
v -0.200198 0.091659 0.166807
v -0.201269 0.071180 0.174870
v -0.089882 0.032793 -0.053829
v -0.097004 0.051116 -0.047574
v -0.100072 0.052637 -0.030216
v -0.098223 0.030513 -0.028215
v -0.103173 0.031780 -0.011726
v -0.104032 0.048678 -0.015179
v -0.099055 0.089412 -0.024495
v -0.090731 0.079352 -0.042997
v -0.090413 0.118995 -0.063361
v -0.094608 0.134818 -0.039611
v -0.104699 0.106533 0.013418
v -0.103912 0.072755 0.005674
v -0.097973 0.118207 -0.009013
v -0.104981 0.148170 -0.012845
v -0.104127 0.153824 -0.105555
v -0.083253 0.161281 -0.071787
v -0.087306 0.089496 -0.080382
v -0.102104 0.106907 -0.121357
v -0.104713 0.050785 -0.133152
v -0.086367 0.050089 -0.099811
v -0.216515 0.013788 -0.075195
v -0.219960 0.014309 -0.054849
v -0.222266 0.023959 -0.044831
v -0.216083 0.031218 -0.084871
v -0.201671 0.014054 -0.045688
v -0.202275 0.019348 -0.027345
v -0.203188 0.048551 -0.090167
v -0.228994 0.044338 -0.047606
v -0.199304 0.004471 -0.063452
v -0.117089 0.135979 0.019953
v -0.086086 0.164893 -0.066359
v -0.088688 0.168068 -0.043633
v -0.081082 0.165798 -0.040662
v -0.224263 0.087722 0.156510
v -0.217348 0.101062 0.127612
v -0.236287 0.094635 0.111036
v -0.248471 0.082107 0.136022
v -0.258270 0.070700 0.086624
v -0.238118 0.093066 0.063305
v -0.210490 0.103200 0.088625
v -0.074020 0.175386 -0.038674
v -0.074675 0.166785 -0.063491
v -0.072913 0.191064 -0.063213
v -0.075687 0.186133 -0.086468
v -0.259805 0.037153 0.044792
v -0.255154 0.049484 0.037200
v -0.248212 0.047963 0.023530
v -0.247674 0.042788 0.013304
v -0.227116 0.086777 -0.020088
v -0.242409 0.066809 0.010302
v -0.240159 0.082367 0.030614
v -0.214493 0.121179 -0.007468
v -0.071030 0.194179 -0.037517
v -0.102121 0.173799 -0.013183
v -0.147379 0.115506 0.088214
v -0.182040 0.123873 0.077701
v -0.187259 0.109643 0.094081
v -0.156405 0.101782 0.116137
v -0.204599 0.114825 0.062391
v -0.242927 0.023971 0.001827
v -0.246042 0.034755 0.004122
v -0.223384 0.054061 -0.045127
v -0.166605 0.143535 0.041755
v -0.186432 0.144949 0.031584
v -0.199917 0.143039 0.013394
v -0.224643 0.106710 0.040592
v -0.157711 0.154921 0.026479
v -0.135425 0.148532 0.027355
v -0.132375 0.159269 0.019365
v -0.148830 0.167353 0.015661
v -0.212729 0.142655 -0.048996
v -0.203909 0.109785 -0.082815
v -0.218940 0.197737 -0.063392
v -0.208313 0.186760 -0.095325
v -0.127447 0.172640 0.005935
v -0.120255 0.166221 0.017682
v -0.147304 0.171153 0.011484
v -0.116247 0.179536 0.023161
v -0.157682 0.184960 0.028790
v -0.195296 0.191750 0.009972
v -0.196539 0.173576 0.007211
v -0.178038 0.155226 0.016178
v -0.174048 0.162851 0.010839
v -0.078659 0.298725 -0.010039
v -0.083515 0.270695 -0.011939
v -0.072830 0.268480 -0.033563
v -0.068198 0.291116 -0.030959
v -0.077862 0.262021 -0.005704
v -0.068239 0.264769 -0.034891
v -0.058066 0.288428 -0.038652
v -0.073282 0.329876 -0.009993
v -0.082851 0.333196 0.009780
v -0.101562 0.310412 0.007480
v -0.135006 0.310131 0.029321
v -0.124200 0.302264 0.022376
v -0.108900 0.320914 0.023061
v -0.099771 0.341891 0.019745
v -0.058262 0.286722 -0.059219
v -0.065490 0.262174 -0.059834
v -0.064933 0.239433 -0.035143
v -0.064628 0.240013 -0.062730
v -0.068587 0.241863 -0.091931
v -0.071076 0.263330 -0.088469
v -0.063670 0.286046 -0.083813
v -0.191671 0.159715 -0.004804
v -0.173502 0.165942 0.005508
v -0.106028 0.276167 0.010723
v -0.142761 0.282759 0.017877
v -0.158824 0.302951 0.027560
v -0.182465 0.156786 0.009101
v -0.189712 0.154892 -0.002704
v -0.201214 0.143401 -0.017352
v -0.198885 0.167436 -0.010688
v -0.214325 0.188979 -0.022450
v -0.108413 0.265417 0.013451
v -0.145746 0.264541 0.017330
v -0.183901 0.303446 0.007804
v -0.178987 0.277034 0.004982
v -0.178543 0.265859 0.008171
v -0.218461 0.192429 -0.042522
v -0.206568 0.169626 -0.032825
v -0.124245 0.346582 0.023824
v -0.123167 0.329562 0.024953
v -0.150748 0.347935 0.025398
v -0.144646 0.326085 0.026272
v -0.210820 0.168088 -0.039171
v -0.136836 0.253050 -0.144954
v -0.132108 0.273951 -0.132868
v -0.097152 0.264958 -0.124234
v -0.095424 0.246829 -0.129579
v -0.085059 0.290617 -0.115253
v -0.119192 0.296384 -0.141617
v -0.232557 0.219741 -0.068791
v -0.218876 0.209368 -0.050060
v -0.234915 0.217909 -0.043798
v -0.207424 0.223618 -0.096745
v -0.217405 0.223732 -0.066949
v -0.223936 0.224156 -0.074434
v -0.231213 0.246309 -0.071059
v -0.212536 0.240369 -0.091089
v -0.216672 0.234003 -0.016308
v -0.231555 0.220560 -0.025074
v -0.215996 0.215988 -0.032331
v -0.211542 0.231204 -0.006400
v -0.162180 0.325414 0.025653
v -0.182210 0.347663 0.015753
v -0.221461 0.263130 -0.070918
v -0.202238 0.265348 -0.100573
v -0.218634 0.235067 -0.018963
v -0.226599 0.233262 -0.025650
v -0.233228 0.241193 -0.032846
v -0.217341 0.247318 -0.014918
v -0.221764 0.243754 -0.016642
v -0.222629 0.259965 -0.033226
v -0.099168 0.368458 0.020013
v -0.099645 0.392592 0.031890
v -0.132170 0.388109 0.043261
v -0.128450 0.367787 0.031948
v -0.102644 0.413822 0.043926
v -0.132762 0.406873 0.045381
v -0.156842 0.368000 0.034641
v -0.158697 0.387541 0.035258
v -0.159162 0.405439 0.035404
v -0.172888 0.367868 0.025345
v -0.181522 0.386200 0.018321
v -0.204398 0.386697 -0.005435
v -0.074022 0.435439 0.032097
v -0.057944 0.451256 0.001836
v -0.051274 0.481695 0.019878
v -0.079035 0.452250 0.044396
v -0.048588 0.465531 -0.011997
v -0.048914 0.486423 -0.001954
v -0.088999 0.462894 0.046218
v -0.065980 0.492520 0.036519
v -0.037493 0.525346 0.004351
v -0.036959 0.530242 0.022005
v -0.048705 0.539550 0.039869
v -0.058899 0.412018 -0.001243
v -0.054447 0.418286 -0.013308
v -0.046547 0.420178 -0.019919
v -0.209985 0.303042 -0.024129
v -0.212771 0.348943 -0.025251
v -0.222872 0.396534 -0.032722
v -0.047127 0.423545 -0.031563
v -0.213603 0.269709 -0.054415
v -0.212319 0.276731 -0.072814
v -0.214718 0.308945 -0.080512
v -0.222228 0.307165 -0.053468
v -0.205897 0.270465 -0.005829
v -0.204351 0.275733 -0.013618
v -0.097417 0.494344 0.075773
v -0.112063 0.466589 0.063492
v -0.094822 0.473696 0.061935
v -0.081139 0.495537 0.062898
v -0.070133 0.493269 0.053216
v -0.089913 0.465191 0.055865
v -0.112778 0.455930 0.064680
v -0.136557 0.434801 0.048479
v -0.165622 0.428685 0.040235
v -0.045151 0.573695 0.040789
v -0.064208 0.578647 0.065418
v -0.062731 0.541035 0.056485
v -0.068302 0.535015 0.068022
v -0.071260 0.568091 0.076323
v -0.188310 0.414215 0.013562
v -0.197232 0.456126 0.014156
v -0.080407 0.530766 0.078665
v -0.079971 0.561308 0.083391
v -0.094862 0.556602 0.092339
v -0.107039 0.527078 0.088150
v -0.118029 0.570873 0.094497
v -0.133662 0.553439 0.093345
v -0.037856 0.616863 0.044015
v -0.056745 0.616251 0.064576
v -0.082238 0.617342 0.076091
v -0.097312 0.595238 0.081566
v -0.109748 0.582695 0.091700
v -0.100685 0.595526 0.082615
v -0.178849 0.473233 -0.103203
v -0.152614 0.468056 -0.117169
v -0.137151 0.443877 -0.126369
v -0.173056 0.434051 -0.115635
v -0.182868 0.371735 -0.121672
v -0.146879 0.375295 -0.138012
v -0.098848 0.375533 -0.132926
v -0.089654 0.442963 -0.116793
v -0.083703 0.478853 -0.094117
v -0.123793 0.479825 -0.107541
v -0.154793 0.483621 -0.101122
v -0.196970 0.481836 -0.082667
v -0.078088 0.667634 0.081232
v -0.095817 0.667372 0.092463
v -0.096204 0.632218 0.090024
v -0.200804 0.418005 -0.091648
v -0.192558 0.451172 -0.091511
v -0.051740 0.667510 0.064502
v -0.135030 0.629398 0.090435
v -0.134610 0.612313 0.079549
v -0.209081 0.450771 -0.065898
v -0.142569 0.456653 0.060550
v -0.181344 0.469912 0.047994
v -0.183184 0.468466 0.038255
v -0.140712 0.453874 0.055772
v -0.199712 0.501392 0.039391
v -0.200402 0.504699 0.030782
v -0.199566 0.512089 0.022534
v -0.201870 0.502076 0.013143
v -0.157019 0.510850 -0.092919
v -0.189268 0.507830 -0.064336
v -0.166249 0.503471 0.068662
v -0.191488 0.521168 0.047150
v -0.189990 0.499361 0.045958
v -0.174198 0.476709 0.052075
v -0.000279 1.661131 -0.134243
v -0.000279 1.645629 -0.132963
v -0.012459 1.645099 -0.127988
v -0.008818 1.658548 -0.130221
v -0.025512 1.651969 -0.124218
v -0.025623 1.635425 -0.114594
v -0.086966 1.737240 0.122268
v -0.089720 1.735472 0.114673
v -0.080924 1.736733 0.115557
v -0.080070 1.738236 0.122190
v -0.080024 1.745636 0.111682
v -0.078194 1.746671 0.121241
v -0.087296 1.744090 0.123730
v -0.093563 1.740307 0.116365
v -0.074287 1.812221 0.088987
v -0.082399 1.802398 0.099356
v -0.069993 1.802239 0.098101
v -0.066129 1.811961 0.097551
v -0.060575 1.795384 0.104631
v -0.057562 1.807605 0.103161
v -0.073294 1.793392 0.104264
v -0.002964 1.791044 0.129323
v -0.001956 1.804900 0.129105
v -0.000279 1.803979 0.128694
v -0.000279 1.784606 0.133151
v -0.000279 1.831643 0.104738
v -0.009927 1.833756 0.106217
v -0.000279 1.810822 0.129209
v -0.000279 1.807299 0.129844
v -0.000279 1.844578 0.085089
v -0.013068 1.843346 0.085857
v -0.029006 1.840734 0.089803
v -0.023218 1.837580 0.101194
v -0.033022 1.817442 0.135170
v -0.023757 1.814466 0.127926
v -0.023453 1.829294 0.113688
v -0.028283 1.839737 0.112034
v -0.029498 1.832913 0.114805
v -0.024681 1.841679 0.110508
v -0.037626 1.818019 0.115731
v -0.038474 1.826528 0.109757
v -0.016781 1.785222 0.155731
v -0.003665 1.782153 0.158309
v -0.033859 1.834973 0.103059
v -0.033972 1.865651 0.018563
v -0.066922 1.843955 0.016869
v -0.065837 1.847220 0.036263
v -0.031303 1.867151 0.032117
v -0.024196 1.863735 0.043137
v -0.052275 1.849045 0.052554
v -0.071596 1.841250 0.065399
v -0.081412 1.838095 0.054649
v -0.095535 1.832513 0.049677
v -0.099154 1.829094 0.031114
v -0.087734 1.838420 0.017206
v -0.034365 1.784807 0.142248
v -0.043490 1.784412 0.125528
v -0.033637 1.768731 0.138311
v -0.028795 1.781858 0.138248
v -0.017951 1.773969 0.139186
v -0.022225 1.763259 0.141844
v -0.020833 1.778962 0.149721
v -0.041763 1.832941 0.096680
v -0.047199 1.819940 0.102656
v -0.053081 1.841893 0.094704
v -0.062683 1.826958 0.098958
v -0.046642 1.815236 0.116276
v -0.055044 1.804760 0.116683
v -0.000279 1.745416 0.151646
v -0.011720 1.747774 0.148613
v -0.000279 1.738057 0.150052
v -0.028485 1.753680 0.149238
v -0.030142 1.740728 0.141374
v -0.011550 1.758810 0.148336
v -0.047990 1.748924 0.133754
v -0.045797 1.759958 0.140749
v -0.056491 1.772731 0.122496
v -0.056744 1.790196 0.114672
v -0.048348 1.802663 0.134481
v -0.056860 1.779770 0.113940
v -0.103199 1.817040 0.063442
v -0.087480 1.821767 0.067019
v -0.090628 1.805568 0.073601
v -0.104864 1.793467 0.080359
v -0.123972 1.807705 0.047723
v -0.123763 1.797606 0.064001
v -0.110186 1.823611 0.040675
v -0.095202 1.834767 0.007027
v -0.113382 1.823101 0.014606
v -0.074892 1.757693 0.116129
v -0.069885 1.764711 0.106467
v -0.078383 1.778082 0.115893
v -0.086171 1.761025 0.122366
v -0.090461 1.777759 0.114197
v -0.066505 1.781840 0.101412
v -0.061131 1.766100 0.097404
v -0.097291 1.756657 0.114456
v -0.126271 1.801749 0.034592
v -0.058391 1.781215 0.106583
v -0.060692 1.764301 0.116223
v -0.084168 1.826173 0.076749
v -0.083243 1.809414 0.081161
v -0.092323 1.796435 0.094024
v -0.045119 1.737837 0.121454
v -0.053725 1.747452 0.109248
v -0.060984 1.752721 0.098668
v -0.096089 1.747655 0.104772
v -0.103150 1.771018 0.096376
v -0.076486 1.846368 0.000789
v -0.034740 1.871260 -0.007200
v -0.075776 1.854795 -0.013021
v -0.034647 1.865995 0.005127
v -0.089380 1.838031 -0.021844
v -0.101831 1.831207 -0.009549
v -0.100625 1.825399 -0.004473
v -0.117865 1.786720 0.064357
v -0.106757 1.767024 0.090791
v -0.113963 1.780770 0.084526
v -0.130765 1.777057 0.041916
v -0.131908 1.765140 0.055851
v -0.100694 1.822800 -0.012407
v -0.106487 1.832659 -0.010392
v -0.101001 1.836604 -0.019110
v -0.101706 1.828905 -0.026688
v -0.095961 1.824753 -0.032747
v -0.064273 1.849420 -0.022572
v -0.076351 1.833239 -0.035318
v -0.100942 1.747775 0.097254
v -0.093057 1.732816 0.089466
v -0.080862 1.741892 0.095995
v -0.029426 1.857555 -0.063147
v -0.050737 1.848369 -0.056452
v -0.045704 1.848157 -0.044842
v -0.029174 1.854702 -0.047951
v -0.030284 1.855555 -0.031994
v -0.052886 1.846522 -0.035098
v -0.059091 1.835257 -0.051587
v -0.032507 1.731144 0.129853
v -0.041479 1.713280 0.122329
v -0.051277 1.721558 0.111555
v -0.014276 1.692290 0.122076
v -0.033967 1.686872 0.112612
v -0.073446 1.702955 0.103217
v -0.065197 1.694119 0.110364
v -0.076259 1.750102 0.104939
v -0.110435 1.810113 -0.011861
v -0.109134 1.808433 -0.025220
v -0.106920 1.811190 -0.033564
v -0.132001 1.795313 0.023240
v -0.137049 1.775065 0.027159
v -0.113680 1.760077 0.083945
v -0.109939 1.745347 0.090112
v -0.116065 1.749490 0.073008
v -0.108791 1.736607 0.083563
v -0.072029 1.828217 -0.058239
v -0.087933 1.820635 -0.044666
v -0.089422 1.828208 -0.059184
v -0.098997 1.815347 -0.054709
v -0.143249 1.759398 0.016594
v -0.133403 1.747303 0.031949
v -0.131880 1.740757 0.043707
v -0.029307 1.848436 -0.074620
v -0.044842 1.845906 -0.069545
v -0.046371 1.829398 -0.072556
v -0.026124 1.834225 -0.080210
v -0.074914 1.743159 0.091715
v -0.085177 1.734158 0.084526
v -0.130480 1.722449 0.018811
v -0.132101 1.738806 0.000814
v -0.130258 1.789482 0.007849
v -0.023195 1.615663 0.129842
v -0.010564 1.608878 0.130047
v -0.008876 1.613908 0.142187
v -0.014675 1.621459 0.148882
v -0.000279 1.623998 0.158765
v -0.000279 1.611123 0.145616
v -0.000279 1.606707 0.132361
v -0.108572 1.801203 -0.039048
v -0.121813 1.782051 -0.026120
v -0.119762 1.732369 0.069136
v -0.099612 1.723807 0.077355
v -0.121121 1.698274 0.054173
v -0.104154 1.701186 0.061670
v -0.064088 1.677286 0.100643
v -0.082268 1.675876 0.084813
v -0.056780 1.649653 0.101072
v -0.022477 1.656157 0.112422
v -0.011370 1.664006 0.126399
v -0.014146 1.639817 0.142153
v -0.026717 1.632322 0.124591
v -0.124847 1.712890 0.031115
v -0.125862 1.785204 -0.007301
v -0.112033 1.796964 -0.049781
v -0.127162 1.774781 -0.038429
v -0.101805 1.816883 -0.066474
v -0.107581 1.810372 -0.065327
v -0.107009 1.804070 -0.074124
v -0.093340 1.816086 -0.072624
v -0.024025 1.827269 -0.096466
v -0.043286 1.810479 -0.084699
v -0.054089 1.812257 -0.075811
v -0.055477 1.821507 -0.071972
v -0.066481 1.800053 -0.086052
v -0.071281 1.803433 -0.076045
v -0.049591 1.620631 0.106457
v -0.000279 1.810821 -0.115467
v -0.023410 1.794960 -0.102915
v -0.034885 1.806509 -0.094999
v -0.015629 1.818766 -0.102366
v -0.007147 1.780593 -0.112801
v -0.000279 1.790246 -0.124927
v -0.138192 1.729787 -0.023726
v -0.080229 1.645570 0.086055
v -0.078667 1.715812 0.089614
v -0.090153 1.694302 0.071109
v -0.094219 1.637341 0.060627
v -0.095343 1.658234 0.060270
v -0.096864 1.661858 0.043326
v -0.082600 1.812566 -0.075249
v -0.099062 1.797379 -0.076597
v -0.100724 1.782651 -0.076891
v -0.118002 1.786565 -0.069361
v -0.071693 1.762030 -0.117995
v -0.093646 1.763612 -0.109059
v -0.085571 1.783536 -0.102349
v -0.059658 1.787258 -0.106396
v -0.090796 1.781782 -0.087715
v -0.100845 1.759636 -0.091675
v -0.052217 1.760727 -0.129436
v -0.043670 1.784716 -0.127800
v -0.112671 1.759815 -0.081760
v -0.121090 1.761981 -0.066620
v -0.123828 1.684136 -0.016170
v -0.126106 1.687764 0.001966
v -0.136462 1.699039 0.000314
v -0.137664 1.693466 -0.020661
v -0.057735 1.723255 -0.135401
v -0.021411 1.758321 -0.137347
v -0.037746 1.724296 -0.148512
v -0.092292 1.630577 0.039850
v -0.117995 1.709459 0.040800
v -0.109214 1.677781 0.008014
v -0.102447 1.658501 0.016394
v -0.133243 1.721085 -0.035626
v -0.139394 1.690533 -0.046226
v -0.136052 1.691899 -0.030910
v -0.131810 1.719986 -0.048897
v -0.120508 1.677641 -0.047619
v -0.115263 1.675140 -0.033937
v -0.114052 1.652595 -0.017844
v -0.103810 1.632298 -0.011996
v -0.096019 1.638844 -0.010061
v -0.100599 1.662742 -0.008584
v -0.118989 1.663154 -0.020463
v -0.105785 1.622815 -0.022988
v -0.090696 1.627201 0.028521
v -0.101146 1.661012 0.034749
v -0.090404 1.620622 0.007840
v -0.123402 1.721700 -0.070202
v -0.112201 1.672946 -0.065437
v -0.088304 1.636688 -0.034826
v -0.092890 1.629159 -0.046570
v -0.092758 1.723144 -0.110571
v -0.080376 1.724685 -0.124064
v -0.078608 1.691919 -0.117497
v -0.084034 1.677533 -0.111914
v -0.053031 1.666899 -0.125368
v -0.055831 1.686622 -0.130593
v -0.079541 1.582638 0.033037
v -0.070816 1.574177 0.017900
v -0.062081 1.564057 0.006877
v -0.078007 1.608359 -0.005311
v -0.095100 1.632019 -0.028535
v -0.068887 1.606521 -0.025022
v -0.050837 1.654757 -0.121820
v -0.078734 1.657910 -0.103450
v -0.077574 1.626392 -0.076856
v -0.099625 1.669854 -0.081351
v -0.061795 1.625198 -0.092582
v -0.045437 1.623017 -0.097365
v -0.059198 1.650601 -0.103955
v -0.047945 1.646757 -0.115318
v -0.036021 1.616176 -0.102504
v -0.210155 0.541341 0.010602
v -0.201122 0.536844 0.025374
v -0.198603 0.530909 0.034376
v -0.065725 1.597621 -0.078241
v -0.077597 1.605701 -0.069187
v -0.089829 1.626814 -0.064025
v -0.060874 1.585647 -0.064498
v -0.076889 1.601207 -0.050897
v -0.152151 0.529327 0.082727
v -0.184546 0.561373 0.061550
v -0.189437 0.543925 0.054569
v -0.168879 0.584257 0.072919
v -0.193085 0.569040 0.054601
v -0.172203 0.574094 0.073333
v -0.198060 0.549042 0.046835
v -0.205863 0.483474 -0.028421
v -0.203101 0.500463 -0.035450
v -0.211838 0.478619 -0.015815
v -0.208159 0.514257 -0.021685
v -0.193128 0.534844 -0.058600
v -0.211905 0.430669 -0.014074
v -0.215973 0.442756 -0.035723
v -0.210204 0.550076 -0.014390
v -0.038787 1.469945 0.053071
v -0.015627 1.464537 0.061349
v -0.052625 1.600048 -0.090036
v -0.000279 0.821809 0.112157
v -0.000279 0.882783 0.121440
v -0.009939 0.869257 0.127946
v -0.008526 0.819292 0.111377
v -0.020671 0.915528 0.131361
v -0.020745 0.869477 0.127434
v -0.011805 0.911633 0.129393
v -0.045242 1.579081 -0.079432
v -0.024089 1.582024 -0.091877
v -0.000279 1.579252 -0.097994
v -0.000279 1.613687 -0.105564
v -0.067502 0.538890 -0.080025
v -0.102249 0.546850 -0.099216
v -0.090111 0.585478 -0.089589
v -0.054296 0.583675 -0.073720
v -0.080457 0.621861 -0.092669
v -0.065423 0.630797 -0.086694
v -0.102528 0.600503 -0.098183
v -0.048883 0.623782 -0.065958
v -0.075430 0.715599 0.091602
v -0.098710 0.703348 0.094330
v -0.102172 0.769179 0.104299
v -0.118061 0.723907 0.095148
v -0.057813 0.757495 0.095764
v -0.185897 0.580736 0.045879
v -0.194550 0.555374 0.037208
v -0.200221 0.526637 0.042155
v -0.192902 0.560004 0.029871
v -0.175424 0.594145 0.058113
v -0.130764 0.669175 0.096138
v -0.125012 0.708342 0.101163
v -0.048866 1.564228 -0.072399
v -0.055200 1.580183 -0.052644
v -0.023682 1.568943 -0.092365
v -0.068430 1.532589 -0.069346
v -0.068088 1.547385 -0.058583
v -0.050236 1.550412 -0.084818
v -0.063463 1.569521 -0.043316
v -0.024387 1.560067 -0.098782
v -0.076294 0.680874 -0.093964
v -0.054101 0.678254 -0.083079
v -0.080217 0.651673 -0.088329
v -0.034349 0.676427 -0.061631
v -0.103061 0.648395 -0.093171
v -0.150729 0.567353 -0.087429
v -0.154189 0.590939 -0.086946
v -0.154326 0.614207 -0.083701
v -0.111126 0.684379 -0.101661
v -0.020705 0.989985 0.143663
v -0.011693 0.977089 0.133197
v -0.005544 0.988019 0.134355
v -0.009764 0.990023 0.148270
v -0.000279 0.992398 0.149347
v -0.000279 0.990246 0.131668
v -0.000279 0.980009 0.127201
v -0.000279 1.384142 0.099365
v -0.000279 1.410225 0.086519
v -0.011285 1.417456 0.089885
v -0.011901 1.383821 0.098762
v -0.000279 1.442384 0.099145
v -0.019347 1.442340 0.098126
v -0.000279 1.426896 0.089794
v -0.039923 0.994260 0.128956
v -0.039331 0.972289 0.126613
v -0.017909 0.949222 0.133666
v -0.009698 0.949203 0.126225
v -0.031555 1.003059 0.154302
v -0.016934 1.007247 0.157629
v -0.020908 1.031099 0.155837
v -0.034291 1.028710 0.150910
v -0.010410 1.082630 0.131253
v -0.005276 1.045931 0.123242
v -0.008455 1.057620 0.122056
v -0.009671 1.082810 0.122927
v -0.000279 1.083523 0.126944
v -0.000279 1.054621 0.126684
v -0.000279 1.044843 0.129258
v -0.013432 1.262589 0.146984
v -0.010860 1.254654 0.132863
v -0.000279 1.268713 0.121820
v -0.000279 1.265402 0.145323
v -0.026779 1.265523 0.146627
v -0.021539 1.261939 0.136017
v -0.009192 1.235209 0.120682
v -0.008163 1.246709 0.123775
v -0.013431 1.236548 0.130606
v -0.024074 1.237828 0.128412
v -0.016393 0.800124 -0.087714
v -0.042805 0.828872 -0.127013
v -0.087946 0.856175 -0.134074
v -0.078060 0.907572 -0.149731
v -0.031084 1.048698 0.136105
v -0.014092 1.050598 0.138449
v -0.000279 1.010202 0.160026
v -0.000279 1.034283 0.159805
v -0.000279 1.045546 0.140622
v -0.020337 1.080811 0.136131
v -0.000279 1.307559 0.120614
v -0.000279 1.302423 0.118968
v -0.013980 1.292914 0.150157
v -0.014757 1.304744 0.147276
v -0.024817 1.303554 0.140714
v -0.023255 1.291656 0.142877
v -0.036605 1.077121 0.134730
v -0.024117 1.274481 0.147419
v -0.013819 1.278614 0.152218
v -0.031824 1.281770 0.147285
v -0.027409 1.274077 0.149225
v -0.028850 1.280713 0.142730
v -0.014035 1.270133 0.152478
v -0.041940 1.300182 0.132564
v -0.030462 1.305928 0.134215
v -0.025613 1.306025 0.126765
v -0.043666 1.303314 0.121541
v -0.025731 1.317475 0.115982
v -0.018235 1.311758 0.131554
v -0.026134 1.309379 0.134681
v -0.025848 1.306069 0.133347
v -0.024907 1.302689 0.139098
v -0.039155 1.239419 0.126913
v -0.032721 1.266845 0.133856
v -0.028757 1.290395 0.140460
v -0.030220 1.296818 0.144282
v -0.000279 1.311739 0.133725
v -0.000279 1.333034 0.107950
v -0.010404 1.334755 0.112373
v -0.028916 1.336837 0.109778
v -0.037229 1.276598 0.142775
v -0.038273 1.290311 0.137648
v -0.075932 1.275428 0.127642
v -0.068722 1.258536 0.125613
v -0.052278 1.282410 0.132165
v -0.062967 1.239656 0.122001
v -0.213087 0.734984 0.035400
v -0.206300 0.775950 0.046846
v -0.217254 0.772009 0.018797
v -0.209346 0.744004 0.003342
v -0.201939 0.807744 0.049549
v -0.204267 0.806440 0.018421
v -0.202438 0.794682 -0.008013
v -0.045893 1.439370 0.090278
v -0.084156 1.444327 0.071706
v -0.084758 1.415191 0.065487
v -0.041790 1.414908 0.085463
v -0.034232 1.383379 0.095131
v -0.070329 1.385738 0.093642
v -0.216486 0.689636 0.027777
v -0.211411 0.697722 0.003267
v -0.193395 0.701918 -0.037672
v -0.188448 0.747397 -0.037559
v -0.048748 1.318017 0.112169
v -0.190584 0.800670 0.068649
v -0.191691 0.770133 0.058773
v -0.203877 0.732575 0.054456
v -0.073739 0.973091 0.115899
v -0.113364 0.963539 0.098417
v -0.115406 0.927899 0.101872
v -0.065260 0.956444 0.119942
v -0.140637 0.962938 0.080090
v -0.153110 0.928975 0.076221
v -0.041424 0.916878 0.126521
v -0.086605 0.891640 0.112955
v -0.118259 0.980138 0.102349
v -0.079034 0.987192 0.112325
v -0.085062 0.999173 0.120135
v -0.111983 0.990852 0.121075
v -0.047219 1.003156 0.136357
v -0.048923 1.024348 0.138068
v -0.080979 1.022784 0.125727
v -0.103737 1.022805 0.126033
v -0.057603 1.340506 0.104689
v -0.062648 1.354159 0.105371
v -0.101959 1.340212 0.101975
v -0.091740 1.338267 0.099348
v -0.102114 1.398282 0.084066
v -0.103116 1.339009 0.096948
v -0.075354 1.315382 0.108219
v -0.091405 1.310767 0.106974
v -0.106430 1.304030 0.111905
v -0.116261 1.361181 0.089556
v -0.095128 1.274747 0.125309
v -0.094945 1.256390 0.125724
v -0.079436 1.235148 0.118582
v -0.038507 0.990150 -0.130582
v -0.043582 1.004324 -0.121511
v -0.000279 0.989883 -0.126885
v -0.045926 1.012777 -0.125979
v -0.121373 0.997342 0.113485
v -0.122059 0.999474 0.096924
v -0.138149 0.979011 0.080586
v -0.134974 0.994122 0.075992
v -0.118745 1.023027 0.120118
v -0.125225 1.024489 0.105150
v -0.081636 1.295102 0.122898
v -0.117832 1.311350 0.114097
v -0.125680 1.373864 0.093088
v -0.000279 1.384665 -0.182029
v -0.053123 1.380355 -0.180255
v -0.040907 1.424861 -0.184153
v -0.000279 1.424367 -0.183146
v -0.000279 1.464084 -0.164968
v -0.051541 1.473284 -0.162566
v -0.122520 1.230884 0.116643
v -0.101896 1.231199 0.120956
v -0.134317 1.262390 0.122198
v -0.171226 1.001444 -0.014446
v -0.178382 1.008167 -0.015530
v -0.173479 1.005272 -0.034492
v -0.167099 0.997871 -0.034960
v -0.162470 1.011091 -0.062353
v -0.155943 1.007410 -0.063511
v -0.163619 1.003542 -0.050445
v -0.166378 1.002430 -0.051992
v -0.158244 0.995836 -0.053526
v -0.171227 0.996322 -0.050849
v -0.173753 0.997502 -0.036983
v -0.182033 1.016675 -0.045441
v -0.184214 1.018518 -0.032565
v -0.185967 1.019446 -0.014675
v -0.197688 0.840537 -0.014418
v -0.195878 0.866285 0.020893
v -0.190135 0.908422 0.003954
v -0.186662 0.885717 -0.028037
v -0.183727 0.919257 0.036093
v -0.188455 0.925473 0.014308
v -0.177708 0.916084 -0.053940
v -0.182876 0.927801 -0.031907
v -0.182403 0.953030 0.015808
v -0.189299 0.922033 0.014445
v -0.179203 0.956475 0.027711
v -0.198612 0.917159 0.021952
v -0.196263 0.924211 0.003794
v -0.183724 0.950149 0.007345
v -0.193367 0.924190 0.022634
v -0.183666 0.946908 -0.006710
v -0.188530 0.929618 0.002142
v -0.185392 0.943284 -0.017785
v -0.177912 0.966422 -0.019039
v -0.174982 0.960216 -0.034794
v -0.170095 0.953367 -0.052173
v -0.191934 0.944129 -0.013890
v -0.182439 0.966754 -0.039358
v -0.180082 0.969412 -0.029907
v -0.193909 0.941267 -0.019097
v -0.186304 0.970407 -0.031800
v -0.177192 0.998128 -0.046004
v -0.179009 1.014462 -0.057834
v -0.131325 1.030255 0.091086
v -0.135948 1.010737 0.084315
v -0.112009 1.481535 -0.131231
v -0.109541 1.427574 -0.164773
v -0.100864 1.373816 -0.174328
v -0.187693 1.019549 0.003864
v -0.129106 1.018322 -0.092328
v -0.092411 1.017850 -0.112414
v -0.095357 1.002133 -0.106566
v -0.128975 1.005793 -0.083725
v -0.179254 1.031249 0.050693
v -0.166440 1.028188 0.050580
v -0.170101 0.993971 0.024383
v -0.161500 0.994465 0.041506
v -0.151339 1.019554 0.068258
v -0.150128 1.007371 0.061252
v -0.149625 0.994605 0.059676
v -0.048542 1.528343 -0.152641
v -0.096271 1.523215 -0.123684
v -0.136114 1.516193 -0.079617
v -0.145562 1.500033 -0.076526
v -0.133560 1.427746 -0.162210
v -0.143515 1.478886 -0.129524
v -0.161555 1.501473 -0.073957
v -0.167137 1.012456 -0.062701
v -0.143187 1.287317 0.113600
v -0.181077 1.028289 -0.049795
v -0.177596 1.024350 -0.056219
v -0.171810 1.025460 -0.057857
v -0.159508 1.022682 -0.063051
v -0.174151 1.038213 -0.056161
v -0.158168 1.036976 -0.061819
v -0.138469 1.074197 0.071785
v -0.140671 1.053967 0.071415
v -0.122432 1.058313 0.092159
v -0.122892 1.079557 0.082360
v -0.122298 1.053173 0.112552
v -0.147571 1.038363 0.071866
v -0.118499 1.082122 0.115179
v -0.122688 1.082541 0.104141
v -0.145839 1.261270 0.115994
v -0.139749 1.235957 0.113199
v -0.024444 1.063011 -0.122223
v -0.057291 1.056723 -0.119264
v -0.063937 1.064606 -0.109701
v -0.027755 1.071323 -0.117644
v -0.032450 1.089236 -0.121884
v -0.071026 1.092237 -0.113759
v -0.099592 1.088344 -0.110802
v -0.092812 1.062526 -0.104989
v -0.161912 1.230643 0.046095
v -0.141537 1.267068 0.080661
v -0.155868 1.292099 0.075058
v -0.171534 1.247825 0.048425
v -0.154569 1.327511 0.084270
v -0.167155 1.336956 0.071918
v -0.033568 1.103731 -0.118452
v -0.068329 1.100702 -0.111661
v -0.061223 1.116324 -0.114620
v -0.039191 1.123451 -0.121651
v -0.044549 1.143904 -0.124277
v -0.070682 1.132764 -0.126856
v -0.084592 1.128884 -0.127754
v -0.093220 1.051752 -0.108728
v -0.095273 1.129569 -0.124558
v -0.165375 1.060140 -0.030974
v -0.163876 1.061385 -0.046347
v -0.173554 1.051887 -0.055750
v -0.176369 1.056598 -0.033618
v -0.179623 1.043679 -0.034492
v -0.173480 1.051877 0.047392
v -0.184793 1.048335 0.036608
v -0.187555 1.035212 0.033359
v -0.176964 1.062740 0.015834
v -0.184542 1.049233 0.012033
v -0.177537 1.339121 0.061253
v -0.179238 1.314826 0.055447
v -0.171399 1.265842 0.032842
v -0.157842 1.054776 -0.061031
v -0.158469 1.062861 -0.048738
v -0.158591 1.219704 0.066105
v -0.146416 1.202309 0.077462
v -0.140798 1.229492 0.096734
v -0.146889 1.254487 0.087060
v -0.149325 1.035683 -0.073071
v -0.145202 1.051816 -0.074850
v -0.165752 1.076072 -0.053290
v -0.157717 1.072574 -0.068088
v -0.145262 1.068553 -0.080207
v -0.156491 1.063349 0.047100
v -0.164285 1.051172 0.050051
v -0.165525 1.060229 0.016257
v -0.161952 1.069363 0.016149
v -0.132743 1.204697 0.091830
v -0.142733 1.194250 0.085779
v -0.134588 1.178499 0.089364
v -0.124319 1.186914 0.095652
v -0.121924 1.147348 0.089529
v -0.139334 1.148695 0.079533
v -0.159092 1.156997 0.064536
v -0.130684 1.189825 0.111463
v -0.128115 1.188166 0.102492
v -0.156102 1.318997 0.094150
v -0.150059 1.292262 0.108781
v -0.057457 1.249220 -0.163378
v -0.088898 1.250108 -0.161637
v -0.093498 1.307730 -0.173990
v -0.057098 1.315098 -0.176388
v -0.122432 1.369534 -0.174964
v -0.113921 1.307703 -0.174042
v -0.106147 1.249864 -0.161440
v -0.196767 1.391589 0.054027
v -0.209058 1.380969 0.052182
v -0.191079 1.350105 0.058178
v -0.186825 1.359235 0.066729
v -0.207034 1.339808 0.050050
v -0.175776 1.363351 0.066493
v -0.154095 1.101292 -0.070126
v -0.143664 1.106515 -0.084395
v -0.152533 1.123085 -0.069336
v -0.150327 1.133056 -0.078453
v -0.124145 1.135321 -0.102178
v -0.125321 1.094736 -0.089718
v -0.130473 1.128724 -0.096348
v -0.146703 1.147578 -0.092503
v -0.212952 1.379088 0.045964
v -0.221108 1.371721 0.044174
v -0.129985 1.180630 -0.120054
v -0.135308 1.165140 -0.109904
v -0.233228 1.349993 0.036997
v -0.211961 1.313487 0.040664
v -0.141930 1.177495 -0.107554
v -0.162817 1.099979 -0.054178
v -0.161187 1.124796 -0.060477
v -0.159662 1.141046 -0.074085
v -0.178530 1.224745 0.003100
v -0.176488 1.212532 0.015611
v -0.178591 1.226813 0.024827
v -0.173595 1.240154 0.012045
v -0.196913 1.248434 0.021845
v -0.192036 1.223152 0.011435
v -0.186215 1.235788 0.005620
v -0.181047 1.248307 0.010247
v -0.137974 1.191105 -0.120439
v -0.136503 1.224270 -0.137486
v -0.130629 1.176814 -0.126097
v -0.152972 1.204985 -0.117097
v -0.142685 1.256763 -0.136036
v -0.121501 1.178740 -0.132608
v -0.130980 1.240153 -0.153040
v -0.171716 1.083030 0.016891
v -0.171242 1.111570 0.020905
v -0.170169 1.121941 -0.005035
v -0.174556 1.088160 -0.008580
v -0.171405 1.080936 -0.033756
v -0.166682 1.105522 -0.036507
v -0.165514 1.130606 -0.047351
v -0.169583 1.145517 -0.023012
v -0.185688 1.212370 -0.003898
v -0.184610 1.195105 -0.008413
v -0.199163 1.193460 0.008640
v -0.173423 1.198257 0.000090
v -0.226148 1.286200 0.035377
v -0.242830 1.239006 0.027778
v -0.225672 1.254650 0.034514
v -0.214108 1.266250 0.034272
v -0.212127 1.245772 0.035576
v -0.225924 1.234770 0.027062
v -0.246122 1.205304 0.025543
v -0.162940 1.146538 -0.060790
v -0.171186 1.157262 -0.034389
v -0.172518 1.174330 -0.047282
v -0.165576 1.161757 -0.073086
v -0.167067 1.186746 -0.087759
v -0.169565 1.193366 -0.076587
v -0.173447 1.205288 -0.075742
v -0.183632 1.174150 -0.023838
v -0.247091 1.302798 0.036469
v -0.258406 1.248218 0.026937
v -0.178481 1.284435 -0.127767
v -0.176817 1.233503 -0.096090
v -0.178805 1.255520 -0.094860
v -0.187343 1.292300 -0.121233
v -0.180034 1.239625 -0.102061
v -0.184266 1.264462 -0.113715
v -0.208910 1.165666 0.007336
v -0.225730 1.141162 0.008802
v -0.202023 1.142182 -0.020573
v -0.178163 1.189755 -0.017415
v -0.218441 1.204755 0.023053
v -0.209859 1.223580 0.027808
v -0.190699 1.154725 -0.083780
v -0.176836 1.195916 -0.079670
v -0.187938 1.148319 -0.059619
v -0.266697 1.306731 0.023367
v -0.284429 1.236975 0.016522
v -0.165524 1.280158 -0.131779
v -0.166460 1.227252 -0.103302
v -0.195418 1.241210 -0.120114
v -0.204734 1.260613 -0.122854
v -0.219413 1.205676 -0.122238
v -0.197718 1.198819 -0.112762
v -0.271779 1.171502 0.016364
v -0.266576 1.173684 0.019236
v -0.261976 1.152512 0.007705
v -0.251334 1.159803 0.016224
v -0.292120 1.130206 0.018693
v -0.260055 1.123105 0.017620
v -0.288441 1.176845 0.020878
v -0.211901 1.120741 -0.015231
v -0.242265 1.134334 0.000398
v -0.218954 1.103577 -0.007093
v -0.227297 1.071813 0.006937
v -0.265060 1.082556 0.025704
v -0.295810 1.091398 0.029975
v -0.210091 1.140526 -0.100065
v -0.237448 1.148951 -0.120321
v -0.248752 1.095014 -0.106521
v -0.217967 1.092216 -0.082156
v -0.239214 1.213847 -0.120364
v -0.255051 1.159944 -0.128397
v -0.271395 1.091642 -0.121444
v -0.328256 1.173421 -0.016691
v -0.329704 1.134258 -0.002149
v -0.317484 1.143089 0.002420
v -0.317129 1.172425 0.003244
v -0.305283 1.169867 0.017254
v -0.308123 1.132367 0.012880
v -0.322841 1.100812 0.017454
v -0.341523 1.125815 -0.024227
v -0.343220 1.077056 -0.007276
v -0.249219 0.765146 0.097663
v -0.240294 0.768399 0.089929
v -0.227941 0.768874 0.103474
v -0.235815 0.765034 0.113155
v -0.237418 0.785273 0.110664
v -0.228085 0.782598 0.100725
v -0.251644 0.786068 0.111437
v -0.246071 0.766860 0.114456
v -0.261474 0.787566 0.101259
v -0.255237 0.768911 0.106536
v -0.259636 0.791975 0.085133
v -0.260369 0.706802 0.077404
v -0.257136 0.715168 0.076819
v -0.253214 0.713673 0.086762
v -0.257689 0.705354 0.089160
v -0.271182 0.721053 0.103555
v -0.265753 0.729389 0.095840
v -0.269679 0.730729 0.084210
v -0.281737 0.714729 0.099317
v -0.266361 0.702296 0.090924
v -0.269009 0.703606 0.081465
v -0.286059 0.716788 0.086267
v -0.278675 0.724205 0.079712
v -0.278491 0.795894 0.079250
v -0.285808 0.777855 0.086250
v -0.296869 0.770266 0.077453
v -0.285868 0.790828 0.062477
v -0.284293 0.755571 0.090413
v -0.293708 0.752201 0.083891
v -0.270038 0.807520 0.078491
v -0.271687 0.804487 0.067703
v -0.306376 0.764852 0.051372
v -0.296238 0.778099 0.040752
v -0.275606 0.811789 0.052943
v -0.290925 0.810056 0.048039
v -0.293451 0.799799 0.029937
v -0.299483 0.752163 0.057701
v -0.295650 0.750172 0.073697
v -0.304599 0.741265 0.081851
v -0.308227 0.760078 0.081464
v -0.272179 0.700650 0.064532
v -0.263946 0.696759 0.056054
v -0.258339 0.703622 0.054835
v -0.266227 0.713130 0.063530
v -0.263801 0.697866 0.047570
v -0.259263 0.706743 0.047560
v -0.268764 0.718783 0.053750
v -0.261464 0.816042 0.053563
v -0.263791 0.806054 0.069189
v -0.249770 0.795781 0.076626
v -0.276727 0.698431 0.053345
v -0.243957 0.814246 0.104889
v -0.249321 0.845262 0.093413
v -0.277201 0.821314 0.098090
v -0.262117 0.810131 0.105590
v -0.267677 0.808298 0.092937
v -0.279456 0.805976 0.089966
v -0.260465 0.872012 0.069079
v -0.278625 0.865676 0.084749
v -0.298258 0.855630 0.087540
v -0.305963 0.814415 0.103569
v -0.310891 0.750469 0.055052
v -0.313954 0.761859 0.052907
v -0.306727 0.748618 0.047564
v -0.302481 0.750512 0.038284
v -0.262369 0.703142 0.041854
v -0.263231 0.708991 0.041720
v -0.278778 0.713266 0.045491
v -0.257498 0.703169 0.037317
v -0.255546 0.705438 0.035094
v -0.287156 0.724711 0.042193
v -0.266592 0.716132 0.033859
v -0.254877 0.708629 0.028318
v -0.279152 0.699436 0.035852
v -0.264264 0.697128 0.033449
v -0.276266 0.704258 0.043860
v -0.256869 0.698230 0.032393
v -0.254060 0.700790 0.031446
v -0.258836 0.700140 0.021876
v -0.254945 0.703568 0.023582
v -0.287560 0.736149 0.059578
v -0.298925 0.733605 0.052847
v -0.310548 0.729839 0.059109
v -0.286970 0.710528 0.048337
v -0.306967 0.723483 0.050743
v -0.272796 0.713492 0.020459
v -0.289341 0.729083 0.025494
v -0.293912 0.707841 0.064898
v -0.321054 0.719803 0.045729
v -0.296643 0.704683 0.039473
v -0.315772 0.731402 0.075714
v -0.265065 0.698245 0.023693
v -0.280516 0.700326 0.025690
v -0.278853 0.706479 0.019316
v -0.298282 0.722664 0.022610
v -0.303946 0.748982 0.107636
v -0.309785 0.779050 0.105859
v -0.317683 0.769982 0.085491
v -0.303733 0.748976 0.088972
v -0.325322 0.804350 0.089446
v -0.341358 0.795352 0.067895
v -0.328246 0.763098 0.060414
v -0.321593 0.748847 0.062980
v -0.319690 0.751961 0.079904
v -0.285884 0.783071 0.097909
v -0.292352 0.784133 0.106232
v -0.305786 0.767756 0.016853
v -0.318316 0.757290 0.024123
v -0.322878 0.745331 0.055292
v -0.337128 0.744744 0.048579
v -0.343049 0.762256 0.046058
v -0.269417 0.712664 -0.002288
v -0.264859 0.723543 -0.001530
v -0.269891 0.724708 0.007897
v -0.271550 0.714563 0.007584
v -0.301636 0.722747 0.017219
v -0.293663 0.734494 0.014008
v -0.290201 0.738556 0.005857
v -0.305652 0.718246 0.004081
v -0.277053 0.717869 -0.008346
v -0.272377 0.726360 -0.007800
v -0.294184 0.736852 -0.005828
v -0.301547 0.726193 -0.005767
v -0.335437 0.751295 0.035420
v -0.333837 0.767908 0.032668
v -0.324327 0.729188 0.032343
v -0.351154 0.789904 0.044088
v -0.277489 0.830690 0.036989
v -0.333663 0.756718 0.022303
v -0.325507 0.750953 0.024284
v -0.296467 0.790859 0.006311
v -0.313240 0.789917 -0.007704
v -0.314987 0.762706 -0.002772
v -0.349201 0.788840 0.017110
v -0.333677 0.790198 -0.002353
v -0.328508 0.758589 0.001090
v -0.268405 1.026533 0.032349
v -0.298234 1.033054 0.042883
v -0.294769 1.000077 0.054403
v -0.263221 0.994871 0.047907
v -0.283720 0.827779 0.020551
v -0.271240 0.860588 0.019324
v -0.263966 0.850605 0.037786
v -0.287033 0.823543 0.000533
v -0.283652 0.856600 -0.001895
v -0.257196 0.864295 0.049107
v -0.261557 0.878240 0.037518
v -0.251620 0.900043 0.028208
v -0.257663 0.890020 0.000351
v -0.274112 0.883942 -0.023437
v -0.328102 1.030565 0.031890
v -0.326705 0.997175 0.045334
v -0.345736 1.021058 0.008092
v -0.347512 0.990440 0.020672
v -0.263231 0.954702 0.064062
v -0.292207 0.959526 0.069604
v -0.252811 1.043896 -0.090593
v -0.255712 0.989680 -0.068592
v -0.287821 0.987461 -0.080137
v -0.281384 1.037563 -0.098673
v -0.305013 1.038604 -0.090164
v -0.311532 0.995342 -0.075087
v -0.260009 0.949777 -0.055994
v -0.289454 0.950185 -0.068404
v -0.318462 0.956517 -0.065365
v -0.304567 0.825723 -0.011872
v -0.326800 0.827052 -0.008298
v -0.320050 0.861157 -0.012820
v -0.300981 0.857180 -0.013676
v -0.296979 0.886192 -0.035619
v -0.321870 0.891183 -0.034681
v -0.343402 0.828646 0.009769
v -0.338006 0.870505 -0.001086
v -0.343552 0.900051 -0.018857
v -0.344547 0.880311 0.018907
v -0.355146 0.909254 0.006850
v -0.362465 0.923143 0.001918
v -0.348988 0.912991 -0.029237
v -0.323976 0.904219 -0.048798
v -0.347677 0.925201 -0.033039
v -0.322343 0.917401 -0.053228
v -0.291596 0.912767 -0.059102
v -0.293423 0.897963 -0.054484
v -0.261345 0.912449 -0.047561
v -0.263598 0.895693 -0.042058
v -0.244966 0.918043 -0.015820
v -0.246822 0.903868 -0.009899
v -0.239540 0.927321 0.018511
v -0.241241 0.914193 0.023260
v -0.241121 0.938016 0.049269
v -0.243337 0.924501 0.054250
v -0.256143 0.911631 0.050460
v -0.264605 0.889393 0.055013
v -0.265463 0.933085 0.069749
v -0.272040 0.920768 0.063711
v -0.278180 0.895790 0.065999
v -0.294279 0.926631 0.067771
v -0.296852 0.898164 0.069422
v -0.321463 0.927743 0.057785
v -0.318532 0.899160 0.061720
v -0.313888 0.848931 0.080893
v -0.336854 0.890319 0.041346
v -0.338388 0.838511 0.060289
v -0.349841 0.832669 0.033737
v -0.344110 0.921646 0.034716
v -0.327621 0.938154 0.064943
v -0.354283 0.932753 0.038408
v -0.326942 0.951391 0.061630
v -0.354017 0.945001 0.034849
v -0.361345 0.935738 -0.001261
v -0.349557 0.953211 0.030484
v -0.356559 0.944561 -0.003050
v -0.344294 0.934839 -0.033845
v -0.356565 0.979575 -0.012573
v -0.342577 0.967571 -0.045833
v -0.319902 0.927533 -0.053014
v -0.291591 0.922817 -0.057703
v -0.264477 0.922378 -0.046284
v -0.237750 0.954351 -0.030235
v -0.248055 0.927576 -0.018301
v -0.230929 0.966202 0.002550
v -0.240054 0.935273 0.015869
v -0.237418 0.982487 0.031952
v -0.241906 0.944879 0.045404
v -0.262977 0.946754 0.066420
v -0.292502 0.952030 0.071984
v -0.293994 0.939397 0.075240
v -0.324514 0.959356 0.056211
v -0.224448 1.004966 -0.012091
v -0.237024 1.020890 0.016725
v -0.209582 1.059459 -0.030026
v -0.230264 0.994304 -0.044908
v -0.221311 1.050908 -0.065869
v -0.199546 1.093656 -0.042557
v -0.197223 1.121469 -0.053285
v -0.349865 1.012821 -0.022632
v -0.340117 1.002843 -0.058472
v -0.346592 1.060379 -0.039180
v -0.330345 1.047957 -0.071920
v -0.337625 1.118060 -0.059815
v -0.320756 1.108400 -0.095033
v -0.296841 1.098421 -0.115814
v -0.301506 1.170461 -0.098786
v -0.278807 1.165535 -0.117653
v -0.286551 1.228797 -0.106022
v -0.264825 1.222378 -0.112889
v -0.260897 1.293418 -0.117685
v -0.239763 1.288332 -0.120226
v -0.217912 1.273739 -0.124264
v -0.214354 1.317536 -0.128752
v -0.200039 1.292130 -0.121755
v -0.197115 1.324889 -0.134628
v -0.229195 1.335742 -0.133527
v -0.205866 1.352830 -0.148085
v -0.191070 1.354333 -0.155852
v -0.183336 1.321116 -0.144560
v -0.179758 1.356401 -0.158523
v -0.170125 1.320060 -0.146177
v -0.168121 1.359713 -0.158241
v -0.154372 1.319430 -0.146593
v -0.149139 1.272914 -0.131431
v -0.147166 1.313491 -0.153399
v -0.158180 1.219593 -0.106457
v -0.156033 1.179431 -0.101358
v -0.156951 1.156139 -0.086013
v -0.163080 1.360311 -0.158867
v -0.161214 1.361241 -0.167613
v -0.147712 1.301065 -0.160903
v -0.152686 1.363085 -0.169557
v -0.141159 1.305969 -0.170725
v -0.140238 1.365681 -0.171744
v -0.129448 1.307360 -0.172248
v -0.120134 1.247052 -0.158411
v -0.096282 1.179541 -0.138533
v -0.109352 1.180093 -0.135616
v -0.110837 1.128790 -0.119118
v -0.123072 1.129823 -0.113890
v -0.118652 1.089451 -0.103949
v -0.115138 1.061558 -0.094557
v -0.128831 1.062078 -0.086915
v -0.118826 1.049272 -0.095783
v -0.133534 1.049673 -0.085403
v -0.123801 1.033843 -0.094614
v -0.138927 1.034368 -0.083045
v -0.144044 1.019114 -0.080505
v -0.153270 1.020776 -0.070870
v -0.144116 1.006971 -0.073202
v -0.138195 0.991235 -0.080529
v -0.147981 0.994757 -0.069205
v -0.149953 0.973482 -0.079411
v -0.158061 0.977338 -0.063796
v -0.166315 0.980775 -0.046711
v -0.172613 0.984519 -0.027880
v -0.177551 0.971267 -0.003147
v -0.173786 0.988644 -0.009841
v -0.176478 0.974905 0.011801
v -0.172769 0.991676 0.006598
v -0.173358 0.977884 0.027985
v -0.171422 0.957750 0.044173
v -0.165176 0.979169 0.044743
v -0.160689 0.960639 0.062212
v -0.154676 0.979326 0.061736
v -0.172949 0.922936 0.056455
v -0.192952 0.867667 0.052986
v -0.177499 0.866698 0.070332
v -0.171793 0.789752 0.085732
v -0.152999 0.864426 0.088350
v -0.144408 0.783716 0.100538
v -0.118982 0.852347 0.100583
v -0.074495 0.822320 0.104993
v -0.054804 0.845694 0.109017
v -0.020011 0.813931 0.107034
v -0.032840 0.803612 0.099584
v -0.044758 0.789536 0.094041
v -0.019332 0.780258 0.076654
v -0.028397 0.769475 0.074533
v -0.031582 0.750972 0.078312
v -0.015819 0.764255 0.053174
v -0.013814 0.750848 0.055368
v -0.042380 0.718955 0.076956
v -0.023303 0.721942 0.052971
v -0.029747 0.667520 0.047267
v -0.023729 0.670626 0.025326
v -0.015368 0.721138 0.029417
v -0.011452 0.751115 0.031657
v -0.003466 0.762728 0.013816
v -0.007426 0.760946 0.033089
v -0.008259 0.753963 0.013555
v -0.009264 0.721654 0.015738
v -0.004738 0.754416 -0.005641
v -0.007953 0.723642 -0.003855
v -0.017950 0.671267 0.013575
v -0.016452 0.672239 -0.006395
v -0.009253 0.725055 -0.027646
v -0.017422 0.673465 -0.031185
v -0.026375 0.619274 0.010001
v -0.026954 0.620358 -0.009257
v -0.028870 0.621445 -0.037800
v -0.032612 0.573069 -0.012028
v -0.036021 0.576306 -0.041174
v -0.038702 0.522932 -0.020232
v -0.041923 0.527710 -0.051931
v -0.050370 0.490630 -0.026446
v -0.053790 0.494993 -0.059080
v -0.075652 0.504164 -0.087927
v -0.053256 0.475981 -0.068663
v -0.114907 0.509308 -0.101919
v -0.154856 0.543344 -0.091720
v -0.186788 0.566081 -0.048470
v -0.206471 0.570702 -0.012735
v -0.190202 0.579413 -0.048654
v -0.205261 0.606977 -0.007714
v -0.188223 0.609729 -0.042832
v -0.209969 0.648409 -0.001117
v -0.191790 0.650824 -0.039497
v -0.158117 0.650361 -0.082980
v -0.157622 0.695476 -0.081996
v -0.158597 0.736339 -0.084083
v -0.113362 0.728104 -0.105234
v -0.076809 0.726382 -0.100702
v -0.152570 0.764371 -0.083608
v -0.114376 0.757402 -0.106336
v -0.075197 0.756344 -0.098613
v -0.048919 0.727539 -0.079940
v -0.040780 0.756681 -0.078282
v -0.112778 0.781321 -0.108603
v -0.070000 0.776549 -0.097590
v -0.035782 0.769687 -0.079201
v -0.061013 0.795507 -0.107138
v -0.027696 0.784967 -0.083605
v -0.009213 0.776973 -0.055798
v -0.012135 0.766782 -0.055502
v -0.016407 0.754991 -0.055556
v -0.004125 0.765192 -0.029271
v -0.005595 0.755227 -0.028339
v -0.024387 0.726141 -0.056153
v -0.002389 0.763837 -0.006403
v -0.003170 0.773413 -0.029716
v -0.001626 0.771700 -0.006746
v -0.002416 0.770622 0.014004
v -0.001848 0.779530 -0.006915
v -0.002051 0.778718 0.014302
v -0.003387 0.777897 0.034357
v -0.004812 0.769388 0.033715
v -0.006753 0.779321 0.054973
v -0.010544 0.770720 0.054481
v -0.012387 0.789237 0.077580
v -0.004226 0.786696 0.055819
v -0.005873 0.793915 0.079737
v -0.000279 0.790406 0.056351
v -0.000279 0.792877 0.082371
v -0.041005 1.577595 -0.145430
v -0.038840 1.577647 -0.136539
v -0.000279 1.580576 -0.140425
v -0.000279 1.579922 -0.151796
v -0.037951 1.573856 -0.129095
v -0.000279 1.574642 -0.134284
v -0.085105 1.573169 -0.115007
v -0.080188 1.570207 -0.107713
v -0.082742 1.561533 -0.110051
v -0.039348 1.566355 -0.131428
v -0.000279 1.567593 -0.137937
v -0.038793 1.556251 -0.132519
v -0.000279 1.558823 -0.138971
v -0.024036 1.466063 0.103483
v -0.023272 1.452582 0.102937
v -0.000279 1.452438 0.105430
v -0.000279 1.466345 0.106390
v -0.051438 1.468622 0.098693
v -0.051005 1.453992 0.096985
v -0.087769 1.478786 0.082075
v -0.088327 1.463697 0.078299
v -0.125167 1.503827 0.043211
v -0.129988 1.491871 0.041624
v -0.128757 1.478649 0.036566
v -0.128802 1.463658 0.032028
v -0.150000 1.525492 -0.015072
v -0.152318 1.514532 -0.018621
v -0.147744 1.505408 -0.021386
v -0.133939 1.459347 0.028783
v -0.149475 1.500745 -0.021989
v -0.135657 1.541383 -0.080274
v -0.131533 1.530300 -0.081627
v -0.090493 1.558365 -0.126118
v -0.089439 1.545431 -0.125937
v -0.042503 1.567695 -0.150988
v -0.043855 1.553674 -0.152523
v -0.000279 1.570822 -0.158181
v -0.000279 1.556983 -0.160058
v -0.000279 1.526563 -0.165794
v -0.090530 1.570431 -0.122201
v -0.134914 1.552704 -0.076020
v -0.127046 1.559499 -0.069946
v -0.142077 1.533669 -0.012406
v -0.132170 1.534196 -0.014014
v -0.119095 1.557570 -0.067448
v -0.134825 1.525852 -0.019320
v -0.119856 1.550758 -0.072921
v -0.130956 1.515453 -0.027624
v -0.115955 1.538446 -0.077835
v -0.080604 1.550747 -0.112014
v -0.104392 1.538469 -0.074068
v -0.073610 1.547186 -0.108392
v -0.036865 1.550999 -0.128257
v -0.066648 1.552425 -0.100382
v -0.033661 1.554697 -0.120307
v -0.000279 1.555822 -0.126403
v -0.000279 1.552720 -0.133170
v -0.023821 1.464864 0.085518
v -0.023533 1.473416 0.093014
v -0.000279 1.472917 0.094650
v -0.000279 1.463480 0.087663
v -0.049916 1.468169 0.079370
v -0.049166 1.477049 0.087497
v -0.082957 1.477802 0.063905
v -0.081429 1.486994 0.072881
v -0.116859 1.497202 0.031097
v -0.115747 1.507127 0.037951
v -0.082815 1.467219 0.054119
v -0.115977 1.487538 0.021758
v -0.074767 1.471887 0.045769
v -0.104421 1.494678 0.017683
v -0.118097 1.522366 -0.026923
v -0.091480 1.501414 0.011162
v -0.102357 1.528799 -0.026696
v -0.092176 1.543995 -0.067429
v -0.092867 1.512944 -0.037255
v -0.080461 1.534824 -0.067184
v -0.060294 1.554115 -0.092931
v -0.072363 1.526173 -0.074526
v -0.052674 1.548792 -0.089777
v -0.026919 1.560053 -0.105820
v -0.030441 1.558516 -0.113542
v -0.000279 1.562374 -0.112671
v -0.000279 1.558757 -0.120458
v -0.020549 1.457014 0.067482
v -0.023018 1.455655 0.077806
v -0.000279 1.454473 0.080321
v -0.000279 1.455589 0.069330
v -0.044949 1.461133 0.061037
v -0.049271 1.458311 0.071266
v -0.065173 1.480903 0.037272
v -0.060222 1.470734 0.026133
v -0.086149 1.489403 -0.002023
v -0.054916 1.472178 0.018554
v -0.081443 1.481450 -0.011152
v -0.090669 1.501185 -0.048209
v -0.072583 1.497769 -0.010809
v -0.080463 1.508909 -0.043618
v -0.068484 1.518084 -0.008387
v -0.075230 1.529653 -0.035577
v -0.067050 1.540113 -0.003855
v -0.071830 1.559297 -0.025322
v -0.050236 1.508889 0.017829
v -0.046048 1.522546 0.016572
v -0.040344 1.536901 0.019949
v -0.021273 1.512214 0.034288
v -0.017927 1.523906 0.034172
v -0.020266 1.532522 0.045262
v -0.043220 1.546450 0.033532
v -0.024706 1.532066 0.059104
v -0.051124 1.547488 0.047865
v -0.029395 1.530960 0.077620
v -0.057608 1.550551 0.064463
v -0.084045 1.593547 0.049726
v -0.056513 1.558852 0.080021
v -0.084410 1.602547 0.069530
v -0.048083 1.571824 0.093421
v -0.073902 1.610382 0.090636
v -0.034279 1.594481 0.109668
v -0.026726 1.556028 0.105740
v -0.018893 1.582263 0.115991
v -0.000279 1.549604 0.117179
v -0.000279 1.578355 0.121362
v -0.025816 1.502632 0.039657
v -0.024904 1.489130 0.035937
v -0.000279 1.487282 0.050184
v -0.000279 1.500288 0.051780
v -0.051315 1.490686 0.016021
v -0.000279 1.509654 0.043093
v -0.000279 1.519937 0.044803
v -0.000279 1.529185 0.051362
v -0.000279 1.529474 0.065984
v -0.000279 1.525607 0.084576
v -0.030995 1.538427 0.094665
v -0.000279 1.528291 0.105302
v -0.000279 1.463979 0.063130
v -0.000279 1.467400 0.054468
v -0.000279 1.560835 -0.105593
v -0.000279 1.568928 -0.098358
v -0.128437 1.414766 0.072425
v -0.113879 1.410095 0.069970
v -0.141615 1.463184 0.034709
v -0.153768 1.496299 -0.019527
v -0.156718 1.462776 0.039951
v -0.167335 1.494753 -0.013783
v -0.168805 1.409811 0.071931
v -0.145152 1.416600 0.076773
v -0.174290 1.455307 0.038187
v -0.181618 1.488255 -0.012806
v -0.188014 1.448615 0.036875
v -0.194229 1.481681 -0.011893
v -0.177616 1.496782 -0.072684
v -0.190911 1.489646 -0.071501
v -0.206362 1.474306 -0.011563
v -0.202618 1.483745 -0.069766
v -0.162844 1.473599 -0.128448
v -0.178089 1.466131 -0.125433
v -0.191105 1.460614 -0.123262
v -0.208978 1.472591 -0.066687
v -0.196157 1.452796 -0.115195
v -0.166434 1.418090 -0.155701
v -0.176489 1.415286 -0.155163
v -0.179467 1.409734 -0.145286
v -0.200572 1.447815 -0.110362
v -0.184094 1.407005 -0.142804
v -0.235238 1.461216 -0.061979
v -0.217069 1.469505 -0.064371
v -0.216107 1.441532 -0.109510
v -0.196533 1.403609 -0.143534
v -0.232440 1.431962 -0.106549
v -0.209138 1.398701 -0.141797
v -0.268301 1.427790 -0.055934
v -0.252329 1.444594 -0.058648
v -0.248462 1.415645 -0.098975
v -0.218719 1.388460 -0.132255
v -0.271559 1.376637 -0.085651
v -0.251168 1.357889 -0.120692
v -0.301670 1.313498 -0.038164
v -0.286475 1.384576 -0.047491
v -0.296143 1.309972 -0.072308
v -0.277813 1.302103 -0.098861
v -0.314293 1.239992 -0.058020
v -0.300835 1.235320 -0.083786
v -0.313153 1.241205 -0.026279
v -0.330135 1.175734 -0.041238
v -0.322602 1.174567 -0.071601
v -0.299904 1.237739 -0.000718
v -0.285685 1.311539 -0.002626
v -0.256550 1.370342 0.023577
v -0.275639 1.379860 -0.006314
v -0.242663 1.400402 0.024713
v -0.258822 1.420602 -0.010448
v -0.228321 1.412562 0.024597
v -0.246370 1.439776 -0.009689
v -0.221150 1.423340 0.029925
v -0.234044 1.452232 -0.009332
v -0.208070 1.430252 0.029386
v -0.217225 1.461259 -0.011121
v -0.195146 1.434159 0.027849
v -0.206354 1.464620 -0.014221
v -0.194238 1.439321 0.031306
v -0.184103 1.396445 0.052787
v -0.177280 1.401219 0.058269
v -0.184105 1.405878 0.068596
v -0.164609 1.367482 0.069703
v -0.169158 1.370752 0.082776
v -0.157819 1.371423 0.088017
v -0.140697 1.375589 0.092573
v -0.151923 1.422902 -0.158393
v -0.050836 1.182486 -0.140364
v -0.000279 1.183945 -0.139534
v -0.000279 1.153905 -0.120116
v -0.000279 1.129341 -0.113341
v -0.000279 1.112131 -0.121148
v -0.000279 1.092998 -0.125745
v -0.000279 1.073734 -0.119396
v -0.000279 1.063573 -0.121736
v -0.019461 1.036414 -0.127737
v -0.000279 1.036711 -0.126475
v -0.051222 1.035190 -0.123363
v -0.092529 1.034569 -0.110712
v -0.084068 1.180021 -0.141854
v -0.000279 1.250465 -0.158756
v -0.000279 1.320019 -0.170595
v -0.004968 0.787597 -0.029875
v -0.005122 0.790701 -0.054768
v -0.000279 0.794749 -0.053876
v -0.000279 0.790453 -0.029868
v -0.003018 0.781221 -0.029897
v -0.007453 0.785434 -0.055417
v -0.004674 0.785826 -0.007079
v -0.000279 0.789593 -0.007163
v -0.000279 0.788807 0.014821
v -0.004576 0.785545 0.014567
v -0.000279 0.789187 0.035773
v -0.003998 0.785490 0.035155
v -0.106246 0.810927 -0.115737
v -0.150667 0.791465 -0.090277
v -0.144932 0.829850 -0.097815
v -0.129500 0.881830 -0.110003
v -0.171945 0.856118 -0.065403
v -0.164439 0.903564 -0.081043
v -0.148480 0.940960 -0.090942
v -0.120400 0.928752 -0.117027
v -0.138354 0.970968 -0.095189
v -0.111681 0.965247 -0.112169
v -0.072221 0.962336 -0.136457
v -0.105151 0.983147 -0.109381
v -0.078608 0.988821 -0.121611
v -0.123261 0.987060 -0.095737
v -0.161505 0.947944 -0.070178
v -0.181609 0.814560 -0.054451
v -0.184643 0.780484 -0.042935
v -0.206006 0.608858 0.011194
v -0.212931 0.645926 0.020007
v -0.200205 0.620975 0.029320
v -0.211767 0.641228 0.041159
v -0.209231 0.682820 0.048940
v -0.194633 0.637409 0.057149
v -0.192036 0.678096 0.064543
v -0.184715 0.730024 0.072441
v -0.169786 0.672857 0.083742
v -0.159977 0.719031 0.091654
v -0.149817 0.744300 0.091324
v -0.173984 0.760385 0.077946
v -0.174450 0.633765 0.074284
v -0.170252 0.615346 0.059273
v -0.187045 0.618380 0.043669
v -0.203938 0.563037 0.003992
v -0.052830 0.427803 -0.053231
v -0.060661 0.434818 -0.085838
v -0.047978 0.470751 -0.034014
v -0.049097 0.371302 -0.072492
v -0.062848 0.373996 -0.106174
v -0.053912 0.319107 -0.081340
v -0.072420 0.320386 -0.111859
v -0.108750 0.324268 -0.135155
v -0.162333 0.293086 -0.139224
v -0.154899 0.322626 -0.134929
v -0.193382 0.284647 -0.106667
v -0.193460 0.315991 -0.115893
v -0.212198 0.361512 -0.088312
v -0.218754 0.353194 -0.050766
v -0.218327 0.405165 -0.054481
v -0.167927 0.271628 -0.129297
v -0.176446 0.252233 -0.135003
v -0.136601 0.222352 -0.141124
v -0.177200 0.223858 -0.132077
v -0.134535 0.184855 -0.136266
v -0.176518 0.185747 -0.128807
v -0.134911 0.149334 -0.126517
v -0.169722 0.138841 -0.118322
v -0.136910 0.109534 -0.138380
v -0.173011 0.100645 -0.128507
v -0.192989 0.085661 -0.108244
v -0.138206 0.050400 -0.148040
v -0.172174 0.048785 -0.136080
v -0.191788 0.048091 -0.112826
v -0.203716 0.034969 -0.112925
v -0.180542 0.037611 -0.140784
v -0.139209 0.039919 -0.154126
v -0.183849 0.021296 -0.136499
v -0.100297 0.039145 -0.137963
v -0.083113 0.035599 -0.102102
v -0.098043 0.012478 -0.060146
v -0.106694 0.008975 -0.032030
v -0.132669 0.002001 -0.048032
v -0.123739 0.000977 -0.074097
v -0.164567 0.000544 -0.069851
v -0.139802 0.010187 -0.031655
v -0.172069 0.003769 -0.048797
v -0.191052 0.004386 -0.089901
v -0.204815 0.017448 -0.104033
v -0.143711 0.014738 -0.018200
v -0.175197 0.013002 -0.034308
v -0.148852 0.012919 -0.000118
v -0.178514 0.013160 -0.014411
v -0.155304 0.003603 0.034394
v -0.184336 0.003375 0.023421
v -0.209339 0.008900 0.012790
v -0.192885 0.000052 0.082710
v -0.218494 0.001166 0.070950
v -0.238941 0.003683 0.061292
v -0.229383 0.013750 0.004797
v -0.254665 0.012561 0.053759
v -0.266150 0.027636 0.113619
v -0.260439 0.025309 0.049303
v -0.265836 0.040761 0.107208
v -0.250551 0.034434 0.158837
v -0.250278 0.049376 0.152369
v -0.247809 0.061615 0.144935
v -0.261049 0.052536 0.099728
v -0.226656 0.053907 0.174261
v -0.224254 0.067583 0.165696
v -0.201350 0.056892 0.180486
v -0.176160 0.043371 0.185441
v -0.178065 0.056354 0.176399
v -0.201812 0.043235 0.187291
v -0.227066 0.040056 0.178365
v -0.201611 0.028068 0.184108
v -0.178753 0.030242 0.182468
v -0.199653 0.017711 0.169019
v -0.152262 0.026780 0.167657
v -0.150026 0.041717 0.167132
v -0.153230 0.057323 0.161968
v -0.122511 0.024252 0.120797
v -0.126806 0.038832 0.122879
v -0.126537 0.059123 0.127364
v -0.134930 0.083536 0.126117
v -0.114273 0.048121 0.067600
v -0.112066 0.072528 0.078570
v -0.126352 0.095462 0.085748
v -0.108542 0.091134 0.041437
v -0.122358 0.117246 0.047608
v -0.140930 0.136441 0.048780
v -0.107764 0.060917 0.032829
v -0.112636 0.031592 0.060328
v -0.110562 0.040596 0.027718
v -0.107712 0.045528 0.005632
v -0.113867 0.026479 0.022374
v -0.107963 0.030814 0.003878
v -0.128312 0.020921 0.013033
v -0.121984 0.022600 -0.004087
v -0.115819 0.020447 -0.017023
v -0.116255 0.017075 0.051231
v -0.132490 0.008855 0.042315
v -0.198140 0.005037 0.137844
v -0.096130 0.183722 -0.118331
v -0.097851 0.221101 -0.123494
v -0.074891 0.219413 -0.090659
v -0.068965 0.218972 -0.062675
v -0.068712 0.220193 -0.036521
v -0.085862 0.195525 -0.005210
v -0.084032 0.221190 -0.005347
v -0.079344 0.240768 -0.004566
v -0.113036 0.222063 0.019793
v -0.108093 0.245096 0.021685
v -0.155757 0.200338 0.027578
v -0.114861 0.197096 0.021430
v -0.152426 0.224227 0.027114
v -0.149074 0.248126 0.030519
v -0.188564 0.225770 0.016871
v -0.187428 0.249812 0.019748
v -0.192558 0.206594 0.010628
v -0.209183 0.250804 -0.000504
v -0.215576 0.205671 -0.029333
v -0.086830 0.178160 -0.005352
v -0.092506 0.165232 -0.008675
v -0.051659 0.321043 -0.056693
v -0.050003 0.368768 -0.048088
v -0.054965 0.322708 -0.038915
v -0.048934 0.367407 -0.032015
v -0.063216 0.325393 -0.029682
v -0.054093 0.366743 -0.023075
v -0.057822 0.365386 -0.004288
v -0.073373 0.402473 0.016891
v -0.075326 0.366299 0.007982
v -0.032298 0.572419 0.007073
v -0.035229 0.572841 0.020576
v -0.032407 0.618665 0.020367
v -0.246348 0.832814 0.054929
v -0.241486 0.843750 0.072522
v -0.238988 0.804182 0.078305
v -0.235025 0.812059 0.090887
v -0.232044 0.781150 0.088444
v -0.300734 0.707077 0.028286
v -0.280762 0.756618 0.102379
v -0.288782 0.753508 0.112880
v -0.290026 0.716600 0.076336
v -0.284094 0.730088 0.072863
v -0.231980 1.177885 0.023583
v -0.010748 1.166846 0.123374
v -0.010523 1.120883 0.123925
v -0.000279 1.121012 0.126479
v -0.000279 1.167478 0.125553
v -0.012388 1.166810 0.133252
v -0.011694 1.120189 0.133389
v -0.024637 1.166309 0.132882
v -0.023584 1.119489 0.134801
v -0.040702 1.165197 0.130380
v -0.039217 1.118931 0.130745
v -0.058312 1.163243 0.126174
v -0.056948 1.118851 0.126577
v -0.055815 1.078464 0.129719
v -0.073873 1.119044 0.123364
v -0.073081 1.080405 0.120942
v -0.074022 1.048645 0.120728
v -0.049712 1.047435 0.128228
v -0.089165 1.081839 0.123382
v -0.094768 1.051277 0.125911
v -0.102455 1.082785 0.123493
v -0.110067 1.051860 0.119874
v -0.086669 1.118779 0.126109
v -0.105346 1.115488 0.132658
v -0.121953 1.108945 0.120395
v -0.105551 1.154621 0.124468
v -0.120814 1.150382 0.117032
v -0.128931 1.147469 0.108290
v -0.126735 1.107562 0.105951
v -0.118743 1.146968 0.099866
v -0.115295 1.105878 0.097338
v -0.114645 1.087605 0.096011
v -0.125048 1.105324 0.085667
v -0.139511 1.103856 0.073540
v -0.161333 1.103749 0.051598
v -0.158509 1.075587 0.049356
v -0.164933 1.169624 0.043953
v -0.120073 1.192337 0.117875
v -0.105505 1.194905 0.123688
v -0.089970 1.225148 0.115789
v -0.091761 1.197431 0.115938
v -0.090007 1.157725 0.121947
v -0.077240 1.202887 0.120380
v -0.074493 1.160809 0.120564
v -0.060366 1.206928 0.124180
v -0.041472 1.208499 0.128074
v -0.025974 1.208802 0.130553
v -0.013612 1.208355 0.131655
v -0.010936 1.207662 0.122937
v -0.000279 1.233507 0.123297
v -0.000279 1.207391 0.124476
v -0.000279 1.247969 0.122944
v -0.197576 1.268269 0.030692
v -0.185072 1.285087 0.018980
v -0.175813 1.189266 0.029591
v -0.162000 1.067471 -0.030839
v -0.164449 1.071549 -0.010093
v -0.166234 1.060133 -0.010212
v -0.176573 1.058867 -0.011410
v -0.181004 1.046236 -0.012320
v -0.182192 1.031145 -0.032804
v -0.183767 1.032773 -0.013616
v -0.186513 1.034549 0.007762
v -0.137719 1.004911 0.074220
v -0.059891 1.295661 0.127845
v -0.064989 1.300980 0.116640
v -0.080797 1.298887 0.114101
v -0.031482 1.355922 0.103962
v -0.012095 1.356576 0.106542
v -0.000279 1.355175 0.102139
v -0.000279 1.305248 0.147133
v -0.000279 1.292970 0.151451
v -0.000279 1.280312 0.153108
v -0.000279 1.270411 0.152840
v -0.000279 0.945030 0.126920
v -0.007378 0.912553 0.120259
v -0.063496 1.608586 -0.038351
v -0.150682 0.597118 0.084093
v -0.168911 0.581681 0.074240
v -0.128006 0.494515 0.078345
v -0.138640 0.467288 0.060679
v -0.027524 1.660894 -0.132433
v -0.028854 1.673573 -0.134317
v -0.012929 1.681318 -0.143707
v -0.010217 1.669026 -0.138916
v -0.000279 1.685344 -0.139830
v -0.000279 1.673583 -0.136364
v -0.015309 1.699714 -0.148955
v -0.017486 1.726432 -0.149429
v -0.000279 1.729761 -0.157353
v -0.000279 1.704796 -0.140335
v -0.010340 1.753134 -0.131591
v -0.000279 1.758336 -0.143226
v -0.017714 1.778447 -0.126593
v -0.033524 1.693513 -0.142716
v -0.112069 1.722437 -0.085762
v -0.101246 1.720873 -0.100734
v -0.116265 1.661976 -0.034948
v -0.128425 1.767928 -0.051334
v -0.120785 1.793928 -0.059458
v -0.124944 1.737560 0.054794
v -0.127866 1.755337 0.067473
v -0.120644 1.773746 0.078838
v -0.074836 1.820870 -0.071773
v -0.086082 1.824435 -0.071636
v -0.000279 1.837700 -0.088061
v -0.000279 1.835776 -0.104668
v -0.000279 1.824046 -0.110275
v -0.000279 1.849124 -0.081752
v -0.000279 1.855793 -0.067251
v -0.000279 1.854837 -0.054327
v -0.000279 1.857524 -0.035729
v -0.031846 1.861513 -0.017360
v -0.000279 1.864821 -0.022574
v -0.000279 1.875526 0.003437
v -0.000279 1.869787 -0.010327
v -0.000279 1.876188 0.016700
v -0.000279 1.876000 0.029115
v -0.000279 1.863777 0.032437
v -0.018934 1.852132 0.057406
v -0.000279 1.853100 0.055363
v -0.000279 1.846559 0.068884
v -0.016680 1.850955 0.072822
v -0.036356 1.850855 0.083766
v -0.043972 1.849906 0.066843
v -0.061701 1.839123 0.078456
v -0.071012 1.825862 0.085852
v -0.115118 1.816813 0.000725
v -0.000279 1.643300 0.149255
v -0.000279 1.668416 0.133048
v -0.000279 1.694221 0.127248
v -0.060311 1.730662 0.103329
v -0.067491 1.737389 0.096401
v -0.076337 1.728336 0.089445
v -0.070787 1.753675 0.097861
v -0.032765 1.794082 0.149718
v -0.041130 1.811811 0.135819
v -0.000279 1.757438 0.149978
v -0.000279 1.768503 0.147209
v -0.008849 1.769201 0.143814
v -0.000279 1.635895 -0.112005
v -0.112094 0.452688 0.057488
v -0.108042 0.437903 0.052188
v -0.187925 0.955888 0.034564
v -0.194078 0.956790 0.030811
v -0.188158 0.955834 0.024755
v -0.000279 1.781222 0.158380
v -0.000279 1.786051 0.157419
v -0.000279 1.303668 0.114681
v -0.090717 0.069863 -0.056958
v -0.129337 0.160345 0.013049
v -0.191352 0.587216 0.038927
v -0.168447 1.160059 0.014410
v -0.169989 1.167666 -0.002949
v -0.171370 1.182145 0.015779
v -0.171877 1.205864 0.014282
v 0.006652 1.809800 0.128086
v 0.014445 1.809368 0.146427
v 0.008396 1.789563 0.156334
v 0.024779 1.801859 0.150641
v 0.007085 1.778506 0.158194
v 0.009535 1.774815 0.153013
v 0.014253 1.726465 0.134178
v 0.010862 1.735804 0.145002
v 0.015310 1.713228 0.127515
v 0.025566 1.473361 0.037269
v 0.005570 1.465348 0.049245
v 0.030855 1.465882 0.042721
v 0.001584 1.301112 0.115314
v 0.006756 1.313308 0.118527
v 0.000757 1.301237 0.115169
v 0.027071 0.870043 -0.144408
v 0.007454 0.811928 -0.090879
v 0.035588 0.956047 -0.147436
v 0.007216 1.006558 -0.121706
v 0.014935 1.012318 -0.128771
v 0.178031 1.000769 0.036003
v 0.180785 1.003018 0.022508
v 0.184085 0.979108 0.023575
v 0.182274 0.978836 0.034202
v 0.184800 1.002238 0.035741
v 0.188815 0.979907 0.032169
v 0.189419 1.018722 0.024311
v 0.185099 1.015316 0.039949
v 0.168164 1.004018 0.020204
v 0.169539 1.011089 0.039504
v 0.179492 1.008722 0.001546
v 0.170136 1.003916 0.002051
v 0.190787 0.937628 0.025482
v 0.192809 0.924190 0.022634
v 0.197709 0.921546 0.030964
v 0.190502 0.936997 0.036512
v 0.197731 0.925874 0.030184
v 0.196574 0.938215 0.031448
v 0.146464 0.003349 0.104984
v 0.164021 0.007223 0.142922
v 0.159334 0.017460 0.160201
v 0.127951 0.010215 0.115822
v 0.179470 0.007212 0.146128
v 0.180712 0.020005 0.169849
v 0.166886 0.000587 0.095107
v 0.217151 0.016051 0.159917
v 0.231532 0.013857 0.148052
v 0.241171 0.022177 0.156373
v 0.222152 0.026459 0.173619
v 0.238661 0.007849 0.122244
v 0.257916 0.015313 0.118786
v 0.218144 0.005096 0.128715
v 0.153252 0.000000 -0.097979
v 0.138690 0.000432 -0.118420
v 0.141508 0.005863 -0.140672
v 0.176382 0.006234 -0.121842
v 0.111426 0.002001 -0.109924
v 0.110619 0.006224 -0.133032
v 0.100028 0.022700 -0.138502
v 0.140241 0.022847 -0.153191
v 0.085389 0.014953 -0.105270
v 0.178073 0.074309 0.174643
v 0.180728 0.089651 0.167456
v 0.169810 0.095144 0.151528
v 0.155130 0.078798 0.160559
v 0.199640 0.091659 0.166807
v 0.194147 0.104770 0.139839
v 0.200711 0.071180 0.174870
v 0.097666 0.030513 -0.028215
v 0.099514 0.052637 -0.030216
v 0.096447 0.051116 -0.047574
v 0.089324 0.032793 -0.053829
v 0.103475 0.048678 -0.015179
v 0.102615 0.031780 -0.011726
v 0.090173 0.079352 -0.042997
v 0.098497 0.089412 -0.024495
v 0.094050 0.134818 -0.039611
v 0.089855 0.118995 -0.063361
v 0.097415 0.118207 -0.009013
v 0.103354 0.072755 0.005674
v 0.104141 0.106533 0.013418
v 0.104424 0.148170 -0.012845
v 0.101547 0.106907 -0.121357
v 0.086748 0.089496 -0.080382
v 0.082695 0.161281 -0.071787
v 0.103570 0.153824 -0.105555
v 0.085810 0.050089 -0.099811
v 0.104156 0.050785 -0.133152
v 0.215525 0.031218 -0.084871
v 0.221708 0.023959 -0.044831
v 0.219402 0.014309 -0.054849
v 0.215957 0.013788 -0.075195
v 0.201717 0.019348 -0.027345
v 0.201114 0.014054 -0.045688
v 0.228436 0.044338 -0.047606
v 0.202630 0.048551 -0.090167
v 0.198747 0.004471 -0.063452
v 0.116531 0.135979 0.019953
v 0.085528 0.164893 -0.066359
v 0.088130 0.168068 -0.043633
v 0.080524 0.165798 -0.040662
v 0.247913 0.082107 0.136022
v 0.235729 0.094635 0.111036
v 0.216790 0.101062 0.127612
v 0.223705 0.087722 0.156510
v 0.237561 0.093066 0.063305
v 0.257713 0.070700 0.086624
v 0.209932 0.103200 0.088625
v 0.074117 0.166785 -0.063491
v 0.073463 0.175386 -0.038674
v 0.075129 0.186133 -0.086468
v 0.072355 0.191064 -0.063213
v 0.247116 0.042788 0.013304
v 0.247655 0.047963 0.023530
v 0.254596 0.049484 0.037200
v 0.259247 0.037153 0.044792
v 0.213936 0.121179 -0.007468
v 0.239601 0.082367 0.030614
v 0.241851 0.066809 0.010302
v 0.226558 0.086777 -0.020088
v 0.070473 0.194179 -0.037517
v 0.101563 0.173799 -0.013183
v 0.155848 0.101782 0.116137
v 0.186701 0.109643 0.094081
v 0.181483 0.123873 0.077701
v 0.146821 0.115506 0.088214
v 0.204041 0.114825 0.062391
v 0.222826 0.054061 -0.045127
v 0.245485 0.034755 0.004122
v 0.242369 0.023971 0.001827
v 0.185875 0.144949 0.031584
v 0.166047 0.143535 0.041755
v 0.224085 0.106710 0.040592
v 0.199359 0.143039 0.013394
v 0.148273 0.167353 0.015661
v 0.131817 0.159269 0.019365
v 0.134867 0.148532 0.027355
v 0.157153 0.154921 0.026479
v 0.203352 0.109785 -0.082815
v 0.212172 0.142655 -0.048996
v 0.207755 0.186760 -0.095325
v 0.218383 0.197737 -0.063392
v 0.146746 0.171153 0.011484
v 0.119697 0.166221 0.017682
v 0.126889 0.172640 0.005935
v 0.157124 0.184960 0.028790
v 0.115689 0.179536 0.023161
v 0.195981 0.173576 0.007211
v 0.194738 0.191750 0.009972
v 0.173491 0.162851 0.010839
v 0.177480 0.155226 0.016178
v 0.067640 0.291116 -0.030959
v 0.072273 0.268480 -0.033563
v 0.082958 0.270695 -0.011939
v 0.078102 0.298725 -0.010039
v 0.067682 0.264769 -0.034891
v 0.077304 0.262021 -0.005704
v 0.057509 0.288428 -0.038652
v 0.101004 0.310412 0.007480
v 0.082293 0.333196 0.009780
v 0.072725 0.329876 -0.009993
v 0.108342 0.320914 0.023061
v 0.123642 0.302264 0.022376
v 0.134449 0.310131 0.029321
v 0.099213 0.341891 0.019745
v 0.064932 0.262174 -0.059834
v 0.057704 0.286722 -0.059219
v 0.064071 0.240013 -0.062730
v 0.064375 0.239433 -0.035143
v 0.070518 0.263330 -0.088469
v 0.068030 0.241863 -0.091931
v 0.063112 0.286046 -0.083813
v 0.172944 0.165942 0.005508
v 0.191114 0.159715 -0.004804
v 0.142204 0.282759 0.017877
v 0.105470 0.276167 0.010723
v 0.158266 0.302951 0.027560
v 0.189155 0.154892 -0.002704
v 0.181907 0.156786 0.009101
v 0.198328 0.167436 -0.010688
v 0.200657 0.143401 -0.017352
v 0.213768 0.188979 -0.022450
v 0.145188 0.264541 0.017330
v 0.107856 0.265417 0.013451
v 0.178430 0.277034 0.004982
v 0.183344 0.303446 0.007804
v 0.177986 0.265859 0.008171
v 0.206010 0.169626 -0.032825
v 0.217903 0.192429 -0.042522
v 0.122609 0.329562 0.024953
v 0.123687 0.346582 0.023824
v 0.144088 0.326085 0.026272
v 0.150190 0.347935 0.025398
v 0.210262 0.168088 -0.039171
v 0.094867 0.246829 -0.129579
v 0.096594 0.264958 -0.124234
v 0.131551 0.273951 -0.132868
v 0.136279 0.253050 -0.144954
v 0.084502 0.290617 -0.115253
v 0.118634 0.296384 -0.141617
v 0.234357 0.217909 -0.043798
v 0.218318 0.209368 -0.050060
v 0.232000 0.219741 -0.068791
v 0.216847 0.223732 -0.066949
v 0.206866 0.223618 -0.096745
v 0.223379 0.224156 -0.074434
v 0.211979 0.240369 -0.091089
v 0.230656 0.246309 -0.071059
v 0.210984 0.231204 -0.006400
v 0.215439 0.215988 -0.032331
v 0.230997 0.220560 -0.025074
v 0.216114 0.234003 -0.016308
v 0.161622 0.325414 0.025653
v 0.181653 0.347663 0.015753
v 0.201680 0.265348 -0.100573
v 0.220903 0.263130 -0.070918
v 0.226042 0.233262 -0.025650
v 0.218076 0.235067 -0.018963
v 0.232670 0.241193 -0.032846
v 0.221206 0.243754 -0.016642
v 0.216783 0.247318 -0.014918
v 0.222071 0.259965 -0.033226
v 0.127892 0.367787 0.031948
v 0.131612 0.388109 0.043261
v 0.099087 0.392592 0.031890
v 0.098611 0.368458 0.020013
v 0.132205 0.406873 0.045381
v 0.102086 0.413822 0.043926
v 0.158139 0.387541 0.035258
v 0.156285 0.368000 0.034641
v 0.158604 0.405439 0.035404
v 0.172330 0.367868 0.025345
v 0.203841 0.386697 -0.005435
v 0.180965 0.386200 0.018321
v 0.078478 0.452250 0.044396
v 0.050716 0.481695 0.019878
v 0.057386 0.451256 0.001836
v 0.073465 0.435439 0.032097
v 0.048356 0.486423 -0.001954
v 0.048030 0.465531 -0.011997
v 0.065422 0.492520 0.036519
v 0.088441 0.462894 0.046218
v 0.036401 0.530242 0.022005
v 0.036935 0.525346 0.004351
v 0.048148 0.539550 0.039869
v 0.045989 0.420178 -0.019919
v 0.053890 0.418286 -0.013308
v 0.058342 0.412018 -0.001243
v 0.212213 0.348943 -0.025251
v 0.209428 0.303042 -0.024129
v 0.222314 0.396534 -0.032722
v 0.046569 0.423545 -0.031563
v 0.211761 0.276731 -0.072814
v 0.213046 0.269709 -0.054415
v 0.221670 0.307165 -0.053468
v 0.214160 0.308945 -0.080512
v 0.203794 0.275733 -0.013618
v 0.205339 0.270465 -0.005829
v 0.080581 0.495537 0.062898
v 0.094264 0.473696 0.061935
v 0.111505 0.466589 0.063492
v 0.096859 0.494344 0.075773
v 0.089355 0.465191 0.055865
v 0.069575 0.493269 0.053216
v 0.112220 0.455930 0.064680
v 0.165064 0.428685 0.040235
v 0.136000 0.434801 0.048479
v 0.062173 0.541035 0.056485
v 0.063651 0.578647 0.065418
v 0.044594 0.573695 0.040789
v 0.067745 0.535015 0.068022
v 0.070702 0.568091 0.076323
v 0.196675 0.456126 0.014156
v 0.187752 0.414215 0.013562
v 0.106481 0.527078 0.088150
v 0.094305 0.556602 0.092339
v 0.079413 0.561308 0.083391
v 0.079849 0.530766 0.078665
v 0.133104 0.553439 0.093345
v 0.117471 0.570873 0.094497
v 0.056188 0.616251 0.064576
v 0.037298 0.616863 0.044015
v 0.096754 0.595238 0.081566
v 0.081680 0.617342 0.076091
v 0.100127 0.595526 0.082615
v 0.109190 0.582695 0.091700
v 0.172498 0.434051 -0.115635
v 0.136593 0.443877 -0.126369
v 0.152057 0.468056 -0.117169
v 0.178291 0.473233 -0.103203
v 0.146321 0.375295 -0.138012
v 0.182311 0.371735 -0.121672
v 0.089096 0.442963 -0.116793
v 0.098291 0.375533 -0.132926
v 0.123235 0.479825 -0.107541
v 0.083146 0.478853 -0.094117
v 0.154236 0.483621 -0.101122
v 0.196413 0.481836 -0.082667
v 0.095646 0.632218 0.090024
v 0.095260 0.667372 0.092463
v 0.077530 0.667634 0.081232
v 0.192001 0.451172 -0.091511
v 0.200246 0.418005 -0.091648
v 0.051182 0.667510 0.064502
v 0.134052 0.612313 0.079549
v 0.134473 0.629398 0.090435
v 0.208523 0.450771 -0.065898
v 0.140154 0.453874 0.055772
v 0.182626 0.468466 0.038255
v 0.180786 0.469912 0.047994
v 0.142012 0.456653 0.060550
v 0.199844 0.504699 0.030782
v 0.199154 0.501392 0.039391
v 0.201312 0.502076 0.013143
v 0.199009 0.512089 0.022534
v 0.188710 0.507830 -0.064336
v 0.156461 0.510850 -0.092919
v 0.173640 0.476709 0.052075
v 0.189432 0.499361 0.045958
v 0.190931 0.521168 0.047150
v 0.165692 0.503471 0.068662
v 0.008260 1.658548 -0.130221
v 0.011902 1.645099 -0.127988
v 0.025065 1.635425 -0.114594
v 0.024954 1.651969 -0.124218
v 0.079512 1.738236 0.122190
v 0.080366 1.736733 0.115557
v 0.089162 1.735472 0.114673
v 0.086408 1.737240 0.122268
v 0.077636 1.746671 0.121241
v 0.079466 1.745636 0.111682
v 0.086739 1.744090 0.123730
v 0.093005 1.740307 0.116365
v 0.065572 1.811961 0.097551
v 0.069435 1.802239 0.098101
v 0.081841 1.802398 0.099356
v 0.073729 1.812221 0.088987
v 0.057004 1.807605 0.103161
v 0.060018 1.795384 0.104631
v 0.072736 1.793392 0.104264
v 0.001398 1.804900 0.129105
v 0.002406 1.791044 0.129323
v 0.009369 1.833756 0.106217
v 0.012510 1.843346 0.085857
v 0.022661 1.837580 0.101194
v 0.028448 1.840734 0.089803
v 0.023199 1.814466 0.127926
v 0.032464 1.817442 0.135170
v 0.022896 1.829294 0.113688
v 0.024124 1.841679 0.110508
v 0.028940 1.832913 0.114805
v 0.027725 1.839737 0.112034
v 0.037068 1.818019 0.115731
v 0.037917 1.826528 0.109757
v 0.003108 1.782153 0.158309
v 0.016223 1.785222 0.155731
v 0.033301 1.834973 0.103059
v 0.030746 1.867151 0.032117
v 0.065279 1.847220 0.036263
v 0.066364 1.843955 0.016869
v 0.033415 1.865651 0.018563
v 0.051717 1.849045 0.052554
v 0.023638 1.863735 0.043137
v 0.080854 1.838095 0.054649
v 0.071038 1.841250 0.065399
v 0.098597 1.829094 0.031114
v 0.094978 1.832513 0.049677
v 0.087176 1.838420 0.017206
v 0.028237 1.781858 0.138248
v 0.033080 1.768731 0.138311
v 0.042933 1.784412 0.125528
v 0.033807 1.784807 0.142248
v 0.021667 1.763259 0.141844
v 0.017394 1.773969 0.139186
v 0.020276 1.778962 0.149721
v 0.046641 1.819940 0.102656
v 0.041205 1.832941 0.096680
v 0.062126 1.826958 0.098958
v 0.052523 1.841893 0.094704
v 0.046084 1.815236 0.116276
v 0.054486 1.804760 0.116683
v 0.011163 1.747774 0.148613
v 0.029584 1.740728 0.141374
v 0.027928 1.753680 0.149238
v 0.010993 1.758810 0.148336
v 0.045239 1.759958 0.140749
v 0.047433 1.748924 0.133754
v 0.055933 1.772731 0.122496
v 0.047790 1.802663 0.134481
v 0.056186 1.790196 0.114672
v 0.056302 1.779770 0.113940
v 0.086923 1.821767 0.067019
v 0.102641 1.817040 0.063442
v 0.104307 1.793467 0.080359
v 0.090070 1.805568 0.073601
v 0.109628 1.823611 0.040675
v 0.123205 1.797606 0.064001
v 0.123414 1.807705 0.047723
v 0.112824 1.823101 0.014606
v 0.094644 1.834767 0.007027
v 0.085613 1.761025 0.122366
v 0.077825 1.778082 0.115893
v 0.069328 1.764711 0.106467
v 0.074335 1.757693 0.116129
v 0.065947 1.781840 0.101412
v 0.089903 1.777759 0.114197
v 0.060574 1.766100 0.097404
v 0.096733 1.756657 0.114456
v 0.125713 1.801749 0.034592
v 0.057833 1.781215 0.106583
v 0.060135 1.764301 0.116223
v 0.082685 1.809414 0.081161
v 0.083610 1.826173 0.076749
v 0.091765 1.796435 0.094024
v 0.053168 1.747452 0.109248
v 0.044562 1.737837 0.121454
v 0.060426 1.752721 0.098668
v 0.102592 1.771018 0.096376
v 0.095532 1.747655 0.104772
v 0.075928 1.846368 0.000789
v 0.034089 1.865995 0.005127
v 0.075218 1.854795 -0.013021
v 0.034182 1.871260 -0.007200
v 0.101273 1.831207 -0.009549
v 0.088822 1.838031 -0.021844
v 0.100068 1.825399 -0.004473
v 0.117308 1.786720 0.064357
v 0.113405 1.780770 0.084526
v 0.106199 1.767024 0.090791
v 0.131350 1.765140 0.055851
v 0.130207 1.777057 0.041916
v 0.105929 1.832659 -0.010392
v 0.100136 1.822800 -0.012407
v 0.100443 1.836604 -0.019110
v 0.101149 1.828905 -0.026688
v 0.095404 1.824753 -0.032747
v 0.075794 1.833239 -0.035318
v 0.063716 1.849420 -0.022572
v 0.100385 1.747775 0.097254
v 0.080305 1.741892 0.095995
v 0.092499 1.732816 0.089466
v 0.028616 1.854702 -0.047951
v 0.045147 1.848157 -0.044842
v 0.050179 1.848369 -0.056452
v 0.028868 1.857555 -0.063147
v 0.052329 1.846522 -0.035098
v 0.029727 1.855555 -0.031994
v 0.058533 1.835257 -0.051587
v 0.040922 1.713280 0.122329
v 0.031949 1.731144 0.129853
v 0.050719 1.721558 0.111555
v 0.033409 1.686872 0.112612
v 0.013718 1.692290 0.122076
v 0.064640 1.694119 0.110364
v 0.072889 1.702955 0.103217
v 0.075701 1.750102 0.104939
v 0.108577 1.808433 -0.025220
v 0.109877 1.810113 -0.011861
v 0.106362 1.811190 -0.033564
v 0.136492 1.775065 0.027159
v 0.131444 1.795313 0.023240
v 0.109381 1.745347 0.090112
v 0.113122 1.760077 0.083945
v 0.108233 1.736607 0.083563
v 0.115507 1.749490 0.073008
v 0.087376 1.820635 -0.044666
v 0.071472 1.828217 -0.058239
v 0.098439 1.815347 -0.054709
v 0.088865 1.828208 -0.059184
v 0.132846 1.747303 0.031949
v 0.142692 1.759398 0.016594
v 0.131323 1.740757 0.043707
v 0.044284 1.845906 -0.069545
v 0.028750 1.848436 -0.074620
v 0.045813 1.829398 -0.072556
v 0.025566 1.834225 -0.080210
v 0.084619 1.734158 0.084526
v 0.074356 1.743159 0.091715
v 0.131544 1.738806 0.000814
v 0.129922 1.722449 0.018811
v 0.129700 1.789482 0.007849
v 0.014117 1.621459 0.148882
v 0.008319 1.613908 0.142187
v 0.010006 1.608878 0.130047
v 0.022638 1.615663 0.129842
v 0.108015 1.801203 -0.039048
v 0.121255 1.782051 -0.026120
v 0.099055 1.723807 0.077355
v 0.119205 1.732369 0.069136
v 0.103596 1.701186 0.061670
v 0.120563 1.698274 0.054173
v 0.063530 1.677286 0.100643
v 0.081711 1.675876 0.084813
v 0.021920 1.656157 0.112422
v 0.056223 1.649653 0.101072
v 0.010812 1.664006 0.126399
v 0.026159 1.632322 0.124591
v 0.013588 1.639817 0.142153
v 0.124289 1.712890 0.031115
v 0.125304 1.785204 -0.007301
v 0.126605 1.774781 -0.038429
v 0.111475 1.796964 -0.049781
v 0.107023 1.810372 -0.065327
v 0.101247 1.816883 -0.066474
v 0.092783 1.816086 -0.072624
v 0.106452 1.804070 -0.074124
v 0.042729 1.810479 -0.084699
v 0.023467 1.827269 -0.096466
v 0.054919 1.821507 -0.071972
v 0.053532 1.812257 -0.075811
v 0.070723 1.803433 -0.076045
v 0.065924 1.800053 -0.086052
v 0.049033 1.620631 0.106457
v 0.015072 1.818766 -0.102366
v 0.034327 1.806509 -0.094999
v 0.022853 1.794960 -0.102915
v 0.006590 1.780593 -0.112801
v 0.137634 1.729787 -0.023726
v 0.079671 1.645570 0.086055
v 0.089595 1.694302 0.071109
v 0.078109 1.715812 0.089614
v 0.094785 1.658234 0.060270
v 0.093661 1.637341 0.060627
v 0.096306 1.661858 0.043326
v 0.098504 1.797379 -0.076597
v 0.082043 1.812566 -0.075249
v 0.100167 1.782651 -0.076891
v 0.117444 1.786565 -0.069361
v 0.059100 1.787258 -0.106396
v 0.085013 1.783536 -0.102349
v 0.093088 1.763612 -0.109059
v 0.071135 1.762030 -0.117995
v 0.090238 1.781782 -0.087715
v 0.100287 1.759636 -0.091675
v 0.043112 1.784716 -0.127800
v 0.051659 1.760727 -0.129436
v 0.112113 1.759815 -0.081760
v 0.120532 1.761981 -0.066620
v 0.137107 1.693466 -0.020661
v 0.135905 1.699039 0.000314
v 0.125548 1.687764 0.001966
v 0.123271 1.684136 -0.016170
v 0.037188 1.724296 -0.148512
v 0.020854 1.758321 -0.137347
v 0.057177 1.723255 -0.135401
v 0.091734 1.630577 0.039850
v 0.101889 1.658501 0.016394
v 0.108656 1.677781 0.008014
v 0.117437 1.709459 0.040800
v 0.135494 1.691899 -0.030910
v 0.138836 1.690533 -0.046226
v 0.132686 1.721085 -0.035626
v 0.119951 1.677641 -0.047619
v 0.131252 1.719986 -0.048897
v 0.114705 1.675140 -0.033937
v 0.100041 1.662742 -0.008584
v 0.095461 1.638844 -0.010061
v 0.103252 1.632298 -0.011996
v 0.113495 1.652595 -0.017844
v 0.118431 1.663154 -0.020463
v 0.105228 1.622815 -0.022988
v 0.089847 1.620622 0.007840
v 0.100589 1.661012 0.034749
v 0.090139 1.627201 0.028521
v 0.111643 1.672946 -0.065437
v 0.122844 1.721700 -0.070202
v 0.092333 1.629159 -0.046570
v 0.087747 1.636688 -0.034826
v 0.083476 1.677533 -0.111914
v 0.078050 1.691919 -0.117497
v 0.079819 1.724685 -0.124064
v 0.092200 1.723144 -0.110571
v 0.055273 1.686622 -0.130593
v 0.052474 1.666899 -0.125368
v 0.070258 1.574177 0.017900
v 0.078984 1.582638 0.033037
v 0.077450 1.608359 -0.005311
v 0.061523 1.564057 0.006877
v 0.068330 1.606521 -0.025022
v 0.094543 1.632019 -0.028535
v 0.078177 1.657910 -0.103450
v 0.050279 1.654757 -0.121820
v 0.061238 1.625198 -0.092582
v 0.099067 1.669854 -0.081351
v 0.077016 1.626392 -0.076856
v 0.058640 1.650601 -0.103955
v 0.044879 1.623017 -0.097365
v 0.047387 1.646757 -0.115318
v 0.035463 1.616176 -0.102504
v 0.200564 0.536844 0.025374
v 0.209598 0.541341 0.010602
v 0.198046 0.530909 0.034376
v 0.089272 1.626814 -0.064025
v 0.077040 1.605701 -0.069187
v 0.065167 1.597621 -0.078241
v 0.076332 1.601207 -0.050897
v 0.060317 1.585647 -0.064498
v 0.188879 0.543925 0.054569
v 0.183988 0.561373 0.061550
v 0.151593 0.529327 0.082727
v 0.171645 0.574094 0.073333
v 0.192527 0.569040 0.054601
v 0.168321 0.584257 0.072919
v 0.197502 0.549042 0.046835
v 0.202543 0.500463 -0.035450
v 0.205306 0.483474 -0.028421
v 0.207601 0.514257 -0.021685
v 0.211281 0.478619 -0.015815
v 0.192571 0.534844 -0.058600
v 0.215416 0.442756 -0.035723
v 0.211347 0.430669 -0.014074
v 0.209647 0.550076 -0.014390
v 0.015070 1.464537 0.061349
v 0.038230 1.469945 0.053071
v 0.052067 1.600048 -0.090036
v 0.007968 0.819292 0.111377
v 0.009382 0.869257 0.127946
v 0.011247 0.911633 0.129393
v 0.020187 0.869477 0.127434
v 0.020113 0.915528 0.131361
v 0.023531 1.582024 -0.091877
v 0.044685 1.579081 -0.079432
v 0.053739 0.583675 -0.073720
v 0.089553 0.585478 -0.089589
v 0.101692 0.546850 -0.099216
v 0.066944 0.538890 -0.080025
v 0.101971 0.600503 -0.098183
v 0.064865 0.630797 -0.086694
v 0.079899 0.621861 -0.092669
v 0.048326 0.623782 -0.065958
v 0.098153 0.703348 0.094330
v 0.074872 0.715599 0.091602
v 0.057255 0.757495 0.095764
v 0.117503 0.723907 0.095148
v 0.101614 0.769179 0.104299
v 0.193992 0.555374 0.037208
v 0.185340 0.580736 0.045879
v 0.199664 0.526637 0.042155
v 0.192345 0.560004 0.029871
v 0.174867 0.594145 0.058113
v 0.124455 0.708342 0.101163
v 0.130207 0.669175 0.096138
v 0.054643 1.580183 -0.052644
v 0.048309 1.564228 -0.072399
v 0.023124 1.568943 -0.092365
v 0.049679 1.550412 -0.084818
v 0.067530 1.547385 -0.058583
v 0.067872 1.532589 -0.069346
v 0.062906 1.569521 -0.043316
v 0.023829 1.560067 -0.098782
v 0.079660 0.651673 -0.088329
v 0.053544 0.678254 -0.083079
v 0.075736 0.680874 -0.093964
v 0.033791 0.676427 -0.061631
v 0.102503 0.648395 -0.093171
v 0.153631 0.590939 -0.086946
v 0.150171 0.567353 -0.087429
v 0.153768 0.614207 -0.083701
v 0.110568 0.684379 -0.101661
v 0.009206 0.990023 0.148270
v 0.004986 0.988019 0.134355
v 0.011135 0.977089 0.133197
v 0.020147 0.989985 0.143663
v 0.011343 1.383821 0.098762
v 0.010727 1.417456 0.089885
v 0.018789 1.442340 0.098126
v 0.038773 0.972289 0.126613
v 0.039365 0.994260 0.128956
v 0.009140 0.949203 0.126225
v 0.017351 0.949222 0.133666
v 0.033734 1.028710 0.150910
v 0.020350 1.031099 0.155837
v 0.016376 1.007247 0.157629
v 0.030997 1.003059 0.154302
v 0.009114 1.082810 0.122927
v 0.007898 1.057620 0.122056
v 0.004718 1.045931 0.123242
v 0.009852 1.082630 0.131253
v 0.010302 1.254654 0.132863
v 0.012874 1.262589 0.146984
v 0.020981 1.261939 0.136017
v 0.026222 1.265523 0.146627
v 0.012873 1.236548 0.130606
v 0.007605 1.246709 0.123775
v 0.008634 1.235209 0.120682
v 0.023517 1.237828 0.128412
v 0.042247 0.828872 -0.127013
v 0.015836 0.800124 -0.087714
v 0.077502 0.907572 -0.149731
v 0.087388 0.856175 -0.134074
v 0.013534 1.050598 0.138449
v 0.030526 1.048698 0.136105
v 0.019779 1.080811 0.136131
v 0.022697 1.291656 0.142877
v 0.024259 1.303554 0.140714
v 0.014199 1.304744 0.147276
v 0.013422 1.292914 0.150157
v 0.036048 1.077121 0.134730
v 0.013262 1.278614 0.152218
v 0.023559 1.274481 0.147419
v 0.028292 1.280713 0.142730
v 0.026851 1.274077 0.149225
v 0.031266 1.281770 0.147285
v 0.013478 1.270133 0.152478
v 0.043108 1.303314 0.121541
v 0.025056 1.306025 0.126765
v 0.029905 1.305928 0.134215
v 0.041383 1.300182 0.132564
v 0.017677 1.311758 0.131554
v 0.025173 1.317475 0.115982
v 0.025291 1.306069 0.133347
v 0.025577 1.309379 0.134681
v 0.024349 1.302689 0.139098
v 0.032163 1.266845 0.133856
v 0.038598 1.239419 0.126913
v 0.028200 1.290395 0.140460
v 0.029663 1.296818 0.144282
v 0.009846 1.334755 0.112373
v 0.028359 1.336837 0.109778
v 0.036672 1.276598 0.142775
v 0.037715 1.290311 0.137648
v 0.051720 1.282410 0.132165
v 0.068164 1.258536 0.125613
v 0.075374 1.275428 0.127642
v 0.062409 1.239656 0.122001
v 0.208789 0.744004 0.003342
v 0.216696 0.772009 0.018797
v 0.205742 0.775950 0.046846
v 0.212530 0.734984 0.035400
v 0.203709 0.806440 0.018421
v 0.201382 0.807744 0.049549
v 0.201880 0.794682 -0.008013
v 0.041232 1.414908 0.085463
v 0.084200 1.415191 0.065487
v 0.083598 1.444327 0.071706
v 0.045336 1.439370 0.090278
v 0.069771 1.385738 0.093642
v 0.033675 1.383379 0.095131
v 0.210854 0.697722 0.003267
v 0.215929 0.689636 0.027777
v 0.187890 0.747397 -0.037559
v 0.192838 0.701918 -0.037672
v 0.048190 1.318017 0.112169
v 0.191133 0.770133 0.058773
v 0.190027 0.800670 0.068649
v 0.203319 0.732575 0.054456
v 0.064702 0.956444 0.119942
v 0.114849 0.927899 0.101872
v 0.112807 0.963539 0.098417
v 0.073182 0.973091 0.115899
v 0.152553 0.928975 0.076221
v 0.140080 0.962938 0.080090
v 0.086048 0.891640 0.112955
v 0.040866 0.916878 0.126521
v 0.111425 0.990852 0.121075
v 0.084504 0.999173 0.120135
v 0.078476 0.987192 0.112325
v 0.117701 0.980138 0.102349
v 0.046662 1.003156 0.136357
v 0.080421 1.022784 0.125727
v 0.048366 1.024348 0.138068
v 0.103180 1.022805 0.126033
v 0.091182 1.338267 0.099348
v 0.101402 1.340212 0.101975
v 0.062090 1.354159 0.105371
v 0.057046 1.340506 0.104689
v 0.101557 1.398282 0.084066
v 0.102558 1.339009 0.096948
v 0.090847 1.310767 0.106974
v 0.074796 1.315382 0.108219
v 0.115703 1.361181 0.089556
v 0.105873 1.304030 0.111905
v 0.094387 1.256390 0.125724
v 0.094570 1.274747 0.125309
v 0.078878 1.235148 0.118582
v 0.043024 1.004324 -0.121511
v 0.037949 0.990150 -0.130582
v 0.045368 1.012777 -0.125979
v 0.121502 0.999474 0.096924
v 0.120816 0.997342 0.113485
v 0.137591 0.979011 0.080586
v 0.134416 0.994122 0.075992
v 0.118187 1.023027 0.120118
v 0.124667 1.024489 0.105150
v 0.081078 1.295102 0.122898
v 0.117275 1.311350 0.114097
v 0.125122 1.373864 0.093088
v 0.040350 1.424861 -0.184153
v 0.052566 1.380355 -0.180255
v 0.050983 1.473284 -0.162566
v 0.133760 1.262390 0.122198
v 0.101339 1.231199 0.120956
v 0.121963 1.230884 0.116643
v 0.166541 0.997871 -0.034960
v 0.172921 1.005272 -0.034492
v 0.177825 1.008167 -0.015530
v 0.170669 1.001444 -0.014446
v 0.165821 1.002430 -0.051992
v 0.163062 1.003542 -0.050445
v 0.155385 1.007410 -0.063511
v 0.161912 1.011091 -0.062353
v 0.157687 0.995836 -0.053526
v 0.173195 0.997502 -0.036983
v 0.170670 0.996322 -0.050849
v 0.183656 1.018518 -0.032565
v 0.181476 1.016675 -0.045441
v 0.185409 1.019446 -0.014675
v 0.186105 0.885717 -0.028037
v 0.189578 0.908422 0.003954
v 0.195320 0.866285 0.020893
v 0.197130 0.840537 -0.014418
v 0.187898 0.925473 0.014308
v 0.183169 0.919257 0.036093
v 0.182318 0.927801 -0.031907
v 0.177150 0.916084 -0.053940
v 0.178645 0.956475 0.027711
v 0.188741 0.922033 0.014445
v 0.181846 0.953030 0.015808
v 0.195705 0.924211 0.003794
v 0.198055 0.917159 0.021952
v 0.192809 0.924190 0.022634
v 0.183166 0.950149 0.007345
v 0.187972 0.929618 0.002142
v 0.183109 0.946908 -0.006710
v 0.184834 0.943284 -0.017785
v 0.174424 0.960216 -0.034794
v 0.177354 0.966422 -0.019039
v 0.169537 0.953367 -0.052173
v 0.191377 0.944129 -0.013890
v 0.193352 0.941267 -0.019097
v 0.179525 0.969412 -0.029907
v 0.181882 0.966754 -0.039358
v 0.185746 0.970407 -0.031800
v 0.176635 0.998128 -0.046004
v 0.178451 1.014462 -0.057834
v 0.135391 1.010737 0.084315
v 0.130768 1.030255 0.091086
v 0.108983 1.427574 -0.164773
v 0.111452 1.481535 -0.131231
v 0.100307 1.373816 -0.174328
v 0.187136 1.019549 0.003864
v 0.128417 1.005793 -0.083725
v 0.094799 1.002133 -0.106566
v 0.091854 1.017850 -0.112414
v 0.128548 1.018322 -0.092328
v 0.165883 1.028188 0.050580
v 0.178696 1.031249 0.050693
v 0.160942 0.994465 0.041506
v 0.169543 0.993971 0.024383
v 0.149570 1.007371 0.061252
v 0.150781 1.019554 0.068258
v 0.149068 0.994605 0.059676
v 0.095713 1.523215 -0.123684
v 0.047984 1.528343 -0.152641
v 0.145004 1.500033 -0.076526
v 0.135556 1.516193 -0.079617
v 0.142957 1.478886 -0.129524
v 0.133003 1.427746 -0.162210
v 0.160998 1.501473 -0.073957
v 0.166579 1.012456 -0.062701
v 0.142629 1.287317 0.113600
v 0.177038 1.024350 -0.056219
v 0.180520 1.028289 -0.049795
v 0.158951 1.022682 -0.063051
v 0.171253 1.025460 -0.057857
v 0.173593 1.038213 -0.056161
v 0.157610 1.036976 -0.061819
v 0.122334 1.079557 0.082360
v 0.121875 1.058313 0.092159
v 0.140113 1.053967 0.071415
v 0.137911 1.074197 0.071785
v 0.121740 1.053173 0.112552
v 0.147013 1.038363 0.071866
v 0.122131 1.082541 0.104141
v 0.117942 1.082122 0.115179
v 0.139191 1.235957 0.113199
v 0.145282 1.261270 0.115994
v 0.027197 1.071323 -0.117644
v 0.063379 1.064606 -0.109701
v 0.056734 1.056723 -0.119264
v 0.023886 1.063011 -0.122223
v 0.070469 1.092237 -0.113759
v 0.031893 1.089236 -0.121884
v 0.092255 1.062526 -0.104989
v 0.099034 1.088344 -0.110802
v 0.170976 1.247825 0.048425
v 0.155310 1.292099 0.075058
v 0.140979 1.267068 0.080661
v 0.161354 1.230643 0.046095
v 0.166597 1.336956 0.071918
v 0.154011 1.327511 0.084270
v 0.038633 1.123451 -0.121651
v 0.060665 1.116324 -0.114620
v 0.067771 1.100702 -0.111661
v 0.033010 1.103731 -0.118452
v 0.070124 1.132764 -0.126856
v 0.043991 1.143904 -0.124277
v 0.084035 1.128884 -0.127754
v 0.092663 1.051752 -0.108728
v 0.094716 1.129569 -0.124558
v 0.175811 1.056598 -0.033618
v 0.172997 1.051887 -0.055750
v 0.163318 1.061385 -0.046347
v 0.164818 1.060140 -0.030974
v 0.179066 1.043679 -0.034492
v 0.186997 1.035212 0.033359
v 0.184236 1.048335 0.036608
v 0.172922 1.051877 0.047392
v 0.183984 1.049233 0.012033
v 0.176407 1.062740 0.015834
v 0.178680 1.314826 0.055447
v 0.176980 1.339121 0.061253
v 0.170842 1.265842 0.032842
v 0.157284 1.054776 -0.061031
v 0.157911 1.062861 -0.048738
v 0.146332 1.254487 0.087060
v 0.140240 1.229492 0.096734
v 0.145858 1.202309 0.077462
v 0.158034 1.219704 0.066105
v 0.144644 1.051816 -0.074850
v 0.148767 1.035683 -0.073071
v 0.157159 1.072574 -0.068088
v 0.165195 1.076072 -0.053290
v 0.144704 1.068553 -0.080207
v 0.163727 1.051172 0.050051
v 0.155933 1.063349 0.047100
v 0.164968 1.060229 0.016257
v 0.161395 1.069363 0.016149
v 0.123762 1.186914 0.095652
v 0.134031 1.178499 0.089364
v 0.142176 1.194250 0.085779
v 0.132185 1.204697 0.091830
v 0.138776 1.148695 0.079533
v 0.121367 1.147348 0.089529
v 0.158535 1.156997 0.064536
v 0.127557 1.188166 0.102492
v 0.130126 1.189825 0.111463
v 0.149501 1.292262 0.108781
v 0.155544 1.318997 0.094150
v 0.056540 1.315098 -0.176388
v 0.092941 1.307730 -0.173990
v 0.088340 1.250108 -0.161637
v 0.056899 1.249220 -0.163378
v 0.113364 1.307703 -0.174042
v 0.121874 1.369534 -0.174964
v 0.105589 1.249864 -0.161440
v 0.186268 1.359235 0.066729
v 0.190521 1.350105 0.058178
v 0.208500 1.380969 0.052182
v 0.196209 1.391589 0.054027
v 0.206476 1.339808 0.050050
v 0.175218 1.363351 0.066493
v 0.143106 1.106515 -0.084395
v 0.153538 1.101292 -0.070126
v 0.149769 1.133056 -0.078453
v 0.151975 1.123085 -0.069336
v 0.129916 1.128724 -0.096348
v 0.124763 1.094736 -0.089718
v 0.123587 1.135321 -0.102178
v 0.146145 1.147578 -0.092503
v 0.220550 1.371721 0.044174
v 0.212394 1.379088 0.045964
v 0.134750 1.165140 -0.109904
v 0.129428 1.180630 -0.120054
v 0.211404 1.313487 0.040664
v 0.232670 1.349993 0.036997
v 0.141373 1.177495 -0.107554
v 0.160630 1.124796 -0.060477
v 0.162260 1.099979 -0.054178
v 0.159104 1.141046 -0.074085
v 0.173038 1.240154 0.012045
v 0.178033 1.226813 0.024827
v 0.175930 1.212532 0.015611
v 0.177973 1.224745 0.003100
v 0.180490 1.248307 0.010247
v 0.185657 1.235788 0.005620
v 0.191478 1.223152 0.011435
v 0.196355 1.248434 0.021845
v 0.130071 1.176814 -0.126097
v 0.135945 1.224270 -0.137486
v 0.137417 1.191105 -0.120439
v 0.142127 1.256763 -0.136036
v 0.152415 1.204985 -0.117097
v 0.130423 1.240153 -0.153040
v 0.120943 1.178740 -0.132608
v 0.173999 1.088160 -0.008580
v 0.169611 1.121941 -0.005035
v 0.170685 1.111570 0.020905
v 0.171158 1.083030 0.016891
v 0.166125 1.105522 -0.036507
v 0.170848 1.080936 -0.033756
v 0.169025 1.145517 -0.023012
v 0.164957 1.130606 -0.047351
v 0.185130 1.212370 -0.003898
v 0.198606 1.193460 0.008640
v 0.184053 1.195105 -0.008413
v 0.172866 1.198257 0.000090
v 0.213550 1.266250 0.034272
v 0.225114 1.254650 0.034514
v 0.242273 1.239006 0.027778
v 0.225590 1.286200 0.035377
v 0.225366 1.234770 0.027062
v 0.211569 1.245772 0.035576
v 0.245564 1.205304 0.025543
v 0.165019 1.161757 -0.073086
v 0.171961 1.174330 -0.047282
v 0.170629 1.157262 -0.034389
v 0.162382 1.146538 -0.060790
v 0.169008 1.193366 -0.076587
v 0.166510 1.186746 -0.087759
v 0.183075 1.174150 -0.023838
v 0.172890 1.205288 -0.075742
v 0.257848 1.248218 0.026937
v 0.246534 1.302798 0.036469
v 0.186785 1.292300 -0.121233
v 0.178247 1.255520 -0.094860
v 0.176260 1.233503 -0.096090
v 0.177923 1.284435 -0.127767
v 0.183709 1.264462 -0.113715
v 0.179476 1.239625 -0.102061
v 0.208352 1.165666 0.007336
v 0.201466 1.142182 -0.020573
v 0.225173 1.141162 0.008802
v 0.177605 1.189755 -0.017415
v 0.209301 1.223580 0.027808
v 0.217883 1.204755 0.023053
v 0.187380 1.148319 -0.059619
v 0.176278 1.195916 -0.079670
v 0.190142 1.154725 -0.083780
v 0.283872 1.236975 0.016522
v 0.266139 1.306731 0.023367
v 0.165903 1.227252 -0.103302
v 0.164967 1.280158 -0.131779
v 0.204176 1.260613 -0.122854
v 0.194861 1.241210 -0.120114
v 0.197160 1.198819 -0.112762
v 0.218856 1.205676 -0.122238
v 0.266018 1.173684 0.019236
v 0.271222 1.171502 0.016364
v 0.250776 1.159803 0.016224
v 0.261418 1.152512 0.007705
v 0.287883 1.176845 0.020878
v 0.259497 1.123105 0.017620
v 0.291563 1.130206 0.018693
v 0.218397 1.103577 -0.007093
v 0.241707 1.134334 0.000398
v 0.211344 1.120741 -0.015231
v 0.264502 1.082556 0.025704
v 0.226740 1.071813 0.006937
v 0.295252 1.091398 0.029975
v 0.209533 1.140526 -0.100065
v 0.236890 1.148951 -0.120321
v 0.217410 1.092216 -0.082156
v 0.248195 1.095014 -0.106521
v 0.254493 1.159944 -0.128397
v 0.238656 1.213847 -0.120364
v 0.270838 1.091642 -0.121444
v 0.316572 1.172425 0.003244
v 0.316926 1.143089 0.002420
v 0.329146 1.134258 -0.002149
v 0.327698 1.173421 -0.016691
v 0.307565 1.132367 0.012880
v 0.304726 1.169867 0.017254
v 0.322284 1.100812 0.017454
v 0.342662 1.077056 -0.007276
v 0.340965 1.125815 -0.024227
v 0.235257 0.765034 0.113155
v 0.227384 0.768874 0.103474
v 0.239736 0.768399 0.089929
v 0.248661 0.765146 0.097663
v 0.227527 0.782598 0.100725
v 0.236861 0.785273 0.110664
v 0.245514 0.766860 0.114456
v 0.251086 0.786068 0.111437
v 0.254679 0.768911 0.106536
v 0.260916 0.787566 0.101259
v 0.259078 0.791975 0.085133
v 0.257131 0.705354 0.089160
v 0.252657 0.713673 0.086762
v 0.256579 0.715168 0.076819
v 0.259811 0.706802 0.077404
v 0.265195 0.729389 0.095840
v 0.270624 0.721053 0.103555
v 0.269121 0.730729 0.084210
v 0.265803 0.702296 0.090924
v 0.281179 0.714729 0.099317
v 0.268451 0.703606 0.081465
v 0.285502 0.716788 0.086267
v 0.278118 0.724205 0.079712
v 0.285311 0.790828 0.062477
v 0.296312 0.770266 0.077453
v 0.285250 0.777855 0.086250
v 0.277934 0.795894 0.079250
v 0.293151 0.752201 0.083891
v 0.283736 0.755571 0.090413
v 0.271130 0.804487 0.067703
v 0.269480 0.807520 0.078491
v 0.295680 0.778099 0.040752
v 0.305818 0.764852 0.051372
v 0.290368 0.810056 0.048039
v 0.275048 0.811789 0.052943
v 0.292893 0.799799 0.029937
v 0.295092 0.750172 0.073697
v 0.298926 0.752163 0.057701
v 0.307669 0.760078 0.081464
v 0.304042 0.741265 0.081851
v 0.265670 0.713130 0.063530
v 0.257781 0.703622 0.054835
v 0.263388 0.696759 0.056054
v 0.271621 0.700650 0.064532
v 0.258706 0.706743 0.047560
v 0.263243 0.697866 0.047570
v 0.268206 0.718783 0.053750
v 0.263233 0.806054 0.069189
v 0.260906 0.816042 0.053563
v 0.249212 0.795781 0.076626
v 0.276170 0.698431 0.053345
v 0.261559 0.810131 0.105590
v 0.276643 0.821314 0.098090
v 0.248763 0.845262 0.093413
v 0.243399 0.814246 0.104889
v 0.278898 0.805976 0.089966
v 0.267119 0.808298 0.092937
v 0.278067 0.865676 0.084749
v 0.259907 0.872012 0.069079
v 0.305406 0.814415 0.103569
v 0.297700 0.855630 0.087540
v 0.313396 0.761859 0.052907
v 0.310333 0.750469 0.055052
v 0.301924 0.750512 0.038284
v 0.306169 0.748618 0.047564
v 0.262674 0.708991 0.041720
v 0.261811 0.703142 0.041854
v 0.278220 0.713266 0.045491
v 0.254989 0.705438 0.035094
v 0.256940 0.703169 0.037317
v 0.266034 0.716132 0.033859
v 0.286599 0.724711 0.042193
v 0.254319 0.708629 0.028318
v 0.275708 0.704258 0.043860
v 0.263707 0.697128 0.033449
v 0.278594 0.699436 0.035852
v 0.256312 0.698230 0.032393
v 0.253502 0.700790 0.031446
v 0.254388 0.703568 0.023582
v 0.258278 0.700140 0.021876
v 0.298367 0.733605 0.052847
v 0.287002 0.736149 0.059578
v 0.286412 0.710528 0.048337
v 0.309990 0.729839 0.059109
v 0.306410 0.723483 0.050743
v 0.272238 0.713492 0.020459
v 0.288783 0.729083 0.025494
v 0.293355 0.707841 0.064898
v 0.296086 0.704683 0.039473
v 0.320496 0.719803 0.045729
v 0.315214 0.731402 0.075714
v 0.264507 0.698245 0.023693
v 0.279959 0.700326 0.025690
v 0.278295 0.706479 0.019316
v 0.297724 0.722664 0.022610
v 0.303175 0.748976 0.088972
v 0.317126 0.769982 0.085491
v 0.309227 0.779050 0.105859
v 0.303388 0.748982 0.107636
v 0.324764 0.804350 0.089446
v 0.327688 0.763098 0.060414
v 0.340800 0.795352 0.067895
v 0.319132 0.751961 0.079904
v 0.321036 0.748847 0.062980
v 0.291795 0.784133 0.106232
v 0.285326 0.783071 0.097909
v 0.317758 0.757290 0.024123
v 0.305229 0.767756 0.016853
v 0.322321 0.745331 0.055292
v 0.342492 0.762256 0.046058
v 0.336571 0.744744 0.048579
v 0.270992 0.714563 0.007584
v 0.269333 0.724708 0.007897
v 0.264301 0.723543 -0.001530
v 0.268859 0.712664 -0.002288
v 0.293106 0.734494 0.014008
v 0.301078 0.722747 0.017219
v 0.289643 0.738556 0.005857
v 0.305094 0.718246 0.004081
v 0.271819 0.726360 -0.007800
v 0.276495 0.717869 -0.008346
v 0.293627 0.736852 -0.005828
v 0.300990 0.726193 -0.005767
v 0.323770 0.729188 0.032343
v 0.333279 0.767908 0.032668
v 0.334880 0.751295 0.035420
v 0.350596 0.789904 0.044088
v 0.276931 0.830690 0.036989
v 0.324949 0.750953 0.024284
v 0.333105 0.756718 0.022303
v 0.295909 0.790859 0.006311
v 0.314429 0.762706 -0.002772
v 0.312683 0.789917 -0.007704
v 0.348643 0.788840 0.017110
v 0.327951 0.758589 0.001090
v 0.333120 0.790198 -0.002353
v 0.262664 0.994871 0.047907
v 0.294212 1.000077 0.054403
v 0.297676 1.033054 0.042883
v 0.267847 1.026533 0.032349
v 0.263408 0.850605 0.037786
v 0.270683 0.860588 0.019324
v 0.283162 0.827779 0.020551
v 0.283095 0.856600 -0.001895
v 0.286475 0.823543 0.000533
v 0.260999 0.878240 0.037518
v 0.256638 0.864295 0.049107
v 0.257105 0.890020 0.000351
v 0.251062 0.900043 0.028208
v 0.273555 0.883942 -0.023437
v 0.327545 1.030565 0.031890
v 0.326147 0.997175 0.045334
v 0.345178 1.021058 0.008092
v 0.346954 0.990440 0.020672
v 0.291650 0.959526 0.069604
v 0.262674 0.954702 0.064062
v 0.280826 1.037563 -0.098673
v 0.287264 0.987461 -0.080137
v 0.255155 0.989680 -0.068592
v 0.252253 1.043896 -0.090593
v 0.310974 0.995342 -0.075087
v 0.304455 1.038604 -0.090164
v 0.288896 0.950185 -0.068404
v 0.259452 0.949777 -0.055994
v 0.317904 0.956517 -0.065365
v 0.300423 0.857180 -0.013676
v 0.319492 0.861157 -0.012820
v 0.326242 0.827052 -0.008298
v 0.304009 0.825723 -0.011872
v 0.321312 0.891183 -0.034681
v 0.296422 0.886192 -0.035619
v 0.337449 0.870505 -0.001086
v 0.342844 0.828646 0.009769
v 0.342995 0.900051 -0.018857
v 0.354589 0.909254 0.006850
v 0.343989 0.880311 0.018907
v 0.348431 0.912991 -0.029237
v 0.361907 0.923143 0.001918
v 0.323418 0.904219 -0.048798
v 0.321785 0.917401 -0.053228
v 0.347120 0.925201 -0.033039
v 0.292866 0.897963 -0.054484
v 0.291038 0.912767 -0.059102
v 0.263040 0.895693 -0.042058
v 0.260787 0.912449 -0.047561
v 0.246264 0.903868 -0.009899
v 0.244409 0.918043 -0.015820
v 0.240683 0.914193 0.023260
v 0.238982 0.927321 0.018511
v 0.242780 0.924501 0.054250
v 0.240563 0.938016 0.049269
v 0.255585 0.911631 0.050460
v 0.264048 0.889393 0.055013
v 0.271482 0.920768 0.063711
v 0.264905 0.933085 0.069749
v 0.277622 0.895790 0.065999
v 0.296294 0.898164 0.069422
v 0.293721 0.926631 0.067771
v 0.317974 0.899160 0.061720
v 0.320905 0.927743 0.057785
v 0.313330 0.848931 0.080893
v 0.337831 0.838511 0.060289
v 0.336296 0.890319 0.041346
v 0.349283 0.832669 0.033737
v 0.343552 0.921646 0.034716
v 0.353725 0.932753 0.038408
v 0.327063 0.938154 0.064943
v 0.353460 0.945001 0.034849
v 0.326384 0.951391 0.061630
v 0.360788 0.935738 -0.001261
v 0.356001 0.944561 -0.003050
v 0.348999 0.953211 0.030484
v 0.343737 0.934839 -0.033845
v 0.342019 0.967571 -0.045833
v 0.356008 0.979575 -0.012573
v 0.319344 0.927533 -0.053014
v 0.291033 0.922817 -0.057703
v 0.263919 0.922378 -0.046284
v 0.247498 0.927576 -0.018301
v 0.237192 0.954351 -0.030235
v 0.239497 0.935273 0.015869
v 0.230371 0.966202 0.002550
v 0.241348 0.944879 0.045404
v 0.236860 0.982487 0.031952
v 0.262419 0.946754 0.066420
v 0.291944 0.952030 0.071984
v 0.293436 0.939397 0.075240
v 0.323956 0.959356 0.056211
v 0.236466 1.020890 0.016725
v 0.223891 1.004966 -0.012091
v 0.209024 1.059459 -0.030026
v 0.220753 1.050908 -0.065869
v 0.229706 0.994304 -0.044908
v 0.198988 1.093656 -0.042557
v 0.196666 1.121469 -0.053285
v 0.339560 1.002843 -0.058472
v 0.349307 1.012821 -0.022632
v 0.329787 1.047957 -0.071920
v 0.346034 1.060379 -0.039180
v 0.320199 1.108400 -0.095033
v 0.337067 1.118060 -0.059815
v 0.296283 1.098421 -0.115814
v 0.278249 1.165535 -0.117653
v 0.300948 1.170461 -0.098786
v 0.264267 1.222378 -0.112889
v 0.285994 1.228797 -0.106022
v 0.239206 1.288332 -0.120226
v 0.260340 1.293418 -0.117685
v 0.217354 1.273739 -0.124264
v 0.199481 1.292130 -0.121755
v 0.213797 1.317536 -0.128752
v 0.196557 1.324889 -0.134628
v 0.205308 1.352830 -0.148085
v 0.228637 1.335742 -0.133527
v 0.182778 1.321116 -0.144560
v 0.190513 1.354333 -0.155852
v 0.169567 1.320060 -0.146177
v 0.179201 1.356401 -0.158523
v 0.153814 1.319430 -0.146593
v 0.167564 1.359713 -0.158241
v 0.148581 1.272914 -0.131431
v 0.146608 1.313491 -0.153399
v 0.157622 1.219593 -0.106457
v 0.155476 1.179431 -0.101358
v 0.156393 1.156139 -0.086013
v 0.162522 1.360311 -0.158867
v 0.147155 1.301065 -0.160903
v 0.160657 1.361241 -0.167613
v 0.140601 1.305969 -0.170725
v 0.152128 1.363085 -0.169557
v 0.128890 1.307360 -0.172248
v 0.139681 1.365681 -0.171744
v 0.119576 1.247052 -0.158411
v 0.108794 1.180093 -0.135616
v 0.095724 1.179541 -0.138533
v 0.110279 1.128790 -0.119118
v 0.122514 1.129823 -0.113890
v 0.118094 1.089451 -0.103949
v 0.114580 1.061558 -0.094557
v 0.128273 1.062078 -0.086915
v 0.132976 1.049673 -0.085403
v 0.118268 1.049272 -0.095783
v 0.138369 1.034368 -0.083045
v 0.123243 1.033843 -0.094614
v 0.143486 1.019114 -0.080505
v 0.152713 1.020776 -0.070870
v 0.143559 1.006971 -0.073202
v 0.147424 0.994757 -0.069205
v 0.137637 0.991235 -0.080529
v 0.157503 0.977338 -0.063796
v 0.149396 0.973482 -0.079411
v 0.165758 0.980775 -0.046711
v 0.172055 0.984519 -0.027880
v 0.173229 0.988644 -0.009841
v 0.176994 0.971267 -0.003147
v 0.172212 0.991676 0.006598
v 0.175921 0.974905 0.011801
v 0.172800 0.977884 0.027985
v 0.164618 0.979169 0.044743
v 0.170865 0.957750 0.044173
v 0.154119 0.979326 0.061736
v 0.160131 0.960639 0.062212
v 0.172391 0.922936 0.056455
v 0.192394 0.867667 0.052986
v 0.176942 0.866698 0.070332
v 0.152441 0.864426 0.088350
v 0.171235 0.789752 0.085732
v 0.118424 0.852347 0.100583
v 0.143850 0.783716 0.100538
v 0.073937 0.822320 0.104993
v 0.054247 0.845694 0.109017
v 0.032283 0.803612 0.099584
v 0.019453 0.813931 0.107034
v 0.044200 0.789536 0.094041
v 0.027840 0.769475 0.074533
v 0.018775 0.780258 0.076654
v 0.031024 0.750972 0.078312
v 0.013256 0.750848 0.055368
v 0.015262 0.764255 0.053174
v 0.041822 0.718955 0.076956
v 0.022746 0.721942 0.052971
v 0.029189 0.667520 0.047267
v 0.014810 0.721138 0.029417
v 0.023172 0.670626 0.025326
v 0.010894 0.751115 0.031657
v 0.007701 0.753963 0.013555
v 0.006868 0.760946 0.033089
v 0.002908 0.762728 0.013816
v 0.008706 0.721654 0.015738
v 0.007396 0.723642 -0.003855
v 0.004181 0.754416 -0.005641
v 0.017392 0.671267 0.013575
v 0.015894 0.672239 -0.006395
v 0.016865 0.673465 -0.031185
v 0.008696 0.725055 -0.027646
v 0.026396 0.620358 -0.009257
v 0.025818 0.619274 0.010001
v 0.028312 0.621445 -0.037800
v 0.035463 0.576306 -0.041174
v 0.032054 0.573069 -0.012028
v 0.041365 0.527710 -0.051931
v 0.038145 0.522932 -0.020232
v 0.053233 0.494993 -0.059080
v 0.049813 0.490630 -0.026446
v 0.075094 0.504164 -0.087927
v 0.052698 0.475981 -0.068663
v 0.114349 0.509308 -0.101919
v 0.154298 0.543344 -0.091720
v 0.186231 0.566081 -0.048470
v 0.189645 0.579413 -0.048654
v 0.205914 0.570702 -0.012735
v 0.187665 0.609729 -0.042832
v 0.204703 0.606977 -0.007714
v 0.191233 0.650824 -0.039497
v 0.209411 0.648409 -0.001117
v 0.157560 0.650361 -0.082980
v 0.157064 0.695476 -0.081996
v 0.158040 0.736339 -0.084083
v 0.112804 0.728104 -0.105234
v 0.076251 0.726382 -0.100702
v 0.113819 0.757402 -0.106336
v 0.152012 0.764371 -0.083608
v 0.074640 0.756344 -0.098613
v 0.040222 0.756681 -0.078282
v 0.048361 0.727539 -0.079940
v 0.069442 0.776549 -0.097590
v 0.112220 0.781321 -0.108603
v 0.035225 0.769687 -0.079201
v 0.027138 0.784967 -0.083605
v 0.060456 0.795507 -0.107138
v 0.011577 0.766782 -0.055502
v 0.008655 0.776973 -0.055798
v 0.015849 0.754991 -0.055556
v 0.005037 0.755227 -0.028339
v 0.003567 0.765192 -0.029271
v 0.023830 0.726141 -0.056153
v 0.001831 0.763837 -0.006403
v 0.001068 0.771700 -0.006746
v 0.002613 0.773413 -0.029716
v 0.001859 0.770622 0.014004
v 0.001493 0.778718 0.014302
v 0.001290 0.779530 -0.006915
v 0.004254 0.769388 0.033715
v 0.002830 0.777897 0.034357
v 0.009987 0.770720 0.054481
v 0.006195 0.779321 0.054973
v 0.011830 0.789237 0.077580
v 0.005315 0.793915 0.079737
v 0.003669 0.786696 0.055819
v 0.038282 1.577647 -0.136539
v 0.040447 1.577595 -0.145430
v 0.037393 1.573856 -0.129095
v 0.079630 1.570207 -0.107713
v 0.084547 1.573169 -0.115007
v 0.038790 1.566355 -0.131428
v 0.082185 1.561533 -0.110051
v 0.038235 1.556251 -0.132519
v 0.022715 1.452582 0.102937
v 0.023478 1.466063 0.103483
v 0.050447 1.453992 0.096985
v 0.050881 1.468622 0.098693
v 0.087769 1.463697 0.078299
v 0.087211 1.478786 0.082075
v 0.129430 1.491871 0.041624
v 0.124609 1.503827 0.043211
v 0.128200 1.478649 0.036566
v 0.128244 1.463658 0.032028
v 0.151761 1.514532 -0.018621
v 0.149442 1.525492 -0.015072
v 0.147187 1.505408 -0.021386
v 0.148917 1.500745 -0.021989
v 0.133381 1.459347 0.028783
v 0.130976 1.530300 -0.081627
v 0.135099 1.541383 -0.080274
v 0.088882 1.545431 -0.125937
v 0.089936 1.558365 -0.126118
v 0.043298 1.553674 -0.152523
v 0.041945 1.567695 -0.150988
v 0.089973 1.570431 -0.122201
v 0.134356 1.552704 -0.076020
v 0.126488 1.559499 -0.069946
v 0.141519 1.533669 -0.012406
v 0.118538 1.557570 -0.067448
v 0.131612 1.534196 -0.014014
v 0.119298 1.550758 -0.072921
v 0.134267 1.525852 -0.019320
v 0.115397 1.538446 -0.077835
v 0.130399 1.515453 -0.027624
v 0.080047 1.550747 -0.112014
v 0.073052 1.547186 -0.108392
v 0.103834 1.538469 -0.074068
v 0.036308 1.550999 -0.128257
v 0.033103 1.554697 -0.120307
v 0.066090 1.552425 -0.100382
v 0.022976 1.473416 0.093014
v 0.023263 1.464864 0.085518
v 0.048608 1.477049 0.087497
v 0.049359 1.468169 0.079370
v 0.080872 1.486994 0.072881
v 0.082399 1.477802 0.063905
v 0.115190 1.507127 0.037951
v 0.116301 1.497202 0.031097
v 0.115420 1.487538 0.021758
v 0.082257 1.467219 0.054119
v 0.103863 1.494678 0.017683
v 0.074210 1.471887 0.045769
v 0.117540 1.522366 -0.026923
v 0.101799 1.528799 -0.026696
v 0.090922 1.501414 0.011162
v 0.091619 1.543995 -0.067429
v 0.079903 1.534824 -0.067184
v 0.092309 1.512944 -0.037255
v 0.059736 1.554115 -0.092931
v 0.052116 1.548792 -0.089777
v 0.071805 1.526173 -0.074526
v 0.029883 1.558516 -0.113542
v 0.026361 1.560053 -0.105820
v 0.022461 1.455655 0.077806
v 0.019991 1.457014 0.067482
v 0.048713 1.458311 0.071266
v 0.044391 1.461133 0.061037
v 0.064615 1.480903 0.037272
v 0.059665 1.470734 0.026133
v 0.085592 1.489403 -0.002023
v 0.080885 1.481450 -0.011152
v 0.054359 1.472178 0.018554
v 0.090111 1.501185 -0.048209
v 0.079905 1.508909 -0.043618
v 0.072026 1.497769 -0.010809
v 0.074672 1.529653 -0.035577
v 0.067927 1.518084 -0.008387
v 0.071272 1.559297 -0.025322
v 0.066492 1.540113 -0.003855
v 0.045491 1.522546 0.016572
v 0.049678 1.508889 0.017829
v 0.039786 1.536901 0.019949
v 0.017369 1.523906 0.034172
v 0.020716 1.512214 0.034288
v 0.042662 1.546450 0.033532
v 0.019709 1.532522 0.045262
v 0.050566 1.547488 0.047865
v 0.024149 1.532066 0.059104
v 0.057050 1.550551 0.064463
v 0.028837 1.530960 0.077620
v 0.083487 1.593547 0.049726
v 0.083853 1.602547 0.069530
v 0.055956 1.558852 0.080021
v 0.073344 1.610382 0.090636
v 0.047525 1.571824 0.093421
v 0.033722 1.594481 0.109668
v 0.018335 1.582263 0.115991
v 0.026168 1.556028 0.105740
v 0.024346 1.489130 0.035937
v 0.025258 1.502632 0.039657
v 0.050757 1.490686 0.016021
v 0.030437 1.538427 0.094665
v 0.141057 1.463184 0.034709
v 0.113322 1.410095 0.069970
v 0.127880 1.414766 0.072425
v 0.153210 1.496299 -0.019527
v 0.166777 1.494753 -0.013783
v 0.156160 1.462776 0.039951
v 0.173732 1.455307 0.038187
v 0.144594 1.416600 0.076773
v 0.168247 1.409811 0.071931
v 0.181061 1.488255 -0.012806
v 0.193671 1.481681 -0.011893
v 0.187457 1.448615 0.036875
v 0.177058 1.496782 -0.072684
v 0.190354 1.489646 -0.071501
v 0.202060 1.483745 -0.069766
v 0.205804 1.474306 -0.011563
v 0.177532 1.466131 -0.125433
v 0.162286 1.473599 -0.128448
v 0.190547 1.460614 -0.123262
v 0.195599 1.452796 -0.115195
v 0.208420 1.472591 -0.066687
v 0.175931 1.415286 -0.155163
v 0.165876 1.418090 -0.155701
v 0.178909 1.409734 -0.145286
v 0.183536 1.407005 -0.142804
v 0.200014 1.447815 -0.110362
v 0.215550 1.441532 -0.109510
v 0.216511 1.469505 -0.064371
v 0.234680 1.461216 -0.061979
v 0.195975 1.403609 -0.143534
v 0.208580 1.398701 -0.141797
v 0.231882 1.431962 -0.106549
v 0.247904 1.415645 -0.098975
v 0.251772 1.444594 -0.058648
v 0.267743 1.427790 -0.055934
v 0.218161 1.388460 -0.132255
v 0.250610 1.357889 -0.120692
v 0.271001 1.376637 -0.085651
v 0.295586 1.309972 -0.072308
v 0.285918 1.384576 -0.047491
v 0.301113 1.313498 -0.038164
v 0.277255 1.302103 -0.098861
v 0.300278 1.235320 -0.083786
v 0.313736 1.239992 -0.058020
v 0.329577 1.175734 -0.041238
v 0.312595 1.241205 -0.026279
v 0.322044 1.174567 -0.071601
v 0.299346 1.237739 -0.000718
v 0.285128 1.311539 -0.002626
v 0.275081 1.379860 -0.006314
v 0.255992 1.370342 0.023577
v 0.258264 1.420602 -0.010448
v 0.242105 1.400402 0.024713
v 0.245813 1.439776 -0.009689
v 0.227764 1.412562 0.024597
v 0.233487 1.452232 -0.009332
v 0.220592 1.423340 0.029925
v 0.216667 1.461259 -0.011121
v 0.207512 1.430252 0.029386
v 0.205796 1.464620 -0.014221
v 0.194588 1.434159 0.027849
v 0.193680 1.439321 0.031306
v 0.176722 1.401219 0.058269
v 0.183546 1.396445 0.052787
v 0.183547 1.405878 0.068596
v 0.168601 1.370752 0.082776
v 0.164051 1.367482 0.069703
v 0.157262 1.371423 0.088017
v 0.140139 1.375589 0.092573
v 0.151366 1.422902 -0.158393
v 0.050278 1.182486 -0.140364
v 0.018904 1.036414 -0.127737
v 0.050664 1.035190 -0.123363
v 0.091971 1.034569 -0.110712
v 0.083510 1.180021 -0.141854
v 0.004565 0.790701 -0.054768
v 0.004410 0.787597 -0.029875
v 0.006895 0.785434 -0.055417
v 0.002460 0.781221 -0.029897
v 0.004116 0.785826 -0.007079
v 0.004019 0.785545 0.014567
v 0.003441 0.785490 0.035155
v 0.105688 0.810927 -0.115737
v 0.144374 0.829850 -0.097815
v 0.150110 0.791465 -0.090277
v 0.128943 0.881830 -0.110003
v 0.163881 0.903564 -0.081043
v 0.171388 0.856118 -0.065403
v 0.119843 0.928752 -0.117027
v 0.147922 0.940960 -0.090942
v 0.111123 0.965247 -0.112169
v 0.137797 0.970968 -0.095189
v 0.071663 0.962336 -0.136457
v 0.078050 0.988821 -0.121611
v 0.104594 0.983147 -0.109381
v 0.122703 0.987060 -0.095737
v 0.160947 0.947944 -0.070178
v 0.181052 0.814560 -0.054451
v 0.184085 0.780484 -0.042935
v 0.212373 0.645926 0.020007
v 0.205448 0.608858 0.011194
v 0.211210 0.641228 0.041159
v 0.199647 0.620975 0.029320
v 0.208674 0.682820 0.048940
v 0.191479 0.678096 0.064543
v 0.194075 0.637409 0.057149
v 0.184157 0.730024 0.072441
v 0.159420 0.719031 0.091654
v 0.169228 0.672857 0.083742
v 0.173426 0.760385 0.077946
v 0.149260 0.744300 0.091324
v 0.173892 0.633765 0.074284
v 0.169694 0.615346 0.059273
v 0.186487 0.618380 0.043669
v 0.203380 0.563037 0.003992
v 0.047421 0.470751 -0.034014
v 0.060104 0.434818 -0.085838
v 0.052272 0.427803 -0.053231
v 0.062290 0.373996 -0.106174
v 0.048540 0.371302 -0.072492
v 0.071862 0.320386 -0.111859
v 0.053355 0.319107 -0.081340
v 0.108192 0.324268 -0.135155
v 0.154341 0.322626 -0.134929
v 0.161776 0.293086 -0.139224
v 0.192903 0.315991 -0.115893
v 0.192825 0.284647 -0.106667
v 0.211641 0.361512 -0.088312
v 0.218196 0.353194 -0.050766
v 0.217769 0.405165 -0.054481
v 0.167370 0.271628 -0.129297
v 0.175889 0.252233 -0.135003
v 0.176642 0.223858 -0.132077
v 0.136044 0.222352 -0.141124
v 0.175960 0.185747 -0.128807
v 0.133978 0.184855 -0.136266
v 0.169165 0.138841 -0.118322
v 0.134353 0.149334 -0.126517
v 0.172454 0.100645 -0.128507
v 0.136352 0.109534 -0.138380
v 0.192432 0.085661 -0.108244
v 0.171616 0.048785 -0.136080
v 0.137649 0.050400 -0.148040
v 0.191231 0.048091 -0.112826
v 0.179985 0.037611 -0.140784
v 0.203158 0.034969 -0.112925
v 0.138651 0.039919 -0.154126
v 0.183291 0.021296 -0.136499
v 0.099739 0.039145 -0.137963
v 0.082556 0.035599 -0.102102
v 0.097485 0.012478 -0.060146
v 0.106136 0.008975 -0.032030
v 0.123181 0.000977 -0.074097
v 0.132111 0.002001 -0.048032
v 0.164010 0.000544 -0.069851
v 0.171512 0.003769 -0.048797
v 0.139244 0.010187 -0.031655
v 0.190495 0.004386 -0.089901
v 0.204257 0.017448 -0.104033
v 0.174639 0.013002 -0.034308
v 0.143153 0.014738 -0.018200
v 0.177956 0.013160 -0.014411
v 0.148294 0.012919 -0.000118
v 0.183778 0.003375 0.023421
v 0.154747 0.003603 0.034394
v 0.208781 0.008900 0.012790
v 0.217936 0.001166 0.070950
v 0.192327 0.000052 0.082710
v 0.228825 0.013750 0.004797
v 0.238383 0.003683 0.061292
v 0.254107 0.012561 0.053759
v 0.259881 0.025309 0.049303
v 0.265593 0.027636 0.113619
v 0.265279 0.040761 0.107208
v 0.249721 0.049376 0.152369
v 0.249993 0.034434 0.158837
v 0.260492 0.052536 0.099728
v 0.247251 0.061615 0.144935
v 0.223696 0.067583 0.165696
v 0.226098 0.053907 0.174261
v 0.200793 0.056892 0.180486
v 0.201255 0.043235 0.187291
v 0.177508 0.056354 0.176399
v 0.175602 0.043371 0.185441
v 0.226509 0.040056 0.178365
v 0.201053 0.028068 0.184108
v 0.199095 0.017711 0.169019
v 0.178195 0.030242 0.182468
v 0.151705 0.026780 0.167657
v 0.149468 0.041717 0.167132
v 0.152672 0.057323 0.161968
v 0.126248 0.038832 0.122879
v 0.121953 0.024252 0.120797
v 0.125980 0.059123 0.127364
v 0.134373 0.083536 0.126117
v 0.111508 0.072528 0.078570
v 0.113715 0.048121 0.067600
v 0.125794 0.095462 0.085748
v 0.121801 0.117246 0.047608
v 0.107984 0.091134 0.041437
v 0.140373 0.136441 0.048780
v 0.107207 0.060917 0.032829
v 0.110005 0.040596 0.027718
v 0.112078 0.031592 0.060328
v 0.107155 0.045528 0.005632
v 0.107406 0.030814 0.003878
v 0.113310 0.026479 0.022374
v 0.121427 0.022600 -0.004087
v 0.127755 0.020921 0.013033
v 0.115261 0.020447 -0.017023
v 0.131932 0.008855 0.042315
v 0.115697 0.017075 0.051231
v 0.197583 0.005037 0.137844
v 0.095572 0.183722 -0.118331
v 0.097294 0.221101 -0.123494
v 0.074333 0.219413 -0.090659
v 0.068407 0.218972 -0.062675
v 0.068155 0.220193 -0.036521
v 0.083475 0.221190 -0.005347
v 0.085305 0.195525 -0.005210
v 0.078786 0.240768 -0.004566
v 0.107535 0.245096 0.021685
v 0.112478 0.222063 0.019793
v 0.151868 0.224227 0.027114
v 0.114303 0.197096 0.021430
v 0.155199 0.200338 0.027578
v 0.148516 0.248126 0.030519
v 0.186870 0.249812 0.019748
v 0.188007 0.225770 0.016871
v 0.192001 0.206594 0.010628
v 0.208625 0.250804 -0.000504
v 0.215019 0.205671 -0.029333
v 0.086272 0.178160 -0.005352
v 0.091949 0.165232 -0.008675
v 0.051101 0.321043 -0.056693
v 0.049445 0.368768 -0.048088
v 0.048377 0.367407 -0.032015
v 0.054408 0.322708 -0.038915
v 0.062658 0.325393 -0.029682
v 0.053535 0.366743 -0.023075
v 0.057265 0.365386 -0.004288
v 0.074769 0.366299 0.007982
v 0.072815 0.402473 0.016891
v 0.031740 0.572419 0.007073
v 0.034671 0.572841 0.020576
v 0.031850 0.618665 0.020367
v 0.240929 0.843750 0.072522
v 0.245791 0.832814 0.054929
v 0.238430 0.804182 0.078305
v 0.234467 0.812059 0.090887
v 0.231487 0.781150 0.088444
v 0.300177 0.707077 0.028286
v 0.280205 0.756618 0.102379
v 0.288225 0.753508 0.112880
v 0.289468 0.716600 0.076336
v 0.283536 0.730088 0.072863
v 0.231423 1.177885 0.023583
v 0.009966 1.120883 0.123925
v 0.010190 1.166846 0.123374
v 0.011136 1.120189 0.133389
v 0.011830 1.166810 0.133252
v 0.023027 1.119489 0.134801
v 0.024079 1.166309 0.132882
v 0.038659 1.118931 0.130745
v 0.040145 1.165197 0.130380
v 0.056390 1.118851 0.126577
v 0.057754 1.163243 0.126174
v 0.055257 1.078464 0.129719
v 0.072523 1.080405 0.120942
v 0.073315 1.119044 0.123364
v 0.049155 1.047435 0.128228
v 0.073465 1.048645 0.120728
v 0.094210 1.051277 0.125911
v 0.088607 1.081839 0.123382
v 0.109509 1.051860 0.119874
v 0.101898 1.082785 0.123493
v 0.104788 1.115488 0.132658
v 0.086111 1.118779 0.126109
v 0.121396 1.108945 0.120395
v 0.120257 1.150382 0.117032
v 0.104994 1.154621 0.124468
v 0.126177 1.107562 0.105951
v 0.128373 1.147469 0.108290
v 0.114737 1.105878 0.097338
v 0.118185 1.146968 0.099866
v 0.114087 1.087605 0.096011
v 0.124491 1.105324 0.085667
v 0.138953 1.103856 0.073540
v 0.160775 1.103749 0.051598
v 0.157952 1.075587 0.049356
v 0.164375 1.169624 0.043953
v 0.119516 1.192337 0.117875
v 0.104948 1.194905 0.123688
v 0.091204 1.197431 0.115938
v 0.089412 1.225148 0.115789
v 0.089449 1.157725 0.121947
v 0.073936 1.160809 0.120564
v 0.076682 1.202887 0.120380
v 0.059808 1.206928 0.124180
v 0.040914 1.208499 0.128074
v 0.025416 1.208802 0.130553
v 0.013054 1.208355 0.131655
v 0.010379 1.207662 0.122937
v 0.197018 1.268269 0.030692
v 0.184514 1.285087 0.018980
v 0.175256 1.189266 0.029591
v 0.161443 1.067471 -0.030839
v 0.163891 1.071549 -0.010093
v 0.165676 1.060133 -0.010212
v 0.176015 1.058867 -0.011410
v 0.180447 1.046236 -0.012320
v 0.183209 1.032773 -0.013616
v 0.181634 1.031145 -0.032804
v 0.185956 1.034549 0.007762
v 0.137162 1.004911 0.074220
v 0.059333 1.295661 0.127845
v 0.080240 1.298887 0.114101
v 0.064431 1.300980 0.116640
v 0.030925 1.355922 0.103962
v 0.011537 1.356576 0.106542
v 0.006820 0.912553 0.120259
v 0.062938 1.608586 -0.038351
v 0.168354 0.581681 0.074240
v 0.150124 0.597118 0.084093
v 0.127448 0.494515 0.078345
v 0.138082 0.467288 0.060679
v 0.026966 1.660894 -0.132433
v 0.028297 1.673573 -0.134317
v 0.009659 1.669026 -0.138916
v 0.012372 1.681318 -0.143707
v 0.016928 1.726432 -0.149429
v 0.014752 1.699714 -0.148955
v 0.009782 1.753134 -0.131591
v 0.017157 1.778447 -0.126593
v 0.032967 1.693513 -0.142716
v 0.111512 1.722437 -0.085762
v 0.100689 1.720873 -0.100734
v 0.115707 1.661976 -0.034948
v 0.127868 1.767928 -0.051334
v 0.120227 1.793928 -0.059458
v 0.124386 1.737560 0.054794
v 0.127308 1.755337 0.067473
v 0.120087 1.773746 0.078838
v 0.074278 1.820870 -0.071773
v 0.085525 1.824435 -0.071636
v 0.031288 1.861513 -0.017360
v 0.018377 1.852132 0.057406
v 0.016122 1.850955 0.072822
v 0.035798 1.850855 0.083766
v 0.043414 1.849906 0.066843
v 0.061144 1.839123 0.078456
v 0.070454 1.825862 0.085852
v 0.114560 1.816813 0.000725
v 0.075779 1.728336 0.089445
v 0.066934 1.737389 0.096401
v 0.059753 1.730662 0.103329
v 0.070229 1.753675 0.097861
v 0.032208 1.794082 0.149718
v 0.040573 1.811811 0.135819
v 0.008292 1.769201 0.143814
v 0.111536 0.452688 0.057488
v 0.107484 0.437903 0.052188
v 0.193521 0.956790 0.030811
v 0.187367 0.955888 0.034564
v 0.187600 0.955834 0.024755
v 0.090160 0.069863 -0.056958
v 0.128779 0.160345 0.013049
v 0.190794 0.587216 0.038927
v 0.169431 1.167666 -0.002949
v 0.167889 1.160059 0.014410
v 0.170813 1.182145 0.015779
v 0.171320 1.205864 0.014282
v -0.129337 0.160345 0.013049
v -0.143737 0.164412 0.017663
v -0.147304 0.171153 0.011484
v 0.146746 0.171153 0.011484
v 0.143179 0.164412 0.017663
v 0.128779 0.160345 0.013049
v -0.193367 0.924190 0.022634
v -0.198266 0.921546 0.030964
v -0.198612 0.917159 0.021952
v -0.148830 0.167353 0.015661
v -0.164878 0.167471 0.014240
v -0.182465 0.156786 0.009101
v 0.197709 0.921546 0.030964
v 0.198055 0.917159 0.021952
v 0.192809 0.924190 0.022634
v 0.094978 1.832513 0.049677
v 0.109628 1.823611 0.040675
v 0.106926 1.833891 0.045193
v -0.110186 1.823611 0.040675
v -0.095535 1.832513 0.049677
v -0.107484 1.833891 0.045193
v 0.181907 0.156786 0.009101
v 0.164320 0.167471 0.014240
v 0.148273 0.167353 0.015661
vn 0.3407 0.7584 0.5557
vn -0.0000 0.7368 0.6761
vn -0.0000 0.9888 0.1490
vn 0.3725 0.7120 0.5953
vn -0.2170 0.4262 0.8782
vn 0.0023 0.3658 0.9307
vn -0.4585 -0.7176 0.5242
vn -0.0000 -0.7924 0.6100
vn -0.0000 -0.4033 0.9151
vn -0.3454 -0.2245 0.9112
vn -0.2378 -0.6241 0.7443
vn -0.1219 -0.5885 0.7993
vn -0.0000 -0.7319 0.6814
vn -0.0000 -0.8785 0.4778
vn -0.1492 -0.2809 0.9481
vn -0.0000 -0.2101 0.9777
vn 0.0301 0.9741 0.2242
vn -0.2592 0.8264 0.4998
vn -0.0000 0.3185 0.9479
vn -0.4182 0.4141 0.8085
vn 0.3709 0.7092 0.5995
vn 0.9157 0.4010 0.0250
vn 0.0003 -0.4221 -0.9066
vn -0.0000 0.2175 0.9761
vn 0.0002 0.8009 -0.5988
vn 0.0001 0.9625 0.2713
vn 0.0163 0.9261 -0.3769
vn 0.6038 -0.5425 -0.5841
vn 0.2068 -0.3106 -0.9278
vn -0.0000 -0.1632 -0.9866
vn -0.0000 -0.6565 -0.7543
vn -0.0008 0.2206 -0.9754
vn -0.0000 0.2559 -0.9667
vn -0.0158 -0.3375 -0.9412
vn -0.0000 -0.4712 -0.8820
vn -0.0000 -0.2996 -0.9541
vn 0.0897 -0.2512 -0.9638
vn 0.6567 -0.1729 0.7341
vn 0.1866 -0.0262 -0.9821
vn -0.4627 -0.8523 -0.2440
vn 0.4216 -0.5498 0.7211
vn -0.9270 0.1199 0.3554
vn -0.7895 -0.2063 0.5780
vn -0.7105 -0.3043 0.6345
vn -0.9904 -0.1382 0.0089
vn -0.4701 -0.5142 0.7173
vn -0.7340 -0.6683 0.1213
vn -0.8689 -0.4950 0.0037
vn -0.6640 -0.7434 -0.0803
vn 0.3848 -0.1755 0.9062
vn -0.2040 -0.9643 0.1686
vn 0.2640 -0.4300 -0.8634
vn 0.3668 -0.1808 -0.9125
vn -0.9798 0.1674 0.1097
vn -0.9978 0.0576 0.0329
vn 0.6252 -0.7409 0.2451
vn 0.3257 -0.7955 0.5109
vn 0.1642 -0.9417 0.2936
vn 0.2472 -0.9639 0.0992
vn 0.1145 -0.8314 0.5438
vn 0.0449 -0.9453 0.3230
vn 0.0772 -0.9961 0.0432
vn -0.3565 -0.6106 0.7072
vn -0.5304 -0.6664 0.5239
vn -0.2836 -0.8853 0.3684
vn -0.1997 -0.8764 0.4383
vn -0.6775 -0.7087 0.1967
vn -0.3046 -0.9350 0.1819
vn -0.1261 -0.9730 0.1932
vn -0.3338 -0.8673 -0.3692
vn -0.0401 -0.8185 -0.5732
vn -0.0085 -0.9909 -0.1343
vn -0.0576 -0.9967 -0.0568
vn 0.3485 -0.7989 -0.4901
vn 0.3100 -0.9446 -0.1081
vn -0.0084 -0.3333 -0.9428
vn 0.6340 -0.3381 -0.6955
vn 0.8287 -0.5451 -0.1272
vn 0.6112 0.4361 0.6605
vn 0.3392 0.8337 0.4359
vn 0.1970 0.6738 0.7122
vn 0.2656 0.3276 0.9067
vn -0.0585 0.9633 0.2620
vn -0.1720 0.6905 0.7026
vn -0.1733 0.3636 0.9153
vn 0.9746 -0.0630 0.2151
vn 0.9809 0.0045 0.1943
vn 0.9581 -0.0084 0.2864
vn 0.9150 -0.2005 0.3500
vn 0.8727 -0.3461 0.3445
vn 0.9719 -0.0089 0.2353
vn 0.9735 -0.0271 0.2270
vn 0.9736 -0.0614 0.2197
vn 0.9635 -0.0377 0.2649
vn 0.9705 -0.0272 0.2395
vn 0.9514 0.1354 0.2765
vn 0.9882 -0.0809 0.1301
vn 0.9631 0.1020 0.2489
vn 0.8943 0.1065 0.4347
vn 0.7418 -0.1284 -0.6582
vn 0.9303 -0.3576 -0.0818
vn 0.9946 0.0120 -0.1029
vn 0.7199 0.1599 -0.6754
vn 0.6648 0.2978 -0.6851
vn 0.9715 0.1897 -0.1422
vn -0.7995 -0.5748 -0.1744
vn -0.7579 -0.6432 0.1094
vn -0.7750 -0.6176 -0.1342
vn -0.9354 0.0488 -0.3501
vn -0.3079 -0.8953 0.3220
vn -0.1747 -0.9841 -0.0332
vn -0.8864 0.2426 -0.3942
vn -0.9341 -0.0072 -0.3570
vn -0.2914 -0.9495 0.1165
vn 0.7819 0.3780 0.4957
vn 0.4584 -0.8234 0.3345
vn 0.3538 -0.8994 0.2566
vn 0.2350 -0.9605 0.1487
vn -0.4992 0.6344 0.5902
vn -0.3379 0.9263 0.1669
vn -0.5342 0.8437 0.0537
vn -0.7777 0.5312 0.3362
vn -0.9062 0.4207 -0.0437
vn -0.6859 0.7276 -0.0109
vn -0.3774 0.9157 0.1382
vn 0.9117 -0.3557 0.2058
vn 0.8826 -0.4686 -0.0377
vn 0.9842 -0.1348 -0.1146
vn 0.9018 -0.2252 -0.3688
vn -0.9664 0.1463 -0.2113
vn -0.9306 0.2736 -0.2433
vn -0.9179 0.2446 -0.3123
vn -0.9353 0.1302 -0.3289
vn -0.9403 0.2514 -0.2295
vn -0.9279 0.2639 -0.2634
vn -0.8898 0.4266 -0.1618
vn -0.8763 0.4804 0.0374
vn 0.9746 -0.1072 0.1967
vn 0.3355 -0.9216 0.1954
vn 0.3431 0.8013 0.4901
vn -0.2111 0.8616 0.4617
vn -0.1716 0.9322 0.3187
vn 0.3480 0.8577 0.3784
vn -0.5069 0.7967 0.3290
vn -0.8349 -0.4429 -0.3269
vn -0.9451 0.0120 -0.3265
vn -0.9249 0.1392 -0.3539
vn -0.1076 0.8594 0.4999
vn -0.4403 0.8029 0.4018
vn -0.7012 0.6887 0.1844
vn -0.7335 0.6722 0.1004
vn -0.0648 0.7677 0.6376
vn 0.4128 0.6323 0.6556
vn 0.4249 0.6475 0.6326
vn -0.0191 0.0400 0.9990
vn -0.9988 0.0476 -0.0123
vn -0.8914 0.0464 -0.4508
vn -0.9620 -0.2255 -0.1541
vn -0.8624 -0.0955 -0.4972
vn 0.3600 -0.8054 0.4708
vn 0.1191 -0.9158 0.3836
vn 0.5933 -0.6009 0.5357
vn 0.3937 -0.2437 0.8863
vn -0.1822 -0.1963 0.9635
vn -0.6715 -0.0485 0.7394
vn -0.6186 -0.4508 0.6435
vn -0.3949 0.7794 0.4863
vn -0.2396 0.8830 -0.4035
vn 0.7656 -0.1779 0.6182
vn 0.7687 0.2401 0.5929
vn 0.7564 0.1855 0.6272
vn 0.7391 -0.1484 0.6571
vn 0.7634 0.3049 0.5695
vn 0.9275 0.0506 0.3703
vn 0.8640 -0.1972 0.4632
vn 0.7901 -0.2786 0.5460
vn 0.6096 -0.2510 0.7519
vn 0.5561 -0.2658 0.7874
vn 0.1467 -0.1576 0.9765
vn 0.3551 -0.3370 0.8720
vn 0.3967 -0.2012 0.8956
vn 0.3919 -0.1151 0.9128
vn 0.9678 -0.2483 -0.0407
vn 0.9934 -0.1014 -0.0529
vn 0.9722 -0.0752 0.2217
vn 0.9951 -0.0663 -0.0737
vn 0.9208 -0.0429 -0.3877
vn 0.9155 -0.0286 -0.4014
vn 0.9011 -0.2322 -0.3661
vn -0.7258 -0.1846 0.6627
vn -0.4199 -0.0636 0.9053
vn 0.4711 0.0663 0.8796
vn -0.0199 -0.1717 0.9850
vn -0.2700 -0.2218 0.9370
vn -0.5624 0.7183 0.4096
vn -0.7591 0.4880 0.4309
vn -0.9171 0.3030 0.2593
vn -0.8750 -0.3090 0.3727
vn -0.9187 -0.2429 0.3115
vn 0.3884 0.2732 0.8801
vn -0.0542 0.3533 0.9339
vn -0.6427 -0.1434 0.7525
vn -0.4924 0.0667 0.8678
vn -0.3432 0.4537 0.8225
vn -0.9778 -0.1612 0.1342
vn -0.9405 -0.2020 0.2731
vn 0.1542 -0.0933 0.9836
vn 0.1197 0.1029 0.9875
vn -0.1104 -0.1572 0.9814
vn -0.0327 0.1048 0.9940
vn -0.9579 -0.1132 0.2640
vn 0.0585 0.1497 -0.9870
vn 0.1356 0.0185 -0.9906
vn 0.6008 0.0772 -0.7957
vn 0.6046 0.0419 -0.7954
vn 0.6777 -0.1682 -0.7158
vn 0.2304 -0.0783 -0.9699
vn -0.7618 -0.3667 -0.5340
vn -0.8865 -0.4508 0.1042
vn -0.9225 -0.3332 0.1949
vn -0.8172 -0.1197 -0.5638
vn -0.5788 -0.3180 -0.7509
vn -0.5014 -0.3326 -0.7987
vn -0.9092 0.2050 -0.3623
vn -0.7673 -0.0311 -0.6406
vn -0.6286 -0.2529 0.7354
vn -0.6963 -0.3144 0.6453
vn -0.6185 -0.4455 0.6473
vn -0.7675 -0.2318 0.5977
vn -0.3370 0.0308 0.9410
vn -0.6254 -0.1008 0.7738
vn -0.8488 0.4677 -0.2467
vn -0.7708 0.2398 -0.5902
vn -0.6543 -0.0005 0.7563
vn -0.8013 0.0348 0.5972
vn -0.9334 0.2246 0.2800
vn -0.8254 0.1549 0.5429
vn -0.7044 0.0639 0.7070
vn -0.8096 0.5489 0.2079
vn 0.4060 -0.2264 0.8854
vn 0.4223 -0.3410 0.8399
vn 0.0353 -0.2757 0.9606
vn 0.1616 -0.3278 0.9308
vn 0.3333 -0.2998 0.8939
vn -0.0795 -0.2075 0.9750
vn -0.2520 -0.2739 0.9281
vn -0.4082 -0.0988 0.9075
vn -0.4711 -0.1207 0.8738
vn -0.5478 -0.1486 0.8233
vn -0.6621 -0.0232 0.7491
vn -0.7994 -0.0507 0.5986
vn 0.7245 -0.2735 0.6327
vn 0.9118 -0.1658 0.3756
vn 0.8634 -0.2406 0.4434
vn 0.6069 -0.1879 0.7723
vn 0.9940 -0.0486 0.0977
vn 0.9781 -0.2018 0.0515
vn 0.6347 -0.3597 0.6839
vn 0.7510 -0.2629 0.6057
vn 0.9796 -0.2006 0.0109
vn 0.9151 -0.1825 0.3594
vn 0.8044 -0.1604 0.5720
vn 0.8791 -0.0938 0.4673
vn 0.8667 -0.1148 0.4854
vn 0.9377 -0.0770 0.3389
vn -0.8795 -0.0773 0.4695
vn -0.9090 -0.0673 0.4113
vn -0.9775 -0.0112 0.2108
vn 1.0000 0.0017 0.0002
vn -0.9316 0.3533 0.0858
vn -0.9355 0.1480 -0.3208
vn -0.9179 -0.0712 -0.3905
vn -0.9965 -0.0712 0.0441
vn -0.6313 0.5205 0.5749
vn -0.8043 0.3349 0.4909
vn 0.3331 -0.3929 0.8571
vn 0.1293 -0.2573 0.9576
vn 0.4439 -0.3440 0.8274
vn 0.6203 -0.3342 0.7096
vn 0.7847 -0.3634 0.5022
vn 0.6016 -0.5622 0.5674
vn 0.1506 -0.5585 0.8157
vn -0.1804 -0.2525 0.9506
vn -0.5142 -0.2159 0.8301
vn 0.8395 -0.1103 0.5321
vn 0.6868 -0.0192 0.7266
vn 0.8290 -0.1535 0.5378
vn 0.7640 -0.1857 0.6179
vn 0.6763 0.0956 0.7304
vn -0.7266 -0.0928 0.6808
vn -0.8363 -0.1244 0.5339
vn 0.5325 -0.2505 0.8085
vn 0.4790 -0.0224 0.8775
vn 0.2274 -0.0743 0.9710
vn 0.1049 -0.2635 0.9589
vn -0.0458 0.1705 0.9843
vn -0.2537 -0.0711 0.9647
vn 0.8554 -0.1429 0.4978
vn 0.5940 -0.1068 0.7974
vn 0.3693 -0.1217 0.9213
vn 0.1972 -0.0683 0.9780
vn 0.1178 0.2099 0.9706
vn 0.2216 0.8076 0.5465
vn -0.5026 0.4375 -0.7457
vn -0.1814 0.4571 -0.8707
vn -0.0559 0.2950 -0.9539
vn -0.5422 0.1685 -0.8232
vn -0.5935 0.0895 -0.7998
vn -0.1532 0.0889 -0.9842
vn 0.3749 0.0697 -0.9245
vn 0.4457 0.2692 -0.8537
vn 0.5203 0.2199 -0.8252
vn 0.1066 0.3604 -0.9267
vn -0.2418 0.5155 -0.8221
vn -0.7781 0.3148 -0.5435
vn 0.4741 -0.1458 0.8683
vn 0.2982 -0.1143 0.9476
vn 0.2835 -0.2941 0.9128
vn -0.8317 0.1321 -0.5393
vn -0.7874 0.1117 -0.6063
vn 0.5873 -0.1697 0.7914
vn -0.1652 -0.3774 0.9112
vn -0.2169 -0.4499 0.8664
vn -0.9287 0.1797 -0.3244
vn -0.2872 -0.5624 0.7754
vn -0.6249 -0.5229 0.5798
vn -0.7866 -0.4194 0.4532
vn -0.2531 -0.6553 0.7117
vn -0.8777 -0.2220 0.4248
vn -0.9798 -0.1893 0.0639
vn -0.9593 -0.1386 0.2460
vn -0.9521 -0.1450 0.2692
vn -0.4102 0.2218 -0.8846
vn -0.8062 0.2006 -0.5566
vn -0.4879 -0.2546 0.8349
vn -0.6211 -0.1240 0.7739
vn -0.5862 -0.1274 0.8001
vn -0.4299 -0.1724 0.8863
vn -0.0000 -0.2917 -0.9565
vn -0.0000 -0.4792 -0.8777
vn -0.2616 -0.5399 -0.8001
vn -0.1854 -0.3739 -0.9088
vn -0.2164 -0.5202 -0.8261
vn -0.1485 -0.5026 -0.8517
vn -0.2145 -0.6652 0.7152
vn -0.3810 -0.9045 -0.1915
vn 0.5889 -0.7350 -0.3360
vn 0.6319 -0.5276 0.5677
vn 0.7235 -0.6523 -0.2257
vn 0.7884 -0.1159 0.6042
vn -0.2514 -0.0605 0.9660
vn -0.8746 -0.2913 0.3875
vn -0.6003 0.4606 0.6538
vn -0.3663 0.6661 0.6497
vn -0.2301 0.4876 0.8422
vn -0.4845 0.2865 0.8266
vn -0.6629 0.1489 0.7338
vn -0.6483 0.3150 0.6932
vn -0.0591 0.4563 0.8879
vn 0.4136 0.3147 0.8543
vn 0.2782 0.0526 0.9591
vn -0.0000 -0.0230 0.9997
vn -0.0000 0.9777 0.2100
vn -0.0000 0.8038 0.5949
vn 0.1614 0.8064 0.5689
vn -0.0000 0.4292 0.9032
vn -0.0000 -0.0269 0.9996
vn -0.0000 0.9219 0.3873
vn 0.1180 0.8894 0.4417
vn 0.0491 0.8199 0.5704
vn -0.0098 0.9665 0.2566
vn -0.1715 0.8753 0.4522
vn 0.1433 0.9030 0.4050
vn 0.1415 0.6279 0.7653
vn -0.2808 0.8023 0.5268
vn -0.3142 0.4066 0.8579
vn 0.1296 0.9305 0.3425
vn -0.3927 0.7673 0.5070
vn -0.5848 0.5258 0.6177
vn -0.3782 -0.1485 0.9138
vn -0.0717 0.1756 0.9818
vn -0.5499 0.7943 0.2581
vn -0.4089 0.9119 0.0356
vn -0.4543 0.8838 0.1122
vn -0.4303 0.8993 0.0779
vn -0.3294 0.9131 0.2403
vn -0.0750 0.8492 0.5228
vn -0.3081 0.9071 0.2868
vn -0.4650 0.8369 0.2888
vn -0.5047 0.8363 0.2143
vn -0.5062 0.8175 0.2747
vn -0.5481 0.8360 0.0263
vn -0.4214 0.8995 0.1158
vn -0.6839 -0.4523 0.5725
vn -0.7306 0.0167 0.6826
vn -0.3070 0.3382 0.8896
vn -0.5749 -0.5034 0.6451
vn -0.4526 -0.3228 0.8312
vn -0.1547 0.3799 0.9120
vn -0.5413 -0.6640 0.5158
vn -0.1988 0.6291 0.7514
vn -0.4832 0.5135 0.7092
vn -0.2960 0.7128 0.6359
vn -0.5078 0.3852 0.7706
vn -0.6380 0.6982 0.3248
vn -0.8805 0.2828 0.3804
vn -0.0000 -0.1093 0.9940
vn -0.2072 -0.0873 0.9744
vn -0.0000 -0.3853 0.9228
vn -0.2584 0.0377 0.9653
vn -0.4074 -0.5405 0.7361
vn -0.1767 0.3011 0.9371
vn -0.7421 -0.4029 0.5356
vn -0.5792 0.1227 0.8059
vn -0.7841 0.2493 0.5684
vn -0.8964 0.0039 0.4433
vn -0.8086 0.1261 0.5746
vn -0.8842 0.2059 0.4193
vn -0.4799 0.6026 0.6376
vn -0.6205 0.5543 0.5547
vn -0.5356 0.5818 0.6121
vn -0.6328 0.5097 0.5829
vn -0.8375 0.5337 0.1175
vn -0.7978 0.3437 0.4954
vn -0.6848 0.7287 0.0086
vn -0.5614 0.8262 0.0466
vn -0.7102 0.7034 -0.0285
vn 0.8029 -0.1120 0.5855
vn 0.7371 -0.1165 0.6657
vn 0.3732 0.3266 0.8684
vn -0.0440 0.2037 0.9780
vn -0.5191 0.3873 0.7620
vn -0.0051 0.0961 0.9954
vn -0.3671 -0.2321 0.9007
vn -0.8410 0.0338 0.5399
vn -0.8747 0.4693 0.1212
vn -0.8750 -0.0182 0.4837
vn -0.9398 -0.1163 0.3213
vn -0.7108 0.4762 0.5177
vn -0.7062 0.5175 0.4832
vn -0.6059 0.6148 0.5048
vn -0.7631 -0.3100 0.5671
vn -0.8732 -0.1850 0.4509
vn -0.5917 -0.1904 0.7833
vn -0.7180 -0.6167 0.3228
vn -0.7966 0.2030 0.5695
vn -0.5045 0.8339 0.2238
vn -0.2289 0.9524 -0.2013
vn -0.4738 0.8631 -0.1749
vn -0.3411 0.9238 0.1738
vn -0.4387 0.8224 -0.3622
vn -0.6570 0.6100 0.4430
vn -0.7795 0.6181 -0.1020
vn -0.8095 0.3116 0.4976
vn -0.6954 0.0841 0.7137
vn -0.6934 0.3621 0.6230
vn -0.9464 0.1247 0.2980
vn -0.9602 0.0682 0.2709
vn -0.9566 0.2794 -0.0830
vn -0.8966 0.3223 0.3038
vn -0.5713 0.8141 -0.1040
vn -0.7275 0.4909 -0.4793
vn -0.5331 0.5982 -0.5983
vn -0.2966 0.7567 -0.5826
vn -0.4191 0.7665 -0.4867
vn -0.5911 -0.3546 0.7245
vn -0.0859 -0.7649 0.6383
vn 0.3127 -0.8384 0.4464
vn -0.1975 0.9620 -0.1885
vn -0.6707 0.7054 -0.2294
vn -0.4799 0.8773 0.0123
vn -0.1825 0.9828 0.0287
vn -0.2148 0.9351 -0.2818
vn -0.4324 0.8476 -0.3075
vn -0.5818 0.7094 -0.3978
vn -0.4741 -0.4600 0.7508
vn -0.4232 -0.1872 0.8865
vn -0.6635 0.1198 0.7385
vn -0.3786 -0.1293 0.9165
vn -0.3313 -0.2478 0.9104
vn -0.7276 0.0652 0.6829
vn -0.4790 -0.2030 0.8540
vn 0.6987 -0.6632 0.2684
vn -0.8327 0.4919 -0.2544
vn -0.8759 0.4379 -0.2024
vn -0.7559 0.4481 -0.4774
vn -0.9029 0.4225 0.0790
vn -0.9570 0.1810 0.2267
vn -0.7512 -0.1136 0.6502
vn -0.7408 -0.2698 0.6152
vn -0.7990 -0.2669 0.5389
vn -0.6176 -0.4808 0.6224
vn -0.2692 0.8927 -0.3614
vn -0.5461 0.8243 -0.1490
vn -0.3567 0.9341 0.0141
vn -0.6575 0.6968 0.2867
vn -0.9981 -0.0093 -0.0610
vn -0.9766 -0.1514 0.1527
vn -0.9492 -0.2211 0.2239
vn -0.2944 0.6045 -0.7402
vn -0.5697 0.4865 -0.6623
vn -0.5481 0.4519 -0.7038
vn -0.4247 0.5333 -0.7316
vn 0.0015 -0.5004 0.8658
vn -0.1795 -0.4804 0.8585
vn -0.9605 -0.1979 0.1954
vn -0.9993 0.0139 -0.0345
vn -0.8932 0.3202 -0.3156
vn -0.6795 -0.3010 0.6691
vn -0.4131 -0.6105 0.6758
vn -0.3950 -0.7919 0.4658
vn -0.6708 -0.2586 0.6951
vn -0.0000 -0.1338 0.9910
vn -0.0000 -0.8441 0.5362
vn -0.0000 -0.7100 0.7042
vn -0.8185 0.5630 -0.1144
vn -0.9167 0.3898 -0.0883
vn -0.7874 -0.2916 0.5431
vn -0.4676 -0.4174 0.7792
vn -0.8502 -0.3943 0.3487
vn -0.5687 -0.4355 0.6978
vn -0.4838 -0.2245 0.8459
vn -0.8211 -0.0573 0.5678
vn -0.4945 0.0191 0.8690
vn -0.6047 0.1301 0.7858
vn -0.6298 0.2329 0.7410
vn -0.7109 0.3323 0.6198
vn -0.7443 0.1489 0.6511
vn -0.8149 -0.4264 0.3926
vn -0.9057 0.2965 -0.3030
vn -0.7751 0.6017 0.1929
vn -0.9388 0.3444 0.0063
vn -0.6730 0.7017 -0.2338
vn -0.7547 0.6400 -0.1443
vn -0.5152 0.3336 -0.7895
vn -0.3195 0.4895 -0.8114
vn -0.5141 0.5654 -0.6450
vn -0.4663 0.5909 -0.6583
vn -0.3166 0.5933 -0.7401
vn -0.2942 0.6389 -0.7108
vn -0.3865 0.7766 -0.4975
vn -0.2372 0.4944 -0.8362
vn -0.5632 -0.0396 0.8253
vn -0.0000 0.2327 -0.9726
vn -0.2913 0.5794 -0.7612
vn -0.4260 0.5320 -0.7318
vn -0.5069 0.2498 -0.8250
vn -0.3604 0.5124 -0.7794
vn -0.0000 0.3000 -0.9539
vn -0.9927 0.1207 -0.0087
vn -0.7433 -0.0507 0.6671
vn -0.6901 0.0404 0.7226
vn -0.8089 -0.1846 0.5582
vn -0.9622 -0.1269 0.2411
vn -0.9563 -0.0305 0.2906
vn -0.9148 -0.2362 0.3277
vn -0.0333 0.2013 -0.9790
vn -0.1588 0.0909 -0.9831
vn -0.4888 0.3085 -0.8160
vn -0.7411 0.1989 -0.6413
vn -0.4591 0.3221 -0.8280
vn -0.6966 0.3020 -0.6508
vn -0.5176 0.6429 -0.5647
vn -0.3505 0.6962 -0.6265
vn -0.6192 0.6277 -0.4719
vn -0.7878 0.2657 -0.5557
vn -0.3946 0.3283 -0.8582
vn -0.1769 0.6133 -0.7698
vn -0.7191 0.2025 -0.6647
vn -0.8378 0.1167 -0.5334
vn -0.7640 -0.6317 0.1315
vn -0.7377 -0.5762 0.3517
vn -0.9288 -0.2716 0.2522
vn -0.9013 -0.4128 0.1312
vn -0.4572 0.0436 -0.8883
vn 0.1359 0.3529 -0.9257
vn -0.2556 0.0887 -0.9627
vn -0.9745 -0.2195 0.0460
vn -0.9282 -0.3292 0.1735
vn -0.8762 -0.4460 0.1827
vn -0.9480 -0.3131 0.0567
vn -0.9657 0.1083 -0.2360
vn -0.8620 -0.2745 -0.4262
vn -0.8871 -0.4570 0.0647
vn -0.8955 -0.0078 -0.4449
vn -0.8523 -0.5084 -0.1228
vn -0.8547 -0.5165 -0.0524
vn -0.6914 -0.3350 0.6401
vn -0.8081 -0.3516 0.4726
vn -0.8552 -0.1433 0.4981
vn -0.7917 -0.4120 0.4512
vn -0.8957 -0.4439 0.0252
vn -0.7364 -0.6542 -0.1726
vn -0.9570 -0.2895 0.0178
vn -0.8172 -0.4352 0.3779
vn -0.9111 -0.4091 0.0503
vn -0.8729 -0.0850 -0.4804
vn -0.8398 -0.3459 -0.4185
vn -0.7589 -0.6249 -0.1833
vn -0.8133 -0.5240 0.2528
vn -0.7680 -0.0431 -0.6390
vn -0.5434 0.0191 -0.8393
vn -0.5662 -0.1739 -0.8057
vn -0.7085 -0.2679 -0.6529
vn -0.4059 -0.3193 -0.8563
vn -0.4319 -0.2448 -0.8681
vn -0.8760 -0.4740 -0.0889
vn -0.8270 -0.5352 -0.1721
vn -0.8997 -0.3594 0.2478
vn -0.8334 -0.4963 -0.2433
vn -0.4970 -0.5125 -0.7003
vn -0.7849 -0.3045 -0.5396
vn -0.3625 -0.5749 -0.7335
vn -0.6208 -0.4424 -0.6472
vn -0.7031 -0.3516 -0.6181
vn -0.7543 -0.3249 -0.5705
vn -0.5074 -0.3425 -0.7907
vn -0.5027 -0.3386 -0.7954
vn -0.4351 -0.6081 -0.6640
vn -0.4041 -0.6347 -0.6586
vn -0.3079 -0.3727 -0.8754
vn -0.9550 0.0620 0.2901
vn -0.9399 0.1024 0.3257
vn -0.9955 0.0945 -0.0031
vn -0.6836 -0.5002 -0.5314
vn -0.7934 -0.4634 -0.3946
vn -0.8265 -0.4296 -0.3638
vn -0.7698 -0.6223 -0.1420
vn -0.7343 -0.6182 0.2803
vn -0.3998 -0.1604 0.9024
vn -0.6245 -0.0019 0.7810
vn -0.6408 -0.0992 0.7613
vn -0.5929 0.5626 0.5762
vn -0.8966 0.2548 0.3621
vn -0.5301 0.1159 0.8400
vn -0.9541 0.0775 0.2892
vn -0.9616 0.1498 -0.2301
vn -0.9329 0.1055 -0.3444
vn -0.9904 0.0339 0.1338
vn -0.9869 -0.0003 -0.1612
vn -0.8139 0.1396 -0.5639
vn -0.9012 0.0089 0.4334
vn -0.9880 0.1537 -0.0153
vn -0.9832 0.0957 -0.1554
vn 0.1107 0.9387 0.3266
vn -0.0150 0.8855 0.4645
vn -0.4964 -0.3971 -0.7719
vn -0.0000 -0.4750 0.8800
vn -0.0000 0.0003 1.0000
vn 0.2488 -0.1724 0.9531
vn 0.0660 -0.5299 0.8455
vn -0.1088 -0.0665 0.9918
vn -0.1471 -0.2066 0.9673
vn 0.4317 -0.0056 0.9020
vn -0.6135 -0.3834 -0.6903
vn -0.3250 -0.2197 -0.9198
vn -0.0000 -0.1203 -0.9927
vn -0.0000 -0.3435 -0.9392
vn 0.6205 -0.0210 -0.7840
vn 0.1480 0.1106 -0.9828
vn 0.2949 -0.0501 -0.9542
vn 0.6867 -0.0480 -0.7254
vn 0.2242 -0.0256 -0.9742
vn 0.4924 -0.0595 -0.8683
vn 0.0167 -0.0104 -0.9998
vn 0.7521 -0.1078 -0.6502
vn 0.3142 -0.1739 0.9333
vn 0.2275 -0.0226 0.9735
vn 0.0026 -0.1014 0.9948
vn 0.0033 0.0110 0.9999
vn 0.3459 -0.1591 0.9247
vn -0.8709 0.2079 0.4453
vn -0.9616 0.2728 -0.0310
vn -0.9271 -0.0208 0.3742
vn -0.9410 0.1556 0.3006
vn -0.6999 0.3273 0.6349
vn -0.1146 -0.1112 0.9872
vn -0.0365 0.0293 0.9989
vn -0.7944 0.2103 -0.5699
vn -0.9580 -0.1271 -0.2569
vn -0.4368 0.2884 -0.8521
vn -0.8444 0.5185 -0.1348
vn -0.8839 0.3322 -0.3292
vn -0.6583 0.6901 -0.3006
vn -0.8938 0.2089 -0.3970
vn -0.3304 0.8795 -0.3426
vn 0.3076 -0.1108 -0.9450
vn 0.5869 -0.0846 -0.8052
vn 0.2428 -0.0415 -0.9692
vn 0.7916 -0.1113 -0.6008
vn -0.0237 -0.0772 -0.9967
vn -0.4162 0.0768 -0.9060
vn -0.4742 0.0122 -0.8804
vn -0.5005 0.0872 -0.8614
vn -0.0984 -0.1252 -0.9872
vn -0.2053 -0.6543 0.7278
vn 0.1226 -0.3221 0.9387
vn 0.4094 -0.7240 0.5551
vn 0.1113 -0.7414 0.6618
vn -0.0000 -0.7771 0.6294
vn -0.0000 -0.7787 0.6273
vn -0.0000 -0.2681 0.9634
vn -0.0000 0.2630 0.9648
vn -0.0000 0.1678 0.9858
vn 0.0141 -0.0579 0.9982
vn 0.0171 0.2661 0.9638
vn -0.0000 -0.4391 0.8984
vn -0.0976 -0.4150 0.9046
vn -0.0000 -0.3303 0.9439
vn -0.3917 -0.5165 0.7614
vn -0.2786 -0.0881 0.9564
vn 0.1105 0.0001 0.9939
vn 0.2687 -0.0556 0.9616
vn -0.4649 -0.3827 0.7984
vn -0.1706 -0.2583 0.9509
vn -0.2231 0.3967 0.8904
vn -0.4759 0.2924 0.8295
vn 0.8582 0.0592 0.5099
vn 0.1296 0.5457 0.8279
vn 0.5375 0.1260 0.8338
vn 0.5567 0.0464 0.8294
vn -0.0000 -0.0207 0.9998
vn -0.0000 0.0203 0.9998
vn -0.0000 0.9477 0.3193
vn 0.0232 -0.8283 0.5599
vn 0.4234 -0.5471 0.7220
vn -0.0000 -0.7459 0.6661
vn -0.0000 -0.8788 0.4771
vn -0.4754 -0.6596 0.5822
vn -0.3503 -0.6590 0.6657
vn 0.4678 -0.0670 0.8813
vn 0.5920 -0.1721 0.7874
vn 0.5046 -0.1136 0.8559
vn -0.1272 -0.0847 0.9882
vn 0.5945 -0.5414 -0.5945
vn 0.2137 -0.4722 -0.8552
vn -0.3044 -0.2391 -0.9220
vn -0.3000 -0.0068 -0.9539
vn -0.3263 0.2992 0.8967
vn 0.1990 0.5726 0.7953
vn -0.0000 -0.2118 0.9773
vn -0.0000 0.4505 0.8928
vn -0.0000 0.9332 0.3593
vn 0.1867 0.0456 0.9814
vn -0.0000 0.8522 -0.5232
vn 0.0001 0.4989 -0.8667
vn -0.3235 0.1886 0.9273
vn -0.2615 0.5686 0.7799
vn -0.3890 0.5347 0.7501
vn -0.3878 0.1192 0.9140
vn -0.2189 0.0194 0.9756
vn -0.1809 0.4153 0.8915
vn -0.2647 0.1548 0.9518
vn -0.0598 0.2452 0.9676
vn -0.1895 0.0618 0.9799
vn 0.2814 0.3914 0.8761
vn -0.1266 -0.2629 0.9565
vn -0.4246 0.6672 0.6120
vn -0.4321 0.8383 0.3326
vn -0.3072 0.8956 0.3217
vn -0.2544 0.7561 0.6029
vn -0.1562 0.5104 0.8456
vn -0.1796 0.9411 0.2863
vn -0.5997 0.7904 0.1249
vn -0.3942 0.8272 -0.4005
vn -0.1678 0.5785 -0.7982
vn -0.1774 -0.0893 0.9801
vn -0.4361 -0.4466 0.7813
vn 0.3650 0.0924 0.9264
vn -0.2076 0.2629 0.9422
vn -0.0000 0.9723 0.2339
vn -0.0000 0.2802 0.9599
vn 0.1799 0.2703 0.9458
vn -0.1074 0.2431 0.9640
vn -0.6774 -0.2534 0.6906
vn -0.6004 0.1680 0.7819
vn -0.1628 0.0474 0.9855
vn -0.1096 -0.1837 0.9769
vn -0.3299 -0.0165 0.9439
vn -0.1602 -0.1120 0.9807
vn -0.9704 0.0277 0.2400
vn -0.9048 0.0629 0.4212
vn -0.9920 0.1061 -0.0688
vn -0.9649 0.0467 -0.2584
vn -0.9137 0.1162 0.3895
vn -0.9854 0.1678 -0.0274
vn -0.9358 0.0759 -0.3442
vn -0.3204 -0.3513 0.8797
vn -0.5853 -0.2810 0.7606
vn -0.2955 0.3311 0.8961
vn -0.2596 0.0721 0.9630
vn -0.1252 0.3242 0.9377
vn -0.1307 0.4135 0.9011
vn -0.9976 0.0064 0.0691
vn -0.9582 0.0309 -0.2844
vn -0.8588 0.0269 -0.5117
vn -0.8556 0.0486 -0.5154
vn -0.1794 0.3730 0.9103
vn -0.7294 0.0089 0.6840
vn -0.7512 -0.0082 0.6601
vn -0.7807 0.0509 0.6228
vn -0.3454 0.0056 0.9384
vn -0.4784 -0.0115 0.8781
vn -0.4403 0.0677 0.8953
vn -0.3217 0.0430 0.9459
vn -0.6487 0.0771 0.7571
vn -0.6353 0.1537 0.7568
vn -0.2510 -0.0648 0.9658
vn -0.2798 -0.0714 0.9574
vn -0.6224 -0.2410 0.7447
vn -0.2138 -0.4198 0.8821
vn -0.0825 -0.4726 0.8774
vn -0.3223 -0.4746 0.8191
vn -0.4779 -0.4449 0.7574
vn -0.5151 0.1465 0.8445
vn -0.1286 0.0003 0.9917
vn -0.1757 -0.0298 0.9840
vn -0.1063 0.1161 0.9875
vn -0.0746 0.1363 0.9879
vn -0.6475 0.0141 0.7620
vn -0.1933 0.0176 0.9810
vn -0.1882 0.4925 0.8497
vn -0.3123 0.2731 0.9099
vn -0.1796 0.3240 0.9288
vn -0.0199 0.4629 0.8862
vn 0.0839 0.3975 0.9138
vn 0.1418 0.3632 0.9209
vn -0.1040 0.1866 0.9769
vn -0.0510 -0.0924 0.9944
vn -0.0746 -0.1463 0.9864
vn -0.0695 0.4587 -0.8859
vn -0.1532 -0.0113 -0.9881
vn -0.0000 0.4349 -0.9005
vn -0.1798 -0.2300 -0.9565
vn -0.8615 -0.1903 0.4708
vn -0.8951 -0.1063 0.4330
vn -0.7224 0.1181 0.6813
vn -0.7904 0.0341 0.6117
vn -0.6948 0.0055 0.7192
vn -0.9126 -0.0052 0.4088
vn -0.1642 0.5405 0.8252
vn 0.1113 0.3003 0.9473
vn 0.2314 0.3595 0.9040
vn -0.0000 -0.0869 -0.9962
vn -0.0768 -0.0312 -0.9966
vn -0.1030 0.2072 -0.9729
vn -0.0000 0.1821 -0.9833
vn -0.0000 0.2713 -0.9625
vn -0.2405 0.2974 -0.9240
vn -0.2692 -0.0972 0.9582
vn 0.0245 -0.1267 0.9916
vn -0.2660 -0.0074 0.9639
vn -0.9411 -0.3339 -0.0527
vn -0.7417 -0.6695 -0.0393
vn -0.6643 -0.7454 0.0560
vn -0.9131 -0.2770 -0.2992
vn -0.2460 -0.4298 -0.8688
vn -0.6474 -0.3454 -0.6794
vn -0.6072 -0.6610 -0.4410
vn 0.1590 -0.8764 -0.4546
vn -0.8600 -0.0314 -0.5094
vn 0.2983 -0.7284 -0.6169
vn 0.2456 -0.4516 0.8578
vn -0.9885 -0.1376 -0.0628
vn -0.9765 -0.2101 -0.0480
vn -0.9700 -0.2222 -0.0988
vn -0.9631 0.0954 -0.2516
vn -0.9866 0.1598 0.0324
vn -0.9932 0.1094 -0.0406
vn -0.9591 0.0778 -0.2723
vn -0.9417 0.1967 0.2731
vn -0.9936 -0.1101 0.0248
vn -0.9163 0.1052 -0.3865
vn -0.9570 0.1256 -0.2615
vn -0.9022 0.2828 0.3258
vn 0.4832 -0.7968 0.3629
vn -0.9336 0.2274 0.2768
vn -0.2221 -0.4280 0.8761
vn -0.7323 -0.3174 -0.6025
vn -0.9245 0.3164 0.2126
vn -0.4114 0.3894 0.8240
vn -0.9117 0.4097 0.0322
vn -0.8336 0.5221 0.1803
vn -0.9753 0.1473 -0.1643
vn -0.9600 0.2380 -0.1475
vn -0.9262 0.2098 -0.3134
vn -0.8916 0.2009 -0.4057
vn -0.6698 0.5951 0.4441
vn -0.0275 -0.4515 -0.8918
vn 0.7732 0.0254 0.6336
vn -0.4650 -0.5896 -0.6604
vn -0.8854 0.3971 0.2415
vn -0.9563 -0.1457 -0.2534
vn -0.7597 -0.1332 -0.6364
vn -0.8509 0.0657 0.5212
vn -0.8011 -0.2168 0.5579
vn -0.3635 0.5110 -0.7789
vn -0.1700 0.3119 -0.9348
vn -0.0897 0.0535 -0.9945
vn -0.9730 -0.2010 -0.1134
vn -0.5556 -0.1649 -0.8149
vn -0.3800 -0.1476 -0.9131
vn -0.4617 0.0366 -0.8863
vn -0.5924 -0.0879 -0.8008
vn -0.5128 -0.0857 0.8542
vn -0.5176 -0.1827 0.8359
vn -0.9668 0.1136 0.2291
vn -0.8790 0.0396 0.4752
vn -0.7660 -0.1818 0.6166
vn -0.7556 -0.2709 0.5964
vn -0.7783 0.0805 0.6227
vn -0.3534 0.1332 -0.9260
vn -0.6293 0.2176 -0.7461
vn -0.8539 0.3533 -0.3823
vn -0.4617 0.8389 -0.2882
vn -0.1557 0.3564 -0.9213
vn -0.1637 0.7441 -0.6477
vn -0.1682 0.9735 -0.1552
vn -0.2031 -0.2238 -0.9532
vn -0.3273 0.1765 0.9283
vn -0.9139 0.1775 -0.3650
vn -0.6868 0.1495 -0.7113
vn -0.3976 0.1516 -0.9050
vn -0.5238 0.0610 -0.8496
vn -0.6901 0.1584 -0.7061
vn -0.5700 0.0856 -0.8172
vn -0.7141 0.0017 0.7001
vn -0.7203 0.2221 0.6572
vn -0.9092 0.1795 0.3756
vn -0.8217 0.0726 0.5653
vn -0.8540 0.0735 0.5150
vn -0.7308 0.1724 0.6605
vn -0.7809 -0.1109 0.6147
vn -0.9987 0.0296 -0.0406
vn -0.8778 -0.1488 0.4554
vn -0.7833 -0.2208 0.5811
vn -0.0898 0.3158 -0.9446
vn -0.2335 0.3347 -0.9129
vn -0.2160 0.1755 -0.9605
vn -0.1500 0.1072 -0.9829
vn -0.1537 -0.0228 -0.9879
vn -0.1208 -0.1519 -0.9810
vn -0.2485 -0.2795 -0.9274
vn -0.3074 0.0709 -0.9489
vn -0.8872 -0.0742 0.4553
vn -0.9828 -0.1164 0.1434
vn -0.7394 -0.1781 0.6493
vn -0.8441 -0.1816 0.5045
vn -0.9597 -0.2287 0.1632
vn -0.5976 -0.0486 0.8003
vn -0.1222 0.1221 -0.9850
vn -0.0165 -0.1312 -0.9912
vn 0.0353 -0.3035 -0.9522
vn 0.0246 -0.1556 -0.9875
vn 0.1186 -0.3256 -0.9380
vn 0.1141 -0.3370 -0.9346
vn 0.0273 -0.3159 -0.9484
vn -0.3666 0.2375 -0.8996
vn -0.1619 -0.2929 -0.9423
vn -0.6311 0.7655 -0.1250
vn -0.5295 0.8019 -0.2767
vn -0.6777 0.4372 -0.5912
vn -0.7479 0.6505 -0.1321
vn -0.9600 0.2337 -0.1544
vn -0.3559 0.6346 0.6860
vn -0.8697 0.4007 0.2882
vn -0.9629 0.1380 0.2320
vn -0.4098 0.9084 0.0824
vn -0.9275 0.3722 -0.0354
vn -0.5100 -0.2112 0.8339
vn -0.7303 -0.2714 0.6269
vn -0.8987 -0.1766 0.4014
vn -0.7231 0.0896 -0.6849
vn -0.9316 0.1681 -0.3222
vn -0.9196 0.0577 0.3886
vn -0.8327 -0.0661 0.5497
vn -0.9414 -0.1849 0.2822
vn -0.9890 -0.0009 0.1482
vn -0.7221 0.0990 -0.6846
vn -0.6848 -0.0396 -0.7276
vn -0.9483 -0.1664 -0.2702
vn -0.8485 -0.1106 -0.5175
vn -0.6006 -0.1050 -0.7926
vn -0.8867 0.1260 0.4450
vn -0.5292 0.4743 0.7036
vn -0.5292 0.8334 0.1594
vn -0.9886 -0.0820 0.1265
vn -0.8715 -0.2640 0.4132
vn -0.7093 -0.0502 0.7031
vn -0.5359 -0.1405 0.8325
vn -0.8888 -0.2037 0.4105
vn -0.7920 -0.1187 0.5989
vn -0.5955 -0.1312 0.7926
vn -0.8436 -0.0303 0.5361
vn -0.8970 -0.1383 0.4198
vn -0.9519 -0.2094 -0.2237
vn -0.9857 -0.0760 0.1502
vn -0.7846 0.0259 0.6195
vn 0.0288 -0.2458 -0.9689
vn -0.0377 -0.2529 -0.9668
vn -0.0295 -0.1206 -0.9923
vn 0.0006 -0.1287 -0.9917
vn -0.1027 0.0814 -0.9914
vn -0.0652 -0.1200 -0.9906
vn -0.1016 -0.2675 -0.9582
vn -0.2530 0.3522 0.9011
vn -0.5494 0.0963 0.8300
vn -0.4345 -0.1592 0.8865
vn -0.3881 0.0099 0.9216
vn -0.4230 -0.1730 0.8895
vn -0.3875 0.1263 0.9132
vn -0.8254 0.0094 -0.5644
vn -0.6532 -0.1083 -0.7494
vn -0.8100 -0.1611 -0.5638
vn -0.7218 -0.2800 -0.6330
vn -0.8078 -0.2625 -0.5277
vn -0.6688 -0.1333 -0.7314
vn -0.5346 -0.2526 -0.8065
vn -0.6346 -0.3225 -0.7023
vn -0.5863 0.1349 0.7988
vn -0.4884 0.1024 0.8666
vn -0.8363 -0.2974 -0.4607
vn -0.5425 -0.3458 -0.7655
vn -0.4450 0.0116 0.8954
vn 0.1342 -0.1212 0.9835
vn -0.5703 -0.3817 -0.7274
vn -0.9194 0.0504 -0.3901
vn -0.9053 -0.1162 -0.4085
vn -0.8331 -0.3044 -0.4618
vn -0.5776 -0.2670 0.7714
vn -0.8389 -0.3375 0.4270
vn -0.9415 -0.1488 0.3025
vn -0.8803 -0.0955 0.4647
vn 0.6419 -0.1815 0.7450
vn 0.6356 -0.2597 0.7270
vn 0.3071 -0.3354 0.8906
vn -0.0770 -0.3586 0.9303
vn -0.7034 -0.3447 -0.6216
vn -0.7086 -0.2581 -0.6567
vn -0.8216 -0.2735 -0.5001
vn -0.7421 -0.2071 -0.6374
vn -0.9354 -0.1259 -0.3304
vn -0.4169 -0.3144 -0.8528
vn -0.4935 -0.3167 -0.8100
vn -0.9561 -0.2551 0.1443
vn -0.9852 0.0146 0.1706
vn -0.9985 0.0476 -0.0273
vn -0.9840 -0.1747 -0.0350
vn -0.9672 -0.2168 -0.1320
vn -0.9772 0.0615 -0.2033
vn -0.9793 -0.0670 -0.1911
vn -0.9973 -0.0598 -0.0437
vn 0.1389 -0.4161 0.8987
vn 0.4371 -0.4878 0.7557
vn 0.6633 -0.2665 0.6993
vn -0.9039 -0.2953 0.3094
vn -0.0535 -0.1017 0.9934
vn -0.0413 -0.1407 0.9892
vn -0.1632 -0.0985 0.9817
vn 0.0712 -0.1112 0.9912
vn 0.2036 -0.1850 0.9614
vn -0.0854 -0.1865 0.9787
vn -0.1327 -0.0708 0.9886
vn -0.9592 -0.1734 -0.2234
vn -0.9831 -0.1772 -0.0453
vn -0.9291 -0.3368 -0.1525
vn -0.9294 -0.2352 -0.2844
vn -0.8957 -0.1846 -0.4045
vn -0.9015 -0.2530 -0.3512
vn 0.0380 -0.6383 -0.7688
vn 0.8063 -0.4511 0.3826
vn -0.2944 -0.0133 0.9556
vn -0.2251 -0.0689 0.9719
vn -0.6414 -0.3951 -0.6576
vn 0.1396 -0.4655 -0.8740
vn -0.0398 -0.3660 -0.9298
vn -0.3039 -0.3981 -0.8655
vn 0.8625 -0.0641 -0.5019
vn 0.6449 -0.0633 -0.7616
vn 0.5927 -0.3478 0.7264
vn 0.3415 -0.4884 0.8030
vn 0.8149 -0.3876 0.4309
vn -0.2553 -0.7165 0.6492
vn 0.2938 -0.1980 0.9351
vn 0.2893 -0.2684 0.9188
vn 0.8491 -0.3480 -0.3974
vn 0.8835 -0.2612 -0.3889
vn 0.9261 -0.3741 -0.0490
vn -0.6352 0.0934 0.7667
vn -0.5801 0.1272 0.8045
vn -0.3001 -0.3894 -0.8708
vn -0.6231 -0.3693 -0.6895
vn 0.5215 -0.1277 -0.8436
vn 0.2543 -0.0441 -0.9661
vn 0.2225 -0.0969 -0.9701
vn 0.6095 -0.2111 -0.7641
vn -0.0156 -0.1546 0.9879
vn -0.2599 -0.2160 0.9412
vn 0.2929 -0.1738 0.9402
vn -0.0957 -0.4134 0.9055
vn -0.0874 0.1169 0.9893
vn 0.4068 0.1867 0.8942
vn -0.1441 -0.0103 0.9895
vn 0.7771 -0.1542 0.6102
vn 0.4184 -0.1468 0.8963
vn 0.7411 0.0854 0.6659
vn 0.7099 0.0311 0.7036
vn 0.3532 0.1546 0.9227
vn -0.0755 0.2246 0.9715
vn 0.6799 -0.3258 -0.6569
vn 0.4132 -0.2132 -0.8853
vn 0.5021 -0.3136 -0.8060
vn 0.7560 -0.3066 -0.5784
vn -0.1085 0.0430 -0.9932
vn -0.0160 0.0037 -0.9999
vn 0.0577 -0.2523 -0.9659
vn -0.9066 0.2262 0.3562
vn -0.7940 0.2359 0.5603
vn -0.6935 0.1518 0.7043
vn -0.7730 0.1601 0.6139
vn -0.5490 0.0547 0.8340
vn -0.4539 0.1772 0.8733
vn -0.6103 0.2384 0.7555
vn -0.9769 0.1671 0.1331
vn -0.9509 0.1330 0.2793
vn -0.3823 -0.8688 -0.3147
vn 0.1914 -0.7036 -0.6844
vn 0.8533 -0.5139 0.0877
vn 0.3711 -0.6413 0.6715
vn 0.4657 0.2340 0.8534
vn 0.9907 0.0637 0.1205
vn -0.3672 0.0693 0.9276
vn -0.2915 -0.5168 0.8050
vn -0.9252 -0.2940 0.2401
vn -0.7811 -0.5563 0.2836
vn -0.6921 -0.5937 -0.4105
vn 0.3454 -0.5268 -0.7766
vn 0.6369 0.2484 -0.7298
vn 0.9880 0.0961 0.1210
vn 0.6768 -0.6631 0.3197
vn 0.3553 -0.2050 0.9120
vn 0.8582 0.4040 0.3168
vn 0.5445 0.5294 -0.6506
vn -0.4631 -0.6724 0.5775
vn -0.0579 -0.9253 0.3749
vn -0.3164 -0.8141 -0.4870
vn -0.7247 -0.5377 -0.4309
vn -0.1878 0.0298 -0.9817
vn 0.8244 -0.5651 0.0313
vn 0.9353 -0.2422 -0.2579
vn 0.8516 -0.3379 -0.4007
vn 0.8096 -0.5022 -0.3039
vn 0.7826 0.2404 -0.5742
vn 0.0862 -0.1335 -0.9873
vn -0.0388 -0.9992 0.0046
vn 0.3877 -0.8325 -0.3957
vn 0.9070 -0.3473 -0.2381
vn 0.8810 -0.4532 -0.1355
vn 0.3510 -0.6518 -0.6723
vn 0.7876 -0.4445 -0.4267
vn 0.9492 -0.2899 -0.1226
vn 0.7011 0.2351 -0.6732
vn 0.8611 0.2710 0.4301
vn 0.0849 -0.1303 0.9878
vn -0.0032 -0.7201 0.6939
vn 0.1875 -0.6665 0.7215
vn 0.4441 -0.8335 0.3286
vn 0.9569 -0.1115 0.2682
vn 0.7568 0.2713 0.5947
vn 0.3441 -0.8571 -0.3835
vn 0.9375 0.2032 -0.2823
vn 0.6171 0.7474 -0.2462
vn 0.3716 -0.5878 -0.7186
vn -0.2098 -0.8520 -0.4797
vn 0.0649 -0.5820 -0.8106
vn -0.3733 -0.9198 -0.1211
vn 0.4327 0.3622 0.8256
vn 0.5045 0.5136 0.6940
vn 0.0149 0.1139 0.9934
vn -0.3904 0.0528 0.9191
vn -0.6156 -0.6263 0.4782
vn 0.6782 -0.5481 0.4895
vn 0.7099 0.5324 0.4610
vn 0.1429 0.4540 0.8795
vn -0.2054 0.3652 0.9080
vn -0.3244 0.2132 0.9216
vn -0.2017 -0.1844 -0.9619
vn 0.6395 -0.7663 -0.0622
vn 0.6416 0.0744 0.7634
vn 0.8335 0.5199 -0.1870
vn 0.6619 -0.7131 0.2310
vn 0.7571 0.6359 0.1497
vn 0.4356 0.8996 -0.0322
vn 0.6317 -0.3284 0.7022
vn 0.8556 0.2182 0.4694
vn 0.5763 0.5908 0.5647
vn 0.5497 0.8243 0.1354
vn 0.7801 0.6171 -0.1029
vn -0.1710 -0.9496 0.2626
vn 0.0837 -0.9693 0.2314
vn -0.2905 -0.9531 0.0848
vn 0.5382 -0.8183 0.2016
vn 0.9234 -0.3680 0.1091
vn 0.3175 -0.5853 -0.7461
vn 0.8059 0.0164 -0.5918
vn 0.6579 0.6182 -0.4300
vn -0.0853 0.1571 -0.9839
vn -0.7283 -0.3895 -0.5639
vn -0.6248 -0.7586 0.1846
vn 0.0322 -0.2250 0.9738
vn 0.3177 0.5437 -0.7768
vn 0.5498 0.6408 -0.5358
vn -0.5644 -0.8028 0.1922
vn -0.6200 -0.6786 0.3940
vn -0.3687 -0.8716 0.3231
vn -0.7361 -0.5122 0.4425
vn -0.0528 -0.8938 -0.4453
vn -0.2745 -0.8322 -0.4818
vn -0.1104 -0.2050 -0.9725
vn -0.1028 0.0230 -0.9944
vn -0.6565 -0.3262 0.6802
vn -0.5554 -0.0418 0.8305
vn -0.8211 -0.3101 0.4792
vn -0.7936 -0.5178 -0.3196
vn -0.7577 0.0478 0.6509
vn -0.8400 -0.0872 0.5356
vn -0.7594 -0.3479 0.5499
vn -0.8765 -0.3154 -0.3637
vn -0.7509 -0.3083 0.5841
vn 0.9474 -0.0423 0.3172
vn 0.3970 0.0950 0.9129
vn 0.9747 -0.2092 -0.0791
vn 0.9182 -0.3334 0.2136
vn -0.0377 -0.2022 0.9786
vn -0.8183 -0.4326 0.3784
vn -0.8975 -0.3701 0.2399
vn 0.5389 -0.8000 -0.2638
vn 0.9579 0.2331 -0.1677
vn 0.6567 0.3040 0.6902
vn 0.4195 -0.6247 0.6586
vn -0.1301 -0.5828 0.8021
vn 0.4501 0.1919 0.8721
vn 0.6737 0.7272 0.1315
vn -0.5348 -0.8408 -0.0841
vn 0.0274 -0.4236 -0.9054
vn 0.4318 0.4265 -0.7947
vn 0.2388 0.4380 -0.8667
vn -0.4149 -0.3974 -0.8185
vn -0.7758 -0.4308 -0.4610
vn 0.0216 -0.9826 -0.1844
vn -0.6824 -0.4353 -0.5873
vn -0.9729 -0.1526 0.1736
vn 0.7072 -0.4743 -0.5244
vn -0.7736 -0.6254 -0.1020
vn -0.0652 -0.5171 0.8535
vn 0.8516 -0.3238 -0.4122
vn 0.2378 -0.2369 -0.9420
vn 0.2565 0.0233 -0.9663
vn -0.9208 -0.1665 -0.3527
vn -0.5790 -0.1436 -0.8026
vn -0.6251 -0.2982 -0.7214
vn 0.4010 0.2578 0.8791
vn -0.0361 0.2806 0.9591
vn -0.0186 0.3570 0.9339
vn 0.4412 0.3507 0.8260
vn 0.9152 -0.3504 -0.1988
vn 0.8780 -0.3635 -0.3114
vn 0.8192 -0.1717 -0.5472
vn 0.8169 -0.2536 -0.5180
vn 0.7154 -0.4110 -0.5650
vn 0.9450 0.2316 -0.2309
vn 0.9855 -0.1656 -0.0379
vn 0.8547 -0.4909 0.1689
vn 0.7880 -0.5996 -0.1397
vn 0.5015 -0.7394 -0.4492
vn -0.6185 0.2426 0.7474
vn -0.5674 0.2601 0.7813
vn -0.9271 0.1727 0.3326
vn -0.8967 0.1741 0.4070
vn 0.4568 0.3087 0.8343
vn -0.0334 0.3685 0.9290
vn 0.5114 -0.3461 -0.7866
vn 0.5266 -0.3389 -0.7796
vn 0.0379 -0.3129 -0.9490
vn 0.0301 -0.3594 -0.9327
vn -0.4715 -0.2441 -0.8474
vn -0.4317 -0.2149 -0.8761
vn 0.5696 -0.3605 -0.7387
vn 0.0824 -0.3336 -0.9391
vn -0.4317 -0.2598 -0.8638
vn 0.2367 -0.1499 -0.9600
vn -0.4578 -0.0551 -0.8873
vn -0.4212 -0.3206 -0.8484
vn 0.1898 -0.3894 -0.9013
vn 0.0243 -0.7523 -0.6583
vn -0.4246 -0.6478 -0.6325
vn -0.8784 0.0141 -0.4777
vn -0.8434 -0.2347 -0.4834
vn -0.7674 -0.5157 -0.3811
vn -0.9941 -0.0851 0.0665
vn -0.9043 -0.4150 0.1006
vn -0.9699 -0.2433 -0.0110
vn -0.8008 -0.3420 -0.4917
vn -0.4552 -0.4823 -0.7484
vn -0.7799 0.0651 -0.6225
vn -0.4203 -0.0553 -0.9057
vn 0.0923 -0.0925 -0.9914
vn 0.0187 -0.5900 -0.8072
vn 0.6696 -0.0624 -0.7401
vn 0.5620 -0.6030 -0.5661
vn 0.9478 -0.0277 -0.3176
vn 0.8693 -0.4619 -0.1757
vn 0.9984 -0.0157 -0.0534
vn 0.9193 -0.3817 0.0956
vn 0.8963 0.1173 0.4276
vn 0.7692 -0.2888 0.5700
vn 0.6816 -0.4239 0.5964
vn 0.8601 0.1059 0.4990
vn 0.3430 -0.1721 0.9234
vn 0.2976 -0.3053 0.9045
vn 0.3803 0.2386 0.8936
vn -0.1007 -0.2750 0.9562
vn -0.1308 0.2406 0.9618
vn -0.4777 -0.3419 0.8093
vn -0.5657 0.1535 0.8102
vn -0.6186 0.2939 0.7287
vn -0.8466 0.0593 0.5290
vn -0.8440 0.1932 0.5004
vn -0.9931 0.0985 0.0635
vn -0.7465 -0.3728 0.5511
vn -0.4951 -0.1814 0.8497
vn -0.8258 -0.2060 0.5249
vn -0.5083 0.3930 0.7663
vn -0.8554 0.3572 0.3752
vn -0.9606 0.2283 -0.1585
vn -0.8569 0.3607 0.3682
vn -0.9651 0.2186 -0.1441
vn -0.7948 0.0375 -0.6057
vn -0.9954 0.0509 -0.0806
vn -0.8143 -0.1232 -0.5672
vn -0.4235 -0.0947 -0.9009
vn 0.0991 -0.1149 -0.9884
vn 0.6404 -0.0840 -0.7635
vn 0.8775 -0.3356 -0.3427
vn 0.9309 -0.1001 -0.3513
vn 0.9827 -0.1732 0.0659
vn 0.9981 -0.0552 -0.0268
vn 0.8379 0.1381 0.5281
vn 0.8948 0.1476 0.4214
vn 0.4661 0.2452 0.8500
vn -0.0298 0.3172 0.9479
vn -0.0759 -0.1216 0.9897
vn -0.5235 0.3964 0.7542
vn 0.9834 -0.1398 0.1160
vn 0.7591 0.0976 0.6437
vn 0.9756 -0.1848 0.1189
vn 0.8598 -0.2960 -0.4161
vn 0.8109 -0.3088 -0.4970
vn 0.9844 -0.1671 0.0559
vn 0.9593 -0.2813 -0.0234
vn -0.9904 0.0761 -0.1150
vn -0.8000 -0.0737 -0.5955
vn -0.9816 0.0426 -0.1862
vn -0.7928 -0.0919 -0.6025
vn -0.9432 0.1057 -0.3150
vn -0.7645 0.0229 -0.6443
vn -0.4867 -0.0964 -0.8682
vn -0.6916 0.1428 -0.7081
vn -0.4268 0.1134 -0.8972
vn -0.5994 0.0948 -0.7948
vn -0.3136 0.0568 -0.9479
vn -0.4712 -0.0071 -0.8820
vn -0.1440 -0.1170 -0.9826
vn -0.0074 -0.0364 -0.9993
vn -0.1041 -0.3038 -0.9470
vn 0.1571 -0.1786 -0.9713
vn -0.3643 -0.4298 -0.8262
vn -0.3847 -0.1186 -0.9154
vn -0.4984 -0.1431 -0.8550
vn -0.3712 -0.1325 -0.9190
vn -0.3988 -0.4072 -0.8217
vn -0.0996 -0.0431 -0.9941
vn -0.1164 -0.3427 -0.9322
vn -0.2524 -0.0377 -0.9669
vn -0.4041 -0.3345 -0.8514
vn -0.6031 -0.2976 -0.7401
vn -0.9311 -0.2625 -0.2533
vn -0.7898 -0.1738 -0.5883
vn -0.7111 -0.3117 -0.6302
vn -0.7507 -0.3406 -0.5660
vn -0.8373 -0.2073 -0.5059
vn -0.7628 -0.1157 -0.6362
vn -0.8997 -0.2148 -0.3799
vn -0.2856 0.0502 -0.9570
vn -0.4073 -0.1768 -0.8960
vn -0.1875 0.0781 -0.9792
vn -0.1559 -0.1334 -0.9787
vn -0.1768 -0.2903 -0.9405
vn -0.1505 -0.2911 -0.9448
vn -0.2233 -0.3100 -0.9241
vn -0.3081 -0.2922 -0.9054
vn -0.7916 -0.2335 -0.5647
vn -0.6473 -0.2240 -0.7286
vn -0.5394 0.0045 -0.8420
vn -0.5562 -0.0213 -0.8308
vn -0.5008 0.1483 -0.8528
vn -0.5848 0.0575 -0.8091
vn -0.5311 0.0825 -0.8433
vn -0.6414 0.0972 -0.7610
vn -0.6489 -0.1640 -0.7430
vn -0.7002 -0.0709 -0.7105
vn -0.6652 -0.1964 -0.7204
vn -0.6478 0.3112 -0.6953
vn -0.7560 0.1238 -0.6427
vn -0.7634 0.2894 -0.5775
vn -0.8305 0.2546 -0.4954
vn -0.8891 0.2203 -0.4013
vn -0.9489 0.2087 -0.2368
vn -0.9705 0.2398 -0.0256
vn -0.9763 0.2095 -0.0541
vn -0.9642 0.2522 0.0820
vn -0.9752 0.2101 0.0690
vn -0.9220 0.2598 0.2870
vn -0.8791 0.2199 0.4230
vn -0.8461 0.2748 0.4567
vn -0.7784 0.1945 0.5968
vn -0.7646 0.2670 0.5866
vn -0.8233 0.2093 0.5276
vn -0.8973 0.1852 0.4007
vn -0.6790 0.1540 0.7178
vn -0.5785 -0.0321 0.8150
vn -0.4870 0.0993 0.8677
vn -0.3003 -0.0414 0.9529
vn -0.2539 -0.0012 0.9672
vn -0.0169 -0.1174 0.9929
vn -0.1785 -0.2279 0.9572
vn -0.0092 -0.5353 0.8446
vn 0.1128 -0.4563 0.8827
vn 0.2912 -0.2670 0.9187
vn 0.5216 -0.5720 0.6331
vn 0.6498 -0.2865 0.7040
vn 0.6788 -0.1573 0.7173
vn 0.8519 -0.2835 0.4404
vn 0.9018 -0.1313 0.4117
vn 0.5918 -0.2515 0.7658
vn 0.8595 -0.2352 0.4538
vn 0.8535 -0.1738 0.4912
vn 0.9224 -0.1736 0.3450
vn 0.9414 -0.1616 0.2962
vn 0.9550 -0.2045 0.2149
vn 0.9541 -0.2829 0.0989
vn 0.9293 -0.3025 0.2120
vn 0.9583 -0.2445 0.1483
vn 0.9684 -0.1223 0.2173
vn 0.9815 -0.1900 0.0250
vn 0.9922 -0.1230 0.0213
vn 0.9538 -0.1804 0.2403
vn 0.9842 -0.1767 -0.0112
vn 0.9576 -0.1432 -0.2501
vn 0.9448 -0.1600 -0.2859
vn 0.9676 -0.1494 0.2037
vn 0.9864 -0.1583 -0.0443
vn 0.9357 -0.1382 -0.3245
vn 0.9910 -0.1149 -0.0687
vn 0.9360 -0.0874 -0.3409
vn 0.9731 -0.2123 -0.0899
vn 0.9101 -0.1459 -0.3878
vn 0.9906 -0.1113 -0.0790
vn 0.9117 -0.0296 -0.4098
vn 0.5785 0.0395 -0.8148
vn 0.8926 0.0952 -0.4407
vn 0.0966 0.1169 -0.9884
vn -0.4385 0.1896 -0.8785
vn -0.8118 0.0822 -0.5781
vn -0.9777 0.0799 -0.1943
vn -0.8257 0.0347 -0.5631
vn -0.9740 -0.0155 -0.2261
vn -0.8455 0.0422 -0.5324
vn -0.9588 -0.0506 -0.2797
vn -0.8506 -0.0176 -0.5256
vn -0.5417 -0.0545 -0.8388
vn -0.6050 -0.0399 -0.7953
vn -0.6500 0.0169 -0.7598
vn -0.1466 -0.0378 -0.9885
vn 0.3501 -0.0492 -0.9354
vn -0.6578 -0.0258 -0.7528
vn -0.1635 -0.0334 -0.9860
vn 0.3518 -0.0548 -0.9345
vn 0.6199 -0.0722 -0.7814
vn 0.5920 -0.1556 -0.7908
vn -0.1788 -0.1698 -0.9691
vn 0.3014 -0.2790 -0.9118
vn 0.5492 -0.3415 -0.7627
vn 0.2065 -0.4781 -0.8537
vn 0.5348 -0.5061 -0.6766
vn 0.8510 -0.3104 -0.4235
vn 0.8189 -0.2942 -0.4929
vn 0.7995 -0.2215 -0.5584
vn 0.9626 -0.1936 -0.1896
vn 0.9580 -0.1890 -0.2156
vn 0.7979 -0.1279 -0.5891
vn 0.9811 -0.1936 -0.0042
vn 0.9814 -0.1082 -0.1587
vn 0.9981 -0.0580 -0.0196
vn 0.9908 -0.1143 0.0721
vn 0.9833 0.1821 -0.0078
vn 0.9922 0.1192 0.0369
vn 0.9902 -0.0846 0.1111
vn 0.9381 -0.2824 0.2003
vn 0.8766 -0.3848 0.2890
vn 0.7856 -0.4812 0.3888
vn 0.5184 -0.6469 0.5592
vn 0.7212 -0.6656 0.1922
vn 0.2445 -0.8352 0.4926
vn -0.0000 -0.9891 0.1469
vn -0.0000 -0.8691 0.4946
vn -0.2496 0.8122 -0.5273
vn -0.0391 0.9795 0.1977
vn -0.0000 0.9630 0.2694
vn -0.0000 0.8561 -0.5168
vn 0.2345 0.3737 0.8974
vn -0.0000 0.2904 0.9569
vn -0.1434 0.9843 0.1030
vn 0.4517 0.4458 0.7728
vn 0.6094 -0.2318 0.7583
vn 0.3171 -0.2327 0.9194
vn -0.0000 -0.2512 0.9679
vn 0.2592 0.3326 0.9068
vn -0.0000 0.2817 0.9595
vn -0.1135 0.4211 0.8999
vn -0.1561 -0.2830 0.9463
vn -0.0000 -0.2783 0.9605
vn -0.0000 0.4463 0.8949
vn -0.2329 0.3567 0.9047
vn -0.3469 -0.2958 0.8900
vn -0.4098 0.3829 0.8279
vn -0.6117 -0.2456 0.7520
vn -0.4928 0.5795 0.6491
vn -0.8344 -0.0078 0.5512
vn -0.8606 -0.2245 0.4572
vn -0.6937 0.1536 0.7037
vn -0.9293 0.3147 0.1932
vn -0.9939 -0.1099 -0.0022
vn -0.9993 0.0069 0.0356
vn -0.0337 0.6939 0.7193
vn -0.7925 0.5689 0.2196
vn -0.8708 0.0154 -0.4915
vn -0.8419 -0.0124 -0.5395
vn -0.6089 0.1496 -0.7790
vn -0.6064 0.0343 -0.7944
vn -0.3293 0.2811 -0.9014
vn -0.3503 0.0968 -0.9316
vn -0.0000 0.3455 -0.9384
vn -0.0000 0.1268 -0.9919
vn -0.0000 0.1011 -0.9949
vn -0.5342 0.6867 -0.4931
vn -0.8116 0.5331 -0.2389
vn -0.3366 0.9249 0.1766
vn -0.4671 0.7863 0.4044
vn 0.7102 0.6457 0.2804
vn 0.6637 0.5127 0.5446
vn 0.9991 0.0420 -0.0077
vn 0.8710 -0.1772 0.4582
vn 0.5537 0.7319 0.3970
vn 0.5296 0.6027 0.5968
vn 0.4364 0.4611 0.7726
vn -0.2566 0.9450 0.2028
vn -0.0851 0.9772 0.1943
vn -0.0074 0.9694 0.2455
vn -0.2255 0.9722 -0.0624
vn -0.1815 0.9198 -0.3480
vn -0.0000 0.9065 -0.4222
vn -0.0000 0.9653 0.2611
vn 0.1777 0.6338 -0.7528
vn 0.0865 0.9907 -0.1051
vn -0.0000 0.9903 -0.1390
vn -0.0000 0.6331 -0.7741
vn 0.3724 0.6098 -0.6996
vn 0.2093 0.9775 -0.0282
vn 0.6299 0.4999 -0.5945
vn 0.3512 0.9355 0.0382
vn 0.8731 0.3008 -0.3838
vn 0.5600 0.8218 0.1050
vn 0.4360 0.8978 -0.0619
vn 0.5388 0.8246 0.1721
vn -0.0399 0.8008 0.5975
vn -0.1886 0.7676 0.6125
vn -0.3302 0.8479 0.4147
vn 0.3684 0.8462 0.3850
vn 0.2329 0.8719 0.4308
vn -0.0262 0.9561 0.2918
vn 0.9088 0.3275 0.2585
vn 0.6476 0.4500 0.6148
vn 0.1051 0.9036 0.4153
vn -0.0440 0.7300 0.6820
vn -0.1956 0.9096 0.3666
vn -0.1318 0.9903 0.0445
vn -0.1321 0.9760 -0.1734
vn -0.0000 0.9926 -0.1214
vn -0.0000 0.9247 -0.3808
vn -0.0013 0.8822 0.4709
vn 0.1416 0.9262 -0.3494
vn -0.0000 0.9203 -0.3911
vn -0.0000 0.8853 0.4649
vn -0.0047 0.8585 0.5128
vn 0.2752 0.9270 -0.2548
vn 0.2956 0.9148 0.2754
vn 0.4135 0.9087 -0.0574
vn 0.8067 0.5882 -0.0567
vn -0.2525 0.7755 0.5787
vn 0.1431 0.8897 0.4335
vn 0.3292 0.7325 0.5958
vn -0.8156 0.2647 0.5145
vn -0.8733 0.4383 0.2127
vn -0.8849 0.0712 0.4602
vn -0.9852 0.1654 0.0458
vn -0.8722 -0.0362 0.4879
vn -0.9989 0.0445 -0.0125
vn -0.6885 0.0996 0.7184
vn -0.6341 0.1111 0.7652
vn -0.7169 -0.3385 0.6095
vn -0.4484 0.3049 0.8402
vn -0.5572 -0.3241 0.7645
vn -0.4369 -0.8754 0.2070
vn -0.6598 -0.7503 0.0409
vn -0.3048 -0.9453 -0.1159
vn -0.6267 -0.7696 -0.1221
vn -0.4173 -0.9049 0.0842
vn -0.7356 -0.6694 0.1035
vn -0.9258 -0.3757 0.0428
vn -0.7462 -0.4789 0.4623
vn -0.8902 -0.2946 0.3474
vn -0.6179 -0.2848 0.7329
vn -0.6874 -0.1797 0.7037
vn -0.5395 -0.2478 0.8047
vn -0.5098 -0.2882 0.8106
vn -0.4353 -0.2718 0.8583
vn -0.0000 -0.3429 0.9394
vn -0.0000 -0.2819 0.9594
vn -0.5064 0.1739 0.8446
vn -0.5440 -0.0274 0.8387
vn -0.0000 -0.0839 0.9965
vn -0.0000 0.1904 0.9817
vn -0.6837 0.1034 0.7224
vn -0.0000 0.3917 0.9201
vn -0.0000 -0.4058 0.9140
vn -0.0000 -0.9535 0.3015
vn -0.0000 -0.9953 -0.0969
vn -0.0000 -0.9970 0.0773
vn -0.5444 -0.6384 0.5440
vn -0.0000 -0.7768 0.6298
vn -0.0000 0.8510 0.5252
vn -0.0000 0.9231 0.3845
vn -0.0000 0.9530 -0.3030
vn -0.0000 0.3687 -0.9295
vn 0.3466 0.5386 0.7680
vn 0.1480 0.5560 0.8179
vn 0.2883 0.7550 0.5890
vn -0.0002 0.9492 0.3147
vn -0.0730 0.7378 0.6710
vn -0.1472 0.9313 0.3332
vn -0.3197 0.4140 0.8523
vn -0.0428 0.5033 0.8630
vn -0.3470 0.6593 0.6670
vn -0.3975 0.8582 0.3247
vn -0.6307 0.5036 0.5904
vn -0.5024 0.7981 0.3327
vn -0.3995 0.8993 -0.1777
vn -0.4742 0.8609 -0.1842
vn -0.8295 0.4904 0.2673
vn -0.7312 0.6594 -0.1747
vn -0.3340 0.6672 -0.6658
vn -0.3906 0.6382 -0.6635
vn -0.6695 0.4592 -0.5839
vn -0.7977 0.5717 -0.1920
vn -0.8340 0.2671 -0.4827
vn -0.2559 0.3243 -0.9107
vn -0.6359 0.1473 -0.7576
vn -0.7945 0.0257 -0.6067
vn -0.5267 0.5713 -0.6295
vn -0.3551 0.3208 -0.8780
vn -0.5573 0.8125 -0.1712
vn -0.4433 0.8816 -0.1618
vn -0.3967 0.6525 -0.6457
vn -0.2176 0.4095 -0.8860
vn -0.6120 0.4953 -0.6166
vn -0.4769 0.2772 -0.8341
vn -0.8571 0.5012 -0.1187
vn -0.7322 0.6645 -0.1497
vn -0.7344 0.3602 -0.5753
vn -0.6242 0.1686 -0.7629
vn -0.8255 0.2541 -0.5040
vn -0.6565 0.1693 -0.7351
vn -0.9724 0.2100 0.1020
vn -0.9513 0.3068 -0.0301
vn -0.9052 0.1827 -0.3836
vn -0.7612 0.1333 -0.6346
vn -0.9513 0.1935 -0.2398
vn -0.8273 0.1555 -0.5397
vn -0.9458 0.2254 0.2340
vn -0.9739 0.2153 -0.0717
vn -0.8849 0.1765 -0.4311
vn -0.8057 0.2099 0.5539
vn -0.8477 0.1710 0.5021
vn -0.6628 0.1828 0.7262
vn -0.8521 0.2800 0.4421
vn -0.5785 0.3514 0.7361
vn -0.7668 0.4860 0.4194
vn -0.6340 0.3410 0.6941
vn -0.7077 0.5801 0.4033
vn -0.5298 0.4420 0.7239
vn -0.5557 0.7277 0.4021
vn -0.2196 0.6248 0.7493
vn -0.2965 0.8647 0.4053
vn -0.6147 0.3978 0.6811
vn -0.7525 0.5873 0.2981
vn -0.9211 0.1073 0.3744
vn -0.4025 0.3083 0.8620
vn -0.9314 -0.1262 0.3414
vn -0.8388 0.0850 0.5378
vn -0.9170 -0.1623 0.3644
vn -0.9089 -0.1196 0.3995
vn -0.4406 0.2106 0.8726
vn -0.1504 0.3136 0.9376
vn -0.2603 0.3217 -0.9104
vn 0.0748 -0.3375 -0.9383
vn -0.0000 -0.3761 -0.9266
vn -0.0000 -0.3360 -0.9418
vn -0.0000 -0.0415 -0.9991
vn -0.0000 0.1733 -0.9849
vn -0.0000 -0.0088 -1.0000
vn -0.0000 0.0153 -0.9999
vn -0.0000 0.2699 -0.9629
vn -0.0413 0.1209 -0.9918
vn -0.0000 0.1310 -0.9914
vn -0.2047 0.0997 -0.9737
vn -0.3762 0.0771 -0.9233
vn -0.0092 -0.2931 -0.9560
vn -0.0000 -0.2406 -0.9706
vn -0.0000 -0.1482 -0.9890
vn 0.9221 -0.3785 -0.0808
vn 0.8067 -0.5179 -0.2846
vn -0.0000 -0.9262 -0.3770
vn -0.0000 -0.9941 -0.1087
vn 0.9936 0.0580 -0.0974
vn 0.8928 -0.3065 -0.3302
vn 0.9665 -0.2561 -0.0191
vn -0.0000 -0.9990 -0.0451
vn -0.0000 -0.9999 -0.0151
vn 0.9594 -0.2821 0.0033
vn 0.0001 -0.9995 0.0322
vn 0.9188 -0.3922 0.0451
vn -0.2470 -0.2505 -0.9361
vn -0.6431 -0.0907 -0.7604
vn -0.6274 -0.0567 -0.7766
vn -0.6177 -0.0428 -0.7852
vn -0.8344 0.0164 -0.5508
vn -0.7959 0.0470 -0.6036
vn -0.7173 0.1392 -0.6827
vn -0.5807 0.1029 -0.8076
vn -0.6338 0.2996 -0.7131
vn -0.5084 0.2735 -0.8166
vn -0.2974 0.2893 -0.9099
vn -0.4738 0.3506 -0.8079
vn -0.3281 0.4364 -0.8378
vn -0.5344 0.3674 -0.7612
vn -0.8441 0.1908 -0.5011
vn -0.8509 -0.0071 -0.5252
vn -0.8568 -0.0039 -0.5156
vn -0.9796 -0.1333 0.1506
vn -0.9885 -0.1461 0.0376
vn -0.8479 -0.3365 0.4096
vn -0.8501 -0.2892 0.4401
vn -0.8507 -0.0315 0.5247
vn -0.6653 -0.3658 0.6508
vn -0.6663 -0.0536 0.7438
vn -0.6324 0.0588 0.7724
vn -0.4983 -0.0858 0.8628
vn -0.4052 0.0504 0.9129
vn -0.3323 -0.0083 0.9431
vn -0.6194 -0.0241 0.7847
vn -0.5272 -0.3605 0.7695
vn -0.5967 -0.2818 0.7513
vn -0.7203 -0.3309 0.6096
vn -0.9588 0.1189 0.2579
vn 0.9839 0.0233 -0.1771
vn 0.8525 0.1238 -0.5079
vn 0.9935 0.0425 -0.1058
vn 0.9750 0.0110 -0.2220
vn 0.7962 0.0421 -0.6035
vn 0.9415 -0.1501 -0.3016
vn 0.7313 -0.1159 -0.6721
vn 0.3231 -0.0042 -0.9463
vn -0.3360 -0.0910 -0.9375
vn -0.2554 0.0566 -0.9652
vn -0.7549 -0.0206 -0.6555
vn -0.6928 -0.0235 -0.7207
vn -0.8920 0.0723 -0.4462
vn -0.9992 0.0040 -0.0401
vn -0.9721 0.0821 -0.2198
vn -0.4654 0.1078 -0.8785
vn -0.5206 0.1420 -0.8419
vn 0.0858 -0.1312 -0.9876
vn -0.5138 -0.0771 -0.8544
vn 0.1429 -0.2071 -0.9678
vn -0.4704 -0.1527 -0.8691
vn 0.1567 -0.0243 -0.9873
vn -0.5164 0.0063 -0.8563
vn 0.0705 0.2322 -0.9701
vn -0.5669 0.1958 -0.8002
vn -0.8270 0.1085 -0.5516
vn 0.0505 0.3584 -0.9322
vn -0.5046 0.3740 -0.7781
vn -0.7832 0.3508 -0.5133
vn -0.8365 0.2370 -0.4940
vn -0.5615 0.2464 -0.7899
vn 0.0245 0.2312 -0.9726
vn -0.5681 -0.4111 -0.7129
vn 0.6779 0.1957 -0.7086
vn 0.9894 0.0692 -0.1278
vn 0.7011 -0.6972 0.1495
vn 0.4823 -0.7914 0.3756
vn 0.0749 -0.9723 0.2214
vn 0.1964 -0.9795 0.0448
vn -0.0655 -0.9959 0.0620
vn -0.0136 -0.9173 0.3981
vn -0.1331 -0.9426 0.3062
vn -0.3157 -0.9353 -0.1597
vn -0.7489 -0.5112 -0.4216
vn 0.1172 -0.9762 0.1825
vn -0.1379 -0.9564 0.2574
vn 0.2196 -0.9680 -0.1213
vn -0.0382 -0.9922 -0.1188
vn 0.1825 -0.9736 -0.1368
vn -0.0091 -0.9863 -0.1646
vn -0.0942 -0.9756 -0.1986
vn -0.0231 -0.9997 0.0086
vn -0.1061 -0.9939 -0.0307
vn -0.2945 -0.9522 -0.0815
vn -0.3578 -0.8958 -0.2637
vn -0.6989 -0.6983 -0.1547
vn -0.9664 -0.2108 0.1470
vn -0.9557 -0.2204 -0.1950
vn -0.9749 0.2080 0.0792
vn -0.7989 -0.1342 0.5863
vn -0.8175 0.3355 0.4681
vn -0.8234 0.3577 0.4405
vn -0.9589 0.2805 0.0430
vn -0.4973 0.3972 0.7713
vn -0.5167 0.4104 0.7514
vn -0.1137 0.4013 0.9089
vn 0.3268 0.1585 0.9317
vn 0.3091 0.3459 0.8859
vn -0.1226 0.1046 0.9869
vn -0.4999 -0.0247 0.8657
vn -0.1051 -0.5533 0.8264
vn 0.2467 -0.4827 0.8403
vn -0.0594 -0.8676 0.4938
vn 0.6147 -0.3984 0.6808
vn 0.7155 0.1101 0.6899
vn 0.6846 0.2196 0.6950
vn 0.9060 -0.2375 0.3503
vn 0.9280 0.0235 0.3719
vn 0.8958 0.1268 0.4259
vn 0.7328 0.5199 0.4390
vn 0.9866 -0.0247 0.1615
vn 0.9599 0.1342 0.2461
vn 0.7613 0.5303 0.3732
vn 0.9576 0.1742 0.2296
vn 0.7698 0.4951 0.4029
vn 0.3841 0.7599 0.5244
vn 0.9914 -0.0754 0.1072
vn 0.9807 -0.1614 0.1107
vn 0.9842 -0.1534 0.0883
vn 0.9837 -0.0971 0.1513
vn 0.8042 -0.5935 -0.0326
vn 0.8358 -0.5199 0.1763
vn 0.4216 -0.8992 -0.1171
vn 0.3761 -0.9166 0.1354
vn 0.3636 -0.8336 0.4159
vn 0.7604 -0.6485 -0.0348
vn 0.3792 -0.9156 -0.1337
vn -0.0473 -0.9700 0.2384
vn 0.6624 -0.2431 -0.7086
vn 0.6180 -0.1516 -0.7714
vn 0.9083 -0.1592 -0.3869
vn 0.9829 -0.1600 -0.0910
vn 0.9641 -0.1570 0.2141
vn 0.8072 -0.0580 0.5874
vn 0.7863 -0.1313 0.6038
vn 0.7964 -0.0549 0.6022
vn 0.4286 -0.0860 0.8994
vn 0.4281 0.0867 0.8996
vn -0.1223 0.0315 0.9920
vn 0.4374 0.0163 0.8991
vn -0.0706 -0.0717 0.9949
vn -0.0314 0.2332 0.9719
vn -0.5456 -0.1311 0.8277
vn -0.4427 0.2430 0.8631
vn -0.6676 -0.0400 0.7435
vn -0.7494 0.1781 0.6378
vn -0.8799 -0.2817 0.3828
vn 0.7895 -0.2761 0.5481
vn 0.2734 -0.9377 0.2143
vn 0.9919 -0.1271 -0.0003
vn 0.9989 -0.0351 -0.0305
vn 0.9094 -0.1410 0.3914
vn 0.9411 -0.1305 0.3118
vn 0.8087 -0.2004 0.5530
vn 0.8622 -0.1901 0.4696
vn 0.8491 -0.1895 0.4930
vn 0.6761 -0.2177 0.7040
vn 0.6138 -0.1852 0.7674
vn 0.9903 -0.1032 0.0935
vn 0.9430 -0.0886 0.3209
vn 0.9299 -0.1430 0.3389
vn 0.7745 -0.1212 -0.6209
vn 0.9420 0.3271 -0.0749
vn 0.7852 -0.1713 -0.5951
vn 0.9689 0.2272 0.0984
vn 0.7368 -0.1888 -0.6492
vn -0.4967 -0.6807 -0.5385
vn 0.9085 0.2966 0.2943
vn 0.2485 0.0300 0.9682
vn 0.0718 -0.3731 0.9250
vn 0.6988 0.3704 0.6120
vn 0.1821 -0.2242 0.9574
vn 0.5574 0.0236 0.8299
vn 0.5598 0.0149 0.8285
vn -0.0000 0.0025 1.0000
vn -0.0000 0.0169 0.9999
vn 0.6331 0.0329 0.7733
vn 0.7129 0.0201 0.7010
vn -0.0945 0.0341 0.9949
vn -0.0182 0.0257 0.9995
vn -0.2034 0.0278 0.9787
vn -0.2125 0.0367 0.9765
vn -0.2467 0.0195 0.9689
vn -0.2657 0.0255 0.9637
vn -0.3156 -0.0101 0.9488
vn -0.0721 0.0134 0.9973
vn -0.0859 -0.0268 0.9959
vn -0.1098 0.0926 0.9896
vn -0.3906 0.1672 0.9052
vn 0.1064 -0.0495 0.9931
vn -0.0471 0.0524 0.9975
vn -0.2279 -0.1082 0.9676
vn -0.4634 0.0572 0.8843
vn 0.1869 0.0131 0.9823
vn -0.1680 -0.0225 0.9855
vn -0.7348 -0.0981 0.6711
vn -0.1164 0.1003 0.9881
vn -0.6282 0.0227 0.7777
vn -0.9982 -0.0375 -0.0478
vn -0.9719 -0.0657 -0.2261
vn -0.9623 -0.0701 -0.2629
vn -0.9873 -0.0565 -0.1487
vn -0.9979 0.0332 -0.0550
vn -0.7083 -0.0858 0.7006
vn -0.6413 -0.1012 0.7606
vn -0.8579 -0.0792 0.5077
vn -0.8690 -0.1727 0.4637
vn -0.9483 -0.0595 0.3118
vn -0.4082 -0.0097 0.9128
vn 0.0084 0.0443 0.9990
vn 0.0777 -0.0748 0.9942
vn 0.1151 0.0482 0.9922
vn 0.1497 0.1027 0.9834
vn -0.2374 0.0349 0.9708
vn -0.1403 0.0497 0.9889
vn -0.2288 0.0369 0.9728
vn -0.1779 0.0510 0.9827
vn -0.1211 0.0546 0.9911
vn 0.5509 0.0372 0.8337
vn 0.5359 0.0325 0.8436
vn -0.0000 -0.0054 1.0000
vn -0.0000 0.0439 0.9990
vn -0.0000 -0.1485 0.9889
vn 0.4803 -0.1534 0.8636
vn -0.1540 -0.4054 0.9011
vn -0.9785 -0.0546 0.1991
vn -0.9937 -0.0651 -0.0914
vn -0.9802 -0.1980 0.0059
vn -0.6282 0.7763 -0.0519
vn -0.5951 0.7978 -0.0967
vn -0.9544 0.2777 -0.1097
vn -0.9714 0.1955 -0.1348
vn -0.9783 0.1729 -0.1137
vn -0.9819 0.1636 -0.0959
vn -0.7683 -0.2977 0.5667
vn -0.2796 0.5721 0.7710
vn -0.2043 0.6828 0.7015
vn -0.0786 0.6800 0.7290
vn -0.0817 0.2530 0.9640
vn 0.0669 0.2495 0.9661
vn -0.0000 0.2277 0.9737
vn -0.0000 0.6588 0.7523
vn -0.0000 0.2103 0.9776
vn -0.0000 0.0734 0.9973
vn -0.0000 -0.3813 0.9245
vn -0.0000 -0.1172 0.9931
vn 0.2630 -0.0398 0.9640
vn -0.8839 -0.4667 -0.0301
vn -0.2143 0.9297 0.2997
vn -0.5759 0.2889 0.7648
vn -0.1024 -0.3737 0.9219
vn -0.2004 -0.2073 0.9575
vn -0.1799 -0.4875 -0.8544
vn -0.2928 -0.3149 -0.9028
vn 0.0572 -0.2832 -0.9574
vn 0.0204 -0.4047 -0.9142
vn -0.0000 -0.1928 -0.9812
vn -0.0000 -0.3416 -0.9399
vn 0.0387 -0.2245 -0.9737
vn -0.1084 0.1074 -0.9883
vn -0.0000 0.1527 -0.9883
vn -0.0000 -0.2327 -0.9725
vn -0.2224 0.4711 -0.8536
vn -0.0000 0.5803 -0.8144
vn 0.3638 0.5460 -0.7547
vn -0.3127 -0.2626 -0.9128
vn -0.7933 -0.0673 -0.6051
vn -0.8295 -0.0924 -0.5509
vn -0.5938 -0.2397 -0.7681
vn -0.9692 0.1812 -0.1668
vn -0.8891 0.4450 -0.1072
vn -0.9136 -0.2514 0.3195
vn -0.8718 -0.1189 0.4752
vn -0.8173 0.1796 0.5474
vn 0.0136 0.5925 -0.8055
vn -0.1356 0.7042 -0.6970
vn -0.0000 0.7736 -0.6337
vn -0.0000 0.7206 -0.6933
vn -0.0000 0.3452 -0.9385
vn -0.0000 0.6341 -0.7732
vn -0.0000 0.9718 -0.2357
vn -0.0000 0.9995 0.0316
vn -0.0000 0.9646 -0.2636
vn -0.1670 0.8277 -0.5358
vn -0.0000 0.8692 -0.4945
vn -0.0000 0.9999 -0.0112
vn -0.0000 0.9481 -0.3179
vn -0.0000 0.9999 -0.0118
vn -0.0000 0.9413 0.3375
vn -0.0000 0.7716 0.6362
vn 0.0231 0.9484 0.3161
vn -0.0000 0.9219 0.3874
vn -0.0000 0.9631 0.2691
vn 0.0993 0.9568 0.2732
vn -0.0499 0.9061 0.4201
vn -0.2324 0.9497 0.2101
vn -0.4904 0.8097 0.3224
vn -0.6629 0.4748 0.5789
vn -0.7536 0.5659 -0.3344
vn -0.0000 0.4868 0.8735
vn -0.0000 0.3530 0.9356
vn -0.0000 -0.0333 0.9994
vn -0.7017 0.1368 0.6992
vn -0.5995 0.0171 0.8002
vn -0.5708 0.0418 0.8200
vn 0.4252 -0.4341 0.7942
vn -0.5784 -0.0568 0.8138
vn -0.5265 0.6511 0.5467
vn -0.0000 0.2046 0.9788
vn -0.0000 -0.4100 0.9121
vn -0.4409 -0.2487 0.8624
vn -0.0000 -0.6628 -0.7488
vn 0.2093 -0.6232 0.7535
vn 0.2032 -0.2439 0.9483
vn 0.5267 -0.0739 0.8468
vn -0.9731 0.1783 0.1461
vn 0.3148 -0.0800 -0.9458
vn -0.0000 0.1754 0.9845
vn -0.0000 0.4325 0.9017
vn -0.0000 0.9597 -0.2810
vn 0.9692 -0.2457 -0.0145
vn 0.5539 0.4890 0.6739
vn -0.7908 -0.0448 0.6105
vn -0.9974 -0.0551 0.0456
vn -0.9960 -0.0772 0.0438
vn -0.9884 -0.1514 0.0124
vn -0.9309 -0.2467 0.2694
vn -0.3725 0.7120 0.5953
vn -0.3407 0.7584 0.5557
vn -0.0023 0.3658 0.9307
vn 0.2170 0.4262 0.8782
vn 0.3454 -0.2245 0.9112
vn 0.4585 -0.7176 0.5243
vn 0.1219 -0.5885 0.7993
vn 0.2378 -0.6241 0.7443
vn 0.1492 -0.2809 0.9481
vn 0.4182 0.4141 0.8085
vn 0.2592 0.8264 0.4998
vn -0.0301 0.9741 0.2242
vn -0.9157 0.4012 0.0252
vn -0.3709 0.7093 0.5995
vn -0.0162 0.9263 -0.3763
vn -0.2067 -0.3106 -0.9278
vn -0.6038 -0.5425 -0.5841
vn 0.0008 0.2206 -0.9754
vn -0.0897 -0.2512 -0.9638
vn 0.0158 -0.3375 -0.9412
vn -0.4216 -0.5498 0.7211
vn 0.4627 -0.8523 -0.2440
vn -0.1867 -0.0261 -0.9821
vn -0.6567 -0.1729 0.7341
vn 0.7895 -0.2063 0.5780
vn 0.9270 0.1199 0.3554
vn 0.9904 -0.1382 0.0089
vn 0.7105 -0.3042 0.6345
vn 0.7340 -0.6683 0.1213
vn 0.4701 -0.5143 0.7173
vn 0.6640 -0.7434 -0.0803
vn 0.8689 -0.4950 0.0038
vn -0.3669 -0.1808 -0.9125
vn -0.2640 -0.4300 -0.8634
vn 0.2041 -0.9643 0.1685
vn -0.3848 -0.1755 0.9062
vn 0.9978 0.0576 0.0329
vn 0.9798 0.1674 0.1097
vn -0.2472 -0.9639 0.0992
vn -0.1643 -0.9417 0.2936
vn -0.3257 -0.7955 0.5109
vn -0.6252 -0.7410 0.2451
vn -0.0449 -0.9453 0.3230
vn -0.1145 -0.8314 0.5438
vn -0.0772 -0.9961 0.0432
vn 0.1997 -0.8764 0.4383
vn 0.2836 -0.8853 0.3684
vn 0.5304 -0.6664 0.5239
vn 0.3565 -0.6106 0.7072
vn 0.3046 -0.9350 0.1819
vn 0.6775 -0.7087 0.1967
vn 0.1261 -0.9730 0.1932
vn 0.0576 -0.9967 -0.0568
vn 0.0085 -0.9909 -0.1343
vn 0.0401 -0.8185 -0.5732
vn 0.3338 -0.8673 -0.3692
vn -0.3100 -0.9446 -0.1081
vn -0.3485 -0.7989 -0.4901
vn -0.6340 -0.3381 -0.6955
vn 0.0085 -0.3333 -0.9428
vn -0.8287 -0.5450 -0.1272
vn -0.2656 0.3276 0.9067
vn -0.1969 0.6738 0.7122
vn -0.3392 0.8337 0.4359
vn -0.6112 0.4361 0.6605
vn 0.1720 0.6905 0.7026
vn 0.0585 0.9633 0.2620
vn 0.1733 0.3636 0.9153
vn -0.9150 -0.2005 0.3500
vn -0.9581 -0.0084 0.2864
vn -0.9809 0.0045 0.1943
vn -0.9746 -0.0630 0.2151
vn -0.9719 -0.0089 0.2353
vn -0.8727 -0.3461 0.3445
vn -0.9736 -0.0614 0.2197
vn -0.9735 -0.0271 0.2270
vn -0.9705 -0.0272 0.2395
vn -0.9635 -0.0377 0.2649
vn -0.9631 0.1020 0.2489
vn -0.9882 -0.0809 0.1301
vn -0.9514 0.1354 0.2765
vn -0.8943 0.1065 0.4347
vn -0.7199 0.1599 -0.6754
vn -0.9946 0.0120 -0.1029
vn -0.9303 -0.3576 -0.0818
vn -0.7418 -0.1284 -0.6582
vn -0.9715 0.1897 -0.1422
vn -0.6648 0.2978 -0.6851
vn 0.9354 0.0488 -0.3501
vn 0.7750 -0.6176 -0.1342
vn 0.7579 -0.6432 0.1094
vn 0.7995 -0.5748 -0.1744
vn 0.1747 -0.9841 -0.0332
vn 0.3079 -0.8953 0.3220
vn 0.9341 -0.0072 -0.3570
vn 0.8864 0.2426 -0.3942
vn 0.2914 -0.9495 0.1165
vn -0.7819 0.3780 0.4957
vn -0.4584 -0.8234 0.3345
vn -0.3538 -0.8994 0.2566
vn -0.2350 -0.9605 0.1487
vn 0.7777 0.5312 0.3362
vn 0.5342 0.8437 0.0537
vn 0.3379 0.9263 0.1669
vn 0.4992 0.6344 0.5902
vn 0.6859 0.7276 -0.0109
vn 0.9062 0.4207 -0.0438
vn 0.3774 0.9157 0.1382
vn -0.8826 -0.4686 -0.0376
vn -0.9117 -0.3557 0.2058
vn -0.9018 -0.2252 -0.3688
vn -0.9842 -0.1348 -0.1146
vn 0.9353 0.1302 -0.3289
vn 0.9179 0.2446 -0.3123
vn 0.9306 0.2736 -0.2433
vn 0.9664 0.1463 -0.2113
vn 0.8763 0.4803 0.0374
vn 0.8898 0.4266 -0.1618
vn 0.9279 0.2639 -0.2634
vn 0.9403 0.2514 -0.2295
vn -0.9746 -0.1072 0.1967
vn -0.3355 -0.9216 0.1954
vn -0.3480 0.8578 0.3784
vn 0.1716 0.9322 0.3187
vn 0.2111 0.8616 0.4617
vn -0.3431 0.8013 0.4901
vn 0.5069 0.7967 0.3290
vn 0.9249 0.1392 -0.3539
vn 0.9451 0.0120 -0.3265
vn 0.8349 -0.4429 -0.3269
vn 0.4403 0.8029 0.4017
vn 0.1076 0.8594 0.4999
vn 0.7335 0.6722 0.1004
vn 0.7012 0.6887 0.1844
vn 0.0191 0.0400 0.9990
vn -0.4249 0.6475 0.6326
vn -0.4128 0.6323 0.6556
vn 0.0647 0.7676 0.6376
vn 0.8914 0.0464 -0.4508
vn 0.9988 0.0476 -0.0123
vn 0.8624 -0.0955 -0.4972
vn 0.9620 -0.2255 -0.1541
vn -0.5932 -0.6009 0.5358
vn -0.1191 -0.9158 0.3836
vn -0.3600 -0.8054 0.4708
vn 0.1822 -0.1963 0.9635
vn -0.3937 -0.2437 0.8863
vn 0.6186 -0.4508 0.6435
vn 0.6715 -0.0486 0.7394
vn 0.2396 0.8831 -0.4035
vn 0.3950 0.7794 0.4863
vn -0.7391 -0.1484 0.6571
vn -0.7564 0.1855 0.6272
vn -0.7687 0.2401 0.5929
vn -0.7656 -0.1780 0.6182
vn -0.9275 0.0506 0.3703
vn -0.7634 0.3049 0.5695
vn -0.8640 -0.1972 0.4632
vn -0.5561 -0.2659 0.7874
vn -0.6096 -0.2510 0.7519
vn -0.7901 -0.2786 0.5460
vn -0.3967 -0.2012 0.8956
vn -0.3551 -0.3370 0.8720
vn -0.1467 -0.1576 0.9765
vn -0.3919 -0.1151 0.9128
vn -0.9934 -0.1014 -0.0528
vn -0.9678 -0.2483 -0.0407
vn -0.9951 -0.0663 -0.0737
vn -0.9722 -0.0753 0.2217
vn -0.9155 -0.0286 -0.4014
vn -0.9208 -0.0429 -0.3877
vn -0.9011 -0.2322 -0.3661
vn 0.4199 -0.0636 0.9053
vn 0.7258 -0.1846 0.6627
vn 0.0199 -0.1717 0.9850
vn -0.4711 0.0663 0.8796
vn 0.2700 -0.2218 0.9370
vn 0.7590 0.4880 0.4309
vn 0.5624 0.7183 0.4096
vn 0.8750 -0.3089 0.3727
vn 0.9171 0.3030 0.2593
vn 0.9187 -0.2429 0.3115
vn 0.0542 0.3533 0.9339
vn -0.3883 0.2733 0.8801
vn 0.4924 0.0667 0.8678
vn 0.6427 -0.1434 0.7526
vn 0.3432 0.4537 0.8225
vn 0.9405 -0.2020 0.2731
vn 0.9778 -0.1612 0.1342
vn -0.1197 0.1029 0.9875
vn -0.1542 -0.0933 0.9836
vn 0.0327 0.1048 0.9940
vn 0.1104 -0.1572 0.9814
vn 0.9579 -0.1132 0.2640
vn -0.6046 0.0419 -0.7954
vn -0.6008 0.0772 -0.7957
vn -0.1356 0.0185 -0.9906
vn -0.0585 0.1497 -0.9870
vn -0.6777 -0.1682 -0.7158
vn -0.2304 -0.0783 -0.9699
vn 0.9225 -0.3332 0.1949
vn 0.8865 -0.4508 0.1042
vn 0.7618 -0.3668 -0.5340
vn 0.5788 -0.3180 -0.7509
vn 0.8172 -0.1198 -0.5638
vn 0.5014 -0.3326 -0.7987
vn 0.7673 -0.0311 -0.6406
vn 0.9093 0.2050 -0.3623
vn 0.7675 -0.2318 0.5977
vn 0.6185 -0.4455 0.6473
vn 0.6963 -0.3144 0.6453
vn 0.6286 -0.2529 0.7354
vn 0.3370 0.0308 0.9410
vn 0.6254 -0.1008 0.7738
vn 0.7708 0.2398 -0.5902
vn 0.8488 0.4677 -0.2467
vn 0.8013 0.0348 0.5972
vn 0.6542 -0.0005 0.7563
vn 0.9334 0.2246 0.2800
vn 0.7044 0.0639 0.7070
vn 0.8254 0.1549 0.5429
vn 0.8096 0.5489 0.2079
vn -0.1616 -0.3278 0.9308
vn -0.0353 -0.2757 0.9606
vn -0.4223 -0.3410 0.8399
vn -0.4060 -0.2264 0.8854
vn 0.0795 -0.2075 0.9750
vn -0.3333 -0.2998 0.8939
vn 0.4082 -0.0988 0.9075
vn 0.2520 -0.2739 0.9281
vn 0.4711 -0.1207 0.8738
vn 0.5478 -0.1486 0.8233
vn 0.7994 -0.0507 0.5986
vn 0.6621 -0.0232 0.7491
vn -0.6069 -0.1879 0.7723
vn -0.8634 -0.2406 0.4434
vn -0.9118 -0.1658 0.3756
vn -0.7245 -0.2735 0.6327
vn -0.9781 -0.2018 0.0515
vn -0.9940 -0.0486 0.0977
vn -0.7510 -0.2629 0.6057
vn -0.6347 -0.3597 0.6839
vn -0.9151 -0.1825 0.3595
vn -0.9796 -0.2006 0.0109
vn -0.8044 -0.1604 0.5720
vn -0.9376 -0.0770 0.3389
vn -0.8667 -0.1148 0.4854
vn -0.8791 -0.0938 0.4673
vn 0.9090 -0.0673 0.4113
vn 0.8795 -0.0773 0.4695
vn 0.9775 -0.0112 0.2108
vn -1.0000 0.0017 0.0002
vn 0.9355 0.1480 -0.3208
vn 0.9316 0.3533 0.0858
vn 0.9965 -0.0712 0.0441
vn 0.9179 -0.0712 -0.3905
vn 0.8043 0.3349 0.4909
vn 0.6314 0.5205 0.5749
vn -0.6203 -0.3341 0.7096
vn -0.4439 -0.3440 0.8274
vn -0.1293 -0.2573 0.9576
vn -0.3331 -0.3929 0.8571
vn -0.6016 -0.5622 0.5674
vn -0.7847 -0.3634 0.5022
vn -0.1506 -0.5585 0.8157
vn 0.5142 -0.2159 0.8301
vn 0.1804 -0.2525 0.9506
vn -0.8290 -0.1534 0.5378
vn -0.6868 -0.0192 0.7266
vn -0.8395 -0.1103 0.5321
vn -0.7640 -0.1857 0.6179
vn -0.6763 0.0956 0.7304
vn 0.8363 -0.1244 0.5339
vn 0.7266 -0.0928 0.6808
vn -0.1049 -0.2635 0.9589
vn -0.2273 -0.0743 0.9710
vn -0.4790 -0.0224 0.8775
vn -0.5325 -0.2505 0.8085
vn 0.2537 -0.0711 0.9647
vn 0.0458 0.1705 0.9843
vn -0.5940 -0.1068 0.7974
vn -0.8554 -0.1429 0.4978
vn -0.1972 -0.0683 0.9780
vn -0.3693 -0.1218 0.9213
vn -0.2216 0.8076 0.5465
vn -0.1178 0.2099 0.9706
vn 0.5422 0.1685 -0.8232
vn 0.0559 0.2950 -0.9539
vn 0.1814 0.4571 -0.8707
vn 0.5026 0.4375 -0.7457
vn 0.1532 0.0889 -0.9842
vn 0.5935 0.0895 -0.7998
vn -0.4458 0.2692 -0.8537
vn -0.3749 0.0697 -0.9245
vn -0.1066 0.3604 -0.9267
vn -0.5203 0.2199 -0.8252
vn 0.2418 0.5155 -0.8221
vn 0.7781 0.3148 -0.5435
vn -0.2835 -0.2941 0.9128
vn -0.2982 -0.1143 0.9476
vn -0.4741 -0.1458 0.8683
vn 0.7874 0.1117 -0.6063
vn 0.8317 0.1321 -0.5393
vn -0.5873 -0.1697 0.7914
vn 0.2169 -0.4499 0.8664
vn 0.1652 -0.3774 0.9112
vn 0.9287 0.1797 -0.3244
vn 0.2531 -0.6553 0.7117
vn 0.7866 -0.4194 0.4532
vn 0.6249 -0.5229 0.5798
vn 0.2873 -0.5624 0.7754
vn 0.9798 -0.1894 0.0639
vn 0.8777 -0.2220 0.4248
vn 0.9521 -0.1450 0.2692
vn 0.9593 -0.1387 0.2460
vn 0.8062 0.2006 -0.5566
vn 0.4102 0.2218 -0.8846
vn 0.4299 -0.1724 0.8863
vn 0.5862 -0.1274 0.8001
vn 0.6211 -0.1240 0.7739
vn 0.4879 -0.2546 0.8349
vn 0.1854 -0.3739 -0.9088
vn 0.2616 -0.5399 -0.8001
vn 0.1485 -0.5026 -0.8517
vn 0.2164 -0.5202 -0.8261
vn -0.6319 -0.5276 0.5677
vn -0.5889 -0.7350 -0.3360
vn 0.3810 -0.9045 -0.1915
vn 0.2145 -0.6652 0.7152
vn -0.7884 -0.1158 0.6041
vn -0.7236 -0.6523 -0.2257
vn 0.2514 -0.0605 0.9660
vn 0.8746 -0.2913 0.3875
vn 0.4845 0.2865 0.8266
vn 0.2301 0.4875 0.8422
vn 0.3663 0.6661 0.6497
vn 0.6004 0.4606 0.6537
vn 0.6483 0.3150 0.6932
vn 0.6628 0.1489 0.7338
vn 0.0591 0.4562 0.8879
vn -0.2782 0.0526 0.9591
vn -0.4136 0.3147 0.8543
vn -0.1613 0.8064 0.5689
vn -0.1180 0.8894 0.4417
vn 0.0098 0.9665 0.2566
vn -0.0491 0.8199 0.5704
vn -0.1433 0.9030 0.4050
vn 0.1715 0.8753 0.4522
vn -0.1414 0.6279 0.7653
vn -0.1295 0.9305 0.3425
vn 0.3141 0.4066 0.8579
vn 0.2808 0.8023 0.5268
vn 0.3927 0.7673 0.5070
vn 0.5848 0.5258 0.6177
vn 0.0717 0.1756 0.9818
vn 0.3782 -0.1485 0.9138
vn 0.5499 0.7944 0.2581
vn 0.3294 0.9131 0.2403
vn 0.4303 0.8993 0.0779
vn 0.4543 0.8838 0.1122
vn 0.4089 0.9119 0.0356
vn 0.3081 0.9071 0.2868
vn 0.0750 0.8492 0.5228
vn 0.5047 0.8363 0.2143
vn 0.4650 0.8369 0.2888
vn 0.5481 0.8360 0.0263
vn 0.5062 0.8175 0.2747
vn 0.4214 0.8995 0.1158
vn 0.5749 -0.5034 0.6451
vn 0.3070 0.3382 0.8896
vn 0.7306 0.0167 0.6826
vn 0.6839 -0.4523 0.5725
vn 0.1547 0.3799 0.9120
vn 0.4526 -0.3228 0.8312
vn 0.5414 -0.6640 0.5159
vn 0.4832 0.5135 0.7092
vn 0.1988 0.6291 0.7514
vn 0.5078 0.3852 0.7706
vn 0.2960 0.7128 0.6359
vn 0.6380 0.6982 0.3248
vn 0.8805 0.2828 0.3804
vn 0.2072 -0.0873 0.9744
vn 0.4074 -0.5405 0.7361
vn 0.2584 0.0377 0.9653
vn 0.1767 0.3011 0.9371
vn 0.5792 0.1227 0.8059
vn 0.7421 -0.4029 0.5356
vn 0.7841 0.2493 0.5684
vn 0.8087 0.1261 0.5746
vn 0.8964 0.0039 0.4433
vn 0.8842 0.2060 0.4194
vn 0.6205 0.5543 0.5548
vn 0.4799 0.6026 0.6376
vn 0.6328 0.5097 0.5829
vn 0.5356 0.5818 0.6121
vn 0.6848 0.7287 0.0087
vn 0.7978 0.3437 0.4953
vn 0.8375 0.5337 0.1176
vn 0.7102 0.7034 -0.0285
vn 0.5614 0.8262 0.0466
vn 0.0440 0.2037 0.9780
vn -0.3732 0.3266 0.8684
vn -0.7371 -0.1165 0.6657
vn -0.8029 -0.1120 0.5855
vn 0.0051 0.0961 0.9954
vn 0.5191 0.3873 0.7620
vn 0.3671 -0.2321 0.9008
vn 0.8410 0.0338 0.5399
vn 0.8747 0.4693 0.1212
vn 0.8750 -0.0182 0.4837
vn 0.9398 -0.1163 0.3213
vn 0.7062 0.5175 0.4832
vn 0.7108 0.4762 0.5177
vn 0.6059 0.6148 0.5048
vn 0.8732 -0.1850 0.4508
vn 0.7631 -0.3100 0.5671
vn 0.5918 -0.1904 0.7833
vn 0.7966 0.2030 0.5695
vn 0.7180 -0.6167 0.3228
vn 0.5045 0.8339 0.2238
vn 0.3411 0.9238 0.1738
vn 0.4738 0.8631 -0.1749
vn 0.2289 0.9524 -0.2013
vn 0.6570 0.6100 0.4430
vn 0.4387 0.8224 -0.3622
vn 0.7795 0.6181 -0.1020
vn 0.8095 0.3116 0.4976
vn 0.6934 0.3621 0.6230
vn 0.6954 0.0841 0.7137
vn 0.9602 0.0682 0.2709
vn 0.9464 0.1247 0.2980
vn 0.8966 0.3223 0.3038
vn 0.9566 0.2794 -0.0830
vn 0.5713 0.8141 -0.1040
vn 0.7275 0.4909 -0.4792
vn 0.5331 0.5982 -0.5983
vn 0.4191 0.7665 -0.4867
vn 0.2966 0.7567 -0.5826
vn 0.5911 -0.3546 0.7245
vn -0.3126 -0.8384 0.4465
vn 0.0859 -0.7649 0.6383
vn 0.1825 0.9828 0.0287
vn 0.4799 0.8773 0.0123
vn 0.6707 0.7054 -0.2294
vn 0.1975 0.9620 -0.1885
vn 0.4324 0.8476 -0.3075
vn 0.2148 0.9351 -0.2818
vn 0.5818 0.7094 -0.3978
vn 0.4232 -0.1872 0.8865
vn 0.4741 -0.4600 0.7508
vn 0.6635 0.1198 0.7385
vn 0.3313 -0.2478 0.9104
vn 0.3786 -0.1293 0.9165
vn 0.4790 -0.2030 0.8540
vn 0.7276 0.0652 0.6829
vn -0.6987 -0.6631 0.2685
vn 0.8759 0.4379 -0.2024
vn 0.8327 0.4919 -0.2543
vn 0.7559 0.4481 -0.4774
vn 0.9570 0.1810 0.2267
vn 0.9029 0.4225 0.0790
vn 0.7408 -0.2698 0.6152
vn 0.7512 -0.1136 0.6502
vn 0.6176 -0.4808 0.6224
vn 0.7990 -0.2669 0.5389
vn 0.5462 0.8243 -0.1490
vn 0.2692 0.8927 -0.3614
vn 0.6575 0.6968 0.2867
vn 0.3567 0.9341 0.0141
vn 0.9766 -0.1514 0.1527
vn 0.9981 -0.0093 -0.0610
vn 0.9492 -0.2211 0.2239
vn 0.5697 0.4865 -0.6623
vn 0.2944 0.6045 -0.7402
vn 0.5481 0.4519 -0.7038
vn 0.4247 0.5333 -0.7316
vn 0.1795 -0.4804 0.8585
vn -0.0015 -0.5004 0.8658
vn 0.9993 0.0139 -0.0345
vn 0.9605 -0.1979 0.1955
vn 0.8932 0.3202 -0.3156
vn 0.6708 -0.2586 0.6951
vn 0.3950 -0.7919 0.4658
vn 0.4130 -0.6105 0.6758
vn 0.6795 -0.3010 0.6691
vn 0.8185 0.5630 -0.1144
vn 0.9167 0.3898 -0.0883
vn 0.4676 -0.4174 0.7792
vn 0.7874 -0.2915 0.5431
vn 0.5687 -0.4355 0.6978
vn 0.8502 -0.3943 0.3487
vn 0.4838 -0.2245 0.8459
vn 0.8212 -0.0573 0.5678
vn 0.6047 0.1301 0.7858
vn 0.4945 0.0191 0.8690
vn 0.6298 0.2329 0.7410
vn 0.7443 0.1489 0.6511
vn 0.7109 0.3324 0.6198
vn 0.8149 -0.4264 0.3926
vn 0.9057 0.2965 -0.3030
vn 0.9388 0.3444 0.0063
vn 0.7751 0.6017 0.1929
vn 0.7547 0.6400 -0.1443
vn 0.6730 0.7017 -0.2338
vn 0.3195 0.4895 -0.8113
vn 0.5152 0.3336 -0.7895
vn 0.4663 0.5909 -0.6583
vn 0.5141 0.5654 -0.6450
vn 0.2942 0.6389 -0.7108
vn 0.3166 0.5933 -0.7401
vn 0.2372 0.4944 -0.8362
vn 0.3865 0.7766 -0.4975
vn 0.5633 -0.0396 0.8253
vn 0.5069 0.2498 -0.8250
vn 0.4260 0.5319 -0.7318
vn 0.2913 0.5794 -0.7612
vn 0.3604 0.5124 -0.7794
vn 0.9927 0.1207 -0.0087
vn 0.7433 -0.0507 0.6671
vn 0.8089 -0.1846 0.5582
vn 0.6901 0.0404 0.7226
vn 0.9563 -0.0306 0.2906
vn 0.9622 -0.1269 0.2411
vn 0.9148 -0.2362 0.3277
vn 0.1587 0.0909 -0.9831
vn 0.0333 0.2012 -0.9790
vn 0.4888 0.3085 -0.8160
vn 0.7411 0.1989 -0.6413
vn 0.3505 0.6962 -0.6265
vn 0.5176 0.6429 -0.5647
vn 0.6966 0.3020 -0.6508
vn 0.4591 0.3221 -0.8280
vn 0.6192 0.6277 -0.4719
vn 0.7878 0.2657 -0.5557
vn 0.1769 0.6133 -0.7698
vn 0.3946 0.3283 -0.8582
vn 0.7191 0.2025 -0.6647
vn 0.8378 0.1167 -0.5334
vn 0.9013 -0.4128 0.1312
vn 0.9288 -0.2716 0.2522
vn 0.7377 -0.5763 0.3517
vn 0.7640 -0.6317 0.1315
vn 0.2556 0.0887 -0.9627
vn -0.1359 0.3529 -0.9257
vn 0.4572 0.0436 -0.8883
vn 0.9745 -0.2195 0.0460
vn 0.9480 -0.3131 0.0566
vn 0.8762 -0.4460 0.1827
vn 0.9282 -0.3292 0.1735
vn 0.8871 -0.4570 0.0647
vn 0.8620 -0.2745 -0.4262
vn 0.9657 0.1083 -0.2359
vn 0.8523 -0.5084 -0.1228
vn 0.8955 -0.0078 -0.4449
vn 0.8547 -0.5165 -0.0524
vn 0.7917 -0.4120 0.4512
vn 0.8552 -0.1433 0.4981
vn 0.8081 -0.3516 0.4726
vn 0.6914 -0.3350 0.6401
vn 0.8957 -0.4439 0.0252
vn 0.7364 -0.6541 -0.1726
vn 0.9111 -0.4091 0.0503
vn 0.8171 -0.4352 0.3779
vn 0.9570 -0.2895 0.0179
vn 0.8398 -0.3459 -0.4185
vn 0.8729 -0.0850 -0.4804
vn 0.8133 -0.5240 0.2529
vn 0.7589 -0.6249 -0.1833
vn 0.7084 -0.2679 -0.6530
vn 0.5662 -0.1739 -0.8057
vn 0.5434 0.0191 -0.8393
vn 0.7680 -0.0431 -0.6390
vn 0.4319 -0.2448 -0.8681
vn 0.4060 -0.3193 -0.8563
vn 0.8270 -0.5352 -0.1721
vn 0.8760 -0.4740 -0.0889
vn 0.8334 -0.4963 -0.2433
vn 0.8997 -0.3594 0.2478
vn 0.7849 -0.3045 -0.5396
vn 0.4970 -0.5125 -0.7003
vn 0.6208 -0.4424 -0.6472
vn 0.3625 -0.5749 -0.7335
vn 0.5074 -0.3425 -0.7907
vn 0.7543 -0.3249 -0.5705
vn 0.7031 -0.3516 -0.6181
vn 0.4351 -0.6081 -0.6640
vn 0.5027 -0.3386 -0.7954
vn 0.4041 -0.6347 -0.6586
vn 0.3079 -0.3727 -0.8754
vn 0.9399 0.1024 0.3257
vn 0.9550 0.0620 0.2901
vn 0.9955 0.0945 -0.0031
vn 0.8265 -0.4296 -0.3638
vn 0.7934 -0.4634 -0.3946
vn 0.6836 -0.5002 -0.5314
vn 0.7343 -0.6182 0.2803
vn 0.7698 -0.6223 -0.1420
vn 0.6408 -0.0992 0.7613
vn 0.6245 -0.0019 0.7810
vn 0.3998 -0.1604 0.9024
vn 0.5301 0.1159 0.8400
vn 0.8966 0.2548 0.3622
vn 0.5929 0.5626 0.5761
vn 0.9541 0.0775 0.2892
vn 0.9329 0.1055 -0.3444
vn 0.9616 0.1498 -0.2301
vn 0.9869 -0.0004 -0.1612
vn 0.9904 0.0339 0.1338
vn 0.8139 0.1396 -0.5639
vn 0.9880 0.1537 -0.0153
vn 0.9012 0.0089 0.4334
vn 0.9832 0.0957 -0.1554
vn 0.0150 0.8855 0.4645
vn -0.1107 0.9387 0.3266
vn 0.4964 -0.3971 -0.7719
vn -0.0660 -0.5299 0.8455
vn -0.2488 -0.1724 0.9531
vn -0.4317 -0.0056 0.9020
vn 0.1471 -0.2066 0.9673
vn 0.1088 -0.0665 0.9918
vn 0.3250 -0.2197 -0.9198
vn 0.6135 -0.3834 -0.6903
vn -0.6867 -0.0480 -0.7254
vn -0.2949 -0.0501 -0.9542
vn -0.1480 0.1106 -0.9828
vn -0.6205 -0.0210 -0.7840
vn -0.0167 -0.0104 -0.9998
vn -0.4924 -0.0595 -0.8683
vn -0.2242 -0.0256 -0.9742
vn -0.7521 -0.1078 -0.6502
vn -0.2275 -0.0226 0.9735
vn -0.3142 -0.1739 0.9333
vn -0.3459 -0.1591 0.9247
vn -0.0033 0.0110 0.9999
vn -0.0026 -0.1014 0.9948
vn 0.9616 0.2728 -0.0309
vn 0.8710 0.2078 0.4452
vn 0.9271 -0.0208 0.3742
vn 0.9410 0.1556 0.3007
vn 0.6999 0.3273 0.6349
vn 0.0365 0.0293 0.9989
vn 0.1146 -0.1112 0.9872
vn 0.9580 -0.1271 -0.2569
vn 0.7944 0.2103 -0.5699
vn 0.4368 0.2884 -0.8521
vn 0.6583 0.6901 -0.3006
vn 0.8839 0.3322 -0.3292
vn 0.8444 0.5185 -0.1348
vn 0.8938 0.2089 -0.3969
vn 0.3304 0.8795 -0.3426
vn -0.2428 -0.0415 -0.9692
vn -0.5869 -0.0846 -0.8052
vn -0.3076 -0.1108 -0.9450
vn -0.7916 -0.1113 -0.6008
vn 0.0237 -0.0772 -0.9967
vn 0.4742 0.0122 -0.8804
vn 0.4162 0.0768 -0.9060
vn 0.5005 0.0872 -0.8614
vn 0.0984 -0.1252 -0.9872
vn -0.1113 -0.7414 0.6618
vn -0.4094 -0.7240 0.5551
vn -0.1226 -0.3221 0.9387
vn 0.2053 -0.6543 0.7278
vn -0.0171 0.2661 0.9638
vn -0.0141 -0.0579 0.9982
vn 0.0976 -0.4150 0.9046
vn 0.2786 -0.0881 0.9564
vn 0.3917 -0.5165 0.7614
vn -0.2687 -0.0556 0.9616
vn -0.1105 0.0001 0.9939
vn 0.4758 0.2924 0.8295
vn 0.2231 0.3967 0.8904
vn 0.1706 -0.2583 0.9509
vn 0.4648 -0.3828 0.7984
vn -0.5568 0.0464 0.8293
vn -0.5376 0.1261 0.8337
vn -0.1296 0.5456 0.8279
vn -0.8582 0.0592 0.5099
vn -0.4234 -0.5471 0.7220
vn -0.0232 -0.8283 0.5598
vn 0.3503 -0.6590 0.6657
vn 0.4754 -0.6596 0.5822
vn -0.5046 -0.1136 0.8559
vn -0.5920 -0.1721 0.7874
vn -0.4678 -0.0670 0.8813
vn 0.1272 -0.0847 0.9882
vn -0.2137 -0.4722 -0.8552
vn -0.5946 -0.5414 -0.5945
vn 0.3000 -0.0068 -0.9539
vn 0.3044 -0.2391 -0.9220
vn -0.1990 0.5726 0.7953
vn 0.3263 0.2992 0.8967
vn -0.1867 0.0456 0.9814
vn 0.3878 0.1192 0.9140
vn 0.3890 0.5347 0.7502
vn 0.2615 0.5686 0.7799
vn 0.3235 0.1886 0.9273
vn 0.2189 0.0194 0.9756
vn 0.2647 0.1548 0.9518
vn 0.1809 0.4153 0.8915
vn -0.2814 0.3914 0.8761
vn 0.1895 0.0618 0.9799
vn 0.0598 0.2453 0.9676
vn 0.1266 -0.2629 0.9565
vn 0.2544 0.7561 0.6029
vn 0.3072 0.8956 0.3217
vn 0.4321 0.8383 0.3326
vn 0.4246 0.6672 0.6120
vn 0.1796 0.9411 0.2863
vn 0.1562 0.5104 0.8456
vn 0.3942 0.8272 -0.4005
vn 0.5997 0.7904 0.1250
vn 0.1679 0.5785 -0.7982
vn 0.4361 -0.4466 0.7813
vn 0.1774 -0.0893 0.9801
vn -0.3650 0.0925 0.9264
vn 0.2076 0.2629 0.9422
vn -0.1799 0.2703 0.9458
vn 0.1074 0.2431 0.9640
vn 0.6774 -0.2533 0.6906
vn 0.6004 0.1680 0.7819
vn 0.3299 -0.0165 0.9439
vn 0.1096 -0.1837 0.9769
vn 0.1628 0.0474 0.9855
vn 0.1602 -0.1120 0.9807
vn 0.9649 0.0467 -0.2584
vn 0.9920 0.1061 -0.0688
vn 0.9048 0.0629 0.4212
vn 0.9704 0.0277 0.2400
vn 0.9854 0.1678 -0.0275
vn 0.9137 0.1162 0.3895
vn 0.9358 0.0759 -0.3442
vn 0.2596 0.0721 0.9630
vn 0.2955 0.3311 0.8961
vn 0.5853 -0.2810 0.7606
vn 0.3204 -0.3513 0.8797
vn 0.1307 0.4135 0.9011
vn 0.1252 0.3242 0.9377
vn 0.9582 0.0309 -0.2844
vn 0.9976 0.0064 0.0691
vn 0.8556 0.0486 -0.5154
vn 0.8588 0.0269 -0.5117
vn 0.1794 0.3730 0.9103
vn 0.7512 -0.0082 0.6601
vn 0.7294 0.0089 0.6840
vn 0.7807 0.0509 0.6228
vn 0.3217 0.0430 0.9459
vn 0.4403 0.0677 0.8953
vn 0.4784 -0.0115 0.8781
vn 0.3454 0.0056 0.9385
vn 0.6353 0.1537 0.7568
vn 0.6487 0.0771 0.7571
vn 0.2798 -0.0714 0.9574
vn 0.2510 -0.0648 0.9658
vn 0.3223 -0.4746 0.8191
vn 0.0825 -0.4726 0.8774
vn 0.2138 -0.4198 0.8821
vn 0.6224 -0.2410 0.7447
vn 0.4779 -0.4449 0.7574
vn 0.1286 0.0003 0.9917
vn 0.5151 0.1465 0.8445
vn 0.1757 -0.0298 0.9840
vn 0.1933 0.0176 0.9810
vn 0.6475 0.0141 0.7619
vn 0.0746 0.1363 0.9879
vn 0.1063 0.1161 0.9875
vn 0.1882 0.4925 0.8497
vn 0.3123 0.2730 0.9099
vn 0.0199 0.4629 0.8862
vn 0.1796 0.3240 0.9288
vn -0.1418 0.3632 0.9209
vn -0.0839 0.3975 0.9138
vn 0.0510 -0.0924 0.9944
vn 0.1040 0.1866 0.9769
vn 0.0747 -0.1463 0.9864
vn 0.1532 -0.0113 -0.9881
vn 0.0695 0.4587 -0.8859
vn 0.1798 -0.2300 -0.9565
vn 0.8951 -0.1063 0.4330
vn 0.8615 -0.1903 0.4708
vn 0.7224 0.1181 0.6813
vn 0.7904 0.0341 0.6117
vn 0.6948 0.0055 0.7192
vn 0.9126 -0.0052 0.4088
vn 0.1642 0.5405 0.8252
vn -0.1113 0.3003 0.9473
vn -0.2314 0.3595 0.9040
vn 0.1030 0.2072 -0.9729
vn 0.0768 -0.0312 -0.9966
vn 0.2405 0.2974 -0.9240
vn 0.2660 -0.0074 0.9639
vn -0.0245 -0.1267 0.9916
vn 0.2693 -0.0972 0.9582
vn 0.9131 -0.2770 -0.2992
vn 0.6643 -0.7454 0.0560
vn 0.7418 -0.6695 -0.0393
vn 0.9411 -0.3339 -0.0527
vn -0.1591 -0.8764 -0.4546
vn 0.6071 -0.6610 -0.4409
vn 0.6474 -0.3453 -0.6794
vn 0.2461 -0.4298 -0.8687
vn 0.8600 -0.0314 -0.5094
vn -0.2456 -0.4516 0.8577
vn -0.2982 -0.7284 -0.6169
vn 0.9765 -0.2101 -0.0480
vn 0.9885 -0.1376 -0.0628
vn 0.9700 -0.2222 -0.0988
vn 0.9591 0.0778 -0.2723
vn 0.9932 0.1094 -0.0406
vn 0.9866 0.1597 0.0324
vn 0.9631 0.0954 -0.2516
vn 0.9936 -0.1101 0.0248
vn 0.9417 0.1967 0.2731
vn 0.9570 0.1256 -0.2615
vn 0.9163 0.1053 -0.3865
vn 0.9336 0.2274 0.2768
vn -0.4832 -0.7968 0.3629
vn 0.9022 0.2828 0.3258
vn 0.7323 -0.3174 -0.6025
vn 0.2224 -0.4278 0.8761
vn 0.4114 0.3894 0.8241
vn 0.9245 0.3163 0.2126
vn 0.8336 0.5221 0.1803
vn 0.9117 0.4097 0.0322
vn 0.9753 0.1473 -0.1644
vn 0.9262 0.2098 -0.3134
vn 0.9600 0.2380 -0.1475
vn 0.8916 0.2009 -0.4057
vn 0.6698 0.5951 0.4441
vn 0.4650 -0.5895 -0.6604
vn -0.7732 0.0254 0.6336
vn 0.0275 -0.4515 -0.8918
vn 0.8854 0.3972 0.2415
vn 0.9563 -0.1457 -0.2534
vn 0.7597 -0.1332 -0.6364
vn 0.8011 -0.2168 0.5578
vn 0.8509 0.0657 0.5212
vn 0.1700 0.3119 -0.9348
vn 0.3635 0.5110 -0.7789
vn 0.0897 0.0535 -0.9945
vn 0.9730 -0.2010 -0.1134
vn 0.5924 -0.0879 -0.8008
vn 0.4617 0.0366 -0.8863
vn 0.3800 -0.1476 -0.9131
vn 0.5556 -0.1649 -0.8149
vn 0.5176 -0.1827 0.8359
vn 0.5128 -0.0857 0.8542
vn 0.8790 0.0396 0.4752
vn 0.9667 0.1136 0.2291
vn 0.7556 -0.2709 0.5964
vn 0.7660 -0.1818 0.6166
vn 0.7783 0.0805 0.6227
vn 0.6293 0.2176 -0.7461
vn 0.3534 0.1332 -0.9260
vn 0.4617 0.8389 -0.2882
vn 0.8539 0.3532 -0.3823
vn 0.1637 0.7441 -0.6477
vn 0.1557 0.3564 -0.9213
vn 0.1682 0.9735 -0.1552
vn 0.2031 -0.2238 -0.9532
vn 0.3273 0.1765 0.9283
vn 0.6868 0.1495 -0.7113
vn 0.9139 0.1775 -0.3650
vn 0.5238 0.0610 -0.8496
vn 0.3976 0.1516 -0.9050
vn 0.6901 0.1584 -0.7061
vn 0.5700 0.0856 -0.8172
vn 0.8217 0.0726 0.5652
vn 0.9092 0.1795 0.3756
vn 0.7203 0.2221 0.6572
vn 0.7141 0.0017 0.7001
vn 0.8540 0.0735 0.5150
vn 0.7308 0.1724 0.6605
vn 0.9987 0.0296 -0.0406
vn 0.7809 -0.1109 0.6147
vn 0.7833 -0.2208 0.5811
vn 0.8778 -0.1488 0.4553
vn 0.1500 0.1072 -0.9829
vn 0.2160 0.1755 -0.9605
vn 0.2335 0.3347 -0.9129
vn 0.0898 0.3158 -0.9446
vn 0.1208 -0.1520 -0.9810
vn 0.1537 -0.0228 -0.9879
vn 0.3074 0.0709 -0.9489
vn 0.2485 -0.2795 -0.9274
vn 0.8441 -0.1817 0.5045
vn 0.7394 -0.1781 0.6493
vn 0.9828 -0.1164 0.1434
vn 0.8873 -0.0742 0.4553
vn 0.5976 -0.0486 0.8003
vn 0.9597 -0.2287 0.1631
vn -0.0246 -0.1556 -0.9875
vn -0.0353 -0.3035 -0.9522
vn 0.0165 -0.1312 -0.9912
vn 0.1222 0.1222 -0.9850
vn -0.1141 -0.3370 -0.9346
vn -0.1186 -0.3256 -0.9380
vn -0.0273 -0.3159 -0.9484
vn 0.3666 0.2375 -0.8996
vn 0.1619 -0.2929 -0.9423
vn 0.7479 0.6505 -0.1321
vn 0.6777 0.4372 -0.5912
vn 0.5295 0.8019 -0.2768
vn 0.6311 0.7655 -0.1250
vn 0.9600 0.2337 -0.1544
vn 0.9629 0.1380 0.2321
vn 0.8697 0.4007 0.2882
vn 0.3559 0.6346 0.6860
vn 0.9275 0.3722 -0.0354
vn 0.4098 0.9084 0.0824
vn 0.7303 -0.2714 0.6269
vn 0.5100 -0.2112 0.8339
vn 0.8987 -0.1766 0.4014
vn 0.7231 0.0896 -0.6849
vn 0.9316 0.1681 -0.3222
vn 0.9890 -0.0009 0.1482
vn 0.9414 -0.1849 0.2822
vn 0.8327 -0.0661 0.5497
vn 0.9196 0.0577 0.3886
vn 0.6848 -0.0396 -0.7276
vn 0.7221 0.0990 -0.6847
vn 0.8485 -0.1106 -0.5176
vn 0.9483 -0.1664 -0.2703
vn 0.6006 -0.1050 -0.7926
vn 0.5292 0.4743 0.7036
vn 0.8866 0.1259 0.4450
vn 0.5292 0.8334 0.1594
vn 0.9886 -0.0820 0.1265
vn 0.8888 -0.2037 0.4105
vn 0.5359 -0.1405 0.8325
vn 0.7093 -0.0502 0.7031
vn 0.8715 -0.2640 0.4132
vn 0.5955 -0.1312 0.7926
vn 0.7919 -0.1187 0.5989
vn 0.8436 -0.0303 0.5361
vn 0.9519 -0.2094 -0.2237
vn 0.8970 -0.1383 0.4198
vn 0.7846 0.0259 0.6195
vn 0.9857 -0.0760 0.1502
vn -0.0006 -0.1287 -0.9917
vn 0.0295 -0.1206 -0.9923
vn 0.0377 -0.2529 -0.9668
vn -0.0288 -0.2458 -0.9689
vn 0.0652 -0.1200 -0.9906
vn 0.1027 0.0814 -0.9914
vn 0.1016 -0.2675 -0.9582
vn 0.3881 0.0099 0.9216
vn 0.4345 -0.1592 0.8865
vn 0.5494 0.0963 0.8300
vn 0.2530 0.3522 0.9011
vn 0.4230 -0.1730 0.8895
vn 0.3875 0.1263 0.9132
vn 0.6532 -0.1083 -0.7494
vn 0.8254 0.0094 -0.5644
vn 0.7218 -0.2800 -0.6330
vn 0.8100 -0.1611 -0.5639
vn 0.5346 -0.2526 -0.8065
vn 0.6688 -0.1333 -0.7314
vn 0.8078 -0.2625 -0.5277
vn 0.6346 -0.3225 -0.7023
vn 0.4885 0.1024 0.8666
vn 0.5862 0.1349 0.7988
vn 0.5425 -0.3459 -0.7655
vn 0.8362 -0.2974 -0.4607
vn -0.1342 -0.1212 0.9835
vn 0.4450 0.0116 0.8954
vn 0.5703 -0.3817 -0.7274
vn 0.9053 -0.1162 -0.4085
vn 0.9194 0.0504 -0.3901
vn 0.8331 -0.3044 -0.4618
vn 0.8803 -0.0955 0.4647
vn 0.9415 -0.1488 0.3025
vn 0.8389 -0.3375 0.4270
vn 0.5775 -0.2670 0.7715
vn 0.0769 -0.3586 0.9303
vn -0.3071 -0.3354 0.8906
vn -0.6356 -0.2597 0.7270
vn -0.6419 -0.1815 0.7450
vn 0.8216 -0.2735 -0.5001
vn 0.7086 -0.2581 -0.6567
vn 0.7034 -0.3447 -0.6216
vn 0.9354 -0.1259 -0.3303
vn 0.7421 -0.2071 -0.6374
vn 0.4935 -0.3167 -0.8100
vn 0.4169 -0.3144 -0.8528
vn 0.9840 -0.1747 -0.0350
vn 0.9985 0.0476 -0.0273
vn 0.9852 0.0146 0.1706
vn 0.9561 -0.2551 0.1443
vn 0.9772 0.0615 -0.2033
vn 0.9672 -0.2168 -0.1320
vn 0.9973 -0.0598 -0.0437
vn 0.9793 -0.0670 -0.1911
vn -0.1389 -0.4161 0.8987
vn -0.6633 -0.2665 0.6993
vn -0.4371 -0.4878 0.7557
vn 0.9039 -0.2953 0.3094
vn -0.0712 -0.1112 0.9912
vn 0.1632 -0.0985 0.9817
vn 0.0413 -0.1407 0.9892
vn 0.0535 -0.1017 0.9934
vn 0.0854 -0.1865 0.9787
vn -0.2036 -0.1850 0.9614
vn 0.1327 -0.0709 0.9886
vn 0.9294 -0.2352 -0.2844
vn 0.9291 -0.3368 -0.1525
vn 0.9831 -0.1772 -0.0453
vn 0.9592 -0.1734 -0.2234
vn 0.9015 -0.2530 -0.3512
vn 0.8957 -0.1846 -0.4045
vn -0.8063 -0.4511 0.3826
vn -0.0381 -0.6383 -0.7688
vn 0.2251 -0.0689 0.9719
vn 0.2944 -0.0133 0.9556
vn 0.3039 -0.3981 -0.8655
vn 0.0398 -0.3660 -0.9298
vn -0.1397 -0.4654 -0.8740
vn 0.6414 -0.3951 -0.6576
vn -0.6449 -0.0633 -0.7617
vn -0.8626 -0.0641 -0.5019
vn -0.5927 -0.3478 0.7264
vn -0.8149 -0.3876 0.4309
vn -0.3415 -0.4884 0.8030
vn 0.2554 -0.7165 0.6491
vn -0.2893 -0.2684 0.9188
vn -0.2938 -0.1980 0.9351
vn -0.9261 -0.3741 -0.0490
vn -0.8835 -0.2612 -0.3889
vn -0.8491 -0.3480 -0.3974
vn 0.5801 0.1272 0.8045
vn 0.6352 0.0934 0.7667
vn 0.6231 -0.3693 -0.6895
vn 0.3001 -0.3894 -0.8708
vn -0.2543 -0.0441 -0.9661
vn -0.5215 -0.1277 -0.8436
vn -0.6095 -0.2111 -0.7641
vn -0.2225 -0.0969 -0.9701
vn 0.2599 -0.2160 0.9412
vn 0.0156 -0.1546 0.9879
vn 0.0957 -0.4134 0.9055
vn -0.2929 -0.1738 0.9402
vn 0.1441 -0.0103 0.9895
vn -0.4068 0.1867 0.8942
vn 0.0874 0.1169 0.9893
vn -0.7411 0.0854 0.6659
vn -0.4184 -0.1468 0.8963
vn -0.7771 -0.1542 0.6102
vn -0.3532 0.1546 0.9227
vn -0.7099 0.0311 0.7036
vn 0.0755 0.2246 0.9715
vn -0.6799 -0.3258 -0.6569
vn -0.4132 -0.2132 -0.8853
vn -0.7560 -0.3066 -0.5784
vn -0.5021 -0.3136 -0.8060
vn 0.0160 0.0037 -0.9999
vn 0.1085 0.0430 -0.9932
vn -0.0576 -0.2523 -0.9659
vn 0.7730 0.1601 0.6139
vn 0.6935 0.1518 0.7043
vn 0.7940 0.2359 0.5603
vn 0.9066 0.2262 0.3562
vn 0.4539 0.1772 0.8733
vn 0.5490 0.0547 0.8340
vn 0.6103 0.2384 0.7554
vn 0.9509 0.1330 0.2793
vn 0.9769 0.1671 0.1331
vn -0.3711 -0.6413 0.6715
vn -0.8533 -0.5139 0.0877
vn -0.1914 -0.7036 -0.6844
vn 0.3823 -0.8688 -0.3147
vn -0.9907 0.0637 0.1205
vn -0.4657 0.2340 0.8534
vn 0.2915 -0.5168 0.8049
vn 0.3672 0.0693 0.9276
vn 0.7811 -0.5563 0.2836
vn 0.9252 -0.2940 0.2401
vn 0.6921 -0.5937 -0.4105
vn -0.6768 -0.6631 0.3197
vn -0.9880 0.0961 0.1210
vn -0.6369 0.2484 -0.7298
vn -0.3454 -0.5268 -0.7766
vn -0.8582 0.4040 0.3168
vn -0.3553 -0.2050 0.9120
vn -0.5445 0.5294 -0.6506
vn 0.0579 -0.9252 0.3749
vn 0.4631 -0.6724 0.5775
vn 0.3164 -0.8141 -0.4870
vn 0.7247 -0.5377 -0.4309
vn 0.1878 0.0298 -0.9817
vn -0.8096 -0.5022 -0.3039
vn -0.8516 -0.3379 -0.4007
vn -0.9353 -0.2422 -0.2579
vn -0.8244 -0.5651 0.0312
vn -0.0862 -0.1335 -0.9873
vn -0.7826 0.2404 -0.5742
vn -0.3877 -0.8325 -0.3957
vn 0.0388 -0.9992 0.0046
vn -0.8810 -0.4532 -0.1355
vn -0.9070 -0.3473 -0.2381
vn -0.7876 -0.4445 -0.4267
vn -0.3510 -0.6518 -0.6723
vn -0.9492 -0.2899 -0.1226
vn -0.8611 0.2710 0.4301
vn -0.7011 0.2351 -0.6732
vn 0.0032 -0.7201 0.6939
vn -0.0849 -0.1303 0.9878
vn -0.7568 0.2713 0.5947
vn -0.9569 -0.1115 0.2682
vn -0.4441 -0.8335 0.3286
vn -0.1875 -0.6665 0.7215
vn -0.9375 0.2033 -0.2823
vn -0.3442 -0.8570 -0.3835
vn -0.6171 0.7474 -0.2462
vn 0.2098 -0.8520 -0.4797
vn -0.3717 -0.5878 -0.7186
vn -0.0649 -0.5820 -0.8106
vn 0.3733 -0.9198 -0.1211
vn 0.3904 0.0528 0.9191
vn -0.0149 0.1139 0.9934
vn -0.5046 0.5136 0.6940
vn -0.4327 0.3622 0.8256
vn -0.6781 -0.5482 0.4895
vn 0.6156 -0.6263 0.4782
vn -0.1429 0.4540 0.8795
vn -0.7099 0.5324 0.4610
vn 0.3245 0.2132 0.9216
vn 0.2054 0.3652 0.9080
vn -0.6395 -0.7663 -0.0622
vn 0.2017 -0.1844 -0.9619
vn -0.8335 0.5199 -0.1870
vn -0.6416 0.0744 0.7634
vn -0.7571 0.6359 0.1497
vn -0.6620 -0.7130 0.2310
vn -0.4356 0.8996 -0.0322
vn -0.8556 0.2182 0.4694
vn -0.6317 -0.3284 0.7022
vn -0.5497 0.8243 0.1354
vn -0.5763 0.5908 0.5647
vn -0.7802 0.6171 -0.1029
vn 0.2905 -0.9531 0.0848
vn -0.0837 -0.9693 0.2314
vn 0.1709 -0.9496 0.2626
vn -0.5382 -0.8184 0.2016
vn -0.9234 -0.3680 0.1091
vn -0.8059 0.0164 -0.5918
vn -0.3175 -0.5853 -0.7461
vn 0.0853 0.1571 -0.9839
vn -0.6579 0.6182 -0.4300
vn 0.6248 -0.7586 0.1846
vn 0.7283 -0.3895 -0.5639
vn -0.0322 -0.2250 0.9738
vn -0.3177 0.5437 -0.7768
vn -0.5498 0.6408 -0.5358
vn 0.5644 -0.8028 0.1922
vn 0.3687 -0.8716 0.3231
vn 0.6200 -0.6786 0.3940
vn 0.7361 -0.5122 0.4425
vn 0.0528 -0.8938 -0.4453
vn 0.2745 -0.8322 -0.4818
vn 0.1104 -0.2050 -0.9725
vn 0.1028 0.0230 -0.9944
vn 0.7936 -0.5178 -0.3196
vn 0.8211 -0.3101 0.4792
vn 0.5554 -0.0418 0.8305
vn 0.6565 -0.3262 0.6802
vn 0.7577 0.0478 0.6509
vn 0.7594 -0.3479 0.5499
vn 0.8400 -0.0872 0.5356
vn 0.7509 -0.3083 0.5841
vn 0.8765 -0.3154 -0.3637
vn -0.3970 0.0950 0.9129
vn -0.9474 -0.0423 0.3172
vn -0.9183 -0.3334 0.2136
vn -0.9747 -0.2092 -0.0791
vn 0.0377 -0.2022 0.9786
vn 0.8975 -0.3701 0.2399
vn 0.8183 -0.4326 0.3784
vn -0.4195 -0.6247 0.6586
vn -0.6567 0.3040 0.6902
vn -0.9579 0.2331 -0.1677
vn -0.5389 -0.8000 -0.2638
vn -0.4501 0.1919 0.8721
vn 0.1301 -0.5828 0.8021
vn -0.6737 0.7272 0.1315
vn 0.5348 -0.8408 -0.0841
vn -0.4318 0.4265 -0.7947
vn -0.0274 -0.4236 -0.9054
vn -0.2387 0.4380 -0.8667
vn 0.4149 -0.3974 -0.8185
vn 0.6824 -0.4353 -0.5873
vn -0.0216 -0.9826 -0.1844
vn 0.7758 -0.4308 -0.4611
vn 0.9729 -0.1526 0.1736
vn -0.7072 -0.4743 -0.5244
vn 0.0652 -0.5171 0.8535
vn 0.7736 -0.6254 -0.1020
vn -0.8516 -0.3238 -0.4122
vn -0.2565 0.0233 -0.9663
vn -0.2378 -0.2369 -0.9420
vn 0.9208 -0.1665 -0.3527
vn 0.6251 -0.2982 -0.7214
vn 0.5791 -0.1436 -0.8026
vn -0.4412 0.3507 0.8260
vn 0.0186 0.3570 0.9339
vn 0.0361 0.2806 0.9591
vn -0.4010 0.2578 0.8791
vn -0.8192 -0.1717 -0.5472
vn -0.8780 -0.3635 -0.3114
vn -0.9153 -0.3504 -0.1988
vn -0.7154 -0.4110 -0.5650
vn -0.8169 -0.2536 -0.5180
vn -0.9855 -0.1656 -0.0379
vn -0.9450 0.2316 -0.2309
vn -0.7880 -0.5996 -0.1397
vn -0.8547 -0.4909 0.1689
vn -0.5015 -0.7394 -0.4492
vn 0.6185 0.2426 0.7474
vn 0.5674 0.2600 0.7813
vn 0.9271 0.1727 0.3326
vn 0.8967 0.1741 0.4070
vn 0.0334 0.3685 0.9290
vn -0.4568 0.3087 0.8343
vn -0.0301 -0.3594 -0.9327
vn -0.0379 -0.3129 -0.9490
vn -0.5266 -0.3389 -0.7796
vn -0.5114 -0.3460 -0.7866
vn 0.4317 -0.2149 -0.8761
vn 0.4715 -0.2441 -0.8474
vn -0.0824 -0.3336 -0.9391
vn -0.5696 -0.3605 -0.7387
vn 0.4317 -0.2598 -0.8638
vn -0.1898 -0.3894 -0.9013
vn 0.4212 -0.3206 -0.8484
vn 0.4578 -0.0551 -0.8873
vn -0.2367 -0.1499 -0.9600
vn 0.4246 -0.6478 -0.6325
vn -0.0243 -0.7523 -0.6583
vn 0.8434 -0.2347 -0.4834
vn 0.8784 0.0141 -0.4777
vn 0.7674 -0.5157 -0.3811
vn 0.9043 -0.4150 0.1006
vn 0.9941 -0.0851 0.0665
vn 0.8008 -0.3420 -0.4917
vn 0.9699 -0.2434 -0.0110
vn 0.4552 -0.4823 -0.7484
vn 0.4203 -0.0553 -0.9057
vn 0.7799 0.0651 -0.6225
vn -0.0187 -0.5900 -0.8072
vn -0.0923 -0.0925 -0.9914
vn -0.5620 -0.6030 -0.5661
vn -0.6696 -0.0624 -0.7401
vn -0.8693 -0.4619 -0.1757
vn -0.9478 -0.0276 -0.3176
vn -0.9193 -0.3817 0.0956
vn -0.9984 -0.0157 -0.0534
vn -0.7692 -0.2888 0.5700
vn -0.8963 0.1173 0.4276
vn -0.6816 -0.4239 0.5964
vn -0.8601 0.1059 0.4991
vn -0.2976 -0.3053 0.9045
vn -0.3430 -0.1721 0.9234
vn -0.3803 0.2386 0.8936
vn 0.1308 0.2406 0.9618
vn 0.1007 -0.2750 0.9562
vn 0.5657 0.1535 0.8102
vn 0.4777 -0.3419 0.8093
vn 0.6186 0.2939 0.7287
vn 0.8440 0.1932 0.5004
vn 0.8466 0.0593 0.5290
vn 0.9931 0.0985 0.0635
vn 0.7465 -0.3728 0.5511
vn 0.8258 -0.2060 0.5249
vn 0.4951 -0.1814 0.8497
vn 0.8554 0.3572 0.3752
vn 0.5083 0.3930 0.7663
vn 0.9606 0.2283 -0.1585
vn 0.9651 0.2186 -0.1441
vn 0.8569 0.3607 0.3682
vn 0.7948 0.0376 -0.6057
vn 0.8143 -0.1232 -0.5673
vn 0.9954 0.0509 -0.0806
vn 0.4235 -0.0947 -0.9009
vn -0.0991 -0.1149 -0.9884
vn -0.6404 -0.0840 -0.7634
vn -0.9309 -0.1001 -0.3513
vn -0.8775 -0.3356 -0.3427
vn -0.9981 -0.0552 -0.0268
vn -0.9827 -0.1732 0.0659
vn -0.8948 0.1477 0.4214
vn -0.8379 0.1381 0.5281
vn -0.4662 0.2453 0.8500
vn 0.0298 0.3172 0.9479
vn 0.0759 -0.1216 0.9897
vn 0.5235 0.3964 0.7542
vn -0.7591 0.0976 0.6437
vn -0.9834 -0.1398 0.1160
vn -0.9756 -0.1847 0.1189
vn -0.8109 -0.3088 -0.4970
vn -0.8598 -0.2960 -0.4161
vn -0.9844 -0.1671 0.0559
vn -0.9593 -0.2813 -0.0234
vn 0.8000 -0.0737 -0.5955
vn 0.9904 0.0762 -0.1150
vn 0.7928 -0.0919 -0.6025
vn 0.9816 0.0426 -0.1862
vn 0.7645 0.0229 -0.6443
vn 0.9432 0.1057 -0.3150
vn 0.4867 -0.0964 -0.8682
vn 0.4268 0.1134 -0.8972
vn 0.6916 0.1428 -0.7081
vn 0.3136 0.0568 -0.9479
vn 0.5994 0.0948 -0.7948
vn 0.1440 -0.1170 -0.9826
vn 0.4712 -0.0071 -0.8820
vn 0.0074 -0.0364 -0.9993
vn -0.1571 -0.1786 -0.9713
vn 0.1041 -0.3038 -0.9470
vn 0.3643 -0.4298 -0.8262
vn 0.4984 -0.1431 -0.8550
vn 0.3847 -0.1186 -0.9154
vn 0.3988 -0.4072 -0.8217
vn 0.3712 -0.1325 -0.9190
vn 0.1164 -0.3427 -0.9322
vn 0.0996 -0.0431 -0.9941
vn 0.4041 -0.3345 -0.8514
vn 0.2524 -0.0377 -0.9669
vn 0.6031 -0.2976 -0.7401
vn 0.9311 -0.2625 -0.2532
vn 0.7898 -0.1738 -0.5883
vn 0.7111 -0.3117 -0.6302
vn 0.7507 -0.3407 -0.5660
vn 0.8373 -0.2073 -0.5059
vn 0.8998 -0.2148 -0.3799
vn 0.7628 -0.1157 -0.6362
vn 0.4073 -0.1768 -0.8960
vn 0.2856 0.0502 -0.9570
vn 0.1559 -0.1334 -0.9787
vn 0.1875 0.0781 -0.9792
vn 0.1768 -0.2903 -0.9405
vn 0.2233 -0.3100 -0.9241
vn 0.1505 -0.2911 -0.9448
vn 0.3081 -0.2922 -0.9054
vn 0.7916 -0.2335 -0.5647
vn 0.6473 -0.2240 -0.7286
vn 0.5394 0.0045 -0.8420
vn 0.5562 -0.0213 -0.8308
vn 0.5848 0.0575 -0.8091
vn 0.5008 0.1482 -0.8528
vn 0.6414 0.0972 -0.7610
vn 0.5311 0.0825 -0.8433
vn 0.6489 -0.1640 -0.7430
vn 0.7001 -0.0709 -0.7105
vn 0.6652 -0.1964 -0.7204
vn 0.7560 0.1238 -0.6427
vn 0.6478 0.3113 -0.6953
vn 0.8305 0.2546 -0.4954
vn 0.7634 0.2894 -0.5775
vn 0.8891 0.2203 -0.4012
vn 0.9489 0.2087 -0.2368
vn 0.9763 0.2095 -0.0542
vn 0.9705 0.2398 -0.0256
vn 0.9752 0.2101 0.0691
vn 0.9642 0.2522 0.0820
vn 0.9220 0.2598 0.2870
vn 0.8461 0.2748 0.4567
vn 0.8791 0.2199 0.4230
vn 0.7646 0.2670 0.5866
vn 0.7784 0.1945 0.5968
vn 0.8233 0.2093 0.5276
vn 0.8973 0.1852 0.4007
vn 0.6790 0.1540 0.7178
vn 0.4870 0.0993 0.8677
vn 0.5785 -0.0321 0.8150
vn 0.2539 -0.0012 0.9672
vn 0.3003 -0.0414 0.9529
vn 0.0169 -0.1174 0.9929
vn 0.1785 -0.2279 0.9572
vn -0.1128 -0.4563 0.8827
vn 0.0092 -0.5353 0.8446
vn -0.2912 -0.2670 0.9187
vn -0.6499 -0.2865 0.7040
vn -0.5216 -0.5720 0.6331
vn -0.6788 -0.1573 0.7173
vn -0.9018 -0.1313 0.4117
vn -0.8519 -0.2834 0.4404
vn -0.5918 -0.2515 0.7658
vn -0.8595 -0.2352 0.4538
vn -0.8536 -0.1738 0.4911
vn -0.9414 -0.1616 0.2962
vn -0.9224 -0.1736 0.3450
vn -0.9550 -0.2045 0.2149
vn -0.9583 -0.2445 0.1482
vn -0.9293 -0.3025 0.2120
vn -0.9541 -0.2828 0.0989
vn -0.9684 -0.1223 0.2172
vn -0.9922 -0.1230 0.0213
vn -0.9815 -0.1900 0.0250
vn -0.9538 -0.1804 0.2404
vn -0.9842 -0.1767 -0.0112
vn -0.9448 -0.1600 -0.2859
vn -0.9576 -0.1432 -0.2501
vn -0.9864 -0.1583 -0.0443
vn -0.9676 -0.1494 0.2037
vn -0.9357 -0.1382 -0.3245
vn -0.9360 -0.0874 -0.3409
vn -0.9910 -0.1149 -0.0687
vn -0.9101 -0.1459 -0.3878
vn -0.9731 -0.2123 -0.0900
vn -0.9117 -0.0296 -0.4098
vn -0.9906 -0.1113 -0.0790
vn -0.5785 0.0395 -0.8148
vn -0.8926 0.0952 -0.4407
vn -0.0966 0.1169 -0.9884
vn 0.4385 0.1896 -0.8785
vn 0.8118 0.0822 -0.5781
vn 0.8257 0.0347 -0.5631
vn 0.9777 0.0800 -0.1942
vn 0.8455 0.0422 -0.5324
vn 0.9740 -0.0155 -0.2261
vn 0.8506 -0.0176 -0.5256
vn 0.9588 -0.0506 -0.2797
vn 0.5417 -0.0545 -0.8388
vn 0.6050 -0.0399 -0.7953
vn 0.6500 0.0169 -0.7598
vn 0.1466 -0.0378 -0.9885
vn -0.3501 -0.0492 -0.9354
vn 0.1635 -0.0334 -0.9860
vn 0.6578 -0.0258 -0.7527
vn -0.3518 -0.0548 -0.9345
vn -0.5920 -0.1556 -0.7908
vn -0.6199 -0.0722 -0.7814
vn -0.3014 -0.2790 -0.9118
vn 0.1787 -0.1698 -0.9691
vn -0.5492 -0.3415 -0.7627
vn -0.5348 -0.5061 -0.6766
vn -0.2065 -0.4781 -0.8537
vn -0.8189 -0.2942 -0.4929
vn -0.8510 -0.3104 -0.4235
vn -0.7995 -0.2215 -0.5584
vn -0.9580 -0.1891 -0.2156
vn -0.9626 -0.1935 -0.1896
vn -0.7979 -0.1279 -0.5891
vn -0.9811 -0.1936 -0.0042
vn -0.9981 -0.0580 -0.0195
vn -0.9814 -0.1082 -0.1587
vn -0.9908 -0.1143 0.0721
vn -0.9922 0.1192 0.0370
vn -0.9833 0.1821 -0.0078
vn -0.9381 -0.2824 0.2003
vn -0.9902 -0.0846 0.1111
vn -0.7856 -0.4812 0.3889
vn -0.8766 -0.3847 0.2890
vn -0.5184 -0.6469 0.5592
vn -0.2445 -0.8352 0.4926
vn -0.7211 -0.6656 0.1922
vn 0.0391 0.9795 0.1977
vn 0.2496 0.8122 -0.5273
vn -0.2345 0.3737 0.8974
vn -0.4517 0.4458 0.7728
vn 0.1434 0.9843 0.1030
vn -0.3171 -0.2327 0.9194
vn -0.6094 -0.2318 0.7583
vn -0.2592 0.3326 0.9068
vn 0.1561 -0.2830 0.9463
vn 0.1135 0.4211 0.8999
vn 0.3469 -0.2958 0.8900
vn 0.2329 0.3567 0.9047
vn 0.6117 -0.2456 0.7520
vn 0.4098 0.3829 0.8279
vn 0.8343 -0.0078 0.5512
vn 0.4928 0.5795 0.6491
vn 0.8606 -0.2245 0.4572
vn 0.6937 0.1536 0.7037
vn 0.9939 -0.1099 -0.0022
vn 0.9293 0.3147 0.1932
vn 0.9993 0.0069 0.0356
vn 0.7925 0.5689 0.2196
vn 0.0337 0.6939 0.7193
vn 0.8419 -0.0124 -0.5395
vn 0.8708 0.0155 -0.4915
vn 0.6064 0.0343 -0.7944
vn 0.6089 0.1496 -0.7790
vn 0.3503 0.0968 -0.9316
vn 0.3293 0.2811 -0.9014
vn 0.5342 0.6867 -0.4931
vn 0.8116 0.5331 -0.2389
vn 0.3366 0.9249 0.1767
vn 0.4671 0.7863 0.4044
vn -0.6637 0.5128 0.5445
vn -0.7102 0.6457 0.2804
vn -0.8710 -0.1772 0.4582
vn -0.9991 0.0420 -0.0077
vn -0.5296 0.6027 0.5968
vn -0.5538 0.7319 0.3970
vn -0.4364 0.4611 0.7726
vn 0.0851 0.9773 0.1943
vn 0.2566 0.9450 0.2028
vn 0.0074 0.9694 0.2455
vn 0.1815 0.9198 -0.3480
vn 0.2255 0.9722 -0.0624
vn -0.0865 0.9907 -0.1050
vn -0.1777 0.6338 -0.7528
vn -0.2093 0.9775 -0.0282
vn -0.3724 0.6098 -0.6996
vn -0.3511 0.9355 0.0382
vn -0.6299 0.4999 -0.5944
vn -0.5600 0.8218 0.1051
vn -0.8731 0.3008 -0.3838
vn -0.5389 0.8246 0.1721
vn -0.4360 0.8978 -0.0619
vn 0.1885 0.7676 0.6125
vn 0.0399 0.8008 0.5975
vn 0.3302 0.8479 0.4147
vn -0.2329 0.8719 0.4308
vn -0.3684 0.8462 0.3850
vn 0.0262 0.9561 0.2918
vn -0.6476 0.4501 0.6148
vn -0.9088 0.3275 0.2585
vn -0.1051 0.9036 0.4153
vn 0.1956 0.9096 0.3665
vn 0.0440 0.7300 0.6820
vn 0.1321 0.9760 -0.1734
vn 0.1318 0.9903 0.0445
vn -0.1416 0.9262 -0.3494
vn 0.0013 0.8822 0.4709
vn -0.2752 0.9270 -0.2548
vn 0.0047 0.8585 0.5128
vn -0.2956 0.9148 0.2754
vn -0.4135 0.9087 -0.0574
vn -0.8067 0.5882 -0.0567
vn -0.1431 0.8897 0.4335
vn 0.2525 0.7755 0.5787
vn -0.3291 0.7325 0.5958
vn 0.8733 0.4383 0.2127
vn 0.8156 0.2647 0.5145
vn 0.9852 0.1654 0.0458
vn 0.8849 0.0712 0.4602
vn 0.9989 0.0444 -0.0125
vn 0.8722 -0.0362 0.4879
vn 0.6341 0.1111 0.7652
vn 0.6885 0.0996 0.7184
vn 0.7169 -0.3384 0.6095
vn 0.5572 -0.3241 0.7645
vn 0.4484 0.3049 0.8402
vn 0.6598 -0.7503 0.0409
vn 0.4369 -0.8754 0.2070
vn 0.6267 -0.7696 -0.1221
vn 0.3048 -0.9453 -0.1159
vn 0.7356 -0.6694 0.1035
vn 0.4173 -0.9049 0.0842
vn 0.9258 -0.3757 0.0428
vn 0.8902 -0.2946 0.3474
vn 0.7462 -0.4789 0.4623
vn 0.6874 -0.1797 0.7037
vn 0.6179 -0.2848 0.7329
vn 0.5395 -0.2478 0.8047
vn 0.4352 -0.2718 0.8583
vn 0.5098 -0.2882 0.8106
vn 0.5440 -0.0274 0.8387
vn 0.5064 0.1739 0.8446
vn 0.6837 0.1034 0.7224
vn 0.5444 -0.6384 0.5440
vn -0.2883 0.7550 0.5890
vn -0.1480 0.5560 0.8179
vn -0.3467 0.5386 0.7680
vn 0.0002 0.9492 0.3147
vn 0.1472 0.9313 0.3332
vn 0.0730 0.7378 0.6710
vn 0.3470 0.6593 0.6670
vn 0.0428 0.5033 0.8630
vn 0.3197 0.4140 0.8523
vn 0.3975 0.8582 0.3247
vn 0.5024 0.7981 0.3327
vn 0.6307 0.5036 0.5904
vn 0.3995 0.8993 -0.1777
vn 0.4742 0.8609 -0.1842
vn 0.7312 0.6594 -0.1747
vn 0.8295 0.4904 0.2673
vn 0.3906 0.6382 -0.6635
vn 0.3340 0.6672 -0.6658
vn 0.6695 0.4592 -0.5839
vn 0.8340 0.2671 -0.4827
vn 0.7977 0.5717 -0.1920
vn 0.6359 0.1473 -0.7576
vn 0.2559 0.3243 -0.9107
vn 0.7945 0.0257 -0.6067
vn 0.3551 0.3208 -0.8781
vn 0.5267 0.5713 -0.6295
vn 0.3967 0.6525 -0.6457
vn 0.4433 0.8816 -0.1618
vn 0.5573 0.8125 -0.1712
vn 0.2176 0.4095 -0.8860
vn 0.4769 0.2772 -0.8341
vn 0.6120 0.4953 -0.6166
vn 0.7344 0.3602 -0.5753
vn 0.7322 0.6645 -0.1498
vn 0.8571 0.5012 -0.1187
vn 0.6242 0.1686 -0.7629
vn 0.6565 0.1693 -0.7351
vn 0.8254 0.2541 -0.5041
vn 0.9052 0.1827 -0.3836
vn 0.9513 0.3068 -0.0301
vn 0.9724 0.2100 0.1020
vn 0.7612 0.1333 -0.6346
vn 0.8273 0.1555 -0.5397
vn 0.9513 0.1935 -0.2398
vn 0.9739 0.2153 -0.0717
vn 0.9458 0.2254 0.2340
vn 0.8849 0.1765 -0.4311
vn 0.8057 0.2099 0.5539
vn 0.8477 0.1710 0.5021
vn 0.8521 0.2800 0.4421
vn 0.6628 0.1828 0.7262
vn 0.7668 0.4860 0.4194
vn 0.5785 0.3514 0.7361
vn 0.7077 0.5801 0.4033
vn 0.6340 0.3410 0.6941
vn 0.5557 0.7277 0.4021
vn 0.5297 0.4420 0.7239
vn 0.2965 0.8647 0.4053
vn 0.2196 0.6248 0.7493
vn 0.7525 0.5873 0.2981
vn 0.6147 0.3978 0.6811
vn 0.9211 0.1073 0.3744
vn 0.9314 -0.1262 0.3414
vn 0.4025 0.3083 0.8620
vn 0.8388 0.0850 0.5378
vn 0.9089 -0.1196 0.3995
vn 0.9170 -0.1623 0.3644
vn 0.4406 0.2106 0.8726
vn 0.1504 0.3136 0.9376
vn 0.2603 0.3217 -0.9104
vn -0.0748 -0.3375 -0.9383
vn 0.0413 0.1209 -0.9918
vn 0.2047 0.0997 -0.9737
vn 0.3762 0.0771 -0.9233
vn 0.0092 -0.2931 -0.9560
vn -0.8067 -0.5179 -0.2846
vn -0.9221 -0.3785 -0.0808
vn -0.8928 -0.3064 -0.3302
vn -0.9936 0.0580 -0.0974
vn -0.9665 -0.2561 -0.0191
vn -0.9594 -0.2821 0.0033
vn -0.9188 -0.3922 0.0451
vn 0.2470 -0.2505 -0.9361
vn 0.6274 -0.0567 -0.7766
vn 0.6431 -0.0907 -0.7604
vn 0.6177 -0.0428 -0.7852
vn 0.7959 0.0470 -0.6036
vn 0.8344 0.0164 -0.5508
vn 0.5807 0.1029 -0.8076
vn 0.7173 0.1392 -0.6827
vn 0.5084 0.2735 -0.8166
vn 0.6338 0.2996 -0.7131
vn 0.2974 0.2893 -0.9099
vn 0.3281 0.4364 -0.8378
vn 0.4738 0.3506 -0.8079
vn 0.5344 0.3674 -0.7612
vn 0.8441 0.1908 -0.5011
vn 0.8509 -0.0071 -0.5252
vn 0.8568 -0.0039 -0.5156
vn 0.9885 -0.1462 0.0376
vn 0.9796 -0.1333 0.1506
vn 0.8501 -0.2892 0.4400
vn 0.8479 -0.3365 0.4096
vn 0.8507 -0.0315 0.5247
vn 0.6663 -0.0536 0.7438
vn 0.6653 -0.3658 0.6508
vn 0.6324 0.0588 0.7724
vn 0.4052 0.0504 0.9129
vn 0.4983 -0.0858 0.8628
vn 0.6194 -0.0241 0.7847
vn 0.3323 -0.0082 0.9431
vn 0.5272 -0.3605 0.7695
vn 0.5967 -0.2818 0.7513
vn 0.7203 -0.3309 0.6096
vn 0.9588 0.1189 0.2580
vn -0.9935 0.0425 -0.1058
vn -0.8525 0.1238 -0.5079
vn -0.9839 0.0233 -0.1771
vn -0.7962 0.0421 -0.6035
vn -0.9750 0.0110 -0.2220
vn -0.7313 -0.1159 -0.6721
vn -0.9415 -0.1501 -0.3016
vn -0.3231 -0.0042 -0.9463
vn 0.2554 0.0566 -0.9652
vn 0.3360 -0.0910 -0.9375
vn 0.6929 -0.0235 -0.7207
vn 0.7549 -0.0206 -0.6555
vn 0.8920 0.0723 -0.4462
vn 0.9992 0.0040 -0.0401
vn 0.9721 0.0821 -0.2198
vn 0.4654 0.1078 -0.8785
vn 0.5206 0.1420 -0.8419
vn 0.5138 -0.0771 -0.8544
vn -0.0858 -0.1312 -0.9876
vn 0.4704 -0.1527 -0.8691
vn -0.1429 -0.2071 -0.9678
vn 0.5164 0.0063 -0.8563
vn -0.1567 -0.0243 -0.9873
vn 0.5669 0.1958 -0.8002
vn -0.0705 0.2322 -0.9701
vn 0.8270 0.1085 -0.5516
vn 0.5046 0.3740 -0.7781
vn -0.0505 0.3584 -0.9322
vn 0.7832 0.3508 -0.5133
vn 0.5616 0.2464 -0.7899
vn 0.8365 0.2370 -0.4940
vn -0.0245 0.2312 -0.9726
vn 0.5681 -0.4111 -0.7129
vn -0.6779 0.1957 -0.7086
vn -0.9894 0.0692 -0.1278
vn -0.7011 -0.6972 0.1496
vn -0.4823 -0.7914 0.3756
vn -0.1964 -0.9795 0.0448
vn -0.0749 -0.9723 0.2214
vn 0.0655 -0.9959 0.0620
vn 0.1331 -0.9426 0.3062
vn 0.0136 -0.9173 0.3981
vn 0.3157 -0.9353 -0.1597
vn 0.7489 -0.5112 -0.4216
vn 0.1379 -0.9564 0.2574
vn -0.1172 -0.9762 0.1825
vn 0.0382 -0.9922 -0.1188
vn -0.2196 -0.9680 -0.1213
vn 0.0091 -0.9863 -0.1646
vn -0.1825 -0.9736 -0.1368
vn 0.0942 -0.9756 -0.1986
vn 0.1061 -0.9939 -0.0307
vn 0.0231 -0.9997 0.0086
vn 0.3578 -0.8958 -0.2637
vn 0.2945 -0.9522 -0.0815
vn 0.6989 -0.6983 -0.1547
vn 0.9557 -0.2204 -0.1950
vn 0.9664 -0.2108 0.1470
vn 0.9749 0.2080 0.0792
vn 0.8175 0.3355 0.4681
vn 0.7989 -0.1342 0.5863
vn 0.9589 0.2805 0.0430
vn 0.8234 0.3577 0.4405
vn 0.5167 0.4104 0.7514
vn 0.4973 0.3972 0.7713
vn 0.1137 0.4013 0.9089
vn 0.1226 0.1046 0.9869
vn -0.3091 0.3459 0.8859
vn -0.3268 0.1585 0.9317
vn 0.4999 -0.0247 0.8657
vn 0.1051 -0.5533 0.8264
vn 0.0594 -0.8676 0.4938
vn -0.2467 -0.4827 0.8403
vn -0.6147 -0.3984 0.6808
vn -0.7155 0.1101 0.6899
vn -0.6846 0.2196 0.6950
vn -0.9280 0.0235 0.3719
vn -0.9060 -0.2375 0.3503
vn -0.8958 0.1268 0.4259
vn -0.7328 0.5199 0.4390
vn -0.9599 0.1343 0.2461
vn -0.9866 -0.0247 0.1615
vn -0.7613 0.5303 0.3732
vn -0.7697 0.4951 0.4029
vn -0.9576 0.1742 0.2296
vn -0.3841 0.7599 0.5244
vn -0.9914 -0.0754 0.1072
vn -0.9842 -0.1534 0.0883
vn -0.9807 -0.1614 0.1107
vn -0.9837 -0.0971 0.1513
vn -0.8358 -0.5199 0.1763
vn -0.8042 -0.5935 -0.0326
vn -0.3761 -0.9166 0.1354
vn -0.4216 -0.8992 -0.1171
vn -0.3636 -0.8336 0.4159
vn -0.3792 -0.9156 -0.1337
vn -0.7604 -0.6485 -0.0349
vn 0.0473 -0.9700 0.2384
vn -0.6624 -0.2431 -0.7086
vn -0.6180 -0.1516 -0.7714
vn -0.9083 -0.1592 -0.3869
vn -0.9829 -0.1600 -0.0910
vn -0.9641 -0.1571 0.2141
vn -0.7863 -0.1313 0.6038
vn -0.8072 -0.0580 0.5874
vn -0.7964 -0.0549 0.6022
vn -0.4281 0.0867 0.8996
vn -0.4286 -0.0860 0.8994
vn 0.0706 -0.0717 0.9949
vn -0.4374 0.0163 0.8991
vn 0.1223 0.0315 0.9920
vn 0.0314 0.2332 0.9719
vn 0.4427 0.2430 0.8631
vn 0.5456 -0.1311 0.8277
vn 0.6676 -0.0400 0.7435
vn 0.7494 0.1781 0.6378
vn 0.8799 -0.2817 0.3827
vn -0.7895 -0.2761 0.5481
vn -0.2734 -0.9377 0.2143
vn -0.9919 -0.1271 -0.0003
vn -0.9989 -0.0351 -0.0305
vn -0.9411 -0.1305 0.3118
vn -0.9094 -0.1410 0.3914
vn -0.8087 -0.2004 0.5530
vn -0.8622 -0.1901 0.4696
vn -0.8491 -0.1895 0.4930
vn -0.6139 -0.1852 0.7674
vn -0.6761 -0.2177 0.7040
vn -0.9903 -0.1032 0.0935
vn -0.9430 -0.0886 0.3209
vn -0.9299 -0.1430 0.3389
vn -0.9420 0.3271 -0.0749
vn -0.7745 -0.1212 -0.6209
vn -0.7852 -0.1713 -0.5951
vn -0.9689 0.2272 0.0984
vn -0.7368 -0.1888 -0.6493
vn 0.4967 -0.6807 -0.5385
vn -0.9085 0.2966 0.2943
vn -0.2485 0.0300 0.9682
vn -0.0718 -0.3731 0.9250
vn -0.6988 0.3704 0.6120
vn -0.1821 -0.2242 0.9574
vn -0.5598 0.0149 0.8285
vn -0.5575 0.0236 0.8299
vn -0.7129 0.0201 0.7009
vn -0.6332 0.0329 0.7733
vn 0.0182 0.0257 0.9995
vn 0.0945 0.0341 0.9949
vn 0.2125 0.0367 0.9765
vn 0.2034 0.0278 0.9787
vn 0.2657 0.0255 0.9637
vn 0.2467 0.0195 0.9689
vn 0.3156 -0.0101 0.9488
vn 0.0859 -0.0268 0.9959
vn 0.0721 0.0134 0.9973
vn 0.3906 0.1672 0.9052
vn 0.1098 0.0926 0.9896
vn 0.0471 0.0524 0.9975
vn -0.1064 -0.0495 0.9931
vn 0.4634 0.0572 0.8843
vn 0.2279 -0.1082 0.9676
vn 0.1680 -0.0225 0.9855
vn -0.1869 0.0131 0.9823
vn 0.7348 -0.0981 0.6711
vn 0.6282 0.0227 0.7777
vn 0.1164 0.1003 0.9881
vn 0.9719 -0.0657 -0.2261
vn 0.9982 -0.0375 -0.0478
vn 0.9873 -0.0565 -0.1487
vn 0.9623 -0.0701 -0.2629
vn 0.9979 0.0332 -0.0550
vn 0.7083 -0.0858 0.7006
vn 0.6413 -0.1012 0.7606
vn 0.8579 -0.0792 0.5077
vn 0.8690 -0.1727 0.4637
vn 0.9483 -0.0595 0.3118
vn 0.4082 -0.0097 0.9128
vn -0.0084 0.0443 0.9990
vn -0.1151 0.0482 0.9922
vn -0.0777 -0.0748 0.9942
vn -0.1497 0.1027 0.9834
vn 0.1403 0.0497 0.9889
vn 0.2374 0.0349 0.9708
vn 0.2288 0.0369 0.9728
vn 0.1780 0.0510 0.9827
vn 0.1211 0.0546 0.9911
vn -0.5509 0.0372 0.8337
vn -0.5360 0.0325 0.8436
vn -0.4803 -0.1534 0.8636
vn 0.1540 -0.4054 0.9011
vn 0.9785 -0.0546 0.1991
vn 0.9937 -0.0651 -0.0914
vn 0.9802 -0.1980 0.0059
vn 0.6282 0.7763 -0.0519
vn 0.5951 0.7978 -0.0967
vn 0.9544 0.2777 -0.1097
vn 0.9783 0.1729 -0.1137
vn 0.9714 0.1955 -0.1348
vn 0.9819 0.1636 -0.0959
vn 0.7683 -0.2978 0.5667
vn 0.2796 0.5721 0.7710
vn 0.0786 0.6800 0.7290
vn 0.2043 0.6828 0.7015
vn 0.0817 0.2530 0.9640
vn -0.0669 0.2495 0.9661
vn -0.2630 -0.0398 0.9640
vn 0.8839 -0.4667 -0.0301
vn 0.5761 0.2890 0.7646
vn 0.2142 0.9297 0.2997
vn 0.1024 -0.3737 0.9219
vn 0.2004 -0.2073 0.9575
vn 0.1799 -0.4875 -0.8544
vn 0.2928 -0.3149 -0.9028
vn -0.0204 -0.4047 -0.9142
vn -0.0572 -0.2832 -0.9574
vn 0.1084 0.1074 -0.9883
vn -0.0387 -0.2245 -0.9737
vn 0.2224 0.4711 -0.8536
vn -0.3638 0.5460 -0.7547
vn 0.3127 -0.2626 -0.9128
vn 0.7933 -0.0673 -0.6051
vn 0.8294 -0.0924 -0.5509
vn 0.5938 -0.2397 -0.7681
vn 0.9692 0.1812 -0.1668
vn 0.8891 0.4450 -0.1072
vn 0.9136 -0.2514 0.3195
vn 0.8718 -0.1189 0.4752
vn 0.8173 0.1796 0.5474
vn -0.0136 0.5925 -0.8055
vn 0.1356 0.7042 -0.6970
vn 0.1670 0.8277 -0.5358
vn -0.0231 0.9484 0.3161
vn -0.0993 0.9568 0.2732
vn 0.0499 0.9061 0.4201
vn 0.2324 0.9497 0.2101
vn 0.4904 0.8097 0.3224
vn 0.6629 0.4748 0.5789
vn 0.7536 0.5659 -0.3344
vn 0.5708 0.0418 0.8200
vn 0.5995 0.0171 0.8002
vn 0.7017 0.1368 0.6992
vn -0.4251 -0.4341 0.7942
vn 0.5784 -0.0568 0.8137
vn 0.5265 0.6511 0.5467
vn 0.4408 -0.2487 0.8624
vn -0.2093 -0.6232 0.7535
vn -0.2032 -0.2439 0.9483
vn 0.9731 0.1783 0.1461
vn -0.5267 -0.0739 0.8468
vn -0.3148 -0.0799 -0.9458
vn -0.9692 -0.2457 -0.0145
vn -0.5539 0.4890 0.6739
vn 0.7908 -0.0448 0.6105
vn 0.9960 -0.0772 0.0439
vn 0.9974 -0.0551 0.0456
vn 0.9884 -0.1514 0.0124
vn 0.9309 -0.2466 0.2694
vn -0.9196 0.2597 0.2947
vn 0.3634 -0.6868 0.6295
vn 0.8545 -0.5140 0.0744
vn 0.3634 0.6868 -0.6295
vn 0.9196 0.2597 0.2947
vn 0.8545 0.5140 -0.0744
vn -0.4890 -0.2639 0.8314
vn 0.0345 0.4374 0.8986
vn 0.5961 0.7991 0.0775
vn -0.8555 -0.2347 -0.4616
vn -0.7777 -0.5402 -0.3215
vn 0.5341 0.6915 0.4864
vn -0.4551 -0.0365 -0.8897
vn 0.8675 0.0895 0.4894
vn 0.4648 -0.7062 -0.5341
vn -0.8795 -0.1719 0.4437
vn 0.4343 -0.2343 0.8697
vn -0.8535 -0.4786 0.2062
vn -0.0553 -0.7649 0.6417
vn -0.9934 -0.0373 0.1086
vn 0.7367 -0.4671 -0.4889
vn -0.9926 0.0973 0.0727
vn -0.9281 -0.2606 0.2660
vn -0.2272 -0.3378 -0.9134
vt 0.145059 0.921177
vt 0.141560 0.908469
vt 0.148492 0.911965
vt 0.156118 0.919925
vt 0.138700 0.921957
vt 0.136504 0.911964
vt 0.128407 0.909961
vt 0.129896 0.905330
vt 0.130432 0.905519
vt 0.131652 0.909284
vt 0.104629 0.904981
vt 0.097389 0.906145
vt 0.098836 0.898873
vt 0.104480 0.898497
vt 0.090111 0.904931
vt 0.090996 0.895871
vt 0.545152 0.527838
vt 0.556616 0.520686
vt 0.561023 0.522785
vt 0.548444 0.531646
vt 0.520668 0.413227
vt 0.526431 0.411647
vt 0.527451 0.412586
vt 0.528756 0.416145
vt 0.527538 0.410997
vt 0.527409 0.411311
vt 0.526908 0.412021
vt 0.154847 0.121894
vt 0.148167 0.155160
vt 0.129640 0.151838
vt 0.149349 0.121998
vt 0.598981 0.831390
vt 0.601905 0.849031
vt 0.571125 0.842352
vt 0.558381 0.831767
vt 0.630529 0.843874
vt 0.630538 0.851949
vt 0.625862 0.852101
vt 0.625829 0.848119
vt 0.250644 0.298716
vt 0.248354 0.297895
vt 0.250405 0.282800
vt 0.253560 0.289211
vt 0.252738 0.300967
vt 0.254277 0.293239
vt 0.254757 0.297199
vt 0.254097 0.301562
vt 0.257225 0.294717
vt 0.255571 0.299288
vt 0.260198 0.287085
vt 0.254113 0.278584
vt 0.115940 0.100937
vt 0.117923 0.086462
vt 0.121643 0.078734
vt 0.119040 0.099980
vt 0.301136 0.981972
vt 0.309475 0.982029
vt 0.308666 0.986485
vt 0.302219 0.986851
vt 0.248781 0.317267
vt 0.249889 0.316192
vt 0.248205 0.323267
vt 0.247439 0.325109
vt 0.250305 0.318648
vt 0.249337 0.324984
vt 0.294151 0.366785
vt 0.272480 0.350311
vt 0.282853 0.347179
vt 0.301396 0.360550
vt 0.265856 0.342765
vt 0.283975 0.339434
vt 0.308383 0.353475
vt 0.202036 0.650083
vt 0.199375 0.659200
vt 0.191038 0.658324
vt 0.189922 0.648962
vt 0.194747 0.677008
vt 0.185463 0.673083
vt 0.176584 0.665318
vt 0.420176 0.396239
vt 0.416095 0.418193
vt 0.406592 0.403465
vt 0.401880 0.391112
vt 0.406113 0.421478
vt 0.396550 0.413417
vt 0.419456 0.432630
vt 0.403551 0.430923
vt 0.390100 0.424664
vt 0.257997 0.376242
vt 0.253579 0.383705
vt 0.245665 0.375958
vt 0.246823 0.368168
vt 0.246797 0.389585
vt 0.238736 0.379521
vt 0.236940 0.364260
vt 0.364085 0.421436
vt 0.356262 0.428152
vt 0.348336 0.424174
vt 0.353375 0.414307
vt 0.345680 0.410498
vt 0.342541 0.418504
vt 0.336237 0.438068
vt 0.347465 0.439158
vt 0.346947 0.459793
vt 0.331654 0.460501
vt 0.314052 0.434616
vt 0.327136 0.423129
vt 0.321275 0.445257
vt 0.315518 0.458418
vt 0.363306 0.482741
vt 0.341756 0.480581
vt 0.361967 0.451927
vt 0.379934 0.464501
vt 0.398502 0.444125
vt 0.379688 0.438056
vt 0.161974 0.767828
vt 0.166390 0.759892
vt 0.173429 0.756520
vt 0.167393 0.774845
vt 0.160829 0.753481
vt 0.164536 0.745775
vt 0.174800 0.782312
vt 0.183573 0.760416
vt 0.154022 0.760972
vt 0.300490 0.445009
vt 0.338251 0.478786
vt 0.326151 0.475805
vt 0.324922 0.479866
vt 0.231643 0.671968
vt 0.234609 0.687214
vt 0.227834 0.694016
vt 0.223040 0.681018
vt 0.215211 0.701513
vt 0.223516 0.717991
vt 0.235269 0.707572
vt 0.323287 0.485363
vt 0.335642 0.484680
vt 0.332941 0.496095
vt 0.343383 0.495686
vt 0.196592 0.715804
vt 0.201044 0.721747
vt 0.198848 0.728674
vt 0.195117 0.732621
vt 0.209345 0.757272
vt 0.205071 0.738217
vt 0.215180 0.731514
vt 0.228282 0.757333
vt 0.320843 0.494616
vt 0.309634 0.469226
vt 0.274384 0.414682
vt 0.261682 0.420790
vt 0.256565 0.410261
vt 0.265713 0.400380
vt 0.237912 0.722881
vt 0.243308 0.705556
vt 0.246516 0.715668
vt 0.184914 0.734860
vt 0.190128 0.735216
vt 0.189192 0.762331
vt 0.254356 0.735437
vt 0.247452 0.741908
vt 0.241940 0.751251
vt 0.228116 0.731913
vt 0.277297 0.449776
vt 0.288517 0.447942
vt 0.289592 0.454578
vt 0.282836 0.460533
vt 0.227697 0.781609
vt 0.203966 0.792000
vt 0.247447 0.799258
vt 0.236221 0.811955
vt 0.295395 0.465772
vt 0.293387 0.472055
vt 0.287051 0.460860
vt 0.289874 0.477197
vt 0.274690 0.472927
vt 0.268141 0.770095
vt 0.259007 0.767820
vt 0.264775 0.751856
vt 0.275442 0.756827
vt 0.251936 0.749187
vt 0.259660 0.743785
vt 0.254438 0.752459
vt 0.292969 0.541398
vt 0.295938 0.528149
vt 0.307777 0.530435
vt 0.303906 0.541669
vt 0.296934 0.522477
vt 0.310813 0.528805
vt 0.309559 0.542196
vt 0.289553 0.557157
vt 0.280030 0.557835
vt 0.278364 0.543459
vt 0.263413 0.539782
vt 0.268546 0.535475
vt 0.270598 0.548499
vt 0.271145 0.559321
vt 0.318572 0.542921
vt 0.322132 0.530807
vt 0.314158 0.516731
vt 0.325698 0.519954
vt 0.338059 0.523682
vt 0.334296 0.534285
vt 0.328624 0.545339
vt 0.249916 0.763620
vt 0.255741 0.757223
vt 0.279593 0.526126
vt 0.259772 0.521017
vt 0.255882 0.534497
vt 0.250684 0.754707
vt 0.247783 0.761286
vt 0.237847 0.766253
vt 0.250798 0.769155
vt 0.255653 0.781886
vt 0.279254 0.520696
vt 0.263083 0.515161
vt 0.318595 0.806463
vt 0.308711 0.796699
vt 0.319530 0.786455
vt 0.327193 0.797031
vt 0.304988 0.792068
vt 0.311345 0.781972
vt 0.250382 0.789847
vt 0.244160 0.779057
vt 0.261895 0.558480
vt 0.263993 0.550764
vt 0.252548 0.556464
vt 0.257246 0.546452
vt 0.241171 0.782057
vt 0.243468 0.863866
vt 0.251762 0.872043
vt 0.235152 0.883538
vt 0.228382 0.878978
vt 0.356232 0.529258
vt 0.353337 0.538376
vt 0.342312 0.552004
vt 0.356628 0.559129
vt 0.365870 0.551350
vt 0.261031 0.806332
vt 0.255926 0.796603
vt 0.265222 0.798669
vt 0.251440 0.822354
vt 0.256449 0.811450
vt 0.260580 0.811233
vt 0.270559 0.816607
vt 0.261156 0.823861
vt 0.280315 0.792111
vt 0.271702 0.794899
vt 0.268945 0.788279
vt 0.281673 0.788652
vt 0.252172 0.544193
vt 0.345769 0.809816
vt 0.338731 0.818710
vt 0.334492 0.805181
vt 0.341491 0.801886
vt 0.277057 0.823393
vt 0.268555 0.836435
vt 0.280197 0.793814
vt 0.277325 0.797004
vt 0.277510 0.802822
vt 0.285852 0.796767
vt 0.283520 0.797336
vt 0.285915 0.808569
vt 0.267892 0.571895
vt 0.262721 0.584636
vt 0.252179 0.579132
vt 0.256857 0.568636
vt 0.256943 0.595181
vt 0.249022 0.587897
vt 0.357535 0.813168
vt 0.370826 0.811990
vt 0.366756 0.822580
vt 0.360175 0.825527
vt 0.368445 0.831841
vt 0.375411 0.824267
vt 0.350199 0.820241
vt 0.353764 0.830708
vt 0.346541 0.839278
vt 0.263546 0.608632
vt 0.274059 0.617327
vt 0.261775 0.629354
vt 0.257378 0.615661
vt 0.277508 0.627099
vt 0.270558 0.635564
vt 0.426121 0.051737
vt 0.432859 0.049313
vt 0.452634 0.079084
vt 0.440435 0.080295
vt 0.265277 0.656635
vt 0.258997 0.658442
vt 0.434969 0.104099
vt 0.444804 0.104308
vt 0.279271 0.598537
vt 0.283281 0.602376
vt 0.286792 0.604242
vt 0.307185 0.818581
vt 0.325341 0.834478
vt 0.342342 0.850514
vt 0.290436 0.607472
vt 0.285783 0.821043
vt 0.282205 0.829630
vt 0.293670 0.841862
vt 0.300904 0.831650
vt 0.298144 0.802115
vt 0.300214 0.805897
vt 0.414162 0.068037
vt 0.408969 0.047737
vt 0.418553 0.056634
vt 0.424947 0.074534
vt 0.431859 0.076677
vt 0.422041 0.053166
vt 0.408359 0.042084
vt 0.393056 0.826676
vt 0.378412 0.836939
vt 0.427191 0.118348
vt 0.408418 0.117436
vt 0.425838 0.101406
vt 0.420398 0.096269
vt 0.408029 0.107648
vt 0.364291 0.843109
vt 0.379139 0.855555
vt 0.414634 0.089359
vt 0.405020 0.100382
vt 0.398861 0.093921
vt 0.401086 0.079810
vt 0.384749 0.091645
vt 0.382388 0.083350
vt 0.422530 0.138649
vt 0.408087 0.135672
vt 0.392795 0.132125
vt 0.385838 0.114360
vt 0.388109 0.097620
vt 0.386084 0.111996
vt 0.351069 0.904619
vt 0.343296 0.914949
vt 0.327835 0.914069
vt 0.331270 0.897741
vt 0.306292 0.877960
vt 0.299892 0.891012
vt 0.354211 0.595145
vt 0.359895 0.610569
vt 0.338000 0.640587
vt 0.323543 0.629203
vt 0.313169 0.646403
vt 0.337350 0.651026
vt 0.352356 0.920924
vt 0.343465 0.929763
vt 0.363284 0.897832
vt 0.391406 0.157924
vt 0.381002 0.154568
vt 0.383714 0.137605
vt 0.334444 0.879640
vt 0.346802 0.891000
vt 0.405943 0.160948
vt 0.367680 0.127456
vt 0.368115 0.116901
vt 0.355127 0.880692
vt 0.391903 0.037173
vt 0.370436 0.039928
vt 0.365515 0.036757
vt 0.391924 0.034312
vt 0.356335 0.051406
vt 0.351735 0.051996
vt 0.346129 0.053536
vt 0.344368 0.047963
vt 0.391100 0.853886
vt 0.397469 0.869320
vt 0.367747 0.921658
vt 0.378250 0.901112
vt 0.376282 0.057763
vt 0.356863 0.061201
vt 0.361749 0.052110
vt 0.373095 0.043842
vt 0.056569 0.284237
vt 0.064077 0.284001
vt 0.062221 0.288905
vt 0.055584 0.288014
vt 0.058249 0.294825
vt 0.066546 0.294371
vt 0.105508 0.957122
vt 0.103443 0.958034
vt 0.102820 0.956206
vt 0.104822 0.955688
vt 0.101250 0.954228
vt 0.105872 0.953493
vt 0.107545 0.956050
vt 0.106610 0.958973
vt 0.139396 0.956644
vt 0.131597 0.957163
vt 0.134882 0.951728
vt 0.140545 0.950985
vt 0.130358 0.945955
vt 0.137647 0.946511
vt 0.129180 0.951289
vt 0.153617 0.914290
vt 0.156315 0.914068
vt 0.156341 0.912678
vt 0.152857 0.912715
vt 0.168577 0.917446
vt 0.167351 0.924271
vt 0.158220 0.912844
vt 0.157089 0.912519
vt 0.176967 0.919822
vt 0.174320 0.928633
vt 0.168663 0.937010
vt 0.165421 0.934783
vt 0.147612 0.930339
vt 0.152532 0.926877
vt 0.159131 0.930784
vt 0.161658 0.933627
vt 0.158945 0.933874
vt 0.162902 0.932602
vt 0.149491 0.937183
vt 0.153963 0.938135
vt 0.133059 0.914422
vt 0.134192 0.908285
vt 0.160571 0.937891
vt 0.150002 0.640998
vt 0.145330 0.621914
vt 0.153634 0.621459
vt 0.155821 0.641722
vt 0.161082 0.639277
vt 0.161028 0.626574
vt 0.156959 0.961129
vt 0.170167 0.954571
vt 0.168892 0.965104
vt 0.155134 0.968218
vt 0.150512 0.975509
vt 0.153713 0.982886
vt 0.141776 0.611775
vt 0.144308 0.603442
vt 0.127855 0.924270
vt 0.124952 0.931878
vt 0.119200 0.920828
vt 0.125418 0.920574
vt 0.123286 0.914162
vt 0.118133 0.913985
vt 0.128630 0.915533
vt 0.159419 0.941499
vt 0.148164 0.943587
vt 0.157465 0.947229
vt 0.148037 0.950352
vt 0.144173 0.939295
vt 0.136088 0.941340
vt 0.112231 0.900975
vt 0.111369 0.906166
vt 0.109122 0.900022
vt 0.112089 0.913708
vt 0.104877 0.913983
vt 0.117128 0.907285
vt 0.106500 0.923332
vt 0.112810 0.922493
vt 0.116817 0.933408
vt 0.127464 0.940304
vt 0.136246 0.933633
vt 0.120854 0.937955
vt 0.139103 0.975315
vt 0.144290 0.968311
vt 0.135277 0.968810
vt 0.121098 0.976026
vt 0.129997 0.988349
vt 0.124367 0.983222
vt 0.144186 0.983399
vt 0.136537 0.608350
vt 0.134387 0.598160
vt 0.108860 0.950187
vt 0.111313 0.946541
vt 0.122503 0.952555
vt 0.113594 0.955500
vt 0.117579 0.965725
vt 0.120270 0.944593
vt 0.110323 0.942108
vt 0.111072 0.961643
vt 0.128563 0.993729
vt 0.121729 0.941390
vt 0.111633 0.934862
vt 0.145362 0.963411
vt 0.137847 0.962690
vt 0.128605 0.964521
vt 0.098626 0.924772
vt 0.101842 0.933320
vt 0.102910 0.940126
vt 0.098783 0.959773
vt 0.110074 0.967655
vt 0.137612 0.619782
vt 0.139121 0.643076
vt 0.132437 0.624369
vt 0.144419 0.641799
vt 0.125259 0.615931
vt 0.128464 0.607280
vt 0.130758 0.604344
vt 0.114980 0.981369
vt 0.106328 0.968146
vt 0.111101 0.973336
vt 0.110051 0.989187
vt 0.102011 0.982204
vt 0.124378 0.602633
vt 0.126222 0.606978
vt 0.124457 0.610315
vt 0.119968 0.608270
vt 0.117338 0.611158
vt 0.127690 0.628550
vt 0.118891 0.621487
vt 0.097110 0.961922
vt 0.089570 0.954322
vt 0.095117 0.950548
vt 0.114349 0.647895
vt 0.114018 0.637602
vt 0.120125 0.637509
vt 0.120544 0.647080
vt 0.126985 0.645343
vt 0.123037 0.633451
vt 0.112519 0.630016
vt 0.097487 0.915635
vt 0.087959 0.918277
vt 0.089912 0.926911
vt 0.080579 0.901825
vt 0.075787 0.912454
vt 0.078270 0.934440
vt 0.075830 0.928149
vt 0.099765 0.951308
vt 0.120360 0.597358
vt 0.114975 0.599874
vt 0.113368 0.603369
vt 0.122501 0.997590
vt 0.108717 0.993835
vt 0.100902 0.969639
vt 0.094497 0.964691
vt 0.092796 0.970951
vt 0.089663 0.962174
vt 0.107904 0.624962
vt 0.113003 0.614649
vt 0.106628 0.617483
vt 0.105816 0.609700
vt 0.098243 0.995715
vt 0.090381 0.987534
vt 0.087417 0.982180
vt 0.108057 0.648027
vt 0.108944 0.640636
vt 0.101515 0.637621
vt 0.101069 0.648367
vt 0.095321 0.946038
vt 0.089064 0.949837
vt 0.075220 0.989510
vt 0.083287 0.998852
vt 0.119686 0.582378
vt 0.110494 0.569680
vt 0.122012 0.573760
vt 0.128990 0.582302
vt 0.041951 0.895782
vt 0.037310 0.887921
vt 0.042031 0.886159
vt 0.046867 0.889126
vt 0.049646 0.883704
vt 0.043227 0.881043
vt 0.037769 0.880261
vt 0.108120 0.600657
vt 0.103954 0.588793
vt 0.084749 0.969092
vt 0.082196 0.957322
vt 0.068579 0.967948
vt 0.070268 0.959108
vt 0.066804 0.927565
vt 0.063138 0.939189
vt 0.054975 0.920723
vt 0.063267 0.905269
vt 0.068350 0.896931
vt 0.055969 0.892900
vt 0.050174 0.901109
vt 0.071232 0.982236
vt 0.112135 0.585278
vt 0.102813 0.599361
vt 0.093053 0.589907
vt 0.100403 0.611371
vt 0.098383 0.608274
vt 0.093485 0.608749
vt 0.097673 0.615462
vt 0.093457 0.650559
vt 0.089953 0.638420
vt 0.093782 0.632652
vt 0.099116 0.632803
vt 0.085671 0.627021
vt 0.090470 0.624346
vt 0.042029 0.912227
vt 0.082738 0.663461
vt 0.078750 0.649487
vt 0.085288 0.643310
vt 0.088458 0.654382
vt 0.069595 0.657584
vt 0.071756 0.665043
vt 0.091653 0.570392
vt 0.074496 0.575349
vt 0.049284 0.933028
vt 0.082115 0.943360
vt 0.069053 0.949858
vt 0.040898 0.944633
vt 0.050488 0.948630
vt 0.050000 0.957000
vt 0.095629 0.620172
vt 0.088915 0.611253
vt 0.081820 0.608381
vt 0.087078 0.601595
vt 0.059235 0.624888
vt 0.062764 0.614651
vt 0.073083 0.619107
vt 0.073796 0.630520
vt 0.077830 0.613847
vt 0.066205 0.607173
vt 0.055697 0.634642
vt 0.066399 0.640232
vt 0.069026 0.601481
vt 0.074471 0.595555
vt 0.043285 0.564649
vt 0.055612 0.560378
vt 0.064911 0.563015
vt 0.056313 0.567485
vt 0.036618 0.632286
vt 0.053528 0.650478
vt 0.035735 0.644254
vt 0.034313 0.952395
vt 0.070713 0.976432
vt 0.050449 0.979708
vt 0.044302 0.968351
vt 0.053199 0.988550
vt 0.065598 0.577668
vt 0.047872 0.574537
vt 0.050482 0.570035
vt 0.059260 0.581939
vt 0.030052 0.575986
vt 0.029078 0.569221
vt 0.034329 0.987055
vt 0.027608 0.975255
vt 0.032472 0.976476
vt 0.040728 0.979520
vt 0.037728 0.991710
vt 0.019350 0.977434
vt 0.030983 0.956888
vt 0.048417 0.961194
vt 0.026118 0.966519
vt 0.050509 0.589040
vt 0.023771 0.585594
vt 0.551961 0.630154
vt 0.557623 0.646160
vt 0.555314 0.650017
vt 0.547815 0.631049
vt 0.040721 0.610313
vt 0.039544 0.619102
vt 0.024367 0.617462
vt 0.018926 0.613181
vt 0.010511 0.631509
vt 0.019755 0.630872
vt 0.010211 0.944447
vt 0.003334 0.950072
vt 0.553370 0.585697
vt 0.557515 0.587987
vt 0.557216 0.610426
vt 0.553884 0.604713
vt 0.015429 0.968773
vt 0.554395 0.622801
vt 0.548439 0.610826
vt 0.559058 0.621212
vt 0.005715 0.632307
vt 0.008469 0.613247
vt 0.541991 0.642121
vt 0.545472 0.660465
vt 0.536331 0.656463
vt 0.535823 0.643702
vt 0.531445 0.643830
vt 0.531718 0.654540
vt 0.527072 0.657919
vt 0.529148 0.665619
vt 0.527723 0.642111
vt 0.333475 0.064531
vt 0.341384 0.065418
vt 0.346826 0.063701
vt 0.534433 0.628921
vt 0.538732 0.629575
vt 0.544414 0.635214
vt 0.533526 0.617667
vt 0.541402 0.623468
vt 0.379633 0.070695
vt 0.356036 0.081591
vt 0.355423 0.072468
vt 0.358436 0.093898
vt 0.349538 0.082921
vt 0.362348 0.089948
vt 0.349520 0.073169
vt 0.378408 0.877482
vt 0.383503 0.885674
vt 0.380701 0.871598
vt 0.393387 0.883747
vt 0.391481 0.904847
vt 0.361462 0.856573
vt 0.360099 0.867276
vt 0.072848 0.297913
vt 0.058022 0.303133
vt 0.321188 0.064643
vt 0.326609 0.048235
vt 0.539727 0.523206
vt 0.550708 0.516098
vt 0.531596 0.634528
vt 0.386118 0.244380
vt 0.379705 0.274021
vt 0.374096 0.264619
vt 0.383836 0.241545
vt 0.357584 0.277662
vt 0.369136 0.262165
vt 0.362664 0.278555
vt 0.527213 0.625065
vt 0.521234 0.631373
vt 0.099447 0.284384
vt 0.090655 0.294128
vt 0.085276 0.283011
vt 0.299026 0.669936
vt 0.312583 0.677898
vt 0.302245 0.694596
vt 0.288406 0.690346
vt 0.233128 0.064335
vt 0.224095 0.064608
vt 0.244804 0.049951
vt 0.247354 0.059422
vt 0.214658 0.055456
vt 0.227736 0.041257
vt 0.380960 0.180132
vt 0.372879 0.169933
vt 0.356442 0.199182
vt 0.359019 0.175797
vt 0.379632 0.202480
vt 0.344173 0.089275
vt 0.343384 0.075035
vt 0.351293 0.062697
vt 0.338809 0.077271
vt 0.349834 0.098452
vt 0.364581 0.148056
vt 0.359275 0.167124
vt 0.525349 0.613805
vt 0.534592 0.610506
vt 0.519008 0.627590
vt 0.517584 0.597817
vt 0.526840 0.598847
vt 0.515986 0.612759
vt 0.537918 0.601420
vt 0.514657 0.627007
vt 0.217251 0.088072
vt 0.207621 0.081481
vt 0.225893 0.076546
vt 0.196128 0.073460
vt 0.236712 0.080305
vt 0.276001 0.055613
vt 0.272214 0.066067
vt 0.267623 0.076318
vt 0.231320 0.097696
vt 0.336961 0.310231
vt 0.344140 0.303582
vt 0.344175 0.309795
vt 0.341136 0.314047
vt 0.344418 0.316396
vt 0.346354 0.311341
vt 0.348503 0.306677
vt 0.536795 0.444731
vt 0.540966 0.458255
vt 0.535297 0.463225
vt 0.530517 0.446705
vt 0.545833 0.473792
vt 0.536137 0.476799
vt 0.543157 0.465446
vt 0.329020 0.304462
vt 0.333534 0.295681
vt 0.350240 0.291819
vt 0.355816 0.293860
vt 0.457297 0.250699
vt 0.465815 0.249513
vt 0.467203 0.260815
vt 0.460215 0.262837
vt 0.477241 0.291439
vt 0.478641 0.275671
vt 0.480014 0.280212
vt 0.481865 0.290522
vt 0.487044 0.288007
vt 0.483232 0.275987
vt 0.482077 0.269925
vt 0.509200 0.379647
vt 0.505188 0.372896
vt 0.513388 0.370215
vt 0.518027 0.377048
vt 0.503821 0.383735
vt 0.500534 0.379311
vt 0.505607 0.361409
vt 0.507479 0.365518
vt 0.500832 0.364748
vt 0.496082 0.367804
vt 0.161265 0.120098
vt 0.165766 0.143353
vt 0.177707 0.164885
vt 0.159349 0.182481
vt 0.462721 0.275636
vt 0.470999 0.273663
vt 0.475474 0.247348
vt 0.479257 0.257072
vt 0.480121 0.266520
vt 0.472244 0.291065
vt 0.526413 0.408861
vt 0.527746 0.410266
vt 0.514669 0.394633
vt 0.515221 0.400181
vt 0.509305 0.402713
vt 0.509309 0.396384
vt 0.464377 0.291372
vt 0.506935 0.387808
vt 0.512736 0.387167
vt 0.503078 0.392356
vt 0.505232 0.387536
vt 0.505568 0.392288
vt 0.511222 0.383417
vt 0.499582 0.404670
vt 0.505960 0.405081
vt 0.506238 0.411161
vt 0.498128 0.410807
vt 0.510641 0.417907
vt 0.514702 0.408665
vt 0.510155 0.407418
vt 0.509128 0.407669
vt 0.507625 0.407726
vt 0.489264 0.371752
vt 0.496500 0.385160
vt 0.506552 0.396644
vt 0.504710 0.399422
vt 0.524429 0.404751
vt 0.528410 0.423499
vt 0.521784 0.424305
vt 0.512597 0.427587
vt 0.500193 0.390548
vt 0.498658 0.398676
vt 0.479750 0.396973
vt 0.479191 0.386800
vt 0.491193 0.396851
vt 0.478550 0.375794
vt 0.300821 0.155580
vt 0.298096 0.176362
vt 0.285795 0.168616
vt 0.283933 0.153217
vt 0.292007 0.190773
vt 0.277781 0.183995
vt 0.267494 0.173520
vt 0.521604 0.478920
vt 0.501098 0.488905
vt 0.494252 0.476554
vt 0.518470 0.467188
vt 0.518759 0.450492
vt 0.498440 0.456199
vt 0.307210 0.134043
vt 0.294329 0.132681
vt 0.273938 0.126138
vt 0.262907 0.146089
vt 0.499582 0.420492
vt 0.303735 0.192505
vt 0.307957 0.177720
vt 0.311013 0.158885
vt 0.316776 0.288944
vt 0.300231 0.276463
vt 0.308208 0.262121
vt 0.325020 0.284632
vt 0.284552 0.269277
vt 0.286542 0.252427
vt 0.346173 0.274554
vt 0.332087 0.254232
vt 0.409580 0.252829
vt 0.423186 0.256070
vt 0.424547 0.263712
vt 0.414611 0.261589
vt 0.323045 0.308567
vt 0.311755 0.300177
vt 0.310811 0.293494
vt 0.450912 0.265138
vt 0.433958 0.271854
vt 0.446830 0.256007
vt 0.423166 0.275630
vt 0.498703 0.432297
vt 0.498653 0.439611
vt 0.477779 0.437850
vt 0.481138 0.434577
vt 0.482834 0.466569
vt 0.474726 0.437059
vt 0.485551 0.420950
vt 0.476771 0.420452
vt 0.468093 0.417212
vt 0.470055 0.449638
vt 0.470654 0.399953
vt 0.467659 0.391539
vt 0.469980 0.376859
vt 0.617182 0.831626
vt 0.624868 0.828442
vt 0.616933 0.852776
vt 0.629762 0.827758
vt 0.292909 0.292667
vt 0.287324 0.289936
vt 0.295582 0.283408
vt 0.296939 0.293438
vt 0.283091 0.276629
vt 0.279818 0.282817
vt 0.416120 0.276882
vt 0.410484 0.265580
vt 0.286518 0.302259
vt 0.291477 0.305191
vt 0.479558 0.407873
vt 0.462620 0.421762
vt 0.464308 0.455680
vt 0.832112 0.838123
vt 0.827848 0.811393
vt 0.851925 0.816709
vt 0.853320 0.836871
vt 0.876207 0.835207
vt 0.878480 0.808241
vt 0.448314 0.382104
vt 0.458469 0.379250
vt 0.449196 0.398750
vt 0.112126 0.114147
vt 0.117367 0.111088
vt 0.111593 0.134127
vt 0.104484 0.136969
vt 0.081882 0.161289
vt 0.076255 0.158736
vt 0.093730 0.154069
vt 0.096846 0.157083
vt 0.084956 0.149743
vt 0.108205 0.162230
vt 0.116155 0.150586
vt 0.118594 0.132683
vt 0.119105 0.121600
vt 0.120426 0.107741
vt 0.255704 0.192712
vt 0.267317 0.210634
vt 0.251735 0.223729
vt 0.240003 0.208965
vt 0.265185 0.235179
vt 0.252278 0.238010
vt 0.222280 0.215448
vt 0.230833 0.223848
vt 0.254201 0.250578
vt 0.251589 0.240740
vt 0.258452 0.252739
vt 0.248223 0.240027
vt 0.243918 0.237241
vt 0.249871 0.251996
vt 0.247560 0.242694
vt 0.245284 0.254451
vt 0.242388 0.245476
vt 0.238314 0.231021
vt 0.246372 0.265296
vt 0.241663 0.268781
vt 0.242833 0.256612
vt 0.214791 0.231097
vt 0.220722 0.237978
vt 0.239512 0.255110
vt 0.131822 0.179793
vt 0.135712 0.176523
vt 0.160249 0.202161
vt 0.159028 0.206053
vt 0.141136 0.177302
vt 0.164050 0.203649
vt 0.235500 0.234603
vt 0.121049 0.150406
vt 0.121964 0.137671
vt 0.279489 0.301898
vt 0.279621 0.291591
vt 0.883655 0.773403
vt 0.851256 0.780677
vt 0.822882 0.787306
vt 0.121812 0.095016
vt 0.127240 0.074479
vt 0.630123 0.783368
vt 0.631445 0.802662
vt 0.623009 0.800482
vt 0.622494 0.782745
vt 0.259519 0.298283
vt 0.263177 0.295690
vt 0.254158 0.272992
vt 0.261192 0.277123
vt 0.270737 0.293088
vt 0.270398 0.286453
vt 0.269799 0.280038
vt 0.907553 0.807029
vt 0.905977 0.780926
vt 0.911850 0.757482
vt 0.906754 0.751112
vt 0.849935 0.768634
vt 0.879675 0.758811
vt 0.440714 0.562151
vt 0.443560 0.564264
vt 0.424702 0.589937
vt 0.423307 0.585829
vt 0.126173 0.140030
vt 0.123333 0.148924
vt 0.127455 0.142223
vt 0.126518 0.147525
vt 0.447547 0.413333
vt 0.123412 0.125560
vt 0.124433 0.130442
vt 0.126795 0.130021
vt 0.130648 0.134043
vt 0.128948 0.121555
vt 0.135366 0.122268
vt 0.265325 0.318633
vt 0.269344 0.309890
vt 0.276602 0.315431
vt 0.272658 0.323359
vt 0.409260 0.279889
vt 0.416840 0.292264
vt 0.408939 0.296772
vt 0.403276 0.283776
vt 0.271540 0.300877
vt 0.422298 0.305948
vt 0.416774 0.307481
vt 0.443083 0.399352
vt 0.439309 0.387943
vt 0.656262 0.836555
vt 0.651558 0.819500
vt 0.656999 0.814697
vt 0.661010 0.834248
vt 0.670687 0.831549
vt 0.671282 0.810816
vt 0.668519 0.796009
vt 0.654894 0.799735
vt 0.662820 0.144875
vt 0.655080 0.169896
vt 0.641492 0.170933
vt 0.653904 0.147351
vt 0.629429 0.183479
vt 0.621414 0.178818
vt 0.678382 0.830690
vt 0.675900 0.812545
vt 0.684059 0.815770
vt 0.688916 0.827056
vt 0.699707 0.823449
vt 0.694078 0.809768
vt 0.691875 0.802477
vt 0.649132 0.800697
vt 0.691321 0.796801
vt 0.639325 0.744379
vt 0.641529 0.751154
vt 0.636865 0.754866
vt 0.634875 0.745266
vt 0.126143 0.105614
vt 0.128375 0.098395
vt 0.133053 0.112970
vt 0.260323 0.305390
vt 0.257364 0.306571
vt 0.256704 0.302511
vt 0.258311 0.316918
vt 0.255161 0.312469
vt 0.617157 0.172419
vt 0.623060 0.163350
vt 0.643128 0.146519
vt 0.635280 0.762568
vt 0.632998 0.755222
vt 0.643007 0.760142
vt 0.643878 0.753114
vt 0.417611 0.388464
vt 0.420409 0.381664
vt 0.429470 0.387986
vt 0.427947 0.398990
vt 0.636345 0.769546
vt 0.644135 0.769779
vt 0.651118 0.752580
vt 0.651991 0.760745
vt 0.652369 0.769626
vt 0.622385 0.699381
vt 0.628389 0.710611
vt 0.621970 0.711337
vt 0.617684 0.698698
vt 0.262255 0.304304
vt 0.260819 0.320411
vt 0.636503 0.722716
vt 0.633034 0.723867
vt 0.654759 0.678549
vt 0.657799 0.683965
vt 0.652482 0.684273
vt 0.651099 0.679866
vt 0.643195 0.685155
vt 0.646919 0.690831
vt 0.653846 0.696302
vt 0.434914 0.363046
vt 0.430124 0.362892
vt 0.440287 0.431730
vt 0.442676 0.414657
vt 0.758103 0.812951
vt 0.757263 0.796755
vt 0.788169 0.792783
vt 0.793294 0.811056
vt 0.819695 0.776563
vt 0.787530 0.782539
vt 0.756543 0.787897
vt 0.592456 0.186017
vt 0.592730 0.178028
vt 0.608193 0.171391
vt 0.607818 0.177812
vt 0.605434 0.161170
vt 0.609227 0.183071
vt 0.666064 0.758753
vt 0.670810 0.766586
vt 0.676481 0.755547
vt 0.682891 0.758035
vt 0.688672 0.775350
vt 0.667523 0.777217
vt 0.684455 0.772075
vt 0.692699 0.761910
vt 0.590635 0.175330
vt 0.590363 0.169711
vt 0.714030 0.772264
vt 0.704621 0.769206
vt 0.591678 0.157004
vt 0.609891 0.148372
vt 0.710041 0.764212
vt 0.662772 0.750324
vt 0.675462 0.749852
vt 0.685987 0.752812
vt 0.650822 0.122685
vt 0.658829 0.124271
vt 0.656031 0.132304
vt 0.647672 0.130968
vt 0.634543 0.126327
vt 0.643812 0.117486
vt 0.644818 0.124810
vt 0.642512 0.131018
vt 0.719261 0.768056
vt 0.738703 0.769780
vt 0.713720 0.776017
vt 0.725600 0.759988
vt 0.754323 0.762060
vt 0.716200 0.781357
vt 0.749688 0.774980
vt 0.643256 0.721608
vt 0.653260 0.717224
vt 0.662741 0.727746
vt 0.649338 0.731656
vt 0.650488 0.742960
vt 0.662085 0.742088
vt 0.675595 0.743145
vt 0.676545 0.731469
vt 0.652801 0.115057
vt 0.657058 0.108413
vt 0.647349 0.104092
vt 0.662004 0.115770
vt 0.611324 0.132960
vt 0.615255 0.110025
vt 0.618796 0.120578
vt 0.620570 0.128196
vt 0.626331 0.121116
vt 0.624143 0.112442
vt 0.622793 0.096754
vt 0.686015 0.746336
vt 0.684604 0.734609
vt 0.692026 0.734322
vt 0.695755 0.747376
vt 0.711143 0.747286
vt 0.708396 0.742246
vt 0.475802 0.044998
vt 0.470849 0.045949
vt 0.462335 0.032722
vt 0.461142 0.023331
vt 0.598860 0.134692
vt 0.606694 0.109466
vt 0.472358 0.088847
vt 0.474282 0.062086
vt 0.477906 0.074240
vt 0.479321 0.091237
vt 0.478133 0.065106
vt 0.485053 0.077247
vt 0.649797 0.091013
vt 0.666226 0.101104
vt 0.649167 0.077657
vt 0.665756 0.083302
vt 0.662727 0.108000
vt 0.676683 0.102904
vt 0.634779 0.103610
vt 0.633261 0.113300
vt 0.490448 0.030824
vt 0.480075 0.045484
vt 0.482216 0.023219
vt 0.588540 0.130078
vt 0.598176 0.097998
vt 0.466778 0.086207
vt 0.469803 0.060560
vt 0.489718 0.068673
vt 0.493739 0.076705
vt 0.505614 0.055019
vt 0.495470 0.051558
vt 0.621595 0.076879
vt 0.623274 0.079538
vt 0.631811 0.072568
vt 0.633370 0.078627
vt 0.622549 0.056064
vt 0.637009 0.060277
vt 0.613368 0.075125
vt 0.663196 0.071175
vt 0.645079 0.069791
vt 0.661939 0.062691
vt 0.663848 0.048746
vt 0.645379 0.044066
vt 0.631749 0.040351
vt 0.502541 0.028455
vt 0.516520 0.031079
vt 0.177017 0.551842
vt 0.178700 0.584159
vt 0.159289 0.582887
vt 0.153282 0.553542
vt 0.514435 0.059421
vt 0.524904 0.036109
vt 0.193694 0.547580
vt 0.188868 0.587555
vt 0.590521 0.060281
vt 0.603559 0.046996
vt 0.606675 0.053635
vt 0.600265 0.064926
vt 0.608362 0.068093
vt 0.614962 0.052909
vt 0.618403 0.037608
vt 0.594680 0.038466
vt 0.610792 0.021541
vt 0.842762 0.036148
vt 0.839707 0.032582
vt 0.845772 0.028058
vt 0.853604 0.030878
vt 0.846310 0.020217
vt 0.839057 0.024490
vt 0.127845 0.393297
vt 0.124611 0.389858
vt 0.132518 0.388913
vt 0.135321 0.390712
vt 0.122096 0.386052
vt 0.129998 0.384310
vt 0.850550 0.038354
vt 0.843774 0.039549
vt 0.828229 0.037722
vt 0.834952 0.041034
vt 0.139764 0.335764
vt 0.135468 0.337780
vt 0.133022 0.335913
vt 0.133397 0.331434
vt 0.125257 0.336791
vt 0.125832 0.341724
vt 0.129216 0.345180
vt 0.268341 0.989268
vt 0.266661 0.984070
vt 0.276276 0.981338
vt 0.279984 0.983873
vt 0.280483 0.974494
vt 0.275781 0.977359
vt 0.265487 0.978237
vt 0.265280 0.972909
vt 0.134012 0.345285
vt 0.115296 0.374066
vt 0.116009 0.364986
vt 0.123355 0.363135
vt 0.124565 0.371446
vt 0.120448 0.354941
vt 0.124796 0.356286
vt 0.117665 0.379010
vt 0.123441 0.378548
vt 0.133850 0.356958
vt 0.134166 0.364397
vt 0.129048 0.377973
vt 0.133122 0.373993
vt 0.137487 0.368460
vt 0.059683 0.494004
vt 0.052357 0.488619
vt 0.067158 0.483767
vt 0.068454 0.493834
vt 0.076244 0.494122
vt 0.077303 0.484404
vt 0.983739 0.794674
vt 0.978104 0.797005
vt 0.975543 0.793849
vt 0.980536 0.787890
vt 0.974019 0.799322
vt 0.971634 0.793679
vt 0.974016 0.784388
vt 0.806329 0.043956
vt 0.807112 0.036705
vt 0.816075 0.039241
vt 0.815012 0.042949
vt 0.819697 0.044679
vt 0.823925 0.033420
vt 0.982260 0.802013
vt 0.116694 0.396267
vt 0.105755 0.403302
vt 0.103083 0.385567
vt 0.112946 0.388862
vt 0.112991 0.383919
vt 0.109445 0.378525
vt 0.092343 0.415452
vt 0.087492 0.404511
vt 0.082820 0.395484
vt 0.092367 0.374506
vt 0.053718 0.495662
vt 0.049594 0.491965
vt 0.045370 0.488427
vt 0.045336 0.484408
vt 0.971924 0.802153
vt 0.967504 0.794013
vt 0.965835 0.782321
vt 0.968329 0.800185
vt 0.966853 0.799338
vt 0.956863 0.781291
vt 0.961540 0.793440
vt 0.964050 0.799042
vt 0.968224 0.807357
vt 0.966980 0.804951
vt 0.975820 0.805657
vt 0.966092 0.803169
vt 0.965343 0.801829
vt 0.961924 0.802643
vt 0.962918 0.800857
vt 0.983051 0.772586
vt 0.978270 0.768617
vt 0.976455 0.764236
vt 0.964236 0.777488
vt 0.951532 0.770380
vt 0.956068 0.798076
vt 0.949773 0.794544
vt 0.996107 0.801793
vt 0.979855 0.809346
vt 0.172123 0.979943
vt 0.167782 0.991976
vt 0.160840 0.990600
vt 0.165146 0.979942
vt 0.968084 0.809985
vt 0.083713 0.497190
vt 0.092379 0.500866
vt 0.094465 0.518242
vt 0.085604 0.513995
vt 0.962430 0.804577
vt 0.959899 0.806684
vt 0.954692 0.802573
vt 0.943398 0.804350
vt 0.105198 0.344327
vt 0.097930 0.357718
vt 0.088125 0.349066
vt 0.096122 0.339475
vt 0.081754 0.366046
vt 0.069438 0.358040
vt 0.074668 0.340857
vt 0.078660 0.335354
vt 0.085743 0.340201
vt 0.110053 0.365840
vt 0.105090 0.363623
vt 0.094264 0.074046
vt 0.107794 0.079101
vt 0.101028 0.088030
vt 0.091055 0.085894
vt 0.047942 0.497741
vt 0.041619 0.494556
vt 0.040001 0.489120
vt 0.032421 0.488030
vt 0.030695 0.494417
vt 0.139835 0.307462
vt 0.139191 0.307457
vt 0.138715 0.300642
vt 0.139368 0.302339
vt 0.070686 0.072585
vt 0.050951 0.057671
vt 0.055411 0.057273
vt 0.072358 0.067496
vt 0.072569 0.063288
vt 0.053087 0.053230
vt 0.142500 0.316488
vt 0.142117 0.308951
vt 0.140656 0.311891
vt 0.140193 0.312638
vt 0.139944 0.318690
vt 0.142058 0.325516
vt 0.142508 0.320748
vt 0.186134 0.970374
vt 0.192925 0.967882
vt 0.193195 0.977577
vt 0.179631 0.979805
vt 0.056799 0.351256
vt 0.063442 0.338240
vt 0.794079 0.041352
vt 0.801276 0.051393
vt 0.085544 0.096149
vt 0.085239 0.088928
vt 0.090174 0.098772
vt 0.083971 0.107724
vt 0.121615 0.070236
vt 0.114679 0.064276
vt 0.111705 0.058244
vt 0.093629 0.063517
vt 0.071461 0.058663
vt 0.168786 0.337652
vt 0.162186 0.347699
vt 0.156350 0.331012
vt 0.167126 0.325132
vt 0.152782 0.354932
vt 0.150553 0.333774
vt 0.082080 0.119623
vt 0.079522 0.115869
vt 0.659138 0.024305
vt 0.646993 0.018922
vt 0.657255 0.007841
vt 0.668643 0.012199
vt 0.787796 0.047793
vt 0.778752 0.033765
vt 0.788272 0.029632
vt 0.136527 0.057168
vt 0.157511 0.049007
vt 0.163823 0.053661
vt 0.138953 0.062290
vt 0.785329 0.019502
vt 0.778418 0.020581
vt 0.109462 0.432764
vt 0.108933 0.419756
vt 0.122089 0.408952
vt 0.126648 0.426702
vt 0.144140 0.421248
vt 0.137386 0.403667
vt 0.636479 0.011565
vt 0.647681 0.001399
vt 0.628121 0.004608
vt 0.249100 0.447614
vt 0.267935 0.445128
vt 0.270104 0.460305
vt 0.254461 0.463853
vt 0.064751 0.449292
vt 0.054411 0.468553
vt 0.041796 0.462875
vt 0.053809 0.444349
vt 0.170296 0.521676
vt 0.159104 0.489524
vt 0.179253 0.483386
vt 0.187098 0.513678
vt 0.201128 0.507347
vt 0.194717 0.481322
vt 0.152931 0.465855
vt 0.171749 0.461724
vt 0.189203 0.458360
vt 0.149957 0.380858
vt 0.157553 0.375858
vt 0.163125 0.396161
vt 0.151120 0.399037
vt 0.160048 0.418409
vt 0.175316 0.416542
vt 0.165945 0.370285
vt 0.173575 0.389670
vt 0.191978 0.412233
vt 0.034722 0.394371
vt 0.026152 0.406833
vt 0.012489 0.404934
vt 0.023811 0.389813
vt 0.214256 0.418398
vt 0.196540 0.421968
vt 0.209425 0.411851
vt 0.179794 0.426865
vt 0.199403 0.429280
vt 0.182283 0.434903
vt 0.165722 0.439772
vt 0.163323 0.431171
vt 0.148561 0.443587
vt 0.146119 0.434205
vt 0.128332 0.446503
vt 0.127069 0.437851
vt 0.109411 0.450692
vt 0.108885 0.442771
vt 0.091597 0.455168
vt 0.091977 0.447387
vt 0.095903 0.437384
vt 0.098120 0.425029
vt 0.069010 0.438982
vt 0.071472 0.431805
vt 0.080822 0.435316
vt 0.078635 0.443894
vt 0.077582 0.419935
vt 0.085551 0.424792
vt 0.061834 0.428319
vt 0.069123 0.415506
vt 0.049541 0.422515
vt 0.057869 0.410533
vt 0.075964 0.389539
vt 0.046300 0.401741
vt 0.060864 0.378695
vt 0.046862 0.372297
vt 0.175860 0.365693
vt 0.182047 0.385104
vt 0.036143 0.415442
vt 0.045085 0.428292
vt 0.030107 0.420622
vt 0.016251 0.410411
vt 0.041779 0.434250
vt 0.026493 0.425536
vt 0.217601 0.424937
vt 0.236239 0.418822
vt 0.238085 0.423379
vt 0.240117 0.428652
vt 0.220240 0.430520
vt 0.202004 0.435015
vt 0.228921 0.449850
vt 0.208123 0.454857
vt 0.184111 0.440776
vt 0.166727 0.445437
vt 0.148676 0.449472
vt 0.132915 0.469699
vt 0.129517 0.452195
vt 0.112456 0.475070
vt 0.109499 0.455458
vt 0.092765 0.481354
vt 0.091987 0.459277
vt 0.075402 0.454006
vt 0.067458 0.472782
vt 0.066482 0.445622
vt 0.076596 0.450440
vt 0.055186 0.440724
vt 0.058507 0.434730
vt 0.040280 0.438899
vt 0.031885 0.456561
vt 0.260859 0.428025
vt 0.259906 0.424692
vt 0.117384 0.498966
vt 0.096470 0.504800
vt 0.681057 0.014842
vt 0.672562 0.029597
vt 0.123380 0.532775
vt 0.097361 0.535054
vt 0.138093 0.494477
vt 0.146641 0.528844
vt 0.127385 0.554307
vt 0.102214 0.554496
vt 0.131671 0.571205
vt 0.106312 0.565776
vt 0.484114 0.010471
vt 0.466098 0.009690
vt 0.468611 0.001000
vt 0.235940 0.468863
vt 0.214524 0.475216
vt 0.243961 0.496435
vt 0.220617 0.502019
vt 0.251580 0.530604
vt 0.228947 0.538783
vt 0.209645 0.544236
vt 0.549562 0.046430
vt 0.536413 0.041219
vt 0.550392 0.013334
vt 0.563655 0.020526
vt 0.539643 0.008524
vt 0.536094 0.070395
vt 0.525828 0.065662
vt 0.516526 0.096837
vt 0.506996 0.092831
vt 0.498184 0.084205
vt 0.490972 0.103849
vt 0.486617 0.090995
vt 0.481796 0.106396
vt 0.495606 0.113785
vt 0.481573 0.121461
vt 0.473792 0.121886
vt 0.473202 0.106675
vt 0.468237 0.122517
vt 0.467082 0.106040
vt 0.462325 0.124490
vt 0.460325 0.104424
vt 0.460760 0.084469
vt 0.785826 0.758268
vt 0.761082 0.755797
vt 0.785090 0.753679
vt 0.730626 0.752051
vt 0.467048 0.057547
vt 0.710248 0.756587
vt 0.464978 0.043823
vt 0.695768 0.755178
vt 0.459971 0.124956
vt 0.455393 0.105046
vt 0.813755 0.756659
vt 0.781579 0.764076
vt 0.811698 0.753106
vt 0.814954 0.761063
vt 0.785566 0.769094
vt 0.816881 0.767458
vt 0.786931 0.774816
vt 0.754259 0.780696
vt 0.718233 0.794844
vt 0.717595 0.787856
vt 0.689631 0.788485
vt 0.689088 0.781733
vt 0.667563 0.785741
vt 0.652725 0.787137
vt 0.651385 0.779007
vt 0.646364 0.786758
vt 0.644934 0.778055
vt 0.638203 0.785267
vt 0.637112 0.776398
vt 0.629289 0.774890
vt 0.629045 0.768819
vt 0.629024 0.764224
vt 0.056439 0.164422
vt 0.064285 0.167470
vt 0.050895 0.172110
vt 0.072591 0.167325
vt 0.044112 0.161429
vt 0.063162 0.156784
vt 0.035557 0.170236
vt 0.030589 0.176424
vt 0.046765 0.150632
vt 0.067301 0.146780
vt 0.087879 0.136885
vt 0.209439 0.241647
vt 0.201436 0.236836
vt 0.094745 0.117467
vt 0.101267 0.124936
vt 0.084034 0.126699
vt 0.097646 0.105908
vt 0.105833 0.111057
vt 0.106215 0.092318
vt 0.111395 0.096170
vt 0.110339 0.081507
vt 0.116122 0.083114
vt 0.256865 0.263590
vt 0.252882 0.259270
vt 0.264820 0.252976
vt 0.263538 0.267990
vt 0.273229 0.260933
vt 0.271907 0.271599
vt 0.274888 0.242540
vt 0.282076 0.217670
vt 0.292631 0.222832
vt 0.317759 0.193277
vt 0.307736 0.228251
vt 0.333471 0.196823
vt 0.327545 0.231029
vt 0.355707 0.227413
vt 0.358397 0.241496
vt 0.381113 0.236586
vt 0.379268 0.228389
vt 0.378615 0.219330
vt 0.394783 0.220145
vt 0.394809 0.213467
vt 0.395836 0.204535
vt 0.407782 0.213521
vt 0.409028 0.207230
vt 0.397265 0.187568
vt 0.411547 0.192267
vt 0.418814 0.164022
vt 0.429319 0.168220
vt 0.423525 0.193567
vt 0.420393 0.208656
vt 0.428092 0.214296
vt 0.418982 0.213257
vt 0.428849 0.210126
vt 0.430600 0.194911
vt 0.437745 0.211213
vt 0.439947 0.197267
vt 0.435377 0.169958
vt 0.444937 0.172074
vt 0.166878 0.080500
vt 0.157930 0.073120
vt 0.173646 0.056307
vt 0.182830 0.063779
vt 0.439040 0.143835
vt 0.448114 0.145815
vt 0.200129 0.046802
vt 0.188410 0.039145
vt 0.265276 0.680974
vt 0.275421 0.684223
vt 0.269650 0.706708
vt 0.260206 0.704647
vt 0.281978 0.710122
vt 0.274390 0.656896
vt 0.285377 0.661404
vt 0.280737 0.640387
vt 0.292979 0.646154
vt 0.305719 0.655785
vt 0.298678 0.636952
vt 0.324835 0.662664
vt 0.355837 0.940819
vt 0.382321 0.928483
vt 0.371801 0.953359
vt 0.405001 0.915094
vt 0.394276 0.934264
vt 0.389024 0.965644
vt 0.300206 0.064189
vt 0.308328 0.051297
vt 0.316949 0.073862
vt 0.297871 0.070527
vt 0.310657 0.090617
vt 0.292529 0.084385
vt 0.303843 0.109958
vt 0.284779 0.103075
vt 0.260768 0.092357
vt 0.250778 0.112421
vt 0.241327 0.130476
vt 0.221623 0.116988
vt 0.206819 0.107781
vt 0.233114 0.142138
vt 0.215093 0.129672
vt 0.198472 0.119630
vt 0.192288 0.099819
vt 0.181855 0.109175
vt 0.208400 0.139406
vt 0.191014 0.125981
vt 0.176609 0.113230
vt 0.182774 0.132837
vt 0.169858 0.117308
vt 0.160691 0.104219
vt 0.164430 0.101792
vt 0.169194 0.099106
vt 0.155195 0.092282
vt 0.158096 0.089537
vt 0.179125 0.090176
vt 0.147276 0.084565
vt 0.149864 0.082194
vt 0.152636 0.094379
vt 0.145034 0.086342
vt 0.427650 0.217586
vt 0.437677 0.215024
vt 0.437474 0.218032
vt 0.437133 0.220921
vt 0.427110 0.220504
vt 0.417549 0.220302
vt 0.418078 0.217078
vt 0.407522 0.220539
vt 0.406984 0.217167
vt 0.395288 0.224969
vt 0.407607 0.223400
vt 0.396333 0.228069
vt 0.675806 0.633973
vt 0.682654 0.642328
vt 0.680275 0.643061
vt 0.674191 0.635753
vt 0.397813 0.230161
vt 0.934636 0.809450
vt 0.939363 0.808701
vt 0.942980 0.829771
vt 0.937143 0.830190
vt 0.943920 0.808963
vt 0.947380 0.829803
vt 0.462416 0.616551
vt 0.467494 0.615475
vt 0.485773 0.638015
vt 0.481241 0.640630
vt 0.472801 0.614609
vt 0.491555 0.636333
vt 0.114762 0.301797
vt 0.116410 0.304343
vt 0.101068 0.310987
vt 0.099710 0.308527
vt 0.098850 0.305296
vt 0.114175 0.298466
vt 0.538288 0.489434
vt 0.536503 0.482762
vt 0.547512 0.479315
vt 0.549722 0.485802
vt 0.525397 0.494026
vt 0.522826 0.487113
vt 0.508371 0.504930
vt 0.504664 0.498422
vt 0.486584 0.525174
vt 0.482233 0.520701
vt 0.478688 0.514847
vt 0.473482 0.509328
vt 0.464512 0.549319
vt 0.461289 0.546383
vt 0.459089 0.542114
vt 0.469698 0.508719
vt 0.457741 0.540932
vt 0.448476 0.576310
vt 0.446234 0.573440
vt 0.443480 0.571618
vt 0.924066 0.784074
vt 0.917280 0.784376
vt 0.917237 0.759341
vt 0.921719 0.756971
vt 0.928382 0.809274
vt 0.920970 0.809213
vt 0.931406 0.830524
vt 0.924312 0.831270
vt 0.908178 0.832021
vt 0.930838 0.783327
vt 0.927811 0.756280
vt 0.933772 0.756635
vt 0.935694 0.783277
vt 0.468765 0.551448
vt 0.457105 0.583310
vt 0.451833 0.579988
vt 0.471857 0.555340
vt 0.462397 0.584777
vt 0.475885 0.557961
vt 0.465996 0.585636
vt 0.481553 0.562848
vt 0.474073 0.588450
vt 0.480389 0.614397
vt 0.482257 0.591720
vt 0.487322 0.614664
vt 0.501191 0.632088
vt 0.497732 0.634019
vt 0.496221 0.613097
vt 0.505408 0.629994
vt 0.110956 0.294607
vt 0.113431 0.295888
vt 0.098927 0.303233
vt 0.099207 0.300560
vt 0.541870 0.501264
vt 0.539877 0.495755
vt 0.551684 0.492202
vt 0.553535 0.497569
vt 0.529294 0.506617
vt 0.527116 0.500956
vt 0.513428 0.516864
vt 0.510808 0.511131
vt 0.493936 0.534036
vt 0.490061 0.529484
vt 0.517034 0.523112
vt 0.498176 0.539650
vt 0.521044 0.527979
vt 0.503829 0.544327
vt 0.487932 0.567493
vt 0.509406 0.550020
vt 0.496732 0.570985
vt 0.492131 0.593830
vt 0.507190 0.575446
vt 0.502895 0.594469
vt 0.504097 0.611984
vt 0.511195 0.596985
vt 0.511446 0.612570
vt 0.512062 0.627524
vt 0.508837 0.628739
vt 0.110289 0.289011
vt 0.111945 0.291317
vt 0.099135 0.298428
vt 0.099140 0.296353
vt 0.547034 0.511852
vt 0.544296 0.506972
vt 0.554967 0.503180
vt 0.556869 0.508255
vt 0.535391 0.517425
vt 0.532203 0.512354
vt 0.526280 0.533892
vt 0.532169 0.539219
vt 0.517965 0.555560
vt 0.535585 0.542450
vt 0.523518 0.559032
vt 0.515369 0.578594
vt 0.530309 0.564707
vt 0.522764 0.580355
vt 0.538652 0.569775
vt 0.531515 0.583323
vt 0.545270 0.577282
vt 0.541500 0.590508
vt 0.547639 0.554941
vt 0.551030 0.561756
vt 0.555710 0.568192
vt 0.558689 0.551408
vt 0.561284 0.555294
vt 0.563393 0.561460
vt 0.561364 0.574245
vt 0.566693 0.566211
vt 0.564622 0.578678
vt 0.560230 0.593076
vt 0.570506 0.571886
vt 0.567926 0.579695
vt 0.562975 0.597005
vt 0.008156 0.911343
vt 0.026380 0.932299
vt 0.017608 0.938392
vt 0.001587 0.916306
vt 0.016419 0.906518
vt 0.034185 0.923510
vt 0.029944 0.901414
vt 0.012014 0.890989
vt 0.025051 0.889839
vt 0.013255 0.874672
vt 0.025820 0.877616
vt 0.557229 0.544144
vt 0.552792 0.538589
vt 0.562475 0.528957
vt 0.565089 0.534478
vt 0.542522 0.548748
vt 0.566304 0.541970
vt 0.568169 0.548977
vt 0.569454 0.554849
vt 0.572073 0.560923
vt 0.575282 0.567890
vt 0.573732 0.575667
vt 0.577469 0.575360
vt 0.002142 0.892415
vt 0.001734 0.871819
vt 0.572911 0.583784
vt 0.558369 0.513308
vt 0.559777 0.517957
vt 0.098446 0.294971
vt 0.107128 0.287694
vt 0.095545 0.294217
vt 0.103724 0.285288
vt 0.469285 0.479063
vt 0.477124 0.475770
vt 0.463921 0.508408
vt 0.456784 0.538417
vt 0.455315 0.507673
vt 0.450231 0.536425
vt 0.446474 0.479434
vt 0.459780 0.479412
vt 0.446348 0.506946
vt 0.443594 0.534836
vt 0.439175 0.506431
vt 0.435966 0.533448
vt 0.434316 0.560246
vt 0.429378 0.557810
vt 0.428347 0.532929
vt 0.423526 0.556146
vt 0.419756 0.584412
vt 0.413049 0.585556
vt 0.410207 0.583429
vt 0.510084 0.194225
vt 0.507097 0.199286
vt 0.479887 0.180316
vt 0.484206 0.176842
vt 0.843886 0.752529
vt 0.842091 0.747854
vt 0.868600 0.737265
vt 0.871540 0.742662
vt 0.468119 0.151160
vt 0.463558 0.154246
vt 0.486943 0.174402
vt 0.470534 0.149671
vt 0.456184 0.126769
vt 0.517210 0.183441
vt 0.512702 0.191174
vt 0.492589 0.168903
vt 0.475510 0.146248
vt 0.498730 0.162605
vt 0.481468 0.143469
vt 0.528469 0.164937
vt 0.523228 0.174108
vt 0.507383 0.154984
vt 0.488177 0.138862
vt 0.522358 0.138113
vt 0.505823 0.125620
vt 0.556923 0.117027
vt 0.540325 0.146435
vt 0.541668 0.110413
vt 0.527642 0.103103
vt 0.560795 0.082011
vt 0.547651 0.076470
vt 0.574909 0.088089
vt 0.579099 0.056998
vt 0.565046 0.051999
vt 0.580275 0.029432
vt 0.588117 0.092916
vt 0.574121 0.124415
vt 0.576113 0.157379
vt 0.559326 0.153469
vt 0.571477 0.172693
vt 0.550054 0.172375
vt 0.570933 0.181765
vt 0.546782 0.182808
vt 0.570476 0.188462
vt 0.544484 0.190879
vt 0.570150 0.196006
vt 0.541982 0.199515
vt 0.570083 0.202606
vt 0.540168 0.204627
vt 0.569757 0.205647
vt 0.539055 0.209276
vt 0.593086 0.192901
vt 0.593942 0.197497
vt 0.438028 0.479863
vt 0.433010 0.505355
vt 0.433330 0.483672
vt 0.610712 0.188540
vt 0.612045 0.195273
vt 0.596899 0.202292
vt 0.447823 0.457865
vt 0.441687 0.459503
vt 0.457087 0.457684
vt 0.635610 0.186327
vt 0.875661 0.749700
vt 0.846833 0.759442
vt 0.721396 0.818767
vt 0.723928 0.845153
vt 0.705273 0.846273
vt 0.692182 0.847417
vt 0.682687 0.848535
vt 0.672780 0.849039
vt 0.662628 0.849575
vt 0.657403 0.850004
vt 0.642727 0.840677
vt 0.643601 0.850935
vt 0.640687 0.823621
vt 0.640191 0.801808
vt 0.719370 0.801392
vt 0.760226 0.842546
vt 0.797364 0.840101
vt 0.148020 0.097272
vt 0.154959 0.106128
vt 0.151885 0.106119
vt 0.146030 0.098167
vt 0.150094 0.096003
vt 0.157427 0.105706
vt 0.140692 0.089588
vt 0.142705 0.088072
vt 0.138899 0.090629
vt 0.426401 0.224972
vt 0.426497 0.223103
vt 0.436963 0.223463
vt 0.436757 0.225336
vt 0.416542 0.224937
vt 0.416647 0.222996
vt 0.408571 0.225162
vt 0.197847 0.150325
vt 0.224473 0.152978
vt 0.212951 0.167961
vt 0.193568 0.185889
vt 0.226510 0.188618
vt 0.210255 0.205186
vt 0.194321 0.216835
vt 0.179164 0.203053
vt 0.603881 0.783004
vt 0.602580 0.795923
vt 0.584406 0.792226
vt 0.588928 0.779054
vt 0.601219 0.816140
vt 0.573298 0.812088
vt 0.612221 0.797890
vt 0.615417 0.810984
vt 0.613005 0.788809
vt 0.205122 0.224997
vt 0.194229 0.231838
vt 0.187342 0.228071
vt 0.614412 0.780362
vt 0.604811 0.777124
vt 0.240888 0.172769
vt 0.252727 0.159636
vt 0.318783 0.094772
vt 0.313864 0.113192
vt 0.325908 0.103420
vt 0.323971 0.116047
vt 0.318542 0.135555
vt 0.335171 0.117936
vt 0.330142 0.138084
vt 0.323423 0.163386
vt 0.344692 0.141955
vt 0.340413 0.164829
vt 0.338886 0.178084
vt 0.322139 0.179052
vt 0.347522 0.121442
vt 0.347884 0.109131
vt 0.335495 0.104779
vt 0.326259 0.073892
vt 0.298685 0.611067
vt 0.311226 0.617370
vt 0.285957 0.631354
vt 0.313829 0.585797
vt 0.330032 0.590953
vt 0.322345 0.562521
vt 0.336122 0.566653
vt 0.354248 0.569172
vt 0.267658 0.864413
vt 0.278989 0.874012
vt 0.270117 0.891316
vt 0.259854 0.881623
vt 0.287252 0.906352
vt 0.274571 0.845618
vt 0.286230 0.858100
vt 0.314271 0.859968
vt 0.320010 0.844259
vt 0.340116 0.861500
vt 0.260108 0.855492
vt 0.251839 0.847861
vt 0.230761 0.855458
vt 0.240640 0.839810
vt 0.212098 0.847258
vt 0.224184 0.830606
vt 0.197535 0.837076
vt 0.203124 0.819745
vt 0.178632 0.830811
vt 0.183697 0.813616
vt 0.185522 0.798594
vt 0.150811 0.820935
vt 0.159443 0.805963
vt 0.167443 0.793039
vt 0.162136 0.787158
vt 0.153800 0.801228
vt 0.145035 0.819126
vt 0.147321 0.796548
vt 0.137555 0.814713
vt 0.399815 0.438619
vt 0.418147 0.443247
vt 0.415027 0.448682
vt 0.383758 0.432312
vt 0.372434 0.413233
vt 0.360763 0.406282
vt 0.371847 0.395322
vt 0.383906 0.401810
vt 0.387898 0.382670
vt 0.363252 0.391651
vt 0.376451 0.377875
vt 0.147188 0.772847
vt 0.135378 0.760847
vt 0.144760 0.750924
vt 0.139919 0.789203
vt 0.128635 0.775248
vt 0.155784 0.780543
vt 0.355657 0.390261
vt 0.368171 0.377325
vt 0.151185 0.745806
vt 0.348538 0.386041
vt 0.359895 0.374885
vt 0.153558 0.738830
vt 0.334672 0.374923
vt 0.343992 0.365042
vt 0.167574 0.727087
vt 0.156669 0.719658
vt 0.160293 0.688804
vt 0.170246 0.696224
vt 0.178936 0.702271
vt 0.176958 0.732181
vt 0.186299 0.707935
vt 0.200190 0.682640
vt 0.192122 0.711797
vt 0.205363 0.687056
vt 0.206771 0.662791
vt 0.213214 0.666553
vt 0.217798 0.671515
vt 0.209784 0.692671
vt 0.220578 0.655746
vt 0.227294 0.660962
vt 0.230004 0.648979
vt 0.236607 0.654573
vt 0.239157 0.665668
vt 0.252519 0.353139
vt 0.249837 0.360364
vt 0.239923 0.355932
vt 0.244265 0.347798
vt 0.212817 0.651454
vt 0.218319 0.645400
vt 0.204228 0.641863
vt 0.257599 0.348044
vt 0.252021 0.339919
vt 0.264943 0.335770
vt 0.188140 0.640440
vt 0.268285 0.355858
vt 0.263961 0.361714
vt 0.261454 0.368165
vt 0.289134 0.371892
vt 0.284613 0.376619
vt 0.278263 0.382896
vt 0.272222 0.390837
vt 0.305732 0.396860
vt 0.295338 0.403180
vt 0.284439 0.409644
vt 0.305995 0.421352
vt 0.293934 0.429539
vt 0.283384 0.436608
vt 0.272408 0.440442
vt 0.318336 0.410979
vt 0.312891 0.392155
vt 0.325785 0.403683
vt 0.334239 0.411509
vt 0.331454 0.398541
vt 0.338789 0.405801
vt 0.338800 0.393864
vt 0.345424 0.399330
vt 0.351248 0.403132
vt 0.320065 0.388206
vt 0.327156 0.382403
vt 0.291073 0.330354
vt 0.170488 0.654010
vt 0.318672 0.345822
vt 0.129259 0.807481
vt 0.397961 0.471159
vt 0.384191 0.484771
vt 0.359996 0.497780
vt 0.381937 0.494955
vt 0.218085 0.871627
vt 0.206636 0.863737
vt 0.340972 0.512007
vt 0.357362 0.515812
vt 0.328351 0.509542
vt 0.316978 0.507519
vt 0.304546 0.490945
vt 0.300912 0.502883
vt 0.298925 0.512294
vt 0.283193 0.497684
vt 0.281328 0.509536
vt 0.271687 0.480619
vt 0.287313 0.485880
vt 0.266881 0.492703
vt 0.263696 0.504642
vt 0.284800 0.778072
vt 0.292849 0.767957
vt 0.302808 0.775240
vt 0.295429 0.785417
vt 0.274958 0.773467
vt 0.282386 0.760986
vt 0.290988 0.794166
vt 0.263496 0.786605
vt 0.306819 0.482591
vt 0.309326 0.475957
vt 0.312253 0.560184
vt 0.303187 0.581955
vt 0.305214 0.558519
vt 0.296866 0.579770
vt 0.299617 0.557698
vt 0.292908 0.578121
vt 0.285205 0.576154
vt 0.271709 0.592345
vt 0.277099 0.574585
vt 0.259744 0.680121
vt 0.452971 0.104422
vt 0.443505 0.121744
vt 0.437247 0.120905
vt 0.452284 0.124111
vt 0.433471 0.141293
vt 0.249635 0.262280
vt 0.600394 0.011238
vt 0.263720 0.493267
vt 0.774685 0.015055
vt 0.780371 0.012687
vt 0.144368 0.359741
vt 0.135830 0.051038
vt 0.155745 0.043097
vt 0.803032 0.026406
vt 0.805006 0.016332
vt 0.107799 0.413263
vt 0.097532 0.421385
vt 0.822090 0.027691
vt 0.823410 0.020601
vt 0.835127 0.028227
vt 0.121941 0.401556
vt 0.132880 0.396616
vt 0.793838 0.059475
vt 0.142271 0.338108
vt 0.061382 0.077632
vt 0.179102 0.968329
vt 0.173636 0.993096
vt 0.181576 0.992413
vt 0.957059 0.810213
vt 0.171135 0.967963
vt 0.940612 0.773373
vt 0.936732 0.762987
vt 0.186147 0.994869
vt 0.196611 0.987238
vt 0.116862 0.351785
vt 0.112389 0.349549
vt 0.250468 0.994430
vt 0.247497 0.987059
vt 0.081672 0.486692
vt 0.090662 0.489261
vt 0.058179 0.503510
vt 0.051900 0.503725
vt 0.247994 0.977633
vt 0.078629 0.509788
vt 0.990200 0.778261
vt 0.996350 0.790369
vt 0.071515 0.505955
vt 0.064448 0.503595
vt 0.937968 0.774413
vt 0.121518 0.381792
vt 0.249709 0.972430
vt 0.242588 0.973346
vt 0.241690 0.967816
vt 0.082445 0.481495
vt 0.076261 0.478220
vt 0.635603 0.090463
vt 0.495137 0.329758
vt 0.486009 0.308321
vt 0.491863 0.306311
vt 0.501181 0.328068
vt 0.490093 0.331642
vt 0.480604 0.309658
vt 0.483593 0.333929
vt 0.474545 0.311638
vt 0.474014 0.336438
vt 0.468006 0.313845
vt 0.465987 0.337401
vt 0.459434 0.315817
vt 0.454812 0.294625
vt 0.451091 0.318092
vt 0.445916 0.298328
vt 0.441436 0.282602
vt 0.453752 0.277976
vt 0.438173 0.301347
vt 0.430948 0.287764
vt 0.431675 0.303471
vt 0.422806 0.289982
vt 0.445171 0.319700
vt 0.435924 0.321178
vt 0.425847 0.320352
vt 0.442384 0.341483
vt 0.433840 0.341803
vt 0.427946 0.342286
vt 0.419594 0.321274
vt 0.422096 0.343512
vt 0.413466 0.321212
vt 0.411880 0.311205
vt 0.632098 0.688669
vt 0.629956 0.681530
vt 0.641899 0.677202
vt 0.624576 0.689664
vt 0.623991 0.683277
vt 0.636337 0.697100
vt 0.626947 0.697104
vt 0.643969 0.706977
vt 0.633708 0.709813
vt 0.664119 0.701718
vt 0.426204 0.362445
vt 0.418227 0.345321
vt 0.441615 0.362660
vt 0.449472 0.361378
vt 0.463174 0.373893
vt 0.457031 0.360215
vt 0.450593 0.340283
vt 0.464894 0.360045
vt 0.457862 0.339137
vt 0.473225 0.358181
vt 0.482887 0.356957
vt 0.490857 0.354163
vt 0.496848 0.351413
vt 0.501365 0.349111
vt 0.510157 0.358475
vt 0.507163 0.347073
vt 0.512898 0.363490
vt 0.626817 0.133189
vt 0.630889 0.143427
vt 0.660712 0.683150
vt 0.672202 0.683000
vt 0.674345 0.706294
vt 0.642973 0.744115
vt 0.641689 0.734342
vt 0.636989 0.735196
vt 0.250036 0.336611
vt 0.251957 0.325464
vt 0.252319 0.329611
vt 0.251031 0.337350
vt 0.125181 0.093093
vt 0.127428 0.084891
vt 0.250189 0.324799
vt 0.122291 0.114390
vt 0.122852 0.101803
vt 0.124676 0.085760
vt 0.129082 0.075909
vt 0.253649 0.310353
vt 0.252743 0.308989
vt 0.661671 0.170574
vt 0.426568 0.371900
vt 0.671844 0.148684
vt 0.277303 0.286949
vt 0.143499 0.175238
vt 0.165933 0.202782
vt 0.179440 0.222065
vt 0.185228 0.224837
vt 0.489991 0.405236
vt 0.488541 0.411803
vt 0.480555 0.412742
vt 0.515732 0.436847
vt 0.526004 0.434147
vt 0.532843 0.431794
vt 0.330905 0.316234
vt 0.522712 0.398566
vt 0.520685 0.392342
vt 0.519278 0.385673
vt 0.518524 0.380945
vt 0.341860 0.324269
vt 0.336920 0.319912
vt 0.359147 0.296263
vt 0.367355 0.281003
vt 0.544704 0.615797
vt 0.371696 0.099125
vt 0.363889 0.093385
vt 0.399089 0.059793
vt 0.393198 0.043252
vt 0.005887 0.578621
vt 0.005375 0.572964
vt 0.013153 0.595556
vt 0.001070 0.579158
vt 0.052763 0.297437
vt 0.052861 0.304573
vt 0.011615 0.646212
vt 0.006462 0.646855
vt 0.014447 0.656259
vt 0.008686 0.657710
vt 0.048976 0.286812
vt 0.015338 0.663824
vt 0.009782 0.663816
vt 0.051306 0.282943
vt 0.023025 0.654918
vt 0.035934 0.654262
vt 0.036648 0.663436
vt 0.023726 0.664412
vt 0.052019 0.656844
vt 0.051832 0.664173
vt 0.064660 0.651790
vt 0.020436 0.644888
vt 0.046661 0.596624
vt 0.040896 0.603519
vt 0.031976 0.559402
vt 0.026320 0.564054
vt 0.017965 0.550321
vt 0.019840 0.546507
vt 0.560247 0.640202
vt 0.084158 0.591115
vt 0.095082 0.600053
vt 0.047084 0.993668
vt 0.086161 0.976574
vt 0.097402 0.976191
vt 0.107541 0.974818
vt 0.087077 0.560472
vt 0.081423 0.556463
vt 0.100110 0.624378
vt 0.100662 0.619232
vt 0.101316 0.661735
vt 0.094261 0.662570
vt 0.088724 0.662754
vt 0.106947 0.661774
vt 0.113949 0.661613
vt 0.119621 0.661075
vt 0.127831 0.660415
vt 0.133380 0.644316
vt 0.134132 0.660212
vt 0.145733 0.659534
vt 0.139611 0.659615
vt 0.151017 0.658945
vt 0.156020 0.658285
vt 0.186537 0.941570
vt 0.196515 0.929254
vt 0.201205 0.931368
vt 0.192707 0.943652
vt 0.182643 0.936188
vt 0.187670 0.925179
vt 0.182663 0.922497
vt 0.178093 0.933990
vt 0.168462 0.942630
vt 0.170629 0.948325
vt 0.156791 0.954648
vt 0.146657 0.956579
vt 0.127885 0.595286
vt 0.058281 0.886418
vt 0.071561 0.890517
vt 0.083176 0.894068
vt 0.092358 0.934307
vt 0.094339 0.940363
vt 0.088097 0.944069
vt 0.101904 0.944859
vt 0.137424 0.584641
vt 0.133681 0.923312
vt 0.142240 0.931810
vt 0.118285 0.902072
vt 0.124120 0.903535
vt 0.122729 0.908364
vt 0.074376 0.283448
vt 0.409186 0.038228
vt 0.401187 0.830978
vt 0.398596 0.838015
vt 0.391156 0.837544
vt 0.252896 0.619153
vt 0.247229 0.613324
vt 0.250391 0.606146
vt 0.243440 0.600789
vt 0.247897 0.565952
vt 0.241028 0.681432
vt 0.250419 0.308921
vt 0.251365 0.307976
vt 0.252125 0.311272
vt 0.249385 0.308098
vt 0.246536 0.316200
vt 0.275899 0.329347
vt 0.278931 0.328003
vt 0.655810 0.671970
vt 0.134586 0.906735
vt 0.136663 0.907501
vt 0.527743 0.411941
vt 0.355828 0.438405
vt 0.292981 0.456243
vt 0.338862 0.090717
vt 0.682197 0.713064
vt 0.688311 0.719716
vt 0.671538 0.717159
vt 0.677404 0.721408
vt 0.675653 0.711683
vt 0.662033 0.121840
vt 0.672227 0.125018
vt 0.684308 0.707793
vt 0.156205 0.907403
vt 0.149572 0.901705
vt 0.138892 0.903779
vt 0.145810 0.897148
vt 0.133346 0.903096
vt 0.130808 0.900681
vt 0.101666 0.890523
vt 0.108719 0.894092
vt 0.094878 0.888172
vt 0.575654 0.522592
vt 0.563951 0.518499
vt 0.576667 0.517566
vt 0.528698 0.411472
vt 0.533561 0.409297
vt 0.528190 0.411475
vt 0.951626 0.629188
vt 0.951402 0.671093
vt 0.939116 0.659875
vt 0.947699 0.625434
vt 0.952111 0.705356
vt 0.936573 0.703378
vt 0.626227 0.856334
vt 0.631393 0.859794
vt 0.208657 0.991324
vt 0.207413 0.985173
vt 0.218751 0.984733
vt 0.219063 0.989706
vt 0.208000 0.978939
vt 0.218728 0.980195
vt 0.593868 0.214352
vt 0.598318 0.209647
vt 0.601321 0.216967
vt 0.593793 0.220694
vt 0.589817 0.211293
vt 0.594053 0.211311
vt 0.591775 0.215850
vt 0.586578 0.219031
vt 0.609365 0.207047
vt 0.601058 0.203957
vt 0.608400 0.201965
vt 0.313747 0.988638
vt 0.314337 0.996879
vt 0.310257 0.994879
vt 0.305266 0.989786
vt 0.308940 0.996028
vt 0.304745 0.996442
vt 0.238778 0.980603
vt 0.244428 0.981271
vt 0.244945 0.984178
vt 0.238583 0.984383
vt 0.724730 0.011685
vt 0.705598 0.016164
vt 0.697135 0.011621
vt 0.721427 0.002181
vt 0.702731 0.022538
vt 0.690512 0.020835
vt 0.727312 0.021708
vt 0.692085 0.038288
vt 0.696439 0.045757
vt 0.690710 0.049953
vt 0.683849 0.039526
vt 0.707961 0.051138
vt 0.707339 0.060647
vt 0.707123 0.041327
vt 0.883945 0.201511
vt 0.893079 0.208482
vt 0.892414 0.214858
vt 0.874456 0.214234
vt 0.907638 0.208041
vt 0.906348 0.215122
vt 0.913123 0.220898
vt 0.893630 0.223786
vt 0.921877 0.215866
vt 0.726618 0.211816
vt 0.731720 0.216300
vt 0.733787 0.223619
vt 0.726783 0.219285
vt 0.734758 0.213203
vt 0.741711 0.226359
vt 0.730849 0.204038
vt 0.946146 0.217384
vt 0.952115 0.226006
vt 0.944980 0.233027
vt 0.937976 0.219136
vt 0.957993 0.215769
vt 0.942958 0.210322
vt 0.949786 0.249288
vt 0.957693 0.250935
vt 0.956218 0.278389
vt 0.943372 0.272404
vt 0.725871 0.272426
vt 0.716415 0.261787
vt 0.721170 0.255004
vt 0.732210 0.268888
vt 0.716706 0.277418
vt 0.729912 0.284781
vt 0.912388 0.267535
vt 0.934583 0.259018
vt 0.937239 0.292161
vt 0.915858 0.289280
vt 0.928727 0.238567
vt 0.912787 0.238266
vt 0.841919 0.229885
vt 0.821491 0.221000
vt 0.830757 0.217915
vt 0.839696 0.221076
vt 0.825918 0.205015
vt 0.834489 0.206830
vt 0.821493 0.234079
vt 0.846098 0.239206
vt 0.843698 0.210168
vt 0.741791 0.278764
vt 0.941896 0.290831
vt 0.954804 0.291141
vt 0.956149 0.295514
vt 0.750799 0.214350
vt 0.756304 0.227994
vt 0.749719 0.228748
vt 0.741328 0.211826
vt 0.769748 0.242559
vt 0.767529 0.225210
vt 0.757124 0.244043
vt 0.944141 0.297654
vt 0.958029 0.302059
vt 0.935132 0.307626
vt 0.947077 0.310470
vt 0.795247 0.230771
vt 0.791210 0.231834
vt 0.785908 0.229347
vt 0.783962 0.221745
vt 0.795882 0.273117
vt 0.784647 0.246776
vt 0.794207 0.242406
vt 0.804065 0.255410
vt 0.960192 0.312557
vt 0.729627 0.295508
vt 0.714390 0.294338
vt 0.738498 0.238523
vt 0.748909 0.243660
vt 0.755202 0.256802
vt 0.744066 0.253472
vt 0.765175 0.256117
vt 0.819701 0.240216
vt 0.799800 0.228206
vt 0.801186 0.223050
vt 0.770439 0.278152
vt 0.758681 0.274423
vt 0.776303 0.256625
vt 0.782340 0.281176
vt 0.759985 0.299402
vt 0.750327 0.289741
vt 0.751687 0.283599
vt 0.761921 0.287131
vt 0.838448 0.267814
vt 0.815743 0.281572
vt 0.844268 0.305119
vt 0.820873 0.306305
vt 0.753776 0.298288
vt 0.745757 0.304528
vt 0.744954 0.297146
vt 0.763766 0.311746
vt 0.745088 0.310924
vt 0.783490 0.304577
vt 0.782228 0.313935
vt 0.771496 0.292794
vt 0.773139 0.288422
vt 0.707045 0.362849
vt 0.710298 0.352233
vt 0.720895 0.354976
vt 0.718120 0.368432
vt 0.708522 0.349677
vt 0.722292 0.349440
vt 0.701272 0.360776
vt 0.732440 0.374814
vt 0.724247 0.386735
vt 0.713502 0.383068
vt 0.739277 0.382924
vt 0.747260 0.373991
vt 0.753111 0.378610
vt 0.734056 0.392664
vt 0.952203 0.349400
vt 0.965059 0.350664
vt 0.964722 0.364559
vt 0.954097 0.363130
vt 0.950065 0.337472
vt 0.963697 0.337070
vt 0.937047 0.349598
vt 0.935507 0.337793
vt 0.941153 0.362040
vt 0.774346 0.298071
vt 0.786178 0.295685
vt 0.756367 0.363556
vt 0.736691 0.358380
vt 0.764827 0.375621
vt 0.785062 0.293111
vt 0.776844 0.292085
vt 0.791676 0.298999
vt 0.795985 0.286728
vt 0.799152 0.309854
vt 0.758130 0.354695
vt 0.739201 0.353282
vt 0.778047 0.361766
vt 0.781240 0.375405
vt 0.776184 0.355773
vt 0.803197 0.298583
vt 0.810120 0.307997
vt 0.746866 0.387923
vt 0.747118 0.396392
vt 0.758149 0.387207
vt 0.761955 0.398113
vt 0.806744 0.296696
vt 0.912063 0.338510
vt 0.912714 0.348163
vt 0.892349 0.351186
vt 0.889466 0.338932
vt 0.920926 0.362316
vt 0.898046 0.364632
vt 0.813108 0.324783
vt 0.813147 0.314798
vt 0.824481 0.325764
vt 0.829716 0.321667
vt 0.844088 0.325908
vt 0.830059 0.327024
vt 0.839555 0.336055
vt 0.825878 0.339070
vt 0.792036 0.334586
vt 0.801099 0.321699
vt 0.803867 0.328579
vt 0.796787 0.336858
vt 0.767465 0.386749
vt 0.779914 0.398281
vt 0.846452 0.348609
vt 0.827903 0.348756
vt 0.803580 0.334736
vt 0.798671 0.336869
vt 0.807697 0.337897
vt 0.799207 0.340778
vt 0.797344 0.343538
vt 0.808124 0.348399
vt 0.749162 0.407521
vt 0.751589 0.419005
vt 0.732507 0.418457
vt 0.731736 0.405301
vt 0.752364 0.428117
vt 0.735813 0.430636
vt 0.766508 0.419085
vt 0.764672 0.409296
vt 0.768325 0.428095
vt 0.774322 0.408821
vt 0.797908 0.416752
vt 0.781236 0.417950
vt 0.721332 0.448980
vt 0.700448 0.465514
vt 0.699952 0.446482
vt 0.718146 0.438923
vt 0.978194 0.450376
vt 0.983789 0.464751
vt 0.971954 0.467021
vt 0.968310 0.457257
vt 0.708644 0.471893
vt 0.724916 0.454467
vt 0.983287 0.487254
vt 0.974088 0.485625
vt 0.688595 0.485883
vt 0.700952 0.497916
vt 0.693793 0.428749
vt 0.697858 0.425660
vt 0.704150 0.425163
vt 0.807141 0.396165
vt 0.802993 0.373094
vt 0.814331 0.419982
vt 0.969929 0.435645
vt 0.963411 0.436568
vt 0.830393 0.356820
vt 0.819575 0.354760
vt 0.820217 0.373462
vt 0.835577 0.372688
vt 0.795577 0.359516
vt 0.791954 0.355733
vt 0.722485 0.474537
vt 0.730650 0.463160
vt 0.739395 0.459590
vt 0.732138 0.475475
vt 0.727373 0.457962
vt 0.715579 0.474161
vt 0.741022 0.454319
vt 0.771356 0.440626
vt 0.755012 0.441783
vt 0.710522 0.500431
vt 0.712272 0.529859
vt 0.697822 0.521759
vt 0.716411 0.496469
vt 0.719824 0.519778
vt 0.793487 0.453808
vt 0.787363 0.432126
vt 0.734756 0.494270
vt 0.730452 0.508824
vt 0.723120 0.513281
vt 0.722826 0.495416
vt 0.743566 0.509304
vt 0.738184 0.518587
vt 0.707961 0.552234
vt 0.694868 0.548096
vt 0.737728 0.541067
vt 0.726344 0.550287
vt 0.737986 0.534355
vt 0.736146 0.525589
vt 0.867011 0.435512
vt 0.886091 0.441031
vt 0.876447 0.453309
vt 0.860604 0.455130
vt 0.883970 0.404993
vt 0.863867 0.403187
vt 0.910755 0.442342
vt 0.907801 0.405982
vt 0.891163 0.462269
vt 0.915357 0.462476
vt 0.871854 0.463959
vt 0.847052 0.460573
vt 0.735811 0.557804
vt 0.733302 0.573951
vt 0.722854 0.573927
vt 0.850774 0.444690
vt 0.847210 0.427942
vt 0.706092 0.573819
vt 0.757868 0.546002
vt 0.757264 0.555746
vt 0.834487 0.446073
vt 0.756081 0.452203
vt 0.779590 0.461045
vt 0.775559 0.464310
vt 0.756075 0.455615
vt 0.790843 0.480428
vt 0.786434 0.479785
vt 0.798539 0.476996
vt 0.795074 0.483234
vt 0.843234 0.476363
vt 0.868035 0.477614
vt 0.770466 0.467869
vt 0.780387 0.478787
vt 0.782161 0.489635
vt 0.764814 0.481693
vt 0.061133 0.279649
vt 0.067767 0.279365
vt 0.077608 0.273723
vt 0.068162 0.273262
vt 0.135692 0.850632
vt 0.134223 0.850252
vt 0.134836 0.847674
vt 0.136716 0.849753
vt 0.136330 0.852769
vt 0.131611 0.851379
vt 0.138605 0.850114
vt 0.136947 0.847976
vt 0.161795 0.873289
vt 0.157293 0.870120
vt 0.158871 0.864775
vt 0.165176 0.869117
vt 0.158199 0.876580
vt 0.150933 0.872446
vt 0.152286 0.866575
vt 0.154932 0.909916
vt 0.152192 0.911620
vt 0.169600 0.910169
vt 0.178121 0.910204
vt 0.173543 0.902730
vt 0.176886 0.898243
vt 0.159445 0.900015
vt 0.156342 0.894889
vt 0.166960 0.902349
vt 0.170515 0.899779
vt 0.167662 0.897790
vt 0.169806 0.898105
vt 0.163085 0.892351
vt 0.166777 0.891964
vt 0.135084 0.905312
vt 0.137145 0.899734
vt 0.171842 0.895041
vt 0.158167 0.674594
vt 0.155287 0.695199
vt 0.146992 0.696774
vt 0.152378 0.676606
vt 0.190176 0.891683
vt 0.194002 0.884643
vt 0.198965 0.910542
vt 0.194804 0.912065
vt 0.184949 0.871923
vt 0.182107 0.877251
vt 0.191965 0.859733
vt 0.185131 0.862796
vt 0.146842 0.715181
vt 0.143264 0.708051
vt 0.134916 0.889883
vt 0.129364 0.886875
vt 0.139754 0.881325
vt 0.138732 0.889720
vt 0.124591 0.892018
vt 0.129362 0.894253
vt 0.134536 0.896424
vt 0.165025 0.884497
vt 0.171515 0.890098
vt 0.167805 0.878420
vt 0.174059 0.885971
vt 0.160351 0.886270
vt 0.154101 0.880060
vt 0.114612 0.895672
vt 0.112454 0.885913
vt 0.119176 0.888850
vt 0.120327 0.896979
vt 0.125047 0.881796
vt 0.120400 0.878162
vt 0.134980 0.874584
vt 0.149902 0.886011
vt 0.145615 0.875050
vt 0.139985 0.872518
vt 0.176880 0.863321
vt 0.175209 0.853889
vt 0.162562 0.848948
vt 0.169052 0.858681
vt 0.184845 0.853122
vt 0.171536 0.838665
vt 0.178843 0.842113
vt 0.137186 0.724048
vt 0.138221 0.711380
vt 0.142943 0.853733
vt 0.144903 0.859776
vt 0.134876 0.860524
vt 0.135937 0.856208
vt 0.144833 0.866775
vt 0.149920 0.855489
vt 0.133099 0.864613
vt 0.140956 0.846875
vt 0.184541 0.838792
vt 0.141589 0.869642
vt 0.130954 0.871218
vt 0.167982 0.863821
vt 0.174535 0.867905
vt 0.160398 0.857962
vt 0.120851 0.867901
vt 0.113800 0.874708
vt 0.125457 0.862701
vt 0.149197 0.843642
vt 0.132769 0.844207
vt 0.138610 0.700154
vt 0.147076 0.677345
vt 0.132965 0.697199
vt 0.141531 0.676326
vt 0.131188 0.712777
vt 0.126548 0.706265
vt 0.131847 0.717912
vt 0.164241 0.838739
vt 0.155899 0.841501
vt 0.145924 0.841337
vt 0.150176 0.828732
vt 0.159502 0.827246
vt 0.129877 0.714432
vt 0.126819 0.718529
vt 0.126857 0.711983
vt 0.122976 0.713213
vt 0.119879 0.711410
vt 0.120602 0.700571
vt 0.128660 0.692323
vt 0.132067 0.842281
vt 0.125114 0.850799
vt 0.123754 0.845135
vt 0.122518 0.674948
vt 0.120595 0.684030
vt 0.115534 0.685608
vt 0.115615 0.674672
vt 0.123521 0.687989
vt 0.128974 0.675663
vt 0.114178 0.692801
vt 0.100232 0.876026
vt 0.107291 0.881955
vt 0.107636 0.869012
vt 0.086686 0.874635
vt 0.085302 0.886007
vt 0.096086 0.861814
vt 0.101164 0.857457
vt 0.129469 0.854851
vt 0.118268 0.722812
vt 0.123104 0.725041
vt 0.115856 0.719950
vt 0.136598 0.738944
vt 0.132441 0.748276
vt 0.124497 0.748544
vt 0.129840 0.739795
vt 0.131843 0.839547
vt 0.140359 0.838099
vt 0.126459 0.838109
vt 0.135836 0.834202
vt 0.114904 0.708934
vt 0.111878 0.700010
vt 0.109424 0.713923
vt 0.107770 0.708233
vt 0.114773 0.762369
vt 0.114195 0.754354
vt 0.131263 0.756426
vt 0.116569 0.765786
vt 0.110078 0.682394
vt 0.109071 0.675267
vt 0.103284 0.686543
vt 0.101919 0.675915
vt 0.119628 0.847552
vt 0.122536 0.854080
vt 0.097394 0.758581
vt 0.095403 0.766558
vt 0.122265 0.739515
vt 0.050914 0.877016
vt 0.045680 0.877260
vt 0.041825 0.873542
vt 0.049783 0.868834
vt 0.111274 0.723370
vt 0.106354 0.737116
vt 0.117466 0.839974
vt 0.126614 0.831957
vt 0.108038 0.833135
vt 0.112554 0.825175
vt 0.087431 0.858076
vt 0.090792 0.846416
vt 0.072039 0.873841
vt 0.073747 0.856627
vt 0.072484 0.883651
vt 0.059979 0.869332
vt 0.059280 0.879621
vt 0.093955 0.772148
vt 0.114204 0.740070
vt 0.098217 0.738112
vt 0.104624 0.724955
vt 0.102186 0.718177
vt 0.102910 0.714185
vt 0.100383 0.710175
vt 0.096362 0.716821
vt 0.092284 0.687222
vt 0.094105 0.674226
vt 0.102185 0.692025
vt 0.096913 0.692403
vt 0.093038 0.700829
vt 0.088239 0.698251
vt 0.058392 0.855704
vt 0.088891 0.671643
vt 0.087101 0.682904
vt 0.079666 0.678414
vt 0.070137 0.672327
vt 0.084512 0.753814
vt 0.076296 0.843877
vt 0.101867 0.840248
vt 0.109562 0.851720
vt 0.085943 0.831886
vt 0.075967 0.829927
vt 0.089567 0.824491
vt 0.092540 0.714287
vt 0.098039 0.705192
vt 0.086040 0.717005
vt 0.090801 0.724711
vt 0.076681 0.695936
vt 0.076035 0.707568
vt 0.067137 0.712992
vt 0.061285 0.703951
vt 0.082033 0.711718
vt 0.070980 0.720566
vt 0.067521 0.688751
vt 0.056709 0.693235
vt 0.075538 0.726053
vt 0.081269 0.732211
vt 0.061506 0.760658
vt 0.074216 0.765113
vt 0.063676 0.768311
vt 0.052848 0.762757
vt 0.036653 0.683739
vt 0.053105 0.677689
vt 0.039307 0.696372
vt 0.073366 0.819420
vt 0.091410 0.811615
vt 0.099708 0.803081
vt 0.118447 0.818834
vt 0.095481 0.775260
vt 0.064067 0.776773
vt 0.056089 0.757963
vt 0.055444 0.753895
vt 0.070610 0.751474
vt 0.044410 0.749784
vt 0.065150 0.747271
vt 0.042297 0.759023
vt 0.091975 0.797626
vt 0.082847 0.798945
vt 0.079702 0.791497
vt 0.091940 0.791160
vt 0.098182 0.790811
vt 0.076990 0.786830
vt 0.069606 0.802369
vt 0.090380 0.819962
vt 0.072031 0.813531
vt 0.030750 0.737510
vt 0.059877 0.738072
vt 0.024800 0.755489
vt 0.025253 0.760926
vt 0.023499 0.712153
vt 0.028977 0.708684
vt 0.044239 0.708379
vt 0.046756 0.717447
vt 0.022604 0.695027
vt 0.013813 0.694473
vt 0.044546 0.805684
vt 0.046949 0.814013
vt 0.120337 0.210735
vt 0.117935 0.196656
vt 0.135714 0.204605
vt 0.139417 0.213280
vt 0.108254 0.194660
vt 0.105203 0.201336
vt 0.117128 0.221328
vt 0.100359 0.209632
vt 0.012606 0.715559
vt 0.008297 0.694120
vt 0.090890 0.253932
vt 0.072850 0.246547
vt 0.071309 0.230959
vt 0.092402 0.241867
vt 0.076524 0.255743
vt 0.089539 0.262237
vt 0.068901 0.263123
vt 0.074281 0.263379
vt 0.091619 0.267842
vt 0.795902 0.496303
vt 0.804498 0.497828
vt 0.791269 0.494147
vt 0.093700 0.232107
vt 0.102800 0.241459
vt 0.105555 0.250696
vt 0.109812 0.235207
vt 0.114832 0.248858
vt 0.775535 0.501611
vt 0.767818 0.512108
vt 0.754924 0.496102
vt 0.758407 0.519445
vt 0.775452 0.515503
vt 0.763567 0.527193
vt 0.782334 0.504639
vt 0.825042 0.474182
vt 0.819346 0.465931
vt 0.817595 0.481829
vt 0.812009 0.463410
vt 0.840527 0.489861
vt 0.818415 0.443797
vt 0.806663 0.438849
vt 0.817660 0.500350
vt 0.566111 0.511098
vt 0.578527 0.511473
vt 0.103081 0.259209
vt 0.690395 0.658500
vt 0.695027 0.684434
vt 0.688222 0.690391
vt 0.686510 0.660204
vt 0.694181 0.704565
vt 0.700584 0.684550
vt 0.699728 0.705157
vt 0.107770 0.273151
vt 0.115620 0.261137
vt 0.928236 0.514537
vt 0.905658 0.514934
vt 0.899315 0.495889
vt 0.922160 0.492362
vt 0.898414 0.523030
vt 0.918832 0.537722
vt 0.909939 0.533933
vt 0.933015 0.533672
vt 0.736327 0.591926
vt 0.723635 0.597607
vt 0.713578 0.620880
vt 0.748527 0.603460
vt 0.739285 0.627015
vt 0.787667 0.508382
vt 0.781602 0.522197
vt 0.787049 0.492618
vt 0.791419 0.511472
vt 0.773329 0.531158
vt 0.751415 0.595060
vt 0.755061 0.575528
vt 0.121541 0.246388
vt 0.125072 0.260780
vt 0.114155 0.275103
vt 0.132075 0.268616
vt 0.138512 0.253098
vt 0.145873 0.259592
vt 0.128499 0.241547
vt 0.118341 0.278147
vt 0.910431 0.548128
vt 0.924577 0.560477
vt 0.912227 0.562730
vt 0.940040 0.558990
vt 0.897261 0.546703
vt 0.868653 0.518230
vt 0.870057 0.506414
vt 0.868743 0.529760
vt 0.894336 0.565803
vt 0.481372 0.235240
vt 0.478425 0.229133
vt 0.483928 0.225601
vt 0.488337 0.233496
vt 0.475367 0.228630
vt 0.475971 0.237074
vt 0.477224 0.223776
vt 0.543245 0.442679
vt 0.548100 0.459226
vt 0.555657 0.470414
vt 0.500289 0.224085
vt 0.504934 0.233308
vt 0.482384 0.213818
vt 0.486867 0.213142
vt 0.499381 0.252715
vt 0.490305 0.253539
vt 0.486122 0.243880
vt 0.493737 0.241019
vt 0.492715 0.285215
vt 0.487763 0.275427
vt 0.486747 0.270229
vt 0.496939 0.283607
vt 0.523726 0.366929
vt 0.525019 0.374991
vt 0.530132 0.370248
vt 0.531969 0.375967
vt 0.522182 0.357949
vt 0.517746 0.362499
vt 0.515566 0.357821
vt 0.528874 0.358125
vt 0.930428 0.638973
vt 0.944195 0.619592
vt 0.919314 0.678375
vt 0.912275 0.652497
vt 0.492916 0.264587
vt 0.502765 0.264266
vt 0.502082 0.281779
vt 0.532411 0.390196
vt 0.534713 0.395057
vt 0.529028 0.396504
vt 0.526788 0.390876
vt 0.510182 0.278287
vt 0.525789 0.383789
vt 0.531947 0.382724
vt 0.534509 0.384384
vt 0.532856 0.380522
vt 0.536414 0.383120
vt 0.525564 0.379662
vt 0.547593 0.396855
vt 0.540406 0.401301
vt 0.540130 0.395100
vt 0.544579 0.391571
vt 0.534764 0.402360
vt 0.542262 0.408552
vt 0.539227 0.399403
vt 0.536415 0.398269
vt 0.538481 0.397993
vt 0.537200 0.372640
vt 0.537184 0.358348
vt 0.535333 0.388382
vt 0.537873 0.390662
vt 0.535759 0.420402
vt 0.545905 0.417153
vt 0.538584 0.379896
vt 0.542082 0.386312
vt 0.546968 0.380845
vt 0.552884 0.367564
vt 0.557421 0.375297
vt 0.548118 0.357245
vt 0.824613 0.602489
vt 0.818117 0.618093
vt 0.805538 0.621640
vt 0.808782 0.599910
vt 0.821728 0.635624
vt 0.805304 0.638440
vt 0.833164 0.627087
vt 0.564490 0.452517
vt 0.590877 0.443500
vt 0.591656 0.460436
vt 0.569522 0.464910
vt 0.573734 0.426917
vt 0.555307 0.438360
vt 0.821944 0.578029
vt 0.810036 0.575899
vt 0.845907 0.600582
vt 0.842550 0.577106
vt 0.551963 0.403712
vt 0.795477 0.620931
vt 0.793082 0.638067
vt 0.798064 0.600365
vt 0.729973 0.724959
vt 0.760208 0.708796
vt 0.764017 0.726667
vt 0.737288 0.732483
vt 0.788334 0.705867
vt 0.785045 0.723834
vt 0.737664 0.692332
vt 0.710382 0.710748
vt 0.540076 0.226753
vt 0.527308 0.233848
vt 0.523503 0.227242
vt 0.537420 0.216872
vt 0.507214 0.239885
vt 0.527449 0.246248
vt 0.509593 0.250278
vt 0.539033 0.243341
vt 0.575530 0.404146
vt 0.576930 0.408528
vt 0.568611 0.414420
vt 0.560450 0.412058
vt 0.599301 0.427249
vt 0.581093 0.401715
vt 0.569897 0.392951
vt 0.563183 0.397575
vt 0.592252 0.407203
vt 0.575012 0.385879
vt 0.564128 0.363560
vt 0.566245 0.372536
vt 0.555469 0.353889
vt 0.627603 0.875363
vt 0.619601 0.872644
vt 0.632523 0.875704
vt 0.763407 0.744181
vt 0.767176 0.735202
vt 0.772875 0.744302
vt 0.766564 0.747395
vt 0.785209 0.731835
vt 0.788041 0.739415
vt 0.546824 0.227769
vt 0.547187 0.241184
vt 0.554485 0.226364
vt 0.555237 0.239744
vt 0.561759 0.384463
vt 0.582284 0.385764
vt 0.599651 0.410301
vt 0.854750 0.856842
vt 0.831769 0.864800
vt 0.882869 0.861295
vt 0.583190 0.360903
vt 0.565535 0.349496
vt 0.575595 0.346119
vt 0.613073 0.953639
vt 0.616999 0.953170
vt 0.615272 0.958218
vt 0.611043 0.958894
vt 0.623582 0.942547
vt 0.622589 0.942347
vt 0.626869 0.937163
vt 0.627935 0.940127
vt 0.616607 0.947726
vt 0.617179 0.945762
vt 0.621308 0.938297
vt 0.617514 0.947549
vt 0.620198 0.947451
vt 0.622711 0.953316
vt 0.617257 0.950781
vt 0.625017 0.949458
vt 0.620454 0.957904
vt 0.846106 0.672242
vt 0.831591 0.685294
vt 0.821453 0.665818
vt 0.837214 0.650071
vt 0.827102 0.694451
vt 0.815292 0.694128
vt 0.849477 0.692758
vt 0.859517 0.686247
vt 0.818354 0.712360
vt 0.826065 0.700507
vt 0.822808 0.713107
vt 0.830857 0.699969
vt 0.828619 0.702217
vt 0.828244 0.703953
vt 0.825662 0.714057
vt 0.833261 0.703335
vt 0.829355 0.717407
vt 0.843585 0.700815
vt 0.831218 0.721958
vt 0.829452 0.731115
vt 0.826908 0.725972
vt 0.852462 0.709031
vt 0.861065 0.704774
vt 0.833433 0.717827
vt 0.281541 0.988712
vt 0.283132 0.983969
vt 0.297435 0.982440
vt 0.299162 0.987276
vt 0.298230 0.994851
vt 0.283859 0.994983
vt 0.280392 0.990553
vt 0.298299 0.991758
vt 0.842568 0.703347
vt 0.619352 0.948753
vt 0.607474 0.956957
vt 0.608208 0.956197
vt 0.627110 0.945941
vt 0.564644 0.230016
vt 0.563569 0.240412
vt 0.859919 0.891524
vt 0.893878 0.894145
vt 0.830147 0.888687
vt 0.610125 0.213882
vt 0.631190 0.922327
vt 0.629985 0.904560
vt 0.637983 0.900537
vt 0.638250 0.918583
vt 0.586325 0.229788
vt 0.592704 0.228596
vt 0.581864 0.210196
vt 0.588684 0.208733
vt 0.576109 0.222931
vt 0.575173 0.230443
vt 0.574880 0.216693
vt 0.914569 0.884659
vt 0.911550 0.857112
vt 0.920907 0.918501
vt 0.925291 0.910465
vt 0.892255 0.909960
vt 0.860461 0.903494
vt 0.918836 0.926457
vt 0.627981 0.942771
vt 0.591195 0.371662
vt 0.630254 0.945400
vt 0.630281 0.947312
vt 0.632098 0.937877
vt 0.631840 0.942576
vt 0.635820 0.941726
vt 0.638388 0.936873
vt 0.572548 0.262884
vt 0.564767 0.254853
vt 0.577657 0.248042
vt 0.580502 0.258454
vt 0.554024 0.254921
vt 0.576728 0.239721
vt 0.561705 0.268014
vt 0.555991 0.269722
vt 0.584830 0.345803
vt 0.588410 0.358464
vt 0.662973 0.864973
vt 0.661338 0.884688
vt 0.655406 0.880523
vt 0.657876 0.863272
vt 0.675807 0.887041
vt 0.672726 0.866324
vt 0.661250 0.900095
vt 0.675457 0.901971
vt 0.623699 0.340125
vt 0.615376 0.365853
vt 0.605590 0.354465
vt 0.618878 0.331238
vt 0.624492 0.387648
vt 0.614306 0.385017
vt 0.691423 0.868172
vt 0.688012 0.880222
vt 0.680119 0.884975
vt 0.680472 0.866291
vt 0.698835 0.884359
vt 0.702741 0.869964
vt 0.697712 0.891814
vt 0.655418 0.900042
vt 0.697860 0.897656
vt 0.638078 0.946322
vt 0.639387 0.941092
vt 0.643302 0.940612
vt 0.640773 0.946350
vt 0.634656 0.947660
vt 0.599251 0.225780
vt 0.599249 0.231613
vt 0.594248 0.237867
vt 0.608745 0.229096
vt 0.607890 0.236076
vt 0.632737 0.373504
vt 0.632301 0.386056
vt 0.634377 0.346746
vt 0.643704 0.936285
vt 0.645037 0.940076
vt 0.600403 0.349638
vt 0.590730 0.339610
vt 0.596840 0.323445
vt 0.607228 0.328914
vt 0.647293 0.927812
vt 0.640236 0.931472
vt 0.651087 0.931802
vt 0.650518 0.939192
vt 0.654472 0.926173
vt 0.591136 0.241725
vt 0.592570 0.248998
vt 0.607228 0.241791
vt 0.608157 0.246384
vt 0.581456 0.319117
vt 0.586397 0.313652
vt 0.591838 0.320545
vt 0.587432 0.326913
vt 0.588202 0.297550
vt 0.579401 0.299034
vt 0.599905 0.298475
vt 0.578252 0.321507
vt 0.574698 0.324409
vt 0.597217 0.371785
vt 0.607904 0.382814
vt 0.797445 0.869097
vt 0.794869 0.887541
vt 0.763486 0.887909
vt 0.762018 0.871947
vt 0.795735 0.897819
vt 0.828647 0.899618
vt 0.764181 0.896689
vt 0.637171 0.396161
vt 0.640445 0.390487
vt 0.652694 0.403654
vt 0.647646 0.410058
vt 0.648204 0.383443
vt 0.632133 0.399535
vt 0.652767 0.231321
vt 0.658855 0.245936
vt 0.650463 0.247073
vt 0.645915 0.235438
vt 0.657918 0.257032
vt 0.652854 0.256143
vt 0.665565 0.249507
vt 0.664259 0.237869
vt 0.668731 0.249650
vt 0.662841 0.259679
vt 0.658647 0.397931
vt 0.655908 0.402378
vt 0.671567 0.258482
vt 0.677231 0.257086
vt 0.653221 0.371718
vt 0.663607 0.386832
vt 0.672499 0.263399
vt 0.649385 0.260497
vt 0.643125 0.250214
vt 0.655725 0.263454
vt 0.641124 0.330559
vt 0.632554 0.326423
vt 0.633902 0.318000
vt 0.642862 0.321266
vt 0.645450 0.334206
vt 0.647363 0.326935
vt 0.653486 0.323848
vt 0.655255 0.336439
vt 0.723679 0.914270
vt 0.750061 0.916274
vt 0.730735 0.919691
vt 0.724150 0.917849
vt 0.766517 0.921855
vt 0.738181 0.925931
vt 0.759604 0.910077
vt 0.725087 0.908923
vt 0.621879 0.252346
vt 0.625116 0.269824
vt 0.612169 0.268806
vt 0.609757 0.254414
vt 0.636879 0.256681
vt 0.631751 0.245402
vt 0.636723 0.277090
vt 0.644304 0.265595
vt 0.646051 0.313910
vt 0.656487 0.311733
vt 0.645717 0.303230
vt 0.679117 0.258904
vt 0.637843 0.306794
vt 0.663916 0.348952
vt 0.669647 0.342836
vt 0.678829 0.336801
vt 0.666350 0.360736
vt 0.672226 0.331937
vt 0.665126 0.335508
vt 0.683742 0.321325
vt 0.656260 0.271100
vt 0.651682 0.284588
vt 0.643246 0.280726
vt 0.649990 0.268879
vt 0.662523 0.276190
vt 0.664969 0.272450
vt 0.653959 0.292633
vt 0.666554 0.274311
vt 0.486699 0.658398
vt 0.495874 0.680515
vt 0.488976 0.682395
vt 0.476062 0.658452
vt 0.362043 0.727816
vt 0.368212 0.743549
vt 0.367698 0.757097
vt 0.357808 0.733502
vt 0.372071 0.739482
vt 0.370345 0.754389
vt 0.662705 0.304563
vt 0.664035 0.294306
vt 0.678285 0.298661
vt 0.644802 0.298315
vt 0.664539 0.325846
vt 0.669299 0.318738
vt 0.387989 0.807309
vt 0.367220 0.773188
vt 0.373132 0.777175
vt 0.391238 0.793500
vt 0.483589 0.692541
vt 0.467478 0.662060
vt 0.361316 0.760320
vt 0.352818 0.737876
vt 0.365326 0.778410
vt 0.379947 0.738177
vt 0.379906 0.748407
vt 0.388632 0.766246
vt 0.397646 0.756866
vt 0.697285 0.306179
vt 0.700911 0.304462
vt 0.690513 0.301699
vt 0.694112 0.296524
vt 0.503339 0.715191
vt 0.509867 0.712784
vt 0.532245 0.729145
vt 0.517004 0.733617
vt 0.547440 0.722320
vt 0.535973 0.718120
vt 0.548097 0.715471
vt 0.537394 0.744295
vt 0.549737 0.736430
vt 0.526943 0.750119
vt 0.404515 0.791815
vt 0.415812 0.778126
vt 0.418413 0.813174
vt 0.432377 0.800095
vt 0.421349 0.768119
vt 0.404356 0.747761
vt 0.443447 0.793219
vt 0.493255 0.725477
vt 0.502032 0.736848
vt 0.500352 0.743684
vt 0.484385 0.730714
vt 0.510093 0.737483
vt 0.499964 0.721946
vt 0.516377 0.754342
vt 0.510141 0.770708
vt 0.492705 0.752609
vt 0.951274 0.078839
vt 0.960202 0.072712
vt 0.961522 0.081207
vt 0.951793 0.083360
vt 0.953910 0.067908
vt 0.944994 0.078937
vt 0.946354 0.084625
vt 0.937557 0.091405
vt 0.946484 0.086376
vt 0.932169 0.098931
vt 0.930991 0.102953
vt 0.078605 0.107383
vt 0.073337 0.104137
vt 0.074085 0.101336
vt 0.078746 0.100666
vt 0.058278 0.102649
vt 0.062868 0.107528
vt 0.060670 0.096520
vt 0.959752 0.198586
vt 0.955670 0.200245
vt 0.943251 0.190618
vt 0.943380 0.182958
vt 0.957984 0.210160
vt 0.964639 0.207251
vt 0.944112 0.199392
vt 0.065686 0.085669
vt 0.078106 0.096384
vt 0.063378 0.091275
vt 0.014383 0.094856
vt 0.033071 0.087074
vt 0.029496 0.095545
vt 0.015260 0.100694
vt 0.044382 0.085185
vt 0.043896 0.092075
vt 0.923729 0.112312
vt 0.929670 0.114612
vt 0.917673 0.122666
vt 0.921441 0.111875
vt 0.539884 0.943610
vt 0.532403 0.934297
vt 0.544334 0.927672
vt 0.547578 0.935461
vt 0.529495 0.923612
vt 0.525451 0.933895
vt 0.522791 0.927002
vt 0.537163 0.918564
vt 0.070991 0.214904
vt 0.071310 0.220941
vt 0.054936 0.225075
vt 0.062998 0.216255
vt 0.078318 0.216316
vt 0.077288 0.210158
vt 0.932717 0.138917
vt 0.935542 0.143483
vt 0.933351 0.146445
vt 0.929047 0.146247
vt 0.938752 0.143023
vt 0.935575 0.148790
vt 0.938613 0.134110
vt 0.927390 0.108896
vt 0.934780 0.106096
vt 0.934929 0.110220
vt 0.934385 0.099932
vt 0.931390 0.151989
vt 0.919233 0.108390
vt 0.900579 0.113123
vt 0.922541 0.100003
vt 0.926259 0.101821
vt 0.904884 0.124239
vt 0.919583 0.110700
vt 0.495634 0.939891
vt 0.493386 0.955553
vt 0.486861 0.941351
vt 0.489538 0.931149
vt 0.489645 0.962348
vt 0.480902 0.948413
vt 0.050664 0.224691
vt 0.058120 0.215241
vt 0.057895 0.238245
vt 0.052371 0.238419
vt 0.943191 0.140198
vt 0.938841 0.146991
vt 0.946644 0.130595
vt 0.943156 0.145009
vt 0.941356 0.146597
vt 0.950219 0.137902
vt 0.956122 0.129430
vt 0.946183 0.145309
vt 0.936648 0.155251
vt 0.941663 0.152312
vt 0.944149 0.157530
vt 0.943079 0.148509
vt 0.943945 0.147470
vt 0.946795 0.148166
vt 0.946797 0.150871
vt 0.935449 0.118095
vt 0.932332 0.122454
vt 0.947802 0.125105
vt 0.935795 0.112886
vt 0.954723 0.120026
vt 0.953862 0.146548
vt 0.963399 0.142322
vt 0.936373 0.159171
vt 0.925177 0.155381
vt 0.947677 0.119668
vt 0.953662 0.113994
vt 0.947793 0.164302
vt 0.081195 0.189344
vt 0.084563 0.189746
vt 0.066825 0.206126
vt 0.066123 0.201497
vt 0.946890 0.152922
vt 0.950492 0.158256
vt 0.954162 0.151525
vt 0.963269 0.151078
vt 0.044612 0.076862
vt 0.041212 0.060490
vt 0.043543 0.053169
vt 0.049679 0.068270
vt 0.900168 0.155990
vt 0.898711 0.162470
vt 0.878281 0.150056
vt 0.882547 0.134652
vt 0.001000 0.198877
vt 0.026553 0.207427
vt 0.038387 0.222138
vt 0.007552 0.209025
vt 0.035000 0.054643
vt 0.037387 0.066191
vt 0.030410 0.059863
vt 0.907289 0.149066
vt 0.911048 0.144079
vt 0.031857 0.139834
vt 0.013541 0.123374
vt 0.017801 0.119934
vt 0.031415 0.129735
vt 0.052296 0.212761
vt 0.042421 0.238081
vt 0.030080 0.225708
vt 0.032800 0.239979
vt 0.073769 0.126940
vt 0.070285 0.125617
vt 0.074628 0.121153
vt 0.080282 0.125770
vt 0.052580 0.133338
vt 0.057025 0.137430
vt 0.053818 0.128960
vt 0.062098 0.140444
vt 0.575565 0.942005
vt 0.575413 0.937164
vt 0.577726 0.936521
vt 0.580605 0.940415
vt 0.570880 0.927831
vt 0.568038 0.929193
vt 0.573806 0.926580
vt 0.081401 0.130683
vt 0.070311 0.139318
vt 0.033884 0.261550
vt 0.022979 0.261798
vt 0.022304 0.247673
vt 0.028353 0.247639
vt 0.006639 0.215952
vt 0.516012 0.928570
vt 0.519674 0.916066
vt 0.028343 0.153637
vt 0.024902 0.147407
vt 0.036130 0.146798
vt 0.035965 0.151752
vt 0.546141 0.911999
vt 0.555120 0.920397
vt 0.564122 0.915192
vt 0.553185 0.906078
vt 0.021872 0.164766
vt 0.025912 0.175178
vt 0.016341 0.178371
vt 0.570242 0.897214
vt 0.580542 0.910775
vt 0.570289 0.912307
vt 0.561031 0.901697
vt 0.021325 0.157795
vt 0.563219 0.773457
vt 0.554616 0.782133
vt 0.543941 0.771517
vt 0.553133 0.763061
vt 0.506570 0.915580
vt 0.507822 0.905235
vt 0.526338 0.909065
vt 0.518957 0.895109
vt 0.533936 0.901404
vt 0.493689 0.913929
vt 0.497356 0.920178
vt 0.490977 0.896688
vt 0.475797 0.906343
vt 0.505214 0.885626
vt 0.535637 0.781287
vt 0.547153 0.793006
vt 0.528273 0.792027
vt 0.538302 0.803420
vt 0.567695 0.793885
vt 0.574711 0.785323
vt 0.463905 0.813445
vt 0.480711 0.832512
vt 0.465450 0.842758
vt 0.449011 0.820291
vt 0.490299 0.823110
vt 0.475090 0.807063
vt 0.492101 0.847160
vt 0.478731 0.857800
vt 0.503376 0.837298
vt 0.529708 0.884354
vt 0.537710 0.876532
vt 0.549457 0.887370
vt 0.540819 0.893806
vt 0.526458 0.864227
vt 0.515992 0.874537
vt 0.546340 0.866988
vt 0.558674 0.882389
vt 0.536482 0.854428
vt 0.547150 0.845817
vt 0.554320 0.859763
vt 0.532251 0.847874
vt 0.544134 0.838430
vt 0.520212 0.857377
vt 0.515921 0.852398
vt 0.528484 0.842919
vt 0.508830 0.866972
vt 0.503464 0.861901
vt 0.497365 0.877717
vt 0.491041 0.872046
vt 0.483605 0.889580
vt 0.478242 0.883842
vt 0.468229 0.900787
vt 0.463546 0.895838
vt 0.750172 0.093434
vt 0.763743 0.092819
vt 0.763917 0.104183
vt 0.753106 0.102722
vt 0.776652 0.097260
vt 0.777159 0.105641
vt 0.797341 0.105039
vt 0.792905 0.097794
vt 0.781558 0.114828
vt 0.769653 0.113202
vt 0.800066 0.115141
vt 0.828007 0.121045
vt 0.814107 0.109342
vt 0.803360 0.126030
vt 0.780885 0.122520
vt 0.844332 0.126884
vt 0.804546 0.134589
vt 0.778926 0.134048
vt 0.845590 0.135390
vt 0.844823 0.150576
vt 0.805959 0.147577
vt 0.872806 0.161916
vt 0.839740 0.165646
vt 0.804662 0.159131
vt 0.866118 0.172815
vt 0.566744 0.878414
vt 0.577908 0.894452
vt 0.779668 0.147499
vt 0.782311 0.162199
vt 0.768919 0.148617
vt 0.767895 0.133921
vt 0.771694 0.164687
vt 0.759712 0.149124
vt 0.758332 0.132770
vt 0.763063 0.165511
vt 0.552373 0.819708
vt 0.541526 0.832745
vt 0.538390 0.828805
vt 0.548997 0.816679
vt 0.525732 0.839129
vt 0.515299 0.826282
vt 0.528077 0.814426
vt 0.513064 0.848539
vt 0.500701 0.858111
vt 0.488122 0.868053
vt 0.474893 0.879812
vt 0.464508 0.869257
vt 0.460647 0.892927
vt 0.449182 0.880362
vt 0.725860 0.084970
vt 0.747288 0.091320
vt 0.744791 0.100546
vt 0.721144 0.091792
vt 0.744795 0.110721
vt 0.711081 0.095608
vt 0.754417 0.111053
vt 0.757555 0.119824
vt 0.751956 0.120165
vt 0.767672 0.122172
vt 0.750911 0.131453
vt 0.558946 0.804547
vt 0.561608 0.806825
vt 0.679801 0.073292
vt 0.694833 0.068535
vt 0.690780 0.089604
vt 0.573434 0.743637
vt 0.561928 0.751946
vt 0.563739 0.728227
vt 0.436261 0.864371
vt 0.415852 0.843073
vt 0.430906 0.831128
vt 0.450704 0.853504
vt 0.403749 0.828728
vt 0.559997 0.719164
vt 0.396154 0.816052
vt 0.560931 0.711628
vt 0.565177 0.702917
vt 0.548084 0.708892
vt 0.503744 0.812639
vt 0.517649 0.801240
vt 0.487687 0.796265
vt 0.501273 0.783710
vt 0.464813 0.774914
vt 0.479487 0.763087
vt 0.453068 0.784969
vt 0.431902 0.759384
vt 0.444559 0.750506
vt 0.415232 0.736859
vt 0.425172 0.728729
vt 0.389839 0.715754
vt 0.398288 0.707286
vt 0.383042 0.728210
vt 0.371026 0.725042
vt 0.371266 0.710320
vt 0.361523 0.710477
vt 0.356832 0.695668
vt 0.373319 0.697740
vt 0.353493 0.714091
vt 0.348980 0.697728
vt 0.347989 0.718188
vt 0.343436 0.698829
vt 0.341953 0.720690
vt 0.337904 0.699728
vt 0.346156 0.743228
vt 0.342626 0.751597
vt 0.337974 0.723971
vt 0.357173 0.763832
vt 0.351736 0.768839
vt 0.360203 0.776871
vt 0.354382 0.777080
vt 0.682739 0.261157
vt 0.672984 0.269298
vt 0.661287 0.264928
vt 0.335607 0.700640
vt 0.825144 0.923939
vt 0.798369 0.922116
vt 0.792910 0.916873
vt 0.825923 0.919561
vt 0.795980 0.911478
vt 0.826549 0.915167
vt 0.796182 0.905542
vt 0.827406 0.908815
vt 0.763164 0.903958
vt 0.725780 0.902573
vt 0.725094 0.895589
vt 0.697430 0.905804
vt 0.697670 0.912526
vt 0.676028 0.911770
vt 0.676513 0.919944
vt 0.698731 0.918780
vt 0.660948 0.912707
vt 0.659066 0.918645
vt 0.674829 0.931096
vt 0.652431 0.920501
vt 0.654270 0.912901
vt 0.644022 0.923102
vt 0.646169 0.915237
vt 0.636629 0.927752
vt 0.633969 0.933410
vt 0.630354 0.929961
vt 0.624797 0.933052
vt 0.624472 0.927943
vt 0.882387 0.722204
vt 0.874898 0.724089
vt 0.869588 0.715750
vt 0.877887 0.713193
vt 0.865928 0.725041
vt 0.860395 0.718123
vt 0.830199 0.740994
vt 0.827848 0.737295
vt 0.828947 0.748933
vt 0.826428 0.742774
vt 0.825119 0.734462
vt 0.824115 0.724127
vt 0.824469 0.739157
vt 0.822161 0.732600
vt 0.820813 0.722318
vt 0.820712 0.737393
vt 0.819119 0.731588
vt 0.816677 0.724573
vt 0.816088 0.734372
vt 0.810284 0.725708
vt 0.810404 0.715591
vt 0.812267 0.734348
vt 0.799670 0.729178
vt 0.799660 0.719723
vt 0.801199 0.737251
vt 0.803139 0.699539
vt 0.805739 0.669995
vt 0.793206 0.671794
vt 0.776557 0.673546
vt 0.779782 0.634037
vt 0.754542 0.670104
vt 0.763125 0.633061
vt 0.725983 0.655468
vt 0.717772 0.668659
vt 0.701518 0.646764
vt 0.695798 0.653902
vt 0.707331 0.638086
vt 0.693215 0.625376
vt 0.690080 0.632161
vt 0.697791 0.616306
vt 0.682861 0.613068
vt 0.681561 0.620073
vt 0.702362 0.600057
vt 0.688137 0.598332
vt 0.693283 0.571097
vt 0.676149 0.594491
vt 0.682473 0.567516
vt 0.672482 0.610480
vt 0.985834 0.589802
vt 0.995120 0.587365
vt 0.996148 0.591552
vt 0.986123 0.593830
vt 0.671582 0.615843
vt 0.992328 0.574489
vt 0.984854 0.575780
vt 0.975050 0.578092
vt 0.975877 0.591516
vt 0.980915 0.553203
vt 0.987364 0.551828
vt 0.970868 0.554686
vt 0.958314 0.556600
vt 0.963065 0.580192
vt 0.966931 0.530364
vt 0.977223 0.529097
vt 0.951791 0.532142
vt 0.949097 0.510669
vt 0.965091 0.508288
vt 0.943844 0.487956
vt 0.961015 0.484789
vt 0.939511 0.471487
vt 0.958440 0.469047
vt 0.918493 0.475158
vt 0.937388 0.461365
vt 0.894061 0.477082
vt 0.869223 0.493949
vt 0.840729 0.506837
vt 0.839738 0.513700
vt 0.818467 0.511218
vt 0.840138 0.529484
vt 0.819689 0.529970
vt 0.840911 0.550164
vt 0.820584 0.551780
vt 0.868769 0.548494
vt 0.869690 0.571581
vt 0.871213 0.592458
vt 0.895116 0.587706
vt 0.912616 0.585449
vt 0.895647 0.602404
vt 0.874261 0.606835
vt 0.915065 0.600090
vt 0.934415 0.598078
vt 0.929770 0.584238
vt 0.918319 0.609879
vt 0.897209 0.614276
vt 0.936676 0.604266
vt 0.939650 0.611990
vt 0.922277 0.620424
vt 0.952276 0.600991
vt 0.953835 0.605404
vt 0.950456 0.595567
vt 0.964374 0.593558
vt 0.964933 0.597836
vt 0.946762 0.582199
vt 0.976158 0.595599
vt 0.976418 0.598900
vt 0.965567 0.601254
vt 0.986719 0.596952
vt 0.987268 0.600136
vt 0.976813 0.601981
vt 0.996809 0.594996
vt 0.997535 0.598352
vt 0.669262 0.623920
vt 0.670300 0.619930
vt 0.679971 0.623950
vt 0.678460 0.628315
vt 0.687220 0.636936
vt 0.684901 0.640349
vt 0.677112 0.631795
vt 0.942432 0.851673
vt 0.937596 0.851994
vt 0.946695 0.852455
vt 0.948304 0.876469
vt 0.943539 0.876853
vt 0.153807 0.293720
vt 0.132517 0.298978
vt 0.131294 0.295759
vt 0.152281 0.289964
vt 0.129120 0.291726
vt 0.558824 0.475711
vt 0.561070 0.482378
vt 0.572813 0.472928
vt 0.574852 0.480258
vt 0.594474 0.471772
vt 0.596063 0.480206
vt 0.625887 0.479033
vt 0.626515 0.485750
vt 0.625085 0.471994
vt 0.624780 0.464386
vt 0.656558 0.488221
vt 0.654729 0.493692
vt 0.656995 0.483359
vt 0.657537 0.481118
vt 0.627608 0.462109
vt 0.950108 0.931303
vt 0.946094 0.932116
vt 0.930608 0.906605
vt 0.936399 0.905373
vt 0.944847 0.933323
vt 0.925182 0.879758
vt 0.931802 0.878157
vt 0.924439 0.854275
vt 0.931629 0.852341
vt 0.938552 0.877111
vt 0.942356 0.904585
vt 0.947907 0.903217
vt 0.958808 0.928582
vt 0.954451 0.930069
vt 0.951833 0.902260
vt 0.962058 0.926903
vt 0.208001 0.283284
vt 0.182171 0.291281
vt 0.178538 0.288160
vt 0.203845 0.279732
vt 0.173184 0.283085
vt 0.197188 0.275705
vt 0.148860 0.285676
vt 0.145500 0.282549
vt 0.168090 0.278788
vt 0.127583 0.289045
vt 0.125240 0.285645
vt 0.141960 0.277873
vt 0.563299 0.488512
vt 0.564948 0.493974
vt 0.577035 0.486930
vt 0.578269 0.492775
vt 0.596722 0.486837
vt 0.598018 0.493020
vt 0.624812 0.490994
vt 0.623590 0.496932
vt 0.650522 0.502676
vt 0.650017 0.507638
vt 0.652309 0.498469
vt 0.622608 0.503609
vt 0.597510 0.500096
vt 0.648558 0.514363
vt 0.620992 0.510487
vt 0.596444 0.506165
vt 0.645877 0.521100
vt 0.641802 0.528362
vt 0.618850 0.517961
vt 0.182224 0.266518
vt 0.190029 0.271576
vt 0.162214 0.272945
vt 0.156882 0.267333
vt 0.174288 0.258554
vt 0.138325 0.274302
vt 0.134010 0.271007
vt 0.150493 0.262415
vt 0.124080 0.282826
vt 0.120930 0.280765
vt 0.565933 0.500098
vt 0.566712 0.505501
vt 0.578652 0.499084
vt 0.579043 0.504750
vt 0.595761 0.513681
vt 0.592935 0.521095
vt 0.615615 0.526429
vt 0.613653 0.532378
vt 0.593092 0.525678
vt 0.635558 0.536317
vt 0.632764 0.542220
vt 0.175525 0.233137
vt 0.168341 0.252109
vt 0.161588 0.248616
vt 0.167696 0.231656
vt 0.150402 0.242805
vt 0.158253 0.228805
vt 0.136479 0.233300
vt 0.147340 0.224054
vt 0.158587 0.210913
vt 0.163146 0.212613
vt 0.153794 0.205868
vt 0.588802 0.548050
vt 0.589247 0.554194
vt 0.578943 0.549870
vt 0.575765 0.542680
vt 0.588873 0.560933
vt 0.580493 0.557003
vt 0.601218 0.564277
vt 0.595996 0.572726
vt 0.585752 0.565892
vt 0.579866 0.562521
vt 0.592420 0.579662
vt 0.585815 0.571295
vt 0.580208 0.568746
vt 0.025475 0.832709
vt 0.022699 0.824524
vt 0.052316 0.822073
vt 0.056436 0.831208
vt 0.028695 0.840485
vt 0.057883 0.842194
vt 0.033674 0.848581
vt 0.041078 0.859284
vt 0.031310 0.866537
vt 0.020686 0.859611
vt 0.575689 0.529923
vt 0.576103 0.536757
vt 0.591295 0.533893
vt 0.589498 0.541921
vt 0.609196 0.539772
vt 0.605949 0.547959
vt 0.581235 0.575011
vt 0.013195 0.853869
vt 0.586395 0.577155
vt 0.631888 0.459380
vt 0.607374 0.434499
vt 0.613104 0.433824
vt 0.658230 0.478201
vt 0.663112 0.472794
vt 0.637917 0.453628
vt 0.944931 0.936883
vt 0.943996 0.944436
vt 0.645919 0.447587
vt 0.618935 0.431853
vt 0.627906 0.426050
vt 0.668533 0.467227
vt 0.671760 0.461415
vt 0.650643 0.441326
vt 0.940973 0.951614
vt 0.916097 0.934779
vt 0.938661 0.957655
vt 0.912482 0.941447
vt 0.909893 0.947874
vt 0.937203 0.962031
vt 0.886081 0.927732
vt 0.888745 0.919395
vt 0.883373 0.934050
vt 0.881545 0.939713
vt 0.907682 0.952294
vt 0.855700 0.925716
vt 0.856672 0.920642
vt 0.853290 0.930779
vt 0.338322 0.673335
vt 0.335456 0.673077
vt 0.341848 0.644211
vt 0.346126 0.644999
vt 0.354304 0.647044
vt 0.368257 0.619297
vt 0.377762 0.623322
vt 0.363386 0.618093
vt 0.344432 0.673535
vt 0.350682 0.674009
vt 0.364149 0.649500
vt 0.375645 0.653153
vt 0.387832 0.629339
vt 0.396726 0.636481
vt 0.359740 0.674961
vt 0.381291 0.682141
vt 0.396415 0.664640
vt 0.423449 0.686653
vt 0.414180 0.651294
vt 0.438228 0.677690
vt 0.409294 0.697755
vt 0.436640 0.719591
vt 0.449076 0.712061
vt 0.473401 0.735037
vt 0.462657 0.704249
vt 0.459606 0.742234
vt 0.475168 0.698262
vt 0.453960 0.668779
vt 0.433196 0.642482
vt 0.448844 0.636845
vt 0.421333 0.625446
vt 0.441707 0.622715
vt 0.416638 0.615405
vt 0.440181 0.614208
vt 0.413369 0.607206
vt 0.440520 0.607844
vt 0.666637 0.424620
vt 0.683403 0.441122
vt 0.678532 0.447248
vt 0.661740 0.429504
vt 0.407070 0.600089
vt 0.675638 0.451438
vt 0.657065 0.434114
vt 0.402132 0.596412
vt 0.673989 0.456457
vt 0.654907 0.436553
vt 0.696242 0.459366
vt 0.697478 0.463455
vt 0.638549 0.417442
vt 0.642662 0.414685
vt 0.633888 0.421546
vt 0.620221 0.407183
vt 0.626394 0.402951
vt 0.614169 0.407533
vt 0.606809 0.410036
vt 0.459698 0.616936
vt 0.459905 0.620203
vt 0.461022 0.625168
vt 0.464723 0.636677
vt 0.858738 0.913140
vt 0.724897 0.871475
vt 0.643840 0.861030
vt 0.644088 0.877764
vt 0.646284 0.900001
vt 0.725233 0.888887
vt 0.967359 0.609174
vt 0.958521 0.612871
vt 0.956776 0.610869
vt 0.966766 0.607060
vt 0.955399 0.608795
vt 0.966010 0.604503
vt 0.977285 0.604663
vt 0.977677 0.606913
vt 0.987734 0.602944
vt 0.988227 0.605006
vt 0.998336 0.601267
vt 0.999000 0.603235
vt 0.667844 0.629679
vt 0.668449 0.627369
vt 0.901479 0.629238
vt 0.882701 0.639763
vt 0.877649 0.620694
vt 0.892148 0.665918
vt 0.873171 0.678371
vt 0.864061 0.655262
vt 0.898048 0.689025
vt 0.881363 0.696479
vt 0.900831 0.707408
vt 0.886753 0.710826
vt 0.920443 0.705694
vt 0.916198 0.719477
vt 0.902987 0.716657
vt 0.933722 0.721989
vt 0.893102 0.719235
vt 0.870292 0.701144
vt 0.856835 0.634726
vt 0.850512 0.617437
vt 0.810654 0.552229
vt 0.810115 0.532461
vt 0.800413 0.552228
vt 0.801118 0.539077
vt 0.799614 0.574255
vt 0.788896 0.573757
vt 0.790229 0.551611
vt 0.785960 0.601366
vt 0.770751 0.598657
vt 0.776286 0.574047
vt 0.781600 0.618370
vt 0.766214 0.612137
vt 0.778814 0.552887
vt 0.777663 0.540991
vt 0.790378 0.540416
vt 0.808676 0.509040
vt 0.956323 0.459537
vt 0.933295 0.440223
vt 0.951497 0.437992
vt 0.929741 0.408126
vt 0.947869 0.407933
vt 0.926101 0.379334
vt 0.944193 0.380105
vt 0.903508 0.379472
vt 0.879336 0.377196
vt 0.875627 0.361217
vt 0.857131 0.374409
vt 0.852156 0.358280
vt 0.841023 0.399198
vt 0.821190 0.396894
vt 0.826095 0.423286
vt 0.871600 0.350152
vt 0.868220 0.339415
vt 0.867293 0.324750
vt 0.890436 0.323414
vt 0.867702 0.305566
vt 0.891726 0.304057
vt 0.868753 0.281077
vt 0.890457 0.286101
vt 0.870878 0.262706
vt 0.891232 0.265302
vt 0.855523 0.256172
vt 0.874759 0.237450
vt 0.894149 0.237057
vt 0.859102 0.238278
vt 0.873783 0.231401
vt 0.856994 0.230117
vt 0.893888 0.231565
vt 0.872854 0.223775
vt 0.911768 0.230679
vt 0.925718 0.230090
vt 0.923330 0.206645
vt 0.922473 0.200949
vt 0.908089 0.201325
vt 0.881008 0.190750
vt 0.864568 0.200729
vt 0.852148 0.198458
vt 0.880931 0.187215
vt 0.856881 0.209761
vt 0.854877 0.221158
vt 0.847703 0.195315
vt 0.878413 0.184546
vt 0.841144 0.184715
vt 0.879478 0.180587
vt 0.772952 0.022324
vt 0.776609 0.036949
vt 0.758340 0.035862
vt 0.756052 0.022066
vt 0.780474 0.048934
vt 0.760991 0.048147
vt 0.733472 0.046517
vt 0.730545 0.034097
vt 0.762889 0.058026
vt 0.735799 0.056486
vt 0.786407 0.059167
vt 0.762724 0.065493
vt 0.737706 0.065141
vt 0.803947 0.215365
vt 0.761792 0.193695
vt 0.783715 0.208743
vt 0.783579 0.215353
vt 0.762606 0.200817
vt 0.763745 0.207620
vt 0.747306 0.197473
vt 0.745826 0.189835
vt 0.765146 0.214679
vt 0.749490 0.205239
vt 0.738294 0.201848
vt 0.735123 0.194099
vt 0.727058 0.197631
vt 0.722562 0.190164
vt 0.721196 0.204824
vt 0.717095 0.198932
vt 0.734207 0.187417
vt 0.733980 0.179713
vt 0.721849 0.183159
vt 0.747095 0.183852
vt 0.689405 0.029285
vt 0.680888 0.028646
vt 0.683257 0.017759
vt 0.711560 0.191304
vt 0.691644 0.008442
vt 0.712948 0.203541
vt 0.717159 0.209045
vt 0.721137 0.214045
vt 0.719417 0.223693
vt 0.715920 0.220444
vt 0.724308 0.227825
vt 0.730748 0.233686
vt 0.729384 0.245441
vt 0.722168 0.238279
vt 0.736606 0.249715
vt 0.741279 0.265816
vt 0.733899 0.260480
vt 0.750030 0.271210
vt 0.725785 0.250521
vt 0.716161 0.240936
vt 0.716624 0.232456
vt 0.712171 0.244916
vt 0.709635 0.240424
vt 0.712322 0.235670
vt 0.704967 0.245504
vt 0.705572 0.240887
vt 0.706145 0.233165
vt 0.708450 0.230693
vt 0.701534 0.235199
vt 0.916953 0.182802
vt 0.923385 0.198899
vt 0.911109 0.175183
vt 0.708639 0.225280
vt 0.713072 0.229594
vt 0.754879 0.010982
vt 0.769702 0.011155
vt 0.752267 0.002117
vt 0.711335 0.215525
vt 0.704545 0.203718
vt 0.704860 0.031375
vt 0.915072 0.306133
vt 0.913008 0.324584
vt 0.934267 0.325372
vt 0.949252 0.325785
vt 0.962248 0.326653
vt 0.724645 0.329411
vt 0.709908 0.327709
vt 0.710568 0.314292
vt 0.725661 0.316479
vt 0.709300 0.337324
vt 0.723652 0.339235
vt 0.740235 0.342688
vt 0.742161 0.330884
vt 0.760015 0.331357
vt 0.742655 0.318391
vt 0.763166 0.320121
vt 0.759201 0.343806
vt 0.776966 0.345081
vt 0.777510 0.332541
vt 0.781198 0.322492
vt 0.790194 0.345064
vt 0.802301 0.316932
vt 0.727078 0.308378
vt 0.727793 0.301595
vt 0.711443 0.304789
vt 0.712945 0.298715
vt 0.956900 0.381950
vt 0.960172 0.407526
vt 0.968386 0.407657
vt 0.965973 0.383304
vt 0.703823 0.379216
vt 0.698151 0.377055
vt 0.693580 0.400162
vt 0.698630 0.400228
vt 0.707103 0.401660
vt 0.717776 0.402658
vt 0.716830 0.421192
vt 0.975291 0.507386
vt 0.982637 0.506931
vt 0.983567 0.528004
vt 0.684082 0.544216
vt 0.684633 0.525140
vt 0.887350 0.728965
vt 0.906584 0.726679
vt 0.487054 0.922543
vt 0.499702 0.933487
vt 0.507716 0.928326
vt 0.508818 0.944827
vt 0.513207 0.946243
vt 0.504134 0.948169
vt 0.510781 0.957884
vt 0.512712 0.954249
vt 0.499488 0.953332
vt 0.509426 0.961595
vt 0.516865 0.956157
vt 0.577737 0.930738
vt 0.040115 0.260473
vt 0.036280 0.283583
vt 0.039933 0.282475
vt 0.031436 0.283722
vt 0.958755 0.164676
vt 0.049572 0.256557
vt 0.059656 0.258078
vt 0.981440 0.141196
vt 0.986596 0.148485
vt 0.042873 0.098336
vt 0.025869 0.101320
vt 0.010464 0.106030
vt 0.924406 0.160081
vt 0.921966 0.163110
vt 0.944430 0.176407
vt 0.919713 0.168567
vt 0.054205 0.204108
vt 0.069320 0.207988
vt 0.920596 0.182484
vt 0.064152 0.197926
vt 0.078342 0.185075
vt 0.053685 0.197818
vt 0.920138 0.145457
vt 0.925465 0.134843
vt 0.913903 0.131988
vt 0.917054 0.126971
vt 0.072797 0.208863
vt 0.080383 0.207610
vt 0.065220 0.253849
vt 0.496652 0.959359
vt 0.503013 0.965153
vt 0.518381 0.947513
vt 0.520284 0.957603
vt 0.037396 0.076220
vt 0.513131 0.962549
vt 0.536518 0.712825
vt 0.692804 0.287295
vt 0.680207 0.309587
vt 0.707645 0.286978
vt 0.671125 0.287530
vt 0.482159 0.644545
vt 0.498325 0.304245
vt 0.506615 0.326312
vt 0.503916 0.302351
vt 0.511823 0.324916
vt 0.510375 0.300665
vt 0.518407 0.323437
vt 0.518962 0.298601
vt 0.526931 0.321389
vt 0.528775 0.296696
vt 0.536286 0.319019
vt 0.520835 0.276878
vt 0.531115 0.275474
vt 0.537318 0.294920
vt 0.513979 0.262156
vt 0.527353 0.259852
vt 0.538175 0.258231
vt 0.539734 0.274007
vt 0.546558 0.256439
vt 0.546859 0.272523
vt 0.551503 0.288801
vt 0.543737 0.293452
vt 0.558983 0.284056
vt 0.564420 0.305764
vt 0.557501 0.309732
vt 0.564860 0.282135
vt 0.569358 0.302965
vt 0.570128 0.279182
vt 0.574593 0.300012
vt 0.567668 0.270044
vt 0.576349 0.277138
vt 0.584152 0.273965
vt 0.597495 0.269817
vt 0.593764 0.255503
vt 0.611230 0.301558
vt 0.569546 0.327107
vt 0.563038 0.330284
vt 0.556728 0.333487
vt 0.559072 0.347556
vt 0.550958 0.312965
vt 0.544540 0.316150
vt 0.550576 0.337504
vt 0.543410 0.340943
vt 0.534049 0.342739
vt 0.525492 0.343797
vt 0.518317 0.344740
vt 0.513219 0.345593
vt 0.655827 0.347377
vt 0.645507 0.351846
vt 0.622218 0.308372
vt 0.639256 0.239265
vt 0.629044 0.237829
vt 0.636716 0.232664
vt 0.620264 0.243122
vt 0.619402 0.237525
vt 0.628777 0.233998
vt 0.619456 0.232461
vt 0.629024 0.228677
vt 0.619470 0.226155
vt 0.629411 0.223015
vt 0.620318 0.219760
vt 0.628567 0.217640
vt 0.610144 0.221574
vt 0.619876 0.212821
vt 0.630659 0.950536
vt 0.625881 0.959516
vt 0.635099 0.231158
vt 0.565313 0.220770
vt 0.567906 0.224958
vt 0.929251 0.730028
vt 0.616110 0.965481
vt 0.611459 0.963386
vt 0.608972 0.955330
vt 0.607925 0.955544
vt 0.267298 0.992897
vt 0.270589 0.994695
vt 0.607120 0.962482
vt 0.551368 0.387406
vt 0.562647 0.389076
vt 0.556032 0.391991
vt 0.952131 0.722504
vt 0.549534 0.425748
vt 0.539764 0.429593
vt 0.740431 0.739305
vt 0.715840 0.744422
vt 0.715027 0.735596
vt 0.477576 0.197646
vt 0.478503 0.211519
vt 0.470167 0.186658
vt 0.698955 0.726213
vt 0.693796 0.724702
vt 0.689786 0.704851
vt 0.113829 0.227194
vt 0.095311 0.214347
vt 0.096985 0.222498
vt 0.752213 0.526182
vt 0.750969 0.529579
vt 0.746643 0.477213
vt 0.753386 0.461104
vt 0.018572 0.753859
vt 0.072928 0.223547
vt 0.062618 0.273190
vt 0.006744 0.680388
vt 0.012191 0.680732
vt 0.008805 0.669871
vt 0.014704 0.671230
vt 0.055034 0.279509
vt 0.035966 0.673347
vt 0.023271 0.672907
vt 0.052762 0.671580
vt 0.064179 0.678166
vt 0.022474 0.682333
vt 0.026538 0.729266
vt 0.053691 0.730859
vt 0.048253 0.722821
vt 0.092123 0.195742
vt 0.092622 0.188713
vt 0.088032 0.191802
vt 0.089220 0.736164
vt 0.097157 0.726423
vt 0.101884 0.791385
vt 0.105622 0.798441
vt 0.085647 0.179564
vt 0.130885 0.826201
vt 0.119477 0.768813
vt 0.141441 0.830520
vt 0.130488 0.763281
vt 0.150253 0.836800
vt 0.102252 0.701181
vt 0.103522 0.705692
vt 0.135515 0.675891
vt 0.188602 0.909354
vt 0.183441 0.909870
vt 0.180885 0.896572
vt 0.185795 0.894181
vt 0.178347 0.881871
vt 0.171260 0.873577
vt 0.129623 0.725478
vt 0.115589 0.852467
vt 0.118627 0.857794
vt 0.113856 0.862870
vt 0.127402 0.858553
vt 0.143167 0.893219
vt 0.153616 0.890642
vt 0.125786 0.898946
vt 0.740259 0.450669
vt 0.738867 0.443011
vt 0.238688 0.977028
vt 0.229881 0.980743
vt 0.229790 0.977473
vt 0.229839 0.984593
vt 0.230085 0.989023
vt 0.238807 0.989272
vt 0.218742 0.976992
vt 0.208330 0.975981
vt 0.144445 0.746504
vt 0.141931 0.740332
vt 0.943669 0.247739
vt 0.747333 0.290796
vt 0.788284 0.524638
vt 0.632167 0.291647
vt 0.622972 0.291410
vt 0.627183 0.302198
vt 0.632000 0.314341
vt 0.205029 0.984956
vt 0.324829 0.992311
vt 0.317547 0.992176
vt 0.316136 0.987960
vt 0.993128 0.142978
vt 0.320195 0.982242
vt 0.315876 0.983678
vt 0.311392 0.978106
vt 0.330415 0.999000
vt 0.325755 0.999000
vt 0.328623 0.995428
vt 0.320491 0.986630
vt 0.310601 0.974905
vt 0.304279 0.978812
vt 0.294414 0.978812
vt 0.303131 0.974327
vt 0.317940 0.999000
vt 0.320807 0.995428
vt 0.322600 0.999000
vt 0.324118 0.984927
vt 0.332478 0.988177
vt 0.327369 0.989789
vt 0.329926 0.983587
vt 0.324618 0.994612
vt 0.311173 0.983136
vt 0.328983 0.980980
vt 0.321361 0.976322
vt 0.327323 0.976019
vt 0.323659 0.981673
vt 0.316802 0.994612
vt 0.318675 0.978062
vt 0.299154 0.972373
vt 0.290401 0.976793
vt 0.282937 0.976159
vt 0.289289 0.972299
s 1
f 1/1/1 2/2/2 3/3/3 4/4/4
f 5/5/5 6/6/6 2/2/2 1/1/1
f 7/7/7 8/8/8 9/9/9 10/10/10
f 11/11/11 12/12/12 13/13/13 14/14/14
f 15/15/15 16/16/16 13/13/13 12/12/12
f 17/17/17 18/18/18 19/19/19 20/20/20
f 21/21/21 22/22/22 23/23/23 24/24/24
f 22/22/22 25/25/25 26/26/26 27/27/27
f 28/28/28 29/29/29 30/30/30 31/31/31
f 32/32/32 33/33/33 30/34/30 29/35/29
f 34/36/34 35/37/35 36/38/36 37/39/37
f 38/40/38 39/41/39 40/42/40 41/43/41
f 42/44/42 43/45/43 40/46/40 39/47/39
f 44/48/44 45/49/45 40/46/40 43/45/43
f 46/50/46 41/43/41 40/42/40 47/51/47
f 48/52/48 47/53/47 40/54/40 49/55/49
f 50/56/50 51/57/51 52/58/52 53/59/53
f 50/60/50 54/61/54 55/62/55 51/63/51
f 53/64/53 52/65/52 55/62/55 54/61/54
f 56/66/56 57/67/57 58/68/58 59/69/59
f 60/70/60 61/71/61 58/68/58 57/67/57
f 62/72/62 59/69/59 58/68/58 61/71/61
f 63/73/63 64/74/64 65/75/65 66/76/66
f 67/77/67 68/78/68 65/75/65 64/74/64
f 69/79/69 66/76/66 65/75/65 68/78/68
f 70/80/70 71/81/71 72/82/72 73/83/73
f 72/82/72 71/81/71 74/84/74 75/85/75
f 76/86/76 77/87/77 74/84/74 71/81/71
f 78/88/78 75/85/75 74/84/74 77/87/77
f 79/89/79 80/90/80 81/91/81 82/92/82
f 83/93/83 84/94/84 81/91/81 80/90/80
f 85/95/85 82/92/82 81/91/81 84/94/84
f 86/96/86 87/97/87 88/98/88 89/99/89
f 90/100/90 89/99/89 88/98/88 91/101/91
f 92/102/92 91/101/91 88/98/88 93/103/93
f 94/104/94 95/105/95 92/102/92 93/103/93
f 96/106/96 97/107/97 92/102/92 98/108/98
f 99/109/99 98/108/98 92/102/92 95/105/95
f 100/110/100 101/111/101 102/112/102 103/113/103
f 104/114/104 103/113/103 102/112/102 105/115/105
f 106/116/106 107/117/107 108/118/108 109/119/109
f 110/120/110 111/121/111 108/118/108 107/117/107
f 112/122/112 109/119/109 108/118/108 113/123/113
f 114/124/114 110/120/110 107/117/107 106/116/106
f 115/125/115 96/106/96 98/108/98 99/109/99
f 102/112/102 101/111/101 116/126/116 94/104/94
f 95/105/95 94/104/94 116/126/116 117/127/117
f 118/128/118 117/127/117 116/126/116 101/111/101
f 119/129/119 120/130/120 121/131/121 122/132/122
f 123/133/123 122/132/122 121/131/121 124/134/124
f 125/135/125 124/134/124 121/131/121 120/130/120
f 126/136/126 118/128/118 101/111/101 127/137/127
f 128/138/128 127/137/127 101/111/101 129/139/129
f 130/140/130 131/141/131 132/142/132 133/143/133
f 134/144/134 135/145/135 136/146/136 137/147/137
f 136/146/136 135/145/135 132/142/132 131/141/131
f 138/148/138 126/136/126 127/137/127 128/138/128
f 117/127/117 139/149/139 99/109/99 95/105/95
f 140/150/140 141/151/141 142/152/142 143/153/143
f 144/154/144 125/135/125 142/155/142 141/156/141
f 145/157/145 146/158/146 147/159/147 113/123/113
f 133/143/133 134/144/134 147/159/147 146/158/146
f 148/160/148 149/161/149 144/154/144 141/156/141
f 150/162/150 151/163/151 144/154/144 149/161/149
f 124/134/124 125/135/125 144/154/144 151/163/151
f 136/146/136 123/133/123 124/134/124 151/163/151
f 152/164/152 153/165/153 154/166/154 155/167/155
f 134/144/134 156/168/156 157/169/157 147/159/147
f 158/170/158 159/171/159 157/169/157 156/168/156
f 160/172/160 161/173/161 155/167/155 162/174/162
f 163/175/163 164/176/164 155/167/155 161/173/161
f 165/177/165 166/178/166 155/179/155 164/180/164
f 167/181/167 152/182/152 155/179/155 168/183/168
f 169/184/169 170/185/170 171/186/171 172/187/172
f 173/188/173 174/189/174 171/186/171 170/185/170
f 175/190/175 172/187/172 171/186/171 174/189/174
f 176/191/176 177/192/177 178/193/178 169/184/169
f 179/194/179 180/195/180 178/193/178 181/196/181
f 182/197/182 181/196/181 178/193/178 177/192/177
f 183/198/183 175/190/175 174/189/174 184/199/184
f 185/200/185 186/201/186 184/199/184 174/189/174
f 187/202/187 188/203/188 184/199/184 186/201/186
f 189/204/189 183/198/183 184/199/184 188/203/188
f 190/205/190 191/206/191 155/179/155 166/178/166
f 192/207/192 178/193/178 180/195/180 193/208/193
f 194/209/194 193/208/193 180/195/180 179/194/179
f 195/210/195 191/206/191 190/205/190 196/211/196
f 197/212/197 196/211/196 190/205/190 198/213/198
f 149/161/149 167/181/167 195/210/195 150/162/150
f 134/144/134 137/147/137 197/212/197 156/168/156
f 199/214/199 198/213/198 190/205/190 166/178/166
f 200/215/200 192/207/192 193/208/193 201/216/201
f 202/217/202 203/218/203 193/219/193 194/220/194
f 204/221/204 201/222/201 193/219/193 203/218/203
f 205/223/205 206/224/206 198/213/198 199/214/199
f 182/197/182 207/225/207 208/226/208 181/196/181
f 209/227/209 210/228/210 208/226/208 207/225/207
f 179/194/179 181/196/181 208/226/208 210/228/210
f 205/223/205 158/170/158 211/229/211 206/224/206
f 206/224/206 211/229/211 197/212/197 198/213/198
f 156/168/156 197/212/197 211/229/211 158/170/158
f 212/230/212 213/231/213 214/232/214 215/233/215
f 187/202/187 215/234/215 214/235/214 188/203/188
f 189/204/189 188/203/188 214/235/214 216/236/216
f 217/237/217 216/236/216 214/235/214 213/238/213
f 218/239/218 158/170/158 219/240/219 220/241/220
f 221/242/221 159/171/159 158/170/158 222/243/222
f 223/244/223 222/243/222 158/170/158 218/239/218
f 224/245/224 225/246/225 223/244/223 218/239/218
f 226/247/226 227/248/227 228/249/228 229/250/229
f 179/194/179 210/228/210 230/251/230 194/209/194
f 209/252/209 231/253/231 230/254/230 210/255/210
f 225/246/225 221/242/221 222/243/222 223/244/223
f 232/256/232 233/257/233 225/246/225 224/245/224
f 234/258/234 235/259/235 227/248/227 226/247/226
f 236/260/236 220/241/220 227/248/227 235/259/235
f 237/261/237 238/262/238 234/258/234 226/247/226
f 202/217/202 194/220/194 230/254/230 231/253/231
f 224/245/224 236/260/236 239/263/239 232/256/232
f 239/263/239 236/260/236 238/262/238 237/261/237
f 240/264/240 241/265/241 242/266/242 243/267/243
f 244/268/244 245/269/245 242/266/242 241/265/241
f 246/270/246 243/271/243 242/272/242 247/273/247
f 248/274/248 247/273/247 242/272/242 245/275/245
f 246/270/246 249/276/249 231/253/231 209/252/209
f 250/277/250 251/278/251 231/253/231 249/276/249
f 252/279/252 253/280/253 254/281/254 255/282/255
f 256/283/256 257/284/257 254/281/254 253/280/253
f 258/285/258 255/286/255 254/287/254 259/288/259
f 260/289/260 261/290/261 254/281/254 257/284/257
f 262/291/262 259/288/259 254/287/254 261/292/261
f 253/280/253 263/293/263 264/294/264 265/295/265
f 266/296/266 202/217/202 231/253/231 267/297/267
f 268/298/268 267/297/267 231/253/231 251/278/251
f 247/273/247 250/277/250 249/276/249 246/270/246
f 269/299/269 256/283/256 253/280/253 265/295/265
f 232/256/232 239/263/239 270/300/270 271/301/271
f 272/302/272 271/301/271 270/300/270 273/303/273
f 274/304/274 275/305/275 270/300/270 239/263/239
f 266/296/266 273/303/273 270/300/270 275/305/275
f 276/306/276 277/307/277 278/308/278 279/309/279
f 280/310/280 279/309/279 278/308/278 281/311/281
f 282/312/282 281/311/281 278/308/278 277/307/277
f 245/275/245 283/313/283 284/314/284 248/274/248
f 285/315/285 286/316/286 287/317/287 262/291/262
f 259/288/259 262/291/262 287/317/287 280/310/280
f 279/309/279 280/310/280 287/317/287 288/318/288
f 289/319/289 288/318/288 287/317/287 286/316/286
f 290/320/290 248/274/248 284/314/284 291/321/291
f 292/322/292 293/323/293 294/324/294 295/325/295
f 296/326/296 297/327/297 294/324/294 293/323/293
f 298/328/298 299/329/299 286/316/286 285/315/285
f 300/330/300 301/331/301 286/316/286 299/329/299
f 302/332/302 289/319/289 286/316/286 303/333/303
f 304/334/304 305/335/305 306/336/306 307/337/307
f 308/338/308 307/337/307 306/336/306 309/339/309
f 310/340/310 309/341/309 306/342/306 311/343/311
f 312/344/312 311/343/311 306/342/306 313/345/313
f 314/346/314 313/347/313 306/336/306 305/335/305
f 315/348/315 314/346/314 305/335/305 304/334/304
f 316/349/316 317/350/317 318/351/318 300/330/300
f 307/337/307 319/352/319 320/353/320 304/334/304
f 321/354/321 316/349/316 300/330/300 299/329/299
f 322/355/322 323/356/323 300/330/300 318/351/318
f 324/357/324 315/348/315 304/334/304 320/353/320
f 325/358/325 326/359/326 327/360/327 328/361/328
f 329/362/329 330/363/330 327/360/327 326/359/326
f 331/364/331 332/365/332 327/360/327 330/363/330
f 291/321/291 284/314/284 327/366/327 332/367/332
f 333/368/333 314/346/314 315/348/315 334/369/334
f 335/370/335 336/371/336 337/372/337 338/373/338
f 339/374/339 340/375/340 341/376/341 342/377/342
f 343/378/343 342/377/342 341/376/341 344/379/344
f 345/380/345 346/381/346 347/382/347 348/383/348
f 349/384/349 350/385/350 348/383/348 347/382/347
f 351/386/351 345/380/345 348/383/348 350/385/350
f 352/387/352 346/381/346 345/380/345 351/386/351
f 353/388/353 354/389/354 355/390/355 356/391/356
f 356/391/356 355/390/355 357/392/357 358/393/358
f 359/394/359 357/392/357 355/390/355 354/389/354
f 4/4/4 3/3/3 360/395/360 361/396/361
f 362/397/362 361/396/361 360/395/360 363/398/363
f 364/399/364 365/400/365 4/4/4 366/401/366
f 367/402/367 366/401/366 4/4/4 361/396/361
f 368/403/368 369/404/369 365/400/365 364/399/364
f 370/405/370 371/406/371 365/400/365 369/404/369
f 372/407/372 1/1/1 4/4/4 373/408/373
f 374/409/374 373/408/373 4/4/4 365/400/365
f 375/410/375 376/411/376 374/409/374 377/412/377
f 372/407/372 373/408/373 374/409/374 378/413/378
f 379/414/379 378/413/378 374/409/374 376/411/376
f 380/415/380 10/10/10 381/416/381 6/6/6
f 382/417/382 379/414/379 376/411/376 375/410/375
f 371/406/371 382/417/382 375/410/375 377/412/377
f 383/418/383 384/419/384 385/420/385 386/421/386
f 387/422/387 386/421/386 385/420/385 388/423/388
f 389/424/389 388/425/388 385/426/385 390/427/390
f 391/428/391 390/427/390 385/426/385 392/429/392
f 393/430/393 392/431/392 385/420/385 384/419/384
f 394/432/394 395/433/395 396/434/396 397/435/397
f 398/436/398 397/435/397 396/434/396 399/437/399
f 400/438/400 394/432/394 397/435/397 398/436/398
f 382/417/382 401/439/401 402/440/402 379/414/379
f 403/441/403 404/442/404 402/440/402 401/439/401
f 378/413/378 379/414/379 402/440/402 405/443/405
f 406/444/406 405/443/405 402/440/402 358/393/358
f 356/391/356 358/393/358 402/440/402 404/442/404
f 407/445/407 408/446/408 11/11/11 409/447/409
f 410/448/410 411/449/411 11/11/11 408/446/408
f 412/450/412 399/437/399 410/448/410 408/446/408
f 413/451/413 411/449/411 410/448/410 414/452/414
f 414/452/414 396/434/396 395/433/395 415/453/415
f 406/444/406 416/454/416 395/433/395 417/455/417
f 418/456/418 415/453/415 395/433/395 416/454/416
f 390/427/390 391/428/391 419/457/419 420/458/420
f 421/459/421 420/458/420 419/457/419 422/460/422
f 423/461/423 424/462/424 419/457/419 425/463/425
f 426/464/426 427/465/427 392/431/392 393/430/393
f 428/466/428 429/467/429 430/468/430 431/469/431
f 359/394/359 432/470/432 430/468/430 433/471/433
f 434/472/434 433/471/433 430/468/430 429/467/429
f 435/473/435 431/469/431 430/468/430 432/470/432
f 436/474/436 423/461/423 425/463/425 392/429/392
f 357/392/357 437/475/437 418/456/418 416/454/416
f 438/476/438 415/453/415 418/456/418 437/475/437
f 439/477/439 420/458/420 421/459/421 440/478/440
f 441/479/441 440/478/440 421/459/421 422/460/422
f 414/452/414 415/453/415 438/476/438 413/451/413
f 442/480/442 413/451/413 438/476/438 443/481/443
f 444/482/444 443/481/443 438/476/438 434/472/434
f 433/471/433 434/472/434 438/476/438 437/475/437
f 445/483/445 435/473/435 432/470/432 446/484/446
f 447/485/447 426/464/426 393/430/393 384/419/384
f 448/486/448 449/487/449 447/485/447 450/488/450
f 383/418/383 450/488/450 447/485/447 384/419/384
f 451/489/451 452/490/452 447/485/447 449/487/449
f 453/491/453 426/464/426 447/485/447 452/490/452
f 422/460/422 446/484/446 432/470/432 441/479/441
f 424/462/424 454/492/454 422/460/422 419/457/419
f 455/493/455 446/484/446 422/460/422 456/494/456
f 431/469/431 435/473/435 352/387/352 351/386/351
f 445/483/445 346/381/346 352/387/352 435/473/435
f 457/495/457 458/496/458 454/492/454 424/462/424
f 459/497/459 453/491/453 452/490/452 460/498/460
f 461/499/461 460/498/460 452/490/452 451/489/451
f 462/500/462 459/497/459 460/498/460 461/499/461
f 463/501/463 462/500/462 461/499/461 451/489/451
f 464/502/464 465/503/465 451/489/451 449/487/449
f 455/493/455 466/504/466 445/483/445 446/484/446
f 467/505/467 468/506/468 445/483/445 466/504/466
f 469/507/469 470/508/470 471/509/471 472/510/472
f 473/511/473 472/510/472 471/509/471 474/512/474
f 475/513/475 474/512/474 471/509/471 470/508/470
f 12/12/12 476/514/476 477/515/477 15/15/15
f 442/480/442 478/516/478 477/515/477 476/514/476
f 479/517/479 15/15/15 477/515/477 480/518/480
f 481/519/481 482/520/482 477/515/477 478/516/478
f 347/382/347 346/381/346 445/483/445 349/384/349
f 483/521/483 349/384/349 445/483/445 468/506/468
f 484/522/484 459/497/459 462/500/462 485/523/485
f 486/524/486 485/523/485 462/500/462 463/501/463
f 487/525/487 488/526/488 457/495/457 436/474/436
f 455/493/455 489/527/489 490/528/490 466/504/466
f 491/529/491 492/530/492 490/528/490 489/527/489
f 467/505/467 466/504/466 490/528/490 492/530/492
f 475/513/475 493/531/493 494/532/494 465/503/465
f 451/489/451 465/503/465 494/532/494 463/501/463
f 495/533/495 496/534/496 494/532/494 493/531/493
f 497/535/497 498/536/498 457/495/457 488/526/488
f 499/537/499 458/496/458 457/495/457 498/536/498
f 469/507/469 500/538/500 501/539/501 470/508/470
f 475/513/475 470/508/470 501/539/501 502/540/502
f 503/541/503 502/540/502 501/539/501 500/538/500
f 504/542/504 468/506/468 467/505/467 505/543/505
f 506/544/506 498/536/498 497/535/497 507/545/507
f 508/546/508 497/547/497 488/548/488 487/549/487
f 509/550/509 510/551/510 511/552/511 512/553/512
f 513/554/513 512/553/512 511/552/511 514/555/514
f 515/556/515 514/555/514 511/552/511 510/551/510
f 494/532/494 516/557/516 486/524/486 463/501/463
f 517/558/517 485/523/485 486/524/486 516/557/516
f 491/529/491 518/559/518 519/560/519 492/530/492
f 520/561/520 521/562/521 519/560/519 518/559/518
f 480/518/480 477/515/477 482/520/482 522/563/522
f 523/564/523 522/563/522 482/520/482 481/519/481
f 522/563/522 524/565/524 525/566/525 480/518/480
f 479/517/479 480/518/480 525/566/525 526/567/526
f 527/568/527 526/567/526 525/566/525 528/569/528
f 529/570/529 499/537/499 498/536/498 506/544/506
f 484/522/484 485/523/485 517/558/517 530/571/530
f 531/572/531 532/573/532 517/558/517 516/557/516
f 496/534/496 495/533/495 533/574/533 534/575/534
f 535/576/535 534/575/534 533/574/533 536/577/536
f 537/578/537 538/579/538 502/540/502 503/541/503
f 538/579/538 539/580/539 540/581/540 502/540/502
f 541/582/541 542/583/542 539/580/539 538/579/538
f 543/584/543 528/569/528 525/566/525 524/565/524
f 544/585/544 545/586/545 546/587/546 547/588/547
f 537/578/537 547/588/547 546/587/546 538/579/538
f 548/589/548 545/586/545 544/585/544 549/590/549
f 508/546/508 530/571/530 507/591/507 497/547/497
f 517/558/517 550/592/550 507/591/507 530/571/530
f 524/565/524 522/563/522 523/564/523 551/593/551
f 552/594/552 553/595/553 523/564/523 481/519/481
f 554/596/554 551/593/551 523/564/523 555/597/555
f 556/598/556 555/597/555 523/564/523 553/595/553
f 536/577/536 557/599/557 558/600/558 535/576/535
f 542/583/542 559/601/559 558/600/558 557/599/557
f 560/602/560 535/576/535 558/600/558 559/601/559
f 561/603/561 562/604/562 563/605/563 564/606/564
f 541/582/541 564/606/564 563/605/563 565/607/565
f 566/608/566 565/607/565 563/605/563 562/604/562
f 538/579/538 546/587/546 564/606/564 541/582/541
f 567/609/567 561/603/561 564/606/564 568/610/568
f 566/608/566 569/611/569 559/601/559 565/607/565
f 570/612/570 560/602/560 559/601/559 569/611/569
f 571/613/571 572/614/572 573/615/573 574/616/574
f 575/617/575 567/609/567 576/618/576 577/619/577
f 578/620/578 554/596/554 555/597/555 556/598/556
f 520/561/520 579/621/579 580/622/580 581/623/581
f 529/570/529 572/624/572 580/622/580 579/621/579
f 550/592/550 582/625/582 583/626/583 584/627/584
f 585/628/585 586/629/586 583/626/583 582/625/582
f 587/630/587 584/627/584 583/626/583 586/629/586
f 588/631/588 589/632/589 590/633/590 591/634/591
f 580/622/580 592/635/592 588/631/588 591/634/591
f 593/636/593 589/632/589 588/631/588 592/635/592
f 594/637/594 595/638/595 581/623/581 596/639/596
f 589/632/589 596/639/596 581/623/581 590/633/590
f 597/640/597 598/641/598 586/629/586 585/628/585
f 599/642/599 587/643/587 586/644/586 600/645/600
f 601/646/601 602/647/602 603/648/603 604/649/604
f 605/650/605 604/649/604 603/648/603 606/651/606
f 607/652/607 594/637/594 596/639/596 608/653/608
f 609/654/609 608/655/608 596/656/596 610/657/610
f 593/636/593 610/658/610 596/639/596 589/632/589
f 611/659/611 612/660/612 610/657/610 593/661/593
f 605/650/605 613/662/613 614/663/614 604/649/604
f 615/664/615 616/665/616 614/666/614 617/667/617
f 618/668/618 617/667/617 614/666/614 619/669/619
f 620/670/620 619/669/619 614/666/614 613/671/613
f 621/672/621 618/668/618 619/669/619 620/670/620
f 622/673/622 332/365/332 331/364/331 623/674/623
f 624/675/624 623/674/623 331/364/331 330/363/330
f 615/664/615 625/676/625 626/677/626 627/678/627
f 628/679/628 629/680/629 626/677/626 625/676/625
f 630/681/630 297/327/297 631/682/631 632/683/632
f 633/684/633 634/685/634 631/682/631 635/686/635
f 636/687/636 632/683/632 631/682/631 634/685/634
f 315/348/315 637/688/637 638/689/638 334/369/334
f 639/690/639 640/691/640 638/689/638 637/688/637
f 641/692/641 334/369/334 638/689/638 640/691/640
f 642/693/642 639/690/639 637/688/637 643/694/643
f 296/326/296 635/686/635 631/682/631 297/327/297
f 343/378/343 344/379/344 621/695/621 620/696/620
f 644/697/644 640/698/640 332/365/332 622/673/622
f 639/690/639 291/321/291 332/367/332 640/691/640
f 645/699/645 646/700/646 18/18/18 17/17/17
f 647/701/647 617/667/617 618/668/618 621/672/621
f 648/702/648 649/703/649 650/704/650 651/705/651
f 652/706/652 653/707/653 650/704/650 654/708/654
f 655/709/655 647/701/647 621/672/621 656/710/656
f 657/711/657 656/712/656 621/695/621 658/713/658
f 659/714/659 660/715/660 661/716/661 662/717/662
f 663/718/663 664/719/664 661/720/661 665/721/665
f 666/722/666 662/723/662 661/720/661 664/719/664
f 316/349/316 667/724/667 668/725/668 317/350/317
f 669/726/669 670/727/670 667/724/667 671/728/671
f 634/685/634 672/729/672 673/730/673 636/687/636
f 674/731/674 636/687/636 673/730/673 624/675/624
f 623/674/623 624/675/624 673/730/673 675/732/675
f 633/684/633 676/733/676 672/729/672 634/685/634
f 677/734/677 317/350/317 668/725/668 678/735/678
f 628/679/628 655/709/655 679/736/679 680/737/680
f 656/710/656 681/738/681 679/736/679 655/709/655
f 682/739/682 683/740/683 679/736/679 684/741/684
f 685/742/685 680/737/680 679/736/679 683/740/683
f 686/743/686 684/741/684 679/736/679 681/738/681
f 687/744/687 688/745/688 664/719/664 689/746/689
f 690/747/690 666/722/666 664/719/664 688/745/688
f 691/748/691 689/746/689 664/719/664 663/718/663
f 692/749/692 693/750/693 665/721/665 661/720/661
f 694/751/694 663/718/663 665/721/665 693/750/693
f 695/752/695 687/744/687 689/746/689 691/748/691
f 696/753/696 697/754/697 698/755/698 699/756/699
f 700/757/700 699/756/699 698/755/698 701/758/701
f 702/759/702 701/758/701 698/755/698 697/754/697
f 703/760/703 704/761/704 705/762/705 706/763/706
f 707/764/707 708/765/708 705/762/705 709/766/709
f 710/767/710 711/768/711 697/754/697 696/753/696
f 712/769/712 713/770/713 697/754/697 711/768/711
f 714/771/714 715/772/715 716/773/716 717/774/717
f 718/775/718 719/776/719 720/777/720 721/778/721
f 722/779/722 721/778/721 720/777/720 723/780/723
f 724/781/724 723/780/723 720/777/720 719/776/719
f 725/782/725 726/783/726 727/784/727 728/785/728
f 729/786/729 730/787/730 726/783/726 725/782/725
f 731/788/731 732/789/732 726/783/726 733/790/733
f 734/791/734 733/790/733 726/783/726 730/787/730
f 735/792/735 736/793/736 29/29/29 28/28/28
f 737/794/737 738/795/738 29/29/29 736/793/736
f 739/796/739 717/774/717 716/773/716 740/797/740
f 741/798/741 742/799/742 716/773/716 715/772/715
f 743/800/743 740/797/740 716/773/716 742/799/742
f 744/801/744 740/797/740 719/776/719 718/775/718
f 743/800/743 724/781/724 719/776/719 740/797/740
f 745/802/745 746/803/746 22/22/22 21/21/21
f 747/804/747 748/805/748 749/806/749 750/807/750
f 751/808/751 739/796/739 740/797/740 744/801/744
f 747/804/747 750/807/750 752/809/752 753/810/753
f 754/811/754 755/812/755 752/809/752 756/813/756
f 757/814/757 753/810/753 752/809/752 755/812/755
f 758/815/758 759/816/759 760/817/760 761/818/761
f 21/21/21 762/819/762 760/817/760 763/820/763
f 764/821/764 763/820/763 760/817/760 765/822/765
f 759/816/759 764/821/764 765/822/765 766/823/766
f 767/824/767 734/791/734 730/787/730 768/825/768
f 750/807/750 769/826/769 756/813/756 752/809/752
f 770/827/770 754/811/754 756/813/756 769/826/769
f 759/816/759 770/827/770 749/806/749 764/821/764
f 771/828/771 745/802/745 21/21/21 763/820/763
f 772/829/772 773/830/773 21/21/21 24/24/24
f 774/831/774 762/819/762 21/21/21 773/830/773
f 725/782/725 757/814/757 755/812/755 729/786/729
f 775/832/775 729/786/729 755/812/755 754/811/754
f 758/815/758 776/833/776 770/827/770 759/816/759
f 777/834/777 778/835/778 768/825/768 779/836/779
f 780/837/780 767/824/767 768/825/768 778/835/778
f 775/832/775 768/825/768 730/787/730 729/786/729
f 781/838/781 782/839/782 783/840/783 784/841/784
f 785/842/785 786/843/786 783/840/783 782/839/782
f 787/844/787 784/841/784 783/840/783 786/843/786
f 749/806/749 748/805/748 763/820/763 764/821/764
f 788/845/788 789/846/789 790/847/790 791/848/791
f 792/849/792 791/848/791 790/847/790 793/850/793
f 794/851/794 781/838/781 784/841/784 795/852/795
f 796/853/796 795/852/795 784/841/784 797/854/797
f 776/833/776 779/836/779 768/825/768 775/832/775
f 798/855/798 761/818/761 760/817/760 762/819/762
f 799/856/799 785/842/785 782/839/782 800/857/800
f 801/858/801 800/857/800 782/839/782 781/838/781
f 802/859/802 803/860/803 804/861/804 805/862/805
f 806/863/806 807/864/807 804/861/804 803/860/803
f 808/865/808 805/862/805 804/861/804 809/866/809
f 810/867/810 811/868/811 812/869/812 813/870/813
f 710/767/710 814/871/814 812/872/812 811/873/811
f 815/874/815 816/875/816 812/869/812 814/876/814
f 817/877/817 813/870/813 812/869/812 816/875/816
f 818/878/818 819/879/819 820/880/820 821/881/821
f 793/850/793 822/882/822 820/880/820 819/879/819
f 823/883/823 821/881/821 820/880/820 822/882/822
f 824/884/824 821/881/821 823/883/823 825/885/825
f 826/886/826 825/885/825 823/883/823 827/887/827
f 777/834/777 828/888/828 829/889/829 778/835/778
f 780/837/780 778/835/778 829/889/829 830/890/830
f 831/891/831 832/892/832 37/39/37 833/893/833
f 834/894/834 34/36/34 37/39/37 832/892/832
f 835/895/835 836/896/836 810/897/810 813/898/813
f 806/863/806 803/860/803 810/897/810 837/899/837
f 838/900/838 837/899/837 810/897/810 836/896/836
f 817/877/817 839/901/839 835/902/835 813/870/813
f 840/903/840 836/896/836 835/895/835 839/904/839
f 777/834/777 841/905/841 826/886/826 828/888/828
f 829/889/829 828/888/828 826/886/826 842/906/842
f 843/907/843 842/906/842 826/886/826 827/887/827
f 844/908/844 845/909/845 846/910/846 847/911/847
f 848/912/848 847/911/847 846/910/846 849/913/849
f 850/914/850 851/915/851 829/889/829 852/916/852
f 853/917/853 854/918/854 855/919/855 856/920/856
f 857/921/857 858/922/858 859/923/859 860/924/860
f 860/924/860 859/923/859 856/920/856 855/919/855
f 861/925/861 856/920/856 859/923/859 858/922/858
f 862/926/862 860/924/860 855/919/855 863/927/863
f 864/928/864 863/927/863 855/919/855 865/929/865
f 866/930/866 865/929/865 855/919/855 854/918/854
f 867/931/867 868/932/868 869/933/869 870/934/870
f 871/935/871 872/936/872 869/933/869 868/932/868
f 873/937/873 870/934/870 869/933/869 874/938/874
f 875/939/875 876/940/876 872/936/872 877/941/877
f 878/942/878 879/943/879 872/936/872 876/940/876
f 875/939/875 880/944/880 881/945/881 876/940/876
f 882/946/882 883/947/883 881/945/881 880/944/880
f 879/943/879 878/942/878 881/945/881 883/947/883
f 884/948/884 874/938/874 869/933/869 872/936/872
f 885/949/885 886/950/886 884/951/884 882/946/882
f 887/952/887 874/938/874 884/948/884 886/953/886
f 883/947/883 882/946/882 884/951/884 888/954/888
f 889/955/889 890/956/890 884/957/884 891/958/891
f 892/959/892 888/960/888 884/957/884 890/956/890
f 879/943/879 891/961/891 884/948/884 872/936/872
f 892/959/892 890/956/890 863/927/863 893/962/893
f 894/963/894 893/962/893 863/927/863 864/928/864
f 895/964/895 896/965/896 836/896/836 840/903/840
f 897/966/897 849/913/849 846/910/846 898/967/898
f 899/968/899 898/967/898 846/910/846 845/909/845
f 900/969/900 49/55/49 40/54/40 45/970/45
f 901/971/901 902/972/902 903/973/903 904/974/904
f 43/45/43 41/43/41 46/50/46 44/48/44
f 905/975/905 44/48/44 46/50/46 906/976/906
f 907/977/907 908/978/908 46/50/46 47/51/47
f 909/979/909 906/976/906 46/50/46 910/980/910
f 911/981/911 910/980/910 46/50/46 908/978/908
f 912/982/912 849/913/849 897/966/897 913/983/913
f 914/984/914 913/983/913 897/966/897 915/985/915
f 916/986/916 917/987/917 897/966/897 898/967/898
f 918/988/918 915/989/915 897/990/897 917/991/917
f 894/963/894 919/992/919 862/993/862 893/962/893
f 857/994/857 860/995/860 862/993/862 919/992/919
f 829/889/829 842/906/842 920/996/920 852/916/852
f 921/997/921 922/998/922 894/963/894 864/928/864
f 857/994/857 919/992/919 923/999/923 924/1000/924
f 921/997/921 925/1001/925 923/999/923 922/998/922
f 926/1002/926 924/1000/924 923/999/923 925/1001/925
f 927/1003/927 928/1004/928 929/1005/929 930/1006/930
f 840/1007/840 931/1008/931 929/1009/929 895/1010/895
f 932/1011/932 895/964/895 929/1005/929 928/1004/928
f 933/1012/933 934/1013/934 929/1009/929 931/1008/931
f 850/914/850 852/916/852 935/1014/935 936/1015/936
f 937/1016/937 938/1017/938 939/1018/939 940/1019/940
f 941/1020/941 940/1019/940 939/1018/939 942/1021/942
f 943/1022/943 942/1021/942 939/1018/939 944/1023/944
f 945/1024/945 946/1025/946 947/1026/947 948/1027/948
f 949/1028/949 950/1029/950 947/1026/947 946/1025/946
f 951/1030/951 952/1031/952 953/1032/953 954/1033/954
f 955/1034/955 954/1033/954 953/1032/953 956/1035/956
f 957/1036/957 956/1035/956 953/1032/953 952/1031/952
f 958/1037/958 944/1023/944 939/1018/939 938/1017/938
f 957/1036/957 952/1031/952 942/1021/942 959/1038/959
f 951/1030/951 941/1020/941 942/1021/942 952/1031/952
f 960/1039/960 961/1040/961 962/1041/962 963/1042/963
f 964/1043/964 963/1044/963 962/1045/962 925/1001/925
f 905/975/905 965/1046/965 966/1047/966 967/1048/967
f 968/1049/968 969/1050/969 966/1047/966 965/1046/965
f 970/1051/970 971/1052/971 947/1026/947 950/1029/950
f 972/1053/972 948/1027/948 947/1026/947 971/1052/971
f 926/1054/926 925/1055/925 962/1041/962 973/1056/973
f 974/1057/974 973/1056/973 962/1041/962 961/1040/961
f 975/1058/975 976/1059/976 977/1060/977 978/1061/978
f 979/1062/979 926/1054/926 973/1056/973 980/1063/980
f 981/1064/981 982/1065/982 973/1056/973 974/1057/974
f 983/1066/983 980/1063/980 973/1056/973 982/1065/982
f 928/1067/928 984/1068/984 985/1069/985 932/1070/932
f 909/979/909 932/1011/932 985/1071/985 906/976/906
f 905/975/905 906/976/906 985/1071/985 965/1046/965
f 968/1049/968 965/1046/965 985/1071/985 986/1072/986
f 987/1073/987 986/1074/986 985/1069/985 984/1068/984
f 988/1075/988 989/1076/989 990/1077/990 991/1078/991
f 992/1079/992 991/1078/991 990/1077/990 993/1080/993
f 994/1081/994 993/1080/993 990/1077/990 989/1076/989
f 995/1082/995 936/1015/936 977/1060/977 996/1083/996
f 997/1084/997 978/1061/978 977/1060/977 998/1085/998
f 999/1086/999 1000/1087/1000 1001/1088/1001 1002/1089/1002
f 845/909/845 1002/1089/1002 1001/1088/1001 899/968/899
f 1003/1090/1003 899/968/899 1001/1088/1001 1004/1091/1004
f 1005/1092/1005 1004/1091/1004 1001/1088/1001 1000/1087/1000
f 1006/1093/1006 1007/1094/1007 1008/1095/1008 1009/1096/1009
f 1009/1096/1009 1008/1095/1008 971/1052/971 970/1051/970
f 1010/1097/1010 971/1052/971 1008/1095/1008 1007/1094/1007
f 1011/1098/1011 1009/1096/1009 970/1051/970 950/1029/950
f 982/1065/982 1012/1099/1012 1013/1100/1013 983/1066/983
f 1014/1101/1014 1015/1102/1015 1013/1100/1013 1012/1099/1012
f 1016/1103/1016 1017/1104/1017 1013/1100/1013 1018/1105/1018
f 1019/1106/1019 1018/1105/1018 1013/1100/1013 1015/1102/1015
f 1010/1097/1010 1007/1094/1007 1020/1107/1020 1021/1108/1021
f 1022/1109/1022 1016/1103/1016 1018/1105/1018 1023/1110/1023
f 1024/1111/1024 1025/1112/1025 1010/1097/1010 1021/1108/1021
f 1026/1113/1026 1023/1110/1023 1018/1105/1018 1019/1106/1019
f 1027/1114/1027 1028/1115/1028 1014/1101/1014 1012/1099/1012
f 1029/1116/1029 1015/1102/1015 1014/1101/1014 1028/1115/1028
f 1030/1117/1030 1031/1118/1031 1032/1119/1032 1033/1120/1033
f 972/1053/972 1033/1120/1033 1032/1119/1032 948/1027/948
f 945/1024/945 948/1027/948 1032/1119/1032 1031/1118/1031
f 1034/1121/1034 1035/1122/1035 1036/1123/1036 1037/1124/1037
f 1033/1120/1033 1037/1124/1037 1036/1123/1036 1030/1117/1030
f 1022/1109/1022 1038/1125/1038 1039/1126/1039 1040/1127/1040
f 1041/1128/1041 1042/1129/1042 1039/1126/1039 1038/1125/1038
f 1043/1130/1043 1040/1127/1040 1039/1126/1039 1044/1131/1044
f 1045/1132/1045 1046/1133/1046 1047/1134/1047 1048/1135/1048
f 1049/1136/1049 1048/1135/1048 1047/1134/1047 1050/1137/1050
f 1051/1138/1051 1050/1137/1050 1047/1134/1047 1052/1139/1052
f 1030/1117/1030 1036/1123/1036 1035/1122/1035 1053/1140/1053
f 1054/1141/1054 1053/1140/1053 1035/1122/1035 1055/1142/1055
f 1038/1125/1038 1022/1109/1022 1023/1110/1023 1026/1113/1026
f 1053/1140/1053 1056/1143/1056 1031/1118/1031 1030/1117/1030
f 1057/1144/1057 1058/1145/1058 1059/1146/1059 1060/1147/1060
f 1061/1148/1061 1060/1147/1060 1059/1146/1059 1062/1149/1062
f 1063/1150/1063 1062/1149/1062 1059/1146/1059 1058/1145/1058
f 1064/1151/1064 1065/1152/1065 1066/1153/1066 1067/1154/1067
f 1068/1155/1068 1067/1154/1067 1066/1153/1066 1069/1156/1069
f 1070/1157/1070 1069/1158/1069 1066/1159/1066 1071/1160/1071
f 1072/1161/1072 1073/1162/1073 1058/1145/1058 1057/1144/1057
f 1074/1163/1074 1075/1164/1075 1076/1165/1076 1077/1166/1077
f 1078/1167/1078 1079/1168/1079 1076/1165/1076 1075/1164/1075
f 1055/1142/1055 1080/1169/1080 1071/1170/1071 1054/1141/1054
f 1081/1171/1081 1082/1172/1082 1071/1170/1071 1080/1169/1080
f 1083/1173/1083 1054/1141/1054 1071/1170/1071 1066/1174/1066
f 1062/1149/1062 1084/1175/1084 1085/1176/1085 1061/1148/1061
f 1086/1177/1086 1087/1178/1087 1070/1157/1070 1088/1179/1088
f 1089/1180/1089 1090/1181/1090 1073/1162/1073 1072/1161/1072
f 1087/1178/1087 1078/1167/1078 1075/1164/1075 1070/1157/1070
f 1091/1182/1091 1092/1183/1092 1075/1164/1075 1074/1163/1074
f 1069/1158/1069 1070/1157/1070 1075/1164/1075 1092/1183/1092
f 1079/1168/1079 1078/1167/1078 1093/1184/1093 1094/1185/1094
f 1095/1186/1095 1094/1185/1094 1093/1184/1093 1096/1187/1096
f 1093/1184/1093 1078/1167/1078 1087/1178/1087 1096/1187/1096
f 1058/1145/1058 1097/1188/1097 1098/1189/1098 1063/1150/1063
f 1099/1190/1099 1100/1191/1100 1098/1189/1098 1097/1188/1097
f 1101/1192/1101 1102/1193/1102 1097/1188/1097 1103/1194/1103
f 1104/1195/1104 1105/1196/1105 1102/1193/1102 1106/1197/1106
f 1107/1198/1107 1106/1197/1106 1102/1193/1102 1108/1199/1108
f 1109/1200/1109 1108/1199/1108 1102/1193/1102 1101/1192/1101
f 1087/1178/1087 1086/1177/1086 1110/1201/1110 1096/1187/1096
f 1095/1186/1095 1096/1187/1096 1110/1201/1110 1111/1202/1111
f 1112/1203/1112 1111/1204/1111 1110/1205/1110 1113/1206/1113
f 1114/1207/1114 1095/1186/1095 1111/1202/1111 1115/1208/1115
f 1116/1209/1116 1115/1210/1115 1111/1204/1111 1112/1203/1112
f 1117/1211/1117 1118/1212/1118 1119/1213/1119 1120/1214/1120
f 1121/1215/1121 1120/1214/1120 1119/1213/1119 1122/1216/1122
f 1123/1217/1123 1122/1216/1122 1119/1213/1119 1118/1212/1118
f 1124/1218/1124 1125/1219/1125 1123/1217/1123 1118/1212/1118
f 1101/1192/1101 1122/1216/1122 1123/1217/1123 1109/1200/1109
f 1126/1220/1126 1127/1221/1127 1128/1222/1128 1129/1223/1129
f 1130/1224/1130 1129/1223/1129 1128/1222/1128 1131/1225/1131
f 1130/1226/1130 1132/1227/1132 1133/1228/1133 1129/1229/1129
f 1134/1230/1134 1135/1231/1135 1133/1228/1133 1132/1227/1132
f 1126/1220/1126 1129/1223/1129 1133/1232/1133 1135/1233/1135
f 1136/1234/1136 1126/1220/1126 1135/1233/1135 1134/1235/1134
f 1137/1236/1137 1138/1237/1138 1139/1238/1139 1140/1239/1140
f 1141/1240/1141 1140/1239/1140 1139/1238/1139 1142/1241/1142
f 1143/1242/1143 1142/1241/1142 1139/1238/1139 1138/1237/1138
f 1141/1243/1141 1144/1244/1144 1145/1245/1145 1140/1246/1140
f 1137/1247/1137 1140/1246/1140 1145/1245/1145 1146/1248/1146
f 1147/1249/1147 1146/1248/1146 1145/1245/1145 1144/1244/1144
f 1148/1250/1148 1137/1247/1137 1146/1248/1146 1147/1249/1147
f 1148/1251/1148 1143/1242/1143 1138/1237/1138 1137/1236/1137
f 1149/1252/1149 1150/1253/1150 1151/1254/1151 1152/1255/1152
f 1153/1256/1153 1154/1257/1154 1151/1254/1151 1150/1253/1150
f 1155/1258/1155 1149/1252/1149 1152/1255/1152 1156/1259/1156
f 1157/1260/1157 1158/1261/1158 1152/1255/1152 1151/1254/1151
f 1159/1262/1159 1156/1259/1156 1152/1255/1152 1160/1263/1160
f 1161/1264/1161 1160/1263/1160 1152/1255/1152 1158/1261/1158
f 1162/1265/1162 1157/1266/1157 1151/1267/1151 1163/1268/1163
f 1164/1269/1164 1163/1268/1163 1151/1267/1151 1165/1270/1165
f 1166/1271/1166 1167/1272/1167 1168/1273/1168 1169/1274/1169
f 1170/1275/1170 1171/1276/1171 1168/1273/1168 1167/1272/1167
f 1172/1277/1172 1169/1274/1169 1168/1273/1168 1171/1276/1171
f 1159/1278/1159 1173/1279/1173 1174/1280/1174 1156/1281/1156
f 1156/1281/1156 1174/1280/1174 1136/1234/1136 1155/1282/1155
f 1175/1283/1175 1136/1234/1136 1174/1280/1174 1173/1279/1173
f 1176/1284/1176 1170/1275/1170 1167/1272/1167 1166/1271/1166
f 1177/1285/1177 1178/1286/1178 1179/1287/1179 1180/1288/1180
f 1181/1289/1181 1180/1288/1180 1179/1287/1179 1182/1290/1182
f 1183/1291/1183 1184/1292/1184 1179/1287/1179 1178/1286/1178
f 1185/1293/1185 1186/1294/1186 1179/1287/1179 1184/1292/1184
f 1187/1295/1187 1188/1296/1188 1157/1266/1157 1162/1265/1162
f 1189/1297/1189 1190/1298/1190 1157/1266/1157 1188/1296/1188
f 1170/1275/1170 1191/1299/1191 1192/1300/1192 1171/1276/1171
f 1172/1277/1172 1171/1276/1171 1192/1300/1192 1193/1301/1193
f 1194/1302/1194 1195/1303/1195 1192/1300/1192 1191/1299/1191
f 1196/1304/1196 1193/1301/1193 1192/1300/1192 1197/1305/1197
f 1198/1306/1198 1197/1305/1197 1192/1300/1192 1195/1303/1195
f 1199/1307/1199 1200/1308/1200 1191/1299/1191 1201/1309/1201
f 1176/1284/1176 1201/1309/1201 1191/1299/1191 1170/1275/1170
f 1202/1310/1202 1194/1302/1194 1191/1299/1191 1200/1308/1200
f 1203/1311/1203 1195/1303/1195 1194/1302/1194 1202/1310/1202
f 1204/1312/1204 1205/1313/1205 1203/1311/1203 1202/1310/1202
f 1198/1306/1198 1195/1303/1195 1203/1311/1203 1205/1313/1205
f 1206/1314/1206 1172/1277/1172 1193/1301/1193 1207/1315/1207
f 1208/1316/1208 1207/1315/1207 1193/1301/1193 1209/1317/1209
f 1210/1318/1210 1209/1317/1209 1193/1301/1193 1196/1304/1196
f 1211/1319/1211 1197/1305/1197 1198/1306/1198 1205/1313/1205
f 1211/1319/1211 1212/1320/1212 1196/1304/1196 1197/1305/1197
f 1176/1284/1176 1213/1321/1213 1209/1322/1209 1201/1309/1201
f 1214/1323/1214 1215/1324/1215 1209/1325/1209 1210/1326/1210
f 1199/1307/1199 1201/1309/1201 1209/1322/1209 1215/1327/1215
f 1216/1328/1216 1208/1329/1208 1209/1330/1209 1213/1331/1213
f 1202/1310/1202 1200/1308/1200 1217/1332/1217 1204/1312/1204
f 1199/1307/1199 1218/1333/1218 1217/1332/1217 1200/1308/1200
f 1219/1334/1219 1204/1312/1204 1217/1332/1217 1218/1333/1218
f 1204/1312/1204 1219/1334/1219 1211/1319/1211 1205/1313/1205
f 1220/1335/1220 1212/1320/1212 1211/1319/1211 1219/1334/1219
f 1221/1336/1221 1222/1337/1222 1223/1338/1223 1224/1339/1224
f 1186/1294/1186 1225/1340/1225 1223/1338/1223 1222/1337/1222
f 1226/1341/1226 1227/1342/1227 1223/1338/1223 1225/1340/1225
f 1228/1343/1228 1229/1344/1229 1223/1338/1223 1227/1342/1227
f 1230/1345/1230 1182/1290/1182 1179/1287/1179 1231/1346/1231
f 1232/1347/1232 1158/1348/1158 1157/1349/1157 1233/1350/1233
f 1187/1295/1187 1228/1351/1228 1227/1352/1227 1188/1296/1188
f 1189/1297/1189 1188/1296/1188 1227/1352/1227 1234/1353/1234
f 1235/1354/1235 1234/1353/1234 1227/1352/1227 1236/1355/1236
f 1237/1356/1237 1238/1357/1238 1239/1358/1239 1240/1359/1240
f 1241/1360/1241 1240/1361/1240 1239/1362/1239 1242/1363/1242
f 1243/1364/1243 1242/1363/1242 1239/1362/1239 1238/1365/1238
f 1244/1366/1244 1237/1356/1237 1240/1359/1240 1241/1367/1241
f 1237/1356/1237 1245/1368/1245 1246/1369/1246 1238/1357/1238
f 1243/1370/1243 1238/1357/1238 1246/1369/1246 1247/1371/1247
f 1248/1372/1248 1247/1371/1247 1246/1369/1246 1245/1368/1245
f 1244/1366/1244 1248/1372/1248 1245/1368/1245 1237/1356/1237
f 1243/1364/1243 1232/1347/1232 1233/1350/1233 1242/1363/1242
f 1249/1373/1249 1250/1374/1250 1233/1375/1233 1251/1376/1251
f 1252/1377/1252 1236/1378/1236 1227/1342/1227 1226/1341/1226
f 1253/1379/1253 1173/1279/1173 1159/1278/1159 1160/1380/1160
f 1254/1381/1254 1255/1382/1255 1250/1383/1250 1249/1384/1249
f 1161/1385/1161 1158/1348/1158 1232/1347/1232 1256/1386/1256
f 1257/1387/1257 1256/1386/1256 1232/1347/1232 1258/1388/1258
f 1247/1389/1247 1258/1388/1258 1232/1347/1232 1243/1364/1243
f 1252/1390/1252 1259/1391/1259 1254/1392/1254 1236/1393/1236
f 1260/1394/1260 1261/1395/1261 1254/1392/1254 1259/1391/1259
f 1235/1396/1235 1236/1397/1236 1254/1381/1254 1249/1384/1249
f 1262/1398/1262 1263/1399/1263 1264/1400/1264 1265/1401/1265
f 1253/1379/1253 1266/1402/1266 1267/1403/1267 1268/1404/1268
f 1269/1405/1269 1270/1406/1270 1267/1407/1267 1266/1408/1266
f 1271/1409/1271 1268/1404/1268 1267/1403/1267 1272/1410/1272
f 1273/1411/1273 1272/1412/1272 1267/1413/1267 1274/1414/1274
f 1275/1415/1275 1274/1414/1274 1267/1413/1267 1270/1416/1270
f 1109/1200/1109 1123/1217/1123 1276/1417/1276 1263/1399/1263
f 1264/1400/1264 1263/1399/1263 1276/1417/1276 1277/1418/1277
f 1125/1219/1125 1278/1419/1278 1276/1417/1276 1123/1217/1123
f 1279/1420/1279 1277/1421/1277 1276/1422/1276 1278/1423/1278
f 1280/1424/1280 1265/1425/1265 1264/1426/1264 1281/1427/1281
f 1282/1428/1282 1283/1429/1283 1284/1430/1284 1285/1431/1285
f 1286/1432/1286 1285/1431/1285 1284/1430/1284 1287/1433/1287
f 1288/1434/1288 1289/1435/1289 1284/1430/1284 1283/1429/1283
f 1290/1436/1290 1287/1433/1287 1284/1430/1284 1289/1435/1289
f 1291/1437/1291 1292/1438/1292 1293/1439/1293 1294/1440/1294
f 1295/1441/1295 1294/1440/1294 1293/1439/1293 1296/1442/1296
f 1297/1443/1297 1298/1444/1298 1293/1439/1293 1292/1438/1292
f 1299/1445/1299 1296/1442/1296 1293/1439/1293 1298/1444/1298
f 1300/1446/1300 1301/1447/1301 1299/1448/1299 1298/1449/1298
f 1302/1450/1302 1303/1451/1303 1299/1445/1299 1301/1452/1301
f 1304/1453/1304 1296/1442/1296 1299/1445/1299 1303/1451/1303
f 1305/1454/1305 1306/1455/1306 1304/1453/1304 1303/1451/1303
f 1307/1456/1307 1308/1457/1308 1304/1453/1304 1306/1455/1306
f 1295/1441/1295 1296/1442/1296 1304/1453/1304 1308/1457/1308
f 1309/1458/1309 1310/1459/1310 1308/1457/1308 1307/1456/1307
f 1275/1415/1275 1295/1441/1295 1308/1457/1308 1310/1459/1310
f 1311/1460/1311 1312/1461/1312 1310/1459/1310 1309/1458/1309
f 1274/1414/1274 1275/1415/1275 1310/1459/1310 1312/1461/1312
f 1313/1462/1313 1314/1463/1314 1312/1461/1312 1311/1460/1311
f 1273/1411/1273 1274/1414/1274 1312/1461/1312 1314/1463/1314
f 1315/1464/1315 1316/1465/1316 1314/1463/1314 1313/1462/1313
f 1317/1466/1317 1273/1411/1273 1314/1463/1314 1316/1465/1316
f 1272/1412/1272 1273/1411/1273 1317/1466/1317 1318/1467/1318
f 1319/1468/1319 1320/1469/1320 1317/1470/1317 1316/1471/1316
f 1321/1472/1321 1318/1473/1318 1317/1470/1317 1320/1469/1320
f 1183/1291/1183 1318/1473/1318 1321/1472/1321 1184/1292/1184
f 1322/1474/1322 1323/1475/1323 1321/1472/1321 1320/1469/1320
f 1185/1293/1185 1184/1292/1184 1321/1472/1321 1323/1475/1323
f 1324/1476/1324 1325/1477/1325 1323/1475/1323 1322/1474/1322
f 1326/1478/1326 1185/1293/1185 1323/1475/1323 1325/1477/1325
f 1186/1294/1186 1185/1293/1185 1326/1478/1326 1225/1340/1225
f 1327/1479/1327 1328/1480/1328 1326/1478/1326 1325/1477/1325
f 1226/1341/1226 1225/1340/1225 1326/1478/1326 1328/1480/1328
f 1300/1446/1300 1329/1481/1329 1328/1480/1328 1327/1479/1327
f 1252/1377/1252 1226/1341/1226 1328/1480/1328 1329/1481/1329
f 1298/1444/1298 1297/1443/1297 1329/1482/1329 1300/1483/1300
f 1259/1391/1259 1252/1390/1252 1329/1482/1329 1297/1443/1297
f 1324/1476/1324 1330/1484/1330 1327/1479/1327 1325/1477/1325
f 1301/1447/1301 1300/1446/1300 1327/1479/1327 1330/1484/1330
f 1331/1485/1331 1332/1486/1332 1330/1484/1330 1324/1476/1324
f 1302/1487/1302 1301/1447/1301 1330/1484/1330 1332/1486/1332
f 1333/1488/1333 1334/1489/1334 1332/1486/1332 1331/1485/1331
f 1335/1490/1335 1302/1450/1302 1332/1491/1332 1334/1492/1334
f 1336/1493/1336 1337/1494/1337 1335/1490/1335 1334/1492/1334
f 1338/1495/1338 1305/1454/1305 1335/1490/1335 1337/1494/1337
f 1303/1451/1303 1302/1450/1302 1335/1490/1335 1305/1454/1305
f 1339/1496/1339 1340/1497/1340 1338/1495/1338 1337/1494/1337
f 1290/1436/1290 1341/1498/1341 1338/1495/1338 1340/1497/1340
f 1306/1455/1306 1305/1454/1305 1338/1495/1338 1341/1498/1341
f 1289/1435/1289 1342/1499/1342 1341/1498/1341 1290/1436/1290
f 1307/1456/1307 1306/1455/1306 1341/1498/1341 1342/1499/1342
f 1288/1434/1288 1343/1500/1343 1342/1499/1342 1289/1435/1289
f 1309/1458/1309 1307/1456/1307 1342/1499/1342 1343/1500/1343
f 1344/1501/1344 1345/1502/1345 1343/1500/1343 1288/1434/1288
f 1311/1460/1311 1309/1458/1309 1343/1500/1343 1345/1502/1345
f 1346/1503/1346 1347/1504/1347 1345/1502/1345 1344/1501/1344
f 1313/1462/1313 1311/1460/1311 1345/1502/1345 1347/1504/1347
f 1348/1505/1348 1349/1506/1349 1347/1504/1347 1346/1503/1346
f 1315/1464/1315 1313/1462/1313 1347/1504/1347 1349/1506/1349
f 1265/1425/1265 1280/1424/1280 1349/1507/1349 1348/1508/1348
f 1350/1509/1350 1315/1510/1315 1349/1507/1349 1280/1424/1280
f 1316/1471/1316 1315/1510/1315 1350/1509/1350 1319/1468/1319
f 1281/1427/1281 1351/1511/1351 1350/1509/1350 1280/1424/1280
f 1352/1512/1352 1319/1468/1319 1350/1509/1350 1351/1511/1351
f 1320/1469/1320 1319/1468/1319 1352/1512/1352 1322/1474/1322
f 1333/1488/1333 1331/1485/1331 1352/1512/1352 1351/1511/1351
f 1324/1476/1324 1322/1474/1322 1352/1512/1352 1331/1485/1331
f 1353/1513/1353 1333/1488/1333 1351/1511/1351 1281/1427/1281
f 1264/1426/1264 1277/1514/1277 1353/1513/1353 1281/1427/1281
f 1279/1420/1279 1336/1493/1336 1353/1515/1353 1277/1421/1277
f 1334/1492/1334 1333/1516/1333 1353/1515/1353 1336/1493/1336
f 1354/1517/1354 1355/1518/1355 1348/1505/1348 1346/1503/1346
f 1262/1398/1262 1265/1401/1265 1348/1519/1348 1355/1520/1355
f 1356/1521/1356 1107/1522/1107 1355/1518/1355 1354/1517/1354
f 1108/1199/1108 1262/1398/1262 1355/1520/1355 1107/1198/1107
f 1357/1523/1357 1358/1524/1358 1356/1521/1356 1354/1517/1354
f 1113/1206/1113 1359/1525/1359 1356/1521/1356 1358/1524/1358
f 1106/1526/1106 1107/1522/1107 1356/1521/1356 1359/1525/1359
f 1110/1205/1110 1360/1527/1360 1359/1525/1359 1113/1206/1113
f 1104/1528/1104 1106/1526/1106 1359/1525/1359 1360/1527/1360
f 1086/1177/1086 1088/1179/1088 1360/1529/1360 1110/1201/1110
f 1082/1530/1082 1104/1531/1104 1360/1529/1360 1088/1179/1088
f 1283/1429/1283 1282/1428/1282 1358/1524/1358 1357/1523/1357
f 1112/1203/1112 1113/1206/1113 1358/1524/1358 1282/1428/1282
f 1288/1434/1288 1283/1429/1283 1357/1523/1357 1344/1501/1344
f 1346/1503/1346 1344/1501/1344 1357/1523/1357 1354/1517/1354
f 1361/1532/1361 1362/1533/1362 1340/1497/1340 1339/1496/1339
f 1287/1433/1287 1290/1436/1290 1340/1497/1340 1362/1533/1362
f 1363/1534/1363 1364/1535/1364 1362/1533/1362 1361/1532/1361
f 1286/1432/1286 1287/1433/1287 1362/1533/1362 1364/1535/1364
f 1365/1536/1365 1366/1537/1366 1364/1535/1364 1363/1534/1363
f 1367/1538/1367 1286/1432/1286 1364/1535/1364 1366/1537/1366
f 1368/1539/1368 1369/1540/1369 1367/1541/1367 1366/1542/1366
f 1115/1208/1115 1116/1543/1116 1367/1541/1367 1369/1540/1369
f 1285/1431/1285 1286/1432/1286 1367/1538/1367 1116/1209/1116
f 1370/1544/1370 1371/1545/1371 1369/1540/1369 1368/1539/1368
f 1114/1207/1114 1115/1208/1115 1369/1540/1369 1371/1545/1371
f 1372/1546/1372 1373/1547/1373 1371/1545/1371 1370/1544/1370
f 1374/1548/1374 1114/1207/1114 1371/1545/1371 1373/1547/1373
f 1375/1549/1375 1376/1550/1376 1374/1548/1374 1373/1547/1373
f 1079/1168/1079 1094/1185/1094 1374/1548/1374 1376/1550/1376
f 1095/1186/1095 1114/1207/1114 1374/1548/1374 1094/1185/1094
f 1377/1551/1377 1077/1166/1077 1376/1550/1376 1375/1549/1375
f 1076/1165/1076 1079/1168/1079 1376/1550/1376 1077/1166/1077
f 1378/1552/1378 1379/1553/1379 1377/1551/1377 1375/1549/1375
f 1380/1554/1380 1381/1555/1381 1377/1551/1377 1379/1553/1379
f 1074/1163/1074 1077/1166/1077 1377/1551/1377 1381/1555/1381
f 1382/1556/1382 1383/1557/1383 1381/1555/1381 1380/1554/1380
f 1091/1182/1091 1074/1163/1074 1381/1555/1381 1383/1557/1383
f 1384/1558/1384 1385/1559/1385 1383/1557/1383 1382/1556/1382
f 1386/1560/1386 1091/1182/1091 1383/1557/1383 1385/1559/1385
f 1387/1561/1387 1042/1129/1042 1386/1562/1386 1385/1563/1385
f 1041/1128/1041 1388/1564/1388 1386/1562/1386 1042/1129/1042
f 1092/1183/1092 1091/1182/1091 1386/1560/1386 1388/1565/1388
f 1389/1566/1389 1068/1155/1068 1388/1564/1388 1041/1128/1041
f 1069/1158/1069 1092/1183/1092 1388/1565/1388 1068/1567/1068
f 1038/1125/1038 1026/1113/1026 1389/1566/1389 1041/1128/1041
f 1019/1106/1019 1390/1568/1390 1389/1566/1389 1026/1113/1026
f 1067/1154/1067 1068/1155/1068 1389/1566/1389 1390/1568/1390
f 1015/1102/1015 1029/1116/1029 1390/1568/1390 1019/1106/1019
f 1064/1151/1064 1067/1154/1067 1390/1568/1390 1029/1116/1029
f 1384/1558/1384 1391/1569/1391 1387/1570/1387 1385/1559/1385
f 1392/1571/1392 1393/1572/1393 1387/1561/1387 1391/1573/1391
f 1039/1126/1039 1042/1129/1042 1387/1561/1387 1393/1572/1393
f 1394/1574/1394 1395/1575/1395 1393/1572/1393 1392/1571/1392
f 1044/1131/1044 1039/1126/1039 1393/1572/1393 1395/1575/1395
f 1396/1576/1396 1397/1577/1397 1395/1575/1395 1394/1574/1394
f 1398/1578/1398 1044/1131/1044 1395/1575/1395 1397/1577/1397
f 1004/1091/1004 1005/1092/1005 1398/1578/1398 1397/1577/1397
f 1399/1579/1399 1400/1580/1400 1398/1578/1398 1005/1092/1005
f 1043/1130/1043 1044/1131/1044 1398/1578/1398 1400/1580/1400
f 957/1036/957 959/1038/959 1400/1580/1400 1399/1579/1399
f 1401/1581/1401 1043/1130/1043 1400/1580/1400 959/1038/959
f 1040/1127/1040 1043/1130/1043 1401/1581/1401 1402/1582/1402
f 942/1021/942 943/1022/943 1401/1581/1401 959/1038/959
f 1403/1583/1403 1402/1582/1402 1401/1581/1401 943/1022/943
f 1016/1103/1016 1402/1582/1402 1403/1583/1403 1017/1104/1017
f 944/1023/944 1404/1584/1404 1403/1583/1403 943/1022/943
f 1405/1585/1405 1017/1104/1017 1403/1583/1403 1404/1584/1404
f 1013/1100/1013 1017/1104/1017 1405/1585/1405 983/1066/983
f 1406/1586/1406 1407/1587/1407 1405/1585/1405 1404/1584/1404
f 980/1063/980 983/1066/983 1405/1585/1405 1407/1587/1407
f 1408/1588/1408 1409/1589/1409 1407/1587/1407 1406/1586/1406
f 979/1062/979 980/1063/980 1407/1587/1407 1409/1589/1409
f 901/971/901 1410/1590/1410 1409/1589/1409 1408/1588/1408
f 1411/1591/1411 979/1062/979 1409/1589/1409 1410/1590/1410
f 926/1054/926 979/1062/979 1411/1591/1411 924/1592/924
f 1412/1593/1412 858/922/858 1411/1594/1411 1410/1595/1410
f 857/921/857 924/1596/924 1411/1594/1411 858/922/858
f 1413/1597/1413 1414/1598/1414 1412/1593/1412 904/1599/904
f 861/925/861 858/922/858 1412/1593/1412 1414/1598/1414
f 901/1600/901 904/1599/904 1412/1593/1412 1410/1595/1410
f 1415/1601/1415 1416/1602/1416 1414/1598/1414 1413/1597/1413
f 1417/1603/1417 861/925/861 1414/1598/1414 1416/1602/1416
f 887/952/887 886/953/886 1417/1604/1417 1416/1605/1416
f 885/1606/885 1418/1607/1418 1417/1603/1417 886/1608/886
f 856/920/856 861/925/861 1417/1603/1417 1418/1607/1418
f 1419/1609/1419 1420/1610/1420 1418/1607/1418 885/1606/885
f 853/917/853 856/920/856 1418/1607/1418 1420/1610/1420
f 1421/1611/1421 1422/1612/1422 1420/1610/1420 1419/1609/1419
f 48/52/48 853/917/853 1420/1610/1420 1422/1612/1422
f 1423/1613/1423 907/1614/907 1422/1612/1422 1421/1611/1421
f 47/53/47 48/52/48 1422/1612/1422 907/1614/907
f 875/939/875 877/941/877 1423/1615/1423 1421/1616/1421
f 1424/1617/1424 1425/1618/1425 1423/1615/1423 877/941/877
f 908/978/908 907/977/907 1423/1615/1423 1425/1618/1425
f 1426/1619/1426 1427/1620/1427 1425/1618/1425 1424/1617/1424
f 911/981/911 908/978/908 1425/1618/1425 1427/1620/1427
f 806/863/806 837/899/837 1427/1620/1427 1426/1619/1426
f 838/900/838 911/981/911 1427/1620/1427 837/899/837
f 871/935/871 1428/1621/1428 1426/1619/1426 1424/1617/1424
f 807/864/807 806/863/806 1426/1619/1426 1428/1621/1428
f 868/932/868 1429/1622/1429 1428/1621/1428 871/935/871
f 1430/1623/1430 807/864/807 1428/1621/1428 1429/1622/1429
f 785/842/785 799/856/799 1430/1623/1430 1429/1622/1429
f 1431/1624/1431 1432/1625/1432 1430/1623/1430 799/856/799
f 804/861/804 807/864/807 1430/1623/1430 1432/1625/1432
f 1433/1626/1433 1434/1627/1434 1432/1625/1432 1431/1624/1431
f 809/866/809 804/861/804 1432/1625/1432 1434/1627/1434
f 669/726/669 1435/1628/1435 1434/1627/1434 1433/1626/1433
f 1436/1629/1436 809/866/809 1434/1627/1434 1435/1628/1435
f 1437/1630/1437 653/707/653 1436/1629/1436 1438/1631/1438
f 1439/1632/1439 1438/1631/1438 1436/1629/1436 1435/1628/1435
f 1440/1633/1440 1438/1631/1438 1439/1632/1439 1441/1634/1441
f 669/726/669 671/728/671 1439/1632/1439 1435/1628/1435
f 1442/1635/1442 1441/1634/1441 1439/1632/1439 671/728/671
f 1443/1636/1443 1441/1634/1441 1442/1635/1442 1444/1637/1444
f 667/724/667 1445/1638/1445 1442/1635/1442 671/728/671
f 1446/1639/1446 1444/1637/1444 1442/1635/1442 1445/1638/1445
f 321/354/321 1447/1640/1447 1446/1639/1446 1445/1638/1445
f 1448/1641/1448 1449/1642/1449 1446/1639/1446 1447/1640/1447
f 1450/1643/1450 1444/1637/1444 1446/1639/1446 1449/1642/1449
f 1451/1644/1451 1452/1645/1452 1450/1643/1450 1453/1646/1453
f 1443/1636/1443 1444/1637/1444 1450/1643/1450 1452/1645/1452
f 1454/1647/1454 1453/1646/1453 1450/1643/1450 1449/1642/1449
f 1455/1648/1455 1453/1646/1453 1454/1647/1454 1456/1649/1456
f 1448/1641/1448 1457/1650/1457 1454/1647/1454 1449/1642/1449
f 1458/1651/1458 1456/1649/1456 1454/1647/1454 1457/1650/1457
f 1459/1652/1459 1456/1653/1456 1458/1654/1458 1460/1655/1460
f 1461/1656/1461 1462/1657/1462 1458/1651/1458 1457/1650/1457
f 1463/1658/1463 1460/1655/1460 1458/1654/1458 1462/1659/1462
f 690/747/690 1460/1655/1460 1463/1658/1463 666/722/666
f 1464/1660/1464 1465/1661/1465 1463/1662/1463 1462/1663/1462
f 662/717/662 666/1664/666 1463/1662/1463 1465/1661/1465
f 1466/1665/1466 1467/1666/1467 1465/1661/1465 1464/1660/1464
f 659/714/659 662/717/662 1465/1661/1465 1467/1666/1467
f 1468/1667/1468 1469/1668/1469 1467/1666/1467 1466/1665/1466
f 1470/1669/1470 659/714/659 1467/1666/1467 1469/1668/1469
f 1471/1670/1471 312/344/312 1470/1669/1470 1469/1668/1469
f 313/345/313 1472/1671/1472 1470/1669/1470 312/344/312
f 660/715/660 659/714/659 1470/1669/1470 1472/1671/1472
f 314/346/314 333/368/333 1472/1672/1472 313/347/313
f 1473/1673/1473 660/1674/660 1472/1672/1472 333/368/333
f 334/369/334 641/692/641 1473/1673/1473 333/368/333
f 1474/1675/1474 692/1676/692 1473/1673/1473 641/692/641
f 661/1677/661 660/1674/660 1473/1673/1473 692/1676/692
f 640/698/640 644/697/644 1474/1678/1474 641/1679/641
f 1475/1680/1475 1476/1681/1476 1474/1678/1474 644/697/644
f 693/750/693 692/749/692 1474/1678/1474 1476/1681/1476
f 1477/1682/1477 1478/1683/1478 1476/1681/1476 1475/1680/1475
f 694/751/694 693/750/693 1476/1681/1476 1478/1683/1478
f 1479/1684/1479 1480/1685/1480 1478/1683/1478 1477/1682/1477
f 1481/1686/1481 694/751/694 1478/1683/1478 1480/1685/1480
f 663/718/663 694/751/694 1481/1686/1481 691/748/691
f 796/853/796 1482/1687/1482 1481/1686/1481 1480/1685/1480
f 695/752/695 691/748/691 1481/1686/1481 1482/1687/1482
f 797/854/797 1483/1688/1483 1482/1687/1482 796/853/796
f 1484/1689/1484 695/752/695 1482/1687/1482 1483/1688/1483
f 687/744/687 695/752/695 1484/1689/1484 1485/1690/1485
f 1486/1691/1486 1487/1692/1487 1484/1689/1484 1483/1688/1483
f 1488/1693/1488 1485/1690/1485 1484/1689/1484 1487/1692/1487
f 1489/1694/1489 1485/1690/1485 1488/1693/1488 1490/1695/1490
f 1491/1696/1491 1492/1697/1492 1488/1693/1488 1487/1692/1487
f 1493/1698/1493 1490/1695/1490 1488/1693/1488 1492/1697/1492
f 1494/1699/1494 1495/1700/1495 1493/1698/1493 1492/1697/1492
f 1496/1701/1496 1497/1702/1497 1493/1698/1493 1495/1700/1495
f 1498/1703/1498 1490/1695/1490 1493/1698/1493 1497/1702/1497
f 1499/1704/1499 1500/1705/1500 1498/1703/1498 1497/1702/1497
f 1459/1652/1459 1501/1706/1501 1498/1703/1498 1500/1705/1500
f 1489/1694/1489 1490/1695/1490 1498/1703/1498 1501/1706/1501
f 1460/1655/1460 690/747/690 1501/1706/1501 1459/1652/1459
f 688/745/688 1489/1694/1489 1501/1706/1501 690/747/690
f 1502/1707/1502 1455/1708/1455 1500/1705/1500 1499/1704/1499
f 1456/1653/1456 1459/1652/1459 1500/1705/1500 1455/1708/1455
f 1503/1709/1503 1504/1710/1504 1502/1707/1502 1499/1704/1499
f 1505/1711/1505 1451/1644/1451 1502/1712/1502 1504/1713/1504
f 1453/1646/1453 1455/1648/1455 1502/1712/1502 1451/1644/1451
f 1506/1714/1506 1507/1715/1507 1505/1711/1505 1504/1713/1504
f 1508/1716/1508 1509/1717/1509 1505/1711/1505 1507/1715/1507
f 1452/1645/1452 1451/1644/1451 1505/1711/1505 1509/1717/1509
f 1510/1718/1510 1511/1719/1511 1509/1717/1509 1508/1716/1508
f 1443/1636/1443 1452/1645/1452 1509/1717/1509 1511/1719/1511
f 1512/1720/1512 1440/1633/1440 1511/1719/1511 1510/1718/1510
f 1441/1634/1441 1443/1636/1443 1511/1719/1511 1440/1633/1440
f 1513/1721/1513 1514/1722/1514 1512/1720/1512 1510/1718/1510
f 651/705/651 1437/1630/1437 1512/1720/1512 1514/1722/1514
f 1438/1631/1438 1440/1633/1440 1512/1720/1512 1437/1630/1437
f 1515/1723/1515 1516/1724/1516 1514/1725/1514 1513/1726/1513
f 648/702/648 651/705/651 1514/1722/1514 1516/1727/1516
f 1517/1728/1517 1518/1729/1518 1519/1730/1519 1520/1731/1520
f 1521/1732/1521 1522/1733/1522 1519/1730/1519 1518/1729/1518
f 1523/1734/1523 1524/1735/1524 1521/1736/1521 1518/1737/1518
f 1525/1738/1525 1526/1739/1526 1521/1736/1521 1524/1735/1524
f 1527/1740/1527 1522/1741/1522 1521/1742/1521 1526/1743/1526
f 1528/1744/1528 1529/1745/1529 1527/1740/1527 1526/1743/1526
f 1530/1746/1530 1531/1747/1531 1532/1748/1532 1533/1749/1533
f 708/765/708 707/764/707 1532/1748/1532 1531/1747/1531
f 1534/1750/1534 1535/1751/1535 1531/1747/1531 1530/1746/1530
f 788/845/788 708/765/708 1531/1747/1531 1535/1751/1535
f 1536/1752/1536 1537/1753/1537 1535/1751/1535 1534/1750/1534
f 789/846/789 788/845/788 1535/1751/1535 1537/1753/1537
f 1538/1754/1538 1539/1755/1539 1537/1753/1537 1536/1752/1536
f 1540/1756/1540 789/846/789 1537/1753/1537 1539/1755/1539
f 790/847/790 789/846/789 1540/1756/1540 1541/1757/1541
f 1542/1758/1542 1543/1759/1543 1540/1756/1540 1539/1755/1539
f 1544/1760/1544 1541/1757/1541 1540/1756/1540 1543/1759/1543
f 1545/1761/1545 1541/1757/1541 1544/1760/1544 1546/1762/1546
f 1547/1763/1547 1548/1764/1548 1544/1760/1544 1543/1759/1543
f 914/1765/914 1546/1762/1546 1544/1760/1544 1548/1764/1548
f 1549/1766/1549 1550/1767/1550 1548/1768/1548 1547/1769/1547
f 913/983/913 914/984/914 1548/1768/1548 1550/1767/1550
f 1551/1770/1551 1552/1771/1552 1550/1767/1550 1549/1766/1549
f 912/982/912 913/983/913 1550/1767/1550 1552/1771/1552
f 1553/1772/1553 1554/1773/1554 1552/1771/1552 1551/1770/1551
f 1555/1774/1555 912/982/912 1552/1771/1552 1554/1773/1554
f 849/913/849 912/982/912 1555/1774/1555 848/912/848
f 1556/1775/1556 1517/1728/1517 1551/1770/1551 1549/1766/1549
f 1520/1731/1520 1553/1772/1553 1551/1770/1551 1517/1728/1517
f 1547/1769/1547 1557/1776/1557 1556/1775/1556 1549/1766/1549
f 1558/1777/1558 1523/1778/1523 1556/1775/1556 1557/1776/1557
f 1518/1729/1518 1517/1728/1517 1556/1775/1556 1523/1778/1523
f 1542/1758/1542 1559/1779/1559 1558/1780/1558 1557/1781/1557
f 1560/1782/1560 1561/1783/1561 1558/1780/1558 1559/1779/1559
f 1524/1735/1524 1523/1734/1523 1558/1780/1558 1561/1783/1561
f 1562/1784/1562 1563/1785/1563 1561/1783/1561 1560/1782/1560
f 1525/1738/1525 1524/1735/1524 1561/1783/1561 1563/1785/1563
f 1564/1786/1564 1565/1787/1565 1563/1785/1563 1562/1784/1562
f 1566/1788/1566 1525/1738/1525 1563/1785/1563 1565/1787/1565
f 1567/1789/1567 1568/1790/1568 1566/1788/1566 1565/1787/1565
f 1569/1791/1569 1528/1792/1528 1566/1788/1566 1568/1790/1568
f 1526/1739/1526 1525/1738/1525 1566/1788/1566 1528/1792/1528
f 1570/1793/1570 1571/1794/1571 1569/1791/1569 1568/1790/1568
f 1572/1795/1572 1573/1796/1573 1569/1797/1569 1571/1798/1571
f 1529/1745/1529 1528/1744/1528 1569/1797/1569 1573/1796/1573
f 1574/1799/1574 1575/1800/1575 1576/1801/1576 1577/1802/1577
f 1530/1746/1530 1533/1749/1533 1576/1801/1576 1575/1800/1575
f 1578/1803/1578 1579/1804/1579 1575/1800/1575 1574/1799/1574
f 1534/1750/1534 1530/1746/1530 1575/1800/1575 1579/1804/1579
f 1580/1805/1580 1581/1806/1581 1579/1804/1579 1578/1803/1578
f 1536/1752/1536 1534/1750/1534 1579/1804/1579 1581/1806/1581
f 1582/1807/1582 1583/1808/1583 1581/1806/1581 1580/1805/1580
f 1538/1754/1538 1536/1752/1536 1581/1806/1581 1583/1808/1583
f 1562/1784/1562 1560/1782/1560 1583/1808/1583 1582/1807/1582
f 1559/1779/1559 1538/1754/1538 1583/1808/1583 1560/1782/1560
f 1584/1809/1584 1585/1810/1585 1582/1807/1582 1580/1805/1580
f 1564/1786/1564 1562/1784/1562 1582/1807/1582 1585/1810/1585
f 1586/1811/1586 1587/1812/1587 1585/1810/1585 1584/1809/1584
f 1588/1813/1588 1564/1786/1564 1585/1810/1585 1587/1812/1587
f 1589/1814/1589 1590/1815/1590 1588/1813/1588 1587/1812/1587
f 1591/1816/1591 1567/1789/1567 1588/1813/1588 1590/1815/1590
f 1565/1787/1565 1564/1786/1564 1588/1813/1588 1567/1789/1567
f 1592/1817/1592 1593/1818/1593 1591/1816/1591 1590/1815/1590
f 1594/1819/1594 1570/1793/1570 1591/1816/1591 1593/1818/1593
f 1568/1790/1568 1567/1789/1567 1591/1816/1591 1570/1793/1570
f 1595/1820/1595 1596/1821/1596 1594/1819/1594 1593/1818/1593
f 1597/1822/1597 1598/1823/1598 1594/1819/1594 1596/1821/1596
f 1571/1794/1571 1570/1793/1570 1594/1819/1594 1598/1823/1598
f 1599/1824/1599 1600/1825/1600 1598/1826/1598 1597/1827/1597
f 1572/1795/1572 1571/1798/1571 1598/1826/1598 1600/1825/1600
f 1601/1828/1601 1602/1829/1602 1603/1830/1603 1604/1831/1604
f 1574/1799/1574 1577/1802/1577 1603/1830/1603 1602/1829/1602
f 1605/1832/1605 1606/1833/1606 1602/1829/1602 1601/1828/1601
f 1578/1803/1578 1574/1799/1574 1602/1829/1602 1606/1833/1606
f 1586/1811/1586 1584/1809/1584 1606/1833/1606 1605/1832/1605
f 1580/1805/1580 1578/1803/1578 1606/1833/1606 1584/1809/1584
f 646/700/646 645/699/645 1605/1832/1605 1601/1828/1601
f 1607/1834/1607 1586/1811/1586 1605/1832/1605 645/699/645
f 17/17/17 1608/1835/1608 1607/1834/1607 645/699/645
f 1609/1836/1609 1589/1814/1589 1607/1834/1607 1608/1835/1608
f 1587/1812/1587 1586/1811/1586 1607/1834/1607 1589/1814/1589
f 1610/1837/1610 1611/1838/1611 1609/1836/1609 1608/1835/1608
f 1612/1839/1612 1592/1817/1592 1609/1836/1609 1611/1838/1611
f 1590/1815/1590 1589/1814/1589 1609/1836/1609 1592/1817/1592
f 1613/1840/1613 1614/1841/1614 1612/1839/1612 1611/1838/1611
f 682/739/682 1595/1820/1595 1612/1839/1612 1614/1841/1614
f 1593/1818/1593 1592/1817/1592 1612/1839/1612 1595/1820/1595
f 1615/1842/1615 1616/1843/1616 1614/1841/1614 1613/1840/1613
f 683/740/683 682/739/682 1614/1841/1614 1616/1843/1616
f 1617/1844/1617 1618/1845/1618 1616/1843/1616 1615/1842/1615
f 685/742/685 683/740/683 1616/1843/1616 1618/1845/1618
f 609/654/609 610/657/610 1618/1845/1618 1617/1844/1617
f 612/660/612 685/742/685 1618/1845/1618 610/657/610
f 1619/1846/1619 1620/1847/1620 1617/1844/1617 1615/1842/1615
f 1621/1848/1621 609/654/609 1617/1844/1617 1620/1847/1620
f 1622/1849/1622 1623/1850/1623 1621/1848/1621 1620/1847/1620
f 1624/1851/1624 1625/1852/1625 1621/1848/1621 1623/1850/1623
f 608/655/608 609/654/609 1621/1848/1621 1625/1852/1625
f 1626/1853/1626 1627/1854/1627 1625/1852/1625 1624/1851/1624
f 607/1855/607 608/655/608 1625/1852/1625 1627/1854/1627
f 1628/1856/1628 1629/1857/1629 1627/1854/1627 1626/1853/1626
f 1630/1858/1630 607/1855/607 1627/1854/1627 1629/1857/1629
f 1631/1859/1631 1632/1860/1632 1630/1861/1630 1629/1862/1629
f 554/596/554 578/620/578 1630/1861/1630 1632/1860/1632
f 594/637/594 607/652/607 1630/1861/1630 578/620/578
f 1633/1863/1633 1634/1864/1634 1632/1860/1632 1631/1859/1631
f 551/593/551 554/596/554 1632/1860/1632 1634/1864/1634
f 1635/1865/1635 543/584/543 1634/1864/1634 1633/1863/1633
f 524/565/524 551/593/551 1634/1864/1634 543/584/543
f 1636/1866/1636 1637/1867/1637 1635/1865/1635 1633/1863/1633
f 510/551/510 509/550/509 1635/1865/1635 1637/1867/1637
f 528/569/528 543/584/543 1635/1865/1635 509/550/509
f 1638/1868/1638 1639/1869/1639 1637/1867/1637 1636/1866/1636
f 515/556/515 510/551/510 1637/1867/1637 1639/1869/1639
f 1640/1870/1640 1641/1871/1641 1642/1872/1642 1643/1873/1643
f 20/20/20 19/19/19 1642/1872/1642 1641/1871/1641
f 1619/1846/1619 1644/1874/1644 1641/1871/1641 1640/1870/1640
f 1610/1837/1610 20/20/20 1641/1871/1641 1644/1874/1644
f 1615/1842/1615 1613/1840/1613 1644/1874/1644 1619/1846/1619
f 1611/1838/1611 1610/1837/1610 1644/1874/1644 1613/1840/1613
f 1645/1875/1645 1622/1849/1622 1640/1870/1640 1643/1873/1643
f 1620/1847/1620 1619/1846/1619 1640/1870/1640 1622/1849/1622
f 1623/1850/1623 1622/1849/1622 1645/1875/1645 1646/1876/1646
f 1624/1851/1624 1623/1850/1623 1646/1876/1646 1647/1877/1647
f 1626/1853/1626 1624/1851/1624 1647/1877/1647 1648/1878/1648
f 1628/1856/1628 1626/1853/1626 1648/1878/1648 1649/1879/1649
f 1650/1880/1650 1628/1856/1628 1649/1879/1649 1651/1881/1651
f 1638/1868/1638 1636/1866/1636 1650/1882/1650 1651/1883/1651
f 1633/1863/1633 1631/1859/1631 1650/1882/1650 1636/1866/1636
f 1629/1857/1629 1628/1856/1628 1650/1880/1650 1631/1884/1631
f 17/17/17 20/20/20 1610/1837/1610 1608/1835/1608
f 1652/1885/1652 646/700/646 1601/1828/1601 1604/1831/1604
f 18/18/18 646/700/646 1652/1885/1652 1653/1886/1653
f 1597/1827/1597 686/1887/686 1654/1888/1654 1599/1824/1599
f 681/1889/681 1655/1890/1655 1654/1888/1654 686/1887/686
f 656/712/656 657/711/657 1655/1890/1655 681/1889/681
f 684/741/684 686/743/686 1597/1822/1597 1596/1821/1596
f 682/739/682 684/741/684 1596/1821/1596 1595/1820/1595
f 1539/1755/1539 1538/1754/1538 1559/1779/1559 1542/1758/1542
f 1543/1759/1543 1542/1758/1542 1557/1781/1557 1547/1763/1547
f 1656/1891/1656 1657/1892/1657 1545/1761/1545 1658/1893/1658
f 790/847/790 1541/1757/1541 1545/1761/1545 1657/1892/1657
f 1659/1894/1659 1658/1893/1658 1545/1761/1545 1546/1762/1546
f 1660/1895/1660 1658/1893/1658 1659/1894/1659 1661/1896/1661
f 914/1765/914 915/989/915 1659/1894/1659 1546/1762/1546
f 918/988/918 1661/1896/1661 1659/1894/1659 915/989/915
f 1662/1897/1662 1663/1898/1663 1660/1895/1660 1664/1899/1664
f 1656/1891/1656 1658/1893/1658 1660/1895/1660 1663/1898/1663
f 1665/1900/1665 1664/1899/1664 1660/1895/1660 1661/1896/1661
f 1666/1901/1666 1664/1899/1664 1665/1900/1665 1667/1902/1667
f 918/988/918 1668/1903/1668 1665/1900/1665 1661/1896/1661
f 1669/1904/1669 1667/1902/1667 1665/1900/1665 1668/1903/1668
f 1670/1905/1670 1667/1902/1667 1669/1904/1669 1671/1906/1671
f 1672/1907/1672 1673/1908/1673 1669/1904/1669 1668/1903/1668
f 1674/1909/1674 1671/1906/1671 1669/1904/1669 1673/1908/1673
f 1675/1910/1675 1671/1911/1671 1674/1912/1674 1676/1913/1676
f 1677/1914/1677 1678/1915/1678 1674/1916/1674 1673/1917/1673
f 1679/1918/1679 1676/1913/1676 1674/1912/1674 1678/1919/1678
f 1680/1920/1680 1676/1913/1676 1679/1918/1679 1681/1921/1681
f 1392/1922/1392 1391/1569/1391 1679/1918/1679 1678/1919/1678
f 1384/1558/1384 1681/1921/1681 1679/1918/1679 1391/1569/1391
f 1682/1923/1682 1683/1924/1683 1680/1920/1680 1684/1925/1684
f 1675/1910/1675 1676/1913/1676 1680/1920/1680 1683/1924/1683
f 1685/1926/1685 1684/1925/1684 1680/1920/1680 1681/1921/1681
f 1686/1927/1686 1684/1925/1684 1685/1926/1685 1687/1928/1687
f 1384/1558/1384 1382/1556/1382 1685/1926/1685 1681/1921/1681
f 1380/1554/1380 1687/1928/1687 1685/1926/1685 1382/1556/1382
f 1688/1929/1688 1689/1930/1689 1686/1927/1686 1690/1931/1690
f 1682/1923/1682 1684/1925/1684 1686/1927/1686 1689/1930/1689
f 1691/1932/1691 1690/1931/1690 1686/1927/1686 1687/1928/1687
f 1692/1933/1692 1690/1931/1690 1691/1932/1691 1693/1934/1693
f 1380/1554/1380 1379/1553/1379 1691/1932/1691 1687/1928/1687
f 1378/1552/1378 1693/1934/1693 1691/1932/1691 1379/1553/1379
f 1694/1935/1694 1695/1936/1695 1692/1933/1692 1696/1937/1696
f 1688/1929/1688 1690/1931/1690 1692/1933/1692 1695/1936/1695
f 1697/1938/1697 1696/1937/1696 1692/1933/1692 1693/1934/1693
f 1698/1939/1698 1696/1937/1696 1697/1938/1697 1699/1940/1699
f 1378/1552/1378 1372/1546/1372 1697/1938/1697 1693/1934/1693
f 1370/1544/1370 1699/1940/1699 1697/1938/1697 1372/1546/1372
f 1117/1211/1117 1700/1941/1700 1698/1939/1698 1701/1942/1701
f 1694/1935/1694 1696/1937/1696 1698/1939/1698 1700/1941/1700
f 1702/1943/1702 1701/1942/1701 1698/1939/1698 1699/1940/1699
f 1124/1218/1124 1701/1942/1701 1702/1943/1702 1365/1944/1365
f 1370/1544/1370 1368/1539/1368 1702/1943/1702 1699/1940/1699
f 1366/1542/1366 1365/1944/1365 1702/1943/1702 1368/1539/1368
f 1120/1214/1120 1703/1945/1703 1700/1941/1700 1117/1211/1117
f 1704/1946/1704 1694/1935/1694 1700/1941/1700 1703/1945/1703
f 1090/1181/1090 1089/1180/1089 1704/1946/1704 1703/1945/1703
f 1705/1947/1705 1706/1948/1706 1704/1946/1704 1089/1180/1089
f 1695/1936/1695 1694/1935/1694 1704/1946/1704 1706/1948/1706
f 1707/1949/1707 1708/1950/1708 1706/1948/1706 1705/1947/1705
f 1688/1929/1688 1695/1936/1695 1706/1948/1706 1708/1950/1708
f 1709/1951/1709 1710/1952/1710 1708/1950/1708 1707/1949/1707
f 1689/1930/1689 1688/1929/1688 1708/1950/1708 1710/1952/1710
f 1711/1953/1711 1712/1954/1712 1710/1952/1710 1709/1951/1709
f 1682/1923/1682 1689/1930/1689 1710/1952/1710 1712/1954/1712
f 1713/1955/1713 1714/1956/1714 1712/1954/1712 1711/1953/1711
f 1683/1924/1683 1682/1923/1682 1712/1954/1712 1714/1956/1714
f 1715/1957/1715 1716/1958/1716 1714/1956/1714 1713/1955/1713
f 1675/1910/1675 1683/1924/1683 1714/1956/1714 1716/1958/1716
f 1717/1959/1717 1670/1960/1670 1716/1958/1716 1715/1957/1715
f 1671/1911/1671 1675/1910/1675 1716/1958/1716 1670/1960/1670
f 1718/1961/1718 1719/1962/1719 1717/1959/1717 1715/1957/1715
f 1720/1963/1720 1666/1901/1666 1717/1964/1717 1719/1965/1719
f 1667/1902/1667 1670/1905/1670 1717/1964/1717 1666/1901/1666
f 1721/1966/1721 1722/1967/1722 1720/1968/1720 1719/1962/1719
f 1723/1969/1723 1662/1897/1662 1720/1963/1720 1722/1970/1722
f 1664/1899/1664 1666/1901/1666 1720/1963/1720 1662/1897/1662
f 997/1084/997 998/1085/998 1723/1969/1723 1722/1970/1722
f 920/996/920 1724/1971/1724 1723/1969/1723 998/1085/998
f 1663/1898/1663 1662/1897/1662 1723/1969/1723 1724/1971/1724
f 842/906/842 843/907/843 1724/1971/1724 920/996/920
f 1656/1891/1656 1663/1898/1663 1724/1971/1724 843/907/843
f 949/1028/949 997/1972/997 1722/1967/1722 1721/1966/1721
f 950/1029/950 949/1028/949 1721/1966/1721 1011/1098/1011
f 1718/1961/1718 1011/1098/1011 1721/1966/1721 1719/1962/1719
f 1009/1096/1009 1011/1098/1011 1718/1961/1718 1006/1093/1006
f 1713/1955/1713 1006/1093/1006 1718/1961/1718 1715/1957/1715
f 1007/1094/1007 1006/1093/1006 1713/1955/1713 1711/1953/1711
f 1020/1107/1020 1007/1094/1007 1711/1953/1711 1709/1951/1709
f 1021/1108/1021 1020/1107/1020 1709/1951/1709 1707/1949/1707
f 1024/1111/1024 1021/1108/1021 1707/1949/1707 1705/1947/1705
f 1072/1161/1072 1024/1111/1024 1705/1947/1705 1089/1180/1089
f 1121/1215/1121 1090/1181/1090 1703/1945/1703 1120/1214/1120
f 1118/1212/1118 1117/1211/1117 1701/1942/1701 1124/1218/1124
f 1394/1574/1394 1392/1571/1392 1678/1915/1678 1677/1914/1677
f 1672/1973/1672 1725/1974/1725 1677/1914/1677 1673/1917/1673
f 1396/1576/1396 1394/1574/1394 1677/1914/1677 1725/1974/1725
f 917/987/917 916/986/916 1725/1974/1725 1672/1973/1672
f 1003/1090/1003 1396/1576/1396 1725/1974/1725 916/986/916
f 918/988/918 917/991/917 1672/1907/1672 1668/1903/1668
f 827/887/827 1657/1892/1657 1656/1891/1656 843/907/843
f 1726/1975/1726 1727/1976/1727 1728/1977/1728 955/1034/955
f 954/1033/954 955/1034/955 1728/1977/1728 1729/1978/1729
f 951/1030/951 954/1033/954 1729/1978/1729 1730/1979/1730
f 941/1020/941 951/1030/951 1730/1979/1730 1731/1980/1731
f 940/1019/940 941/1020/941 1731/1980/1731 1732/1981/1732
f 937/1016/937 940/1019/940 1732/1981/1732 1733/1982/1733
f 1734/1983/1734 937/1016/937 1733/1982/1733 1735/1984/1735
f 938/1017/938 937/1016/937 1734/1983/1734 1736/1985/1736
f 35/37/35 34/36/34 1734/1983/1734 1735/1984/1735
f 834/894/834 1736/1985/1736 1734/1983/1734 34/36/34
f 958/1037/958 938/1017/938 1736/1985/1736 1737/1986/1737
f 902/972/902 1737/1986/1737 1736/1985/1736 834/894/834
f 1406/1586/1406 958/1037/958 1737/1986/1737 1408/1588/1408
f 901/971/901 1408/1588/1408 1737/1986/1737 902/972/902
f 1000/1087/1000 999/1086/999 1726/1975/1726 1738/1987/1738
f 1739/1988/1739 1727/1976/1727 1726/1975/1726 999/1086/999
f 956/1035/956 1738/1987/1738 1726/1975/1726 955/1034/955
f 1005/1092/1005 1000/1087/1000 1738/1987/1738 1399/1579/1399
f 957/1036/957 1399/1579/1399 1738/1987/1738 956/1035/956
f 1002/1089/1002 1740/1989/1740 1739/1988/1739 999/1086/999
f 845/909/845 844/908/844 1740/1989/1740 1002/1089/1002
f 1741/1990/1741 1742/1991/1742 1743/1992/1743 1744/1993/1744
f 28/28/28 31/31/31 1743/1992/1743 1742/1991/1742
f 1745/1994/1745 1746/1995/1746 1742/1991/1742 1741/1990/1741
f 735/792/735 28/28/28 1742/1991/1742 1746/1995/1746
f 1503/1709/1503 1496/1701/1496 1746/1995/1746 1745/1994/1745
f 1495/1700/1495 735/792/735 1746/1995/1746 1496/1701/1496
f 1747/1996/1747 1506/1997/1506 1745/1994/1745 1741/1990/1741
f 1504/1710/1504 1503/1709/1503 1745/1994/1745 1506/1997/1506
f 1744/1993/1744 1748/1998/1748 1747/1996/1747 1741/1990/1741
f 1749/1999/1749 1750/2000/1750 1747/2001/1747 1748/2002/1748
f 1507/1715/1507 1506/1714/1506 1747/2001/1747 1750/2000/1750
f 1751/2003/1751 1752/2004/1752 1750/2000/1750 1749/1999/1749
f 1508/1716/1508 1507/1715/1507 1750/2000/1750 1752/2004/1752
f 1515/2005/1515 1513/1721/1513 1752/2004/1752 1751/2003/1751
f 1510/1718/1510 1508/1716/1508 1752/2004/1752 1513/1721/1513
f 1497/1702/1497 1496/1701/1496 1503/1709/1503 1499/1704/1499
f 736/793/736 735/792/735 1495/1700/1495 1494/1699/1494
f 737/794/737 736/793/736 1494/1699/1494 1753/2006/1753
f 1491/1696/1491 1753/2006/1753 1494/1699/1494 1492/1697/1492
f 1754/2007/1754 1755/2008/1755 1753/2006/1753 1491/1696/1491
f 1756/2009/1756 737/794/737 1753/2006/1753 1755/2008/1755
f 1757/2010/1757 1758/2011/1758 1756/2009/1756 1755/2008/1755
f 1759/2012/1759 1760/2013/1760 1756/2009/1756 1758/2011/1758
f 738/795/738 737/794/737 1756/2009/1756 1760/2013/1760
f 1761/2014/1761 1762/2015/1762 1760/2016/1760 1759/2017/1759
f 1763/2018/1763 738/2019/738 1760/2016/1760 1762/2015/1762
f 1764/2020/1764 1765/2021/1765 1763/2018/1763 1762/2015/1762
f 831/891/831 32/32/32 1763/2018/1763 1765/2021/1765
f 29/35/29 738/2019/738 1763/2018/1763 32/32/32
f 1766/2022/1766 1764/2020/1764 1762/2015/1762 1761/2014/1761
f 1767/2023/1767 1415/2024/1415 1761/2025/1761 1759/2012/1759
f 1413/2026/1413 1766/2022/1766 1761/2014/1761 1415/2027/1415
f 1758/2011/1758 873/937/873 1767/2023/1767 1759/2012/1759
f 874/938/874 887/952/887 1767/2023/1767 873/937/873
f 1416/1605/1416 1415/2024/1415 1767/2023/1767 887/952/887
f 870/934/870 873/937/873 1758/2011/1758 1757/2010/1757
f 1754/2007/1754 1768/2028/1768 1757/2010/1757 1755/2008/1755
f 867/931/867 870/934/870 1757/2010/1757 1768/2028/1768
f 1486/1691/1486 1769/2029/1769 1768/2028/1768 1754/2007/1754
f 787/844/787 867/931/867 1768/2028/1768 1769/2029/1769
f 1483/1688/1483 797/854/797 1769/2029/1769 1486/1691/1486
f 784/841/784 787/844/787 1769/2029/1769 797/854/797
f 1487/1692/1487 1486/1691/1486 1754/2007/1754 1491/1696/1491
f 687/744/687 1485/1690/1485 1489/1694/1489 688/745/688
f 795/852/795 796/853/796 1480/1685/1480 1479/1684/1479
f 1770/2030/1770 1771/2031/1771 1479/1684/1479 1477/1682/1477
f 794/851/794 795/852/795 1479/1684/1479 1771/2031/1771
f 1772/2032/1772 1773/2033/1773 1771/2031/1771 1770/2030/1770
f 1774/2034/1774 794/851/794 1771/2031/1771 1773/2033/1773
f 1775/2035/1775 1776/2036/1776 1774/2034/1774 1773/2033/1773
f 1777/2037/1777 801/858/801 1774/2034/1774 1776/2036/1776
f 781/838/781 794/851/794 1774/2034/1774 801/858/801
f 1778/2038/1778 1779/2039/1779 1777/2037/1777 1776/2036/1776
f 1780/2040/1780 1781/2041/1781 1777/2037/1777 1779/2039/1779
f 800/857/800 801/858/801 1777/2037/1777 1781/2041/1781
f 1433/1626/1433 1431/1624/1431 1781/2041/1781 1780/2040/1780
f 799/856/799 800/857/800 1781/2041/1781 1431/1624/1431
f 678/735/678 670/727/670 1780/2040/1780 1779/2039/1779
f 669/726/669 1433/1626/1433 1780/2040/1780 670/727/670
f 677/734/677 678/735/678 1779/2039/1779 1778/2038/1778
f 1775/2035/1775 1782/2042/1782 1778/2038/1778 1776/2036/1776
f 322/355/322 677/734/677 1778/2038/1778 1782/2042/1782
f 323/356/323 322/355/322 1782/2042/1782 1783/2043/1783
f 1772/2032/1772 1784/2044/1784 1775/2035/1775 1773/2033/1773
f 1475/1680/1475 1785/2045/1785 1770/2030/1770 1477/1682/1477
f 675/732/675 1772/2032/1772 1770/2030/1770 1785/2045/1785
f 644/697/644 622/673/622 1785/2045/1785 1475/1680/1475
f 623/674/623 675/732/675 1785/2045/1785 622/673/622
f 1786/2046/1786 1787/2047/1787 1471/1670/1471 1788/2048/1788
f 311/343/311 312/344/312 1471/1670/1471 1787/2047/1787
f 1468/1667/1468 1788/2048/1788 1471/1670/1471 1469/1668/1469
f 1789/2049/1789 1790/2050/1790 1787/2047/1787 1786/2046/1786
f 310/340/310 311/343/311 1787/2047/1787 1790/2050/1790
f 1791/2051/1791 1792/2052/1792 1790/2050/1790 1789/2049/1789
f 1793/2053/1793 310/340/310 1790/2050/1790 1792/2052/1792
f 216/236/216 217/237/217 1793/2053/1793 1792/2052/1792
f 1794/2054/1794 1795/2055/1795 1793/2056/1793 217/2057/217
f 309/339/309 310/2058/310 1793/2056/1793 1795/2055/1795
f 1796/2059/1796 1797/2060/1797 1795/2055/1795 1794/2054/1794
f 308/338/308 309/339/309 1795/2055/1795 1797/2060/1797
f 271/301/271 272/302/272 1797/2060/1797 1796/2059/1796
f 1798/2061/1798 308/338/308 1797/2060/1797 272/302/272
f 273/303/273 1799/2062/1799 1798/2061/1798 272/302/272
f 1800/2063/1800 319/352/319 1798/2061/1798 1799/2062/1799
f 307/337/307 308/338/308 1798/2061/1798 319/352/319
f 267/297/267 268/298/268 1800/2063/1800 1799/2062/1799
f 643/694/643 324/357/324 1800/2063/1800 268/298/268
f 320/353/320 319/352/319 1800/2063/1800 324/357/324
f 266/296/266 267/297/267 1799/2062/1799 273/303/273
f 1801/2064/1801 233/257/233 1796/2059/1796 1794/2054/1794
f 232/256/232 271/301/271 1796/2059/1796 233/257/233
f 212/230/212 1802/2065/1802 1801/2064/1801 213/231/213
f 225/246/225 233/257/233 1801/2064/1801 1802/2065/1802
f 217/2057/217 213/231/213 1801/2064/1801 1794/2054/1794
f 1803/2066/1803 1804/2067/1804 1802/2065/1802 212/230/212
f 221/242/221 225/246/225 1802/2065/1802 1804/2067/1804
f 1805/2068/1805 1806/2069/1806 1804/2067/1804 1803/2066/1803
f 159/171/159 221/242/221 1804/2067/1804 1806/2069/1806
f 1807/2070/1807 1808/2071/1808 1806/2069/1806 1805/2068/1805
f 157/169/157 159/171/159 1806/2069/1806 1808/2071/1808
f 1809/2072/1809 1810/2073/1810 1808/2071/1808 1807/2070/1807
f 1811/2074/1811 157/169/157 1808/2071/1808 1810/2073/1810
f 1812/2075/1812 1813/2076/1813 1810/2073/1810 1809/2072/1809
f 1814/2077/1814 1811/2074/1811 1810/2073/1810 1813/2076/1813
f 1815/2078/1815 1814/2077/1814 1813/2076/1813 1816/2079/1816
f 1817/2080/1817 1816/2079/1816 1813/2076/1813 1812/2075/1812
f 1818/2081/1818 1816/2079/1816 1817/2080/1817 76/2082/76
f 104/114/104 1819/2083/1819 1817/2084/1817 1812/2085/1812
f 77/87/77 76/86/76 1817/2084/1817 1819/2083/1819
f 105/115/105 1820/2086/1820 1819/2083/1819 104/114/104
f 78/88/78 77/87/77 1819/2083/1819 1820/2086/1820
f 87/97/87 86/96/86 1820/2086/1820 105/115/105
f 1821/2087/1821 78/88/78 1820/2086/1820 86/96/86
f 89/99/89 1822/2088/1822 1821/2087/1821 86/96/86
f 1823/2089/1823 1824/2090/1824 1821/2087/1821 1822/2088/1822
f 75/85/75 78/88/78 1821/2087/1821 1824/2090/1824
f 1825/2091/1825 73/83/73 1824/2090/1824 1823/2089/1823
f 72/82/72 75/85/75 1824/2090/1824 73/83/73
f 1826/2092/1826 1827/2093/1827 1825/2091/1825 1823/2089/1823
f 114/124/114 1828/2094/1828 1825/2095/1825 1827/2096/1827
f 70/2097/70 73/2098/73 1825/2095/1825 1828/2094/1828
f 106/116/106 1829/2099/1829 1828/2094/1828 114/124/114
f 1818/2081/1818 70/2097/70 1828/2094/1828 1829/2099/1829
f 109/119/109 1815/2078/1815 1829/2099/1829 106/116/106
f 1816/2079/1816 1818/2081/1818 1829/2099/1829 1815/2078/1815
f 1830/2100/1830 1831/2101/1831 1827/2093/1827 1826/2092/1826
f 110/120/110 114/124/114 1827/2096/1827 1831/2102/1831
f 1832/2103/1832 1833/2104/1833 1831/2101/1831 1830/2100/1830
f 111/121/111 110/120/110 1831/2102/1831 1833/2105/1833
f 1834/2106/1834 1835/2107/1835 1833/2104/1833 1832/2103/1832
f 1836/2108/1836 111/121/111 1833/2105/1833 1835/2109/1835
f 1837/2110/1837 1838/2111/1838 1836/2108/1836 1835/2109/1835
f 1839/2112/1839 1840/2113/1840 1836/2108/1836 1838/2111/1838
f 108/118/108 111/121/111 1836/2108/1836 1840/2113/1840
f 1841/2114/1841 145/157/145 1840/2113/1840 1839/2112/1839
f 113/123/113 108/118/108 1840/2113/1840 145/157/145
f 68/78/68 67/77/67 1841/2114/1841 1839/2112/1839
f 1842/2115/1842 1843/2116/1843 1841/2114/1841 67/77/67
f 146/158/146 145/157/145 1841/2114/1841 1843/2116/1843
f 1844/2117/1844 130/140/130 1843/2116/1843 1842/2115/1842
f 133/143/133 146/158/146 1843/2116/1843 130/140/130
f 1845/2118/1845 1846/2119/1846 1844/2117/1844 1842/2115/1842
f 1847/2120/1847 1848/2121/1848 1844/2117/1844 1846/2119/1846
f 131/141/131 130/140/130 1844/2117/1844 1848/2121/1848
f 122/132/122 123/133/123 1848/2121/1848 1847/2120/1847
f 136/146/136 131/141/131 1848/2121/1848 123/133/123
f 1849/2122/1849 1850/2123/1850 1847/2120/1847 1846/2119/1846
f 119/129/119 122/132/122 1847/2120/1847 1850/2123/1850
f 1851/2124/1851 85/2125/85 1850/2123/1850 1849/2122/1849
f 84/2126/84 119/129/119 1850/2123/1850 85/2125/85
f 1852/2127/1852 1853/2128/1853 1851/2129/1851 1854/2130/1854
f 82/92/82 85/95/85 1851/2129/1851 1853/2128/1853
f 1855/2131/1855 1854/2132/1854 1851/2124/1851 1849/2122/1849
f 1856/2133/1856 1854/2132/1854 1855/2131/1855 63/73/63
f 1846/2119/1846 1845/2118/1845 1855/2131/1855 1849/2122/1849
f 64/74/64 63/73/63 1855/2131/1855 1845/2118/1845
f 60/70/60 1857/2134/1857 1856/2135/1856 1858/2136/1858
f 1852/2127/1852 1854/2130/1854 1856/2135/1856 1857/2134/1857
f 66/76/66 1858/2137/1858 1856/2133/1856 63/73/63
f 57/67/57 1859/2138/1859 1857/2134/1857 60/70/60
f 1860/2139/1860 1852/2127/1852 1857/2134/1857 1859/2138/1859
f 1853/2128/1853 1852/2127/1852 1860/2139/1860 1861/2140/1861
f 1862/2141/1862 1863/2142/1863 1860/2139/1860 1859/2138/1859
f 1864/2143/1864 1861/2140/1861 1860/2139/1860 1863/2142/1863
f 79/89/79 1861/2140/1861 1864/2143/1864 1865/2144/1865
f 1866/2145/1866 1867/2146/1867 1864/2143/1864 1863/2142/1863
f 1868/2147/1868 1865/2144/1865 1864/2143/1864 1867/2146/1867
f 143/153/143 1865/2144/1865 1868/2147/1868 140/150/140
f 1869/2148/1869 1870/2149/1870 1868/2147/1868 1867/2146/1867
f 1871/2150/1871 140/150/140 1868/2147/1868 1870/2149/1870
f 141/151/141 140/150/140 1871/2150/1871 148/2151/148
f 115/125/115 153/165/153 1871/2150/1871 1870/2149/1870
f 152/164/152 148/2151/148 1871/2150/1871 153/165/153
f 96/106/96 115/125/115 1870/2149/1870 1869/2148/1869
f 1866/2145/1866 1872/2152/1872 1869/2148/1869 1867/2146/1867
f 97/107/97 96/106/96 1869/2148/1869 1872/2152/1872
f 1873/2153/1873 1874/2154/1874 1872/2152/1872 1866/2145/1866
f 1875/2155/1875 97/107/97 1872/2152/1872 1874/2154/1874
f 1876/2156/1876 1877/2157/1877 1875/2155/1875 1874/2154/1874
f 90/100/90 91/101/91 1875/2155/1875 1877/2157/1877
f 92/102/92 97/107/97 1875/2155/1875 91/101/91
f 1878/2158/1878 1879/2159/1879 1877/2157/1877 1876/2156/1876
f 1880/2160/1880 90/100/90 1877/2157/1877 1879/2159/1879
f 1830/2100/1830 1826/2092/1826 1880/2160/1880 1879/2159/1879
f 1823/2089/1823 1822/2088/1822 1880/2160/1880 1826/2092/1826
f 89/99/89 90/100/90 1880/2160/1880 1822/2088/1822
f 1832/2103/1832 1830/2100/1830 1879/2159/1879 1878/2158/1878
f 1881/2161/1881 1882/2162/1882 1878/2158/1878 1876/2156/1876
f 1834/2106/1834 1832/2103/1832 1878/2158/1878 1882/2162/1882
f 56/66/56 59/69/59 1882/2162/1882 1881/2161/1881
f 62/72/62 1834/2106/1834 1882/2162/1882 59/69/59
f 1862/2141/1862 56/66/56 1881/2161/1881 1873/2153/1873
f 1874/2154/1874 1873/2153/1873 1881/2161/1881 1876/2156/1876
f 1863/2142/1863 1862/2141/1862 1873/2153/1873 1866/2145/1866
f 80/90/80 79/89/79 1865/2144/1865 143/153/143
f 57/67/57 56/66/56 1862/2141/1862 1859/2138/1859
f 82/92/82 1853/2128/1853 1861/2140/1861 79/89/79
f 61/71/61 60/70/60 1858/2136/1858 1883/2163/1883
f 69/79/69 1883/2164/1883 1858/2137/1858 66/76/66
f 1838/2111/1838 1837/2110/1837 1883/2164/1883 69/79/69
f 62/72/62 61/71/61 1883/2163/1883 1837/2165/1837
f 67/77/67 64/74/64 1845/2118/1845 1842/2115/1842
f 69/79/69 68/78/68 1839/2112/1839 1838/2111/1838
f 1834/2106/1834 62/72/62 1837/2165/1837 1835/2107/1835
f 71/2166/71 70/2097/70 1818/2081/1818 76/2082/76
f 112/122/112 1814/2077/1814 1815/2078/1815 109/119/109
f 103/113/103 104/114/104 1812/2085/1812 1809/2167/1809
f 100/110/100 103/113/103 1809/2167/1809 1807/2168/1807
f 1884/2169/1884 100/110/100 1807/2168/1807 1805/2170/1805
f 101/111/101 100/110/100 1884/2169/1884 129/139/129
f 1803/2066/1803 1885/2171/1885 1884/2172/1884 1805/2068/1805
f 1886/2173/1886 129/139/129 1884/2169/1884 1885/2174/1885
f 128/138/128 129/139/129 1886/2173/1886 1887/2175/1887
f 215/234/215 187/202/187 1886/2173/1886 1885/2174/1885
f 186/201/186 1887/2175/1887 1886/2173/1886 187/202/187
f 138/148/138 128/138/128 1887/2175/1887 1888/2176/1888
f 185/200/185 1888/2176/1888 1887/2175/1887 186/201/186
f 1889/2177/1889 138/148/138 1888/2176/1888 1890/2178/1890
f 1891/2179/1891 1890/2178/1890 1888/2176/1888 185/200/185
f 1892/2180/1892 1890/2178/1890 1891/2179/1891 1893/2181/1893
f 174/189/174 173/188/173 1891/2179/1891 185/200/185
f 200/215/200 1893/2181/1893 1891/2179/1891 173/188/173
f 1894/2182/1894 1895/2183/1895 1892/2180/1892 1896/2184/1896
f 1889/2177/1889 1890/2178/1890 1892/2180/1892 1895/2183/1895
f 1897/2185/1897 1896/2184/1896 1892/2180/1892 1893/2181/1893
f 1898/2186/1898 1896/2187/1896 1897/2188/1897 1899/2189/1899
f 200/215/200 201/216/201 1897/2185/1897 1893/2181/1893
f 204/221/204 1899/2189/1899 1897/2188/1897 201/222/201
f 228/249/228 1900/2190/1900 1898/2186/1898 229/250/229
f 1894/2191/1894 1896/2187/1896 1898/2186/1898 1900/2190/1900
f 1901/2192/1901 229/250/229 1898/2186/1898 1899/2189/1899
f 226/247/226 229/250/229 1901/2192/1901 237/261/237
f 204/221/204 274/304/274 1901/2192/1901 1899/2189/1899
f 239/263/239 237/261/237 1901/2192/1901 274/304/274
f 1902/2193/1902 165/177/165 1900/2190/1900 228/249/228
f 164/180/164 1894/2191/1894 1900/2190/1900 165/177/165
f 164/176/164 163/175/163 1895/2183/1895 1894/2182/1894
f 1903/2194/1903 1889/2177/1889 1895/2183/1895 163/175/163
f 161/173/161 1904/2195/1904 1903/2194/1903 163/175/163
f 118/128/118 126/136/126 1903/2194/1903 1904/2195/1904
f 138/148/138 1889/2177/1889 1903/2194/1903 126/136/126
f 160/172/160 139/149/139 1904/2195/1904 161/173/161
f 117/127/117 118/128/118 1904/2195/1904 139/149/139
f 212/230/212 215/233/215 1885/2171/1885 1803/2066/1803
f 189/204/189 216/236/216 1792/2052/1792 1791/2051/1791
f 183/198/183 189/204/189 1791/2051/1791 1905/2196/1905
f 1906/2197/1906 1905/2196/1905 1791/2051/1791 1789/2049/1789
f 1907/2198/1907 1905/2196/1905 1906/2197/1906 1908/2199/1908
f 1786/2046/1786 269/299/269 1906/2197/1906 1789/2049/1789
f 265/295/265 1908/2199/1908 1906/2197/1906 269/299/269
f 172/187/172 175/190/175 1907/2198/1907 1909/2200/1909
f 183/198/183 1905/2196/1905 1907/2198/1907 175/190/175
f 1910/2201/1910 1909/2200/1909 1907/2198/1907 1908/2199/1908
f 176/191/176 1909/2200/1909 1910/2201/1910 1911/2202/1911
f 265/295/265 264/294/264 1910/2201/1910 1908/2199/1908
f 263/293/263 1911/2202/1911 1910/2201/1910 264/294/264
f 1912/2203/1912 1913/2204/1913 1911/2202/1911 263/293/263
f 177/192/177 176/191/176 1911/2202/1911 1913/2204/1913
f 241/265/241 240/264/240 1913/2204/1913 1912/2203/1912
f 182/197/182 177/192/177 1913/2204/1913 240/264/240
f 244/268/244 241/265/241 1912/2203/1912 252/279/252
f 253/280/253 252/279/252 1912/2203/1912 263/293/263
f 169/184/169 172/187/172 1909/2200/1909 176/191/176
f 256/283/256 269/299/269 1786/2046/1786 1788/2048/1788
f 257/284/257 256/283/256 1788/2048/1788 1468/1667/1468
f 260/289/260 257/284/257 1468/1667/1468 1466/1665/1466
f 1914/2205/1914 260/289/260 1466/1665/1466 1464/1660/1464
f 261/292/261 260/2206/260 1914/2207/1914 1915/2208/1915
f 1462/1657/1462 1461/1656/1461 1914/2207/1914 1464/2209/1464
f 1916/2210/1916 1915/2208/1915 1914/2207/1914 1461/1656/1461
f 1457/1650/1457 1448/1641/1448 1916/2210/1916 1461/1656/1461
f 1447/1640/1447 298/328/298 1916/2210/1916 1448/1641/1448
f 285/315/285 1915/2208/1915 1916/2210/1916 298/328/298
f 262/291/262 261/292/261 1915/2208/1915 285/315/285
f 299/329/299 298/328/298 1447/1640/1447 321/354/321
f 316/349/316 321/354/321 1445/1638/1445 667/724/667
f 650/704/650 653/707/653 1437/1630/1437 651/705/651
f 786/843/786 785/842/785 1429/1622/1429 868/932/868
f 872/936/872 871/935/871 1424/1617/1424 877/941/877
f 880/944/880 875/939/875 1421/1616/1421 1419/2211/1419
f 882/946/882 880/944/880 1419/2211/1419 885/949/885
f 903/973/903 1766/2022/1766 1413/2026/1413 904/974/904
f 944/1023/944 958/1037/958 1406/1586/1406 1404/1584/1404
f 1022/1109/1022 1040/1127/1040 1402/1582/1402 1016/1103/1016
f 1003/1090/1003 1004/1091/1004 1397/1577/1397 1396/1576/1396
f 1373/1547/1373 1372/1546/1372 1378/1552/1378 1375/1549/1375
f 1125/1219/1125 1124/1218/1124 1365/1944/1365 1363/2212/1363
f 1278/1423/1278 1125/2213/1125 1363/1534/1363 1361/1532/1361
f 1279/1420/1279 1278/1423/1278 1361/1532/1361 1339/1496/1339
f 1336/1493/1336 1279/1420/1279 1339/1496/1339 1337/1494/1337
f 1271/1409/1271 1272/1410/1272 1318/2214/1318 1183/2215/1183
f 1260/1394/1260 1259/1391/1259 1297/1443/1297 1292/1438/1292
f 1270/1416/1270 1294/1440/1294 1295/1441/1295 1275/1415/1275
f 1257/2216/1257 1260/1394/1260 1292/1438/1292 1291/1437/1291
f 1270/1406/1270 1269/1405/1269 1291/2217/1291 1294/2218/1294
f 1256/1386/1256 1257/1387/1257 1291/2217/1291 1269/1405/1269
f 1116/1209/1116 1112/1203/1112 1282/1428/1282 1285/1431/1285
f 1917/2219/1917 1268/1404/1268 1271/1409/1271 1918/2220/1918
f 1178/1286/1178 1918/2221/1918 1271/2222/1271 1183/1291/1183
f 1175/1283/1175 1173/1279/1173 1917/2219/1917 1919/2223/1919
f 1253/1379/1253 1268/1404/1268 1917/2219/1917 1173/1279/1173
f 1920/2224/1920 1919/2223/1919 1917/2219/1917 1918/2220/1918
f 1921/2225/1921 1919/2223/1919 1920/2224/1920 1131/1225/1131
f 1178/1286/1178 1177/1285/1177 1920/2226/1920 1918/2221/1918
f 1130/1226/1130 1131/2227/1131 1920/2226/1920 1177/1285/1177
f 1127/1221/1127 1175/1283/1175 1919/2223/1919 1921/2225/1921
f 1161/1385/1161 1256/1386/1256 1269/1405/1269 1266/1408/1266
f 1160/1380/1160 1161/2228/1161 1266/1402/1266 1253/1379/1253
f 1108/1199/1108 1109/1200/1109 1263/1399/1263 1262/1398/1262
f 1244/1366/1244 1254/1392/1254 1261/1395/1261 1248/1372/1248
f 1257/2216/1257 1258/2229/1258 1261/1395/1261 1260/1394/1260
f 1247/1371/1247 1248/1372/1248 1261/1395/1261 1258/2229/1258
f 1241/1360/1241 1255/1382/1255 1254/1381/1254 1244/2230/1244
f 1214/1323/1214 1235/2231/1235 1249/1373/1249 1251/1376/1251
f 1215/1324/1215 1214/1323/1214 1251/1376/1251 1922/2232/1922
f 1220/2233/1220 1922/2232/1922 1251/1376/1251 1233/1375/1233
f 1199/1307/1199 1215/1327/1215 1922/2234/1922 1218/1333/1218
f 1219/1334/1219 1218/1333/1218 1922/2234/1922 1220/1335/1220
f 1241/1360/1241 1242/1363/1242 1233/1350/1233 1255/1382/1255
f 1210/1326/1210 1234/2235/1234 1235/2231/1235 1214/1323/1214
f 1196/1304/1196 1189/2236/1189 1234/2237/1234 1210/1318/1210
f 1212/2238/1212 1220/2233/1220 1233/1375/1233 1190/2239/1190
f 1153/1256/1153 1150/1253/1150 1230/1345/1230 1923/2240/1923
f 1149/1252/1149 1182/1290/1182 1230/1345/1230 1150/1253/1150
f 1924/2241/1924 1923/2240/1923 1230/1345/1230 1231/1346/1231
f 1142/1241/1142 1923/2240/1923 1924/2241/1924 1141/1240/1141
f 1222/1337/1222 1221/1336/1221 1924/2241/1924 1231/1346/1231
f 1144/1244/1144 1141/1243/1141 1924/2242/1924 1221/2243/1221
f 1143/1242/1143 1153/1256/1153 1923/2240/1923 1142/1241/1142
f 1186/1294/1186 1222/1337/1222 1231/1346/1231 1179/1287/1179
f 1216/1328/1216 1229/2244/1229 1228/2245/1228 1208/1329/1208
f 1207/2246/1207 1208/2247/1208 1228/1351/1228 1187/1295/1187
f 1147/1249/1147 1144/1244/1144 1221/2243/1221 1224/2248/1224
f 1925/2249/1925 1164/1269/1164 1216/1328/1216 1213/1331/1213
f 1165/1270/1165 1229/2244/1229 1216/1328/1216 1164/1269/1164
f 1169/1274/1169 1926/2250/1926 1925/2251/1925 1166/1271/1166
f 1163/1268/1163 1164/1269/1164 1925/2249/1925 1926/2252/1926
f 1176/1284/1176 1166/1271/1166 1925/2251/1925 1213/1321/1213
f 1172/1277/1172 1206/1314/1206 1926/2250/1926 1169/1274/1169
f 1162/1265/1162 1163/1268/1163 1926/2252/1926 1206/2253/1206
f 1189/2236/1189 1196/1304/1196 1212/1320/1212 1190/2254/1190
f 1187/1295/1187 1162/1265/1162 1206/2253/1206 1207/2246/1207
f 1132/1227/1132 1180/1288/1180 1181/1289/1181 1134/1230/1134
f 1149/1252/1149 1155/1258/1155 1181/1289/1181 1182/1290/1182
f 1136/2255/1136 1134/1230/1134 1181/1289/1181 1155/1258/1155
f 1132/1227/1132 1130/1226/1130 1177/1285/1177 1180/1288/1180
f 1126/1220/1126 1136/1234/1136 1175/1283/1175 1127/1221/1127
f 1148/1251/1148 1154/1257/1154 1153/1256/1153 1143/1242/1143
f 1154/2256/1154 1224/2248/1224 1165/2257/1165 1151/2258/1151
f 1223/2259/1223 1229/2244/1229 1165/1270/1165 1224/2260/1224
f 1148/1250/1148 1147/1249/1147 1224/2248/1224 1154/2256/1154
f 1128/1222/1128 1127/1221/1127 1921/2225/1921 1131/1225/1131
f 1101/1192/1101 1103/1194/1103 1121/1215/1121 1122/1216/1122
f 1073/1162/1073 1090/1181/1090 1121/1215/1121 1103/1194/1103
f 1081/1171/1081 1105/1196/1105 1104/1195/1104 1082/1172/1082
f 1058/1145/1058 1073/1162/1073 1103/1194/1103 1097/1188/1097
f 1100/1191/1100 1099/1190/1099 1105/1196/1105 1081/1171/1081
f 1080/1169/1080 1927/2261/1927 1100/1191/1100 1081/1171/1081
f 1063/1150/1063 1098/1189/1098 1100/1191/1100 1927/2261/1927
f 1055/1142/1055 1084/1175/1084 1927/2261/1927 1080/1169/1080
f 1062/1149/1062 1063/1150/1063 1927/2261/1927 1084/1175/1084
f 1102/1193/1102 1105/1196/1105 1099/1190/1099 1097/1188/1097
f 1071/1160/1071 1082/1530/1082 1088/1179/1088 1070/1157/1070
f 1035/1122/1035 1085/1176/1085 1084/1175/1084 1055/1142/1055
f 1034/1121/1034 1061/1148/1061 1085/1176/1085 1035/1122/1035
f 1025/1112/1025 1024/1111/1024 1072/1161/1072 1057/1144/1057
f 1028/1115/1028 1051/1138/1051 1064/1151/1064 1029/1116/1029
f 1052/1139/1052 1065/1152/1065 1064/1151/1064 1051/1138/1051
f 1928/2262/1928 1929/2263/1929 1930/2264/1930 1931/2265/1931
f 721/778/721 722/779/722 1930/2264/1930 1929/2263/1929
f 1932/2266/1932 1933/2267/1933 1929/2263/1929 1928/2262/1928
f 718/775/718 721/778/721 1929/2263/1929 1933/2267/1933
f 1934/2268/1934 1935/2269/1935 1933/2267/1933 1932/2266/1932
f 744/801/744 718/775/718 1933/2267/1933 1935/2269/1935
f 1936/2270/1936 1937/2271/1937 1935/2269/1935 1934/2268/1934
f 751/808/751 744/801/744 1935/2269/1935 1937/2271/1937
f 1938/2272/1938 1939/2273/1939 1937/2271/1937 1936/2270/1936
f 1940/2274/1940 751/808/751 1937/2271/1937 1939/2273/1939
f 1941/2275/1941 1942/2276/1942 1940/2274/1940 1939/2273/1939
f 1943/2277/1943 1944/2278/1944 1940/2274/1940 1942/2276/1942
f 739/796/739 751/808/751 1940/2274/1940 1944/2278/1944
f 816/875/816 815/874/815 1944/2278/1944 1943/2277/1943
f 717/774/717 739/796/739 1944/2278/1944 815/874/815
f 1945/2279/1945 1946/2280/1946 1943/2277/1943 1942/2276/1942
f 817/877/817 816/875/816 1943/2277/1943 1946/2280/1946
f 1947/2281/1947 1948/2282/1948 1946/2280/1946 1945/2279/1945
f 839/901/839 817/877/817 1946/2280/1946 1948/2282/1948
f 933/1012/933 931/1008/931 1948/2282/1948 1947/2281/1947
f 840/1007/840 839/901/839 1948/2282/1948 931/1008/931
f 1949/2283/1949 1950/2284/1950 1947/2281/1947 1945/2279/1945
f 1951/2285/1951 933/1012/933 1947/2281/1947 1950/2284/1950
f 1952/2286/1952 1953/2287/1953 1951/2285/1951 1950/2284/1950
f 1954/2288/1954 1955/2289/1955 1951/2285/1951 1953/2287/1953
f 934/1013/934 933/1012/933 1951/2285/1951 1955/2289/1955
f 1956/2290/1956 1957/2291/1957 1955/2289/1955 1954/2288/1954
f 1958/2292/1958 934/1013/934 1955/2289/1955 1957/2291/1957
f 992/1079/992 1959/2293/1959 1957/2294/1957 1956/2295/1956
f 930/2296/930 1958/2297/1958 1957/2294/1957 1959/2293/1959
f 993/1080/993 1960/2298/1960 1959/2293/1959 992/1079/992
f 927/2299/927 930/2296/930 1959/2293/1959 1960/2298/1960
f 994/1081/994 1961/2300/1961 1960/2298/1960 993/1080/993
f 1962/2301/1962 927/2299/927 1960/2298/1960 1961/2300/1961
f 1046/1133/1046 1045/1132/1045 1962/2301/1962 1961/2300/1961
f 987/1073/987 984/1068/984 1962/2301/1962 1045/1132/1045
f 928/1067/928 927/2299/927 1962/2301/1962 984/1068/984
f 1963/2302/1963 1046/1133/1046 1961/2300/1961 994/1081/994
f 995/1082/995 996/1083/996 1956/2290/1956 1954/2288/1954
f 991/2303/991 992/2304/992 1956/2290/1956 996/1083/996
f 1964/2305/1964 995/1082/995 1954/2288/1954 1953/2287/1953
f 851/915/851 850/914/850 1964/2305/1964 1965/2306/1965
f 936/1015/936 995/1082/995 1964/2305/1964 850/914/850
f 1952/2286/1952 1965/2306/1965 1964/2305/1964 1953/2287/1953
f 1966/2307/1966 851/915/851 1965/2306/1965 1967/2308/1967
f 1968/2309/1968 1967/2308/1967 1965/2306/1965 1952/2286/1952
f 1969/2310/1969 1967/2308/1967 1968/2309/1968 1970/2311/1970
f 1950/2284/1950 1949/2283/1949 1968/2309/1968 1952/2286/1952
f 1941/2275/1941 1970/2311/1970 1968/2309/1968 1949/2283/1949
f 780/837/780 830/890/830 1969/2310/1969 1971/2312/1971
f 1966/2307/1966 1967/2308/1967 1969/2310/1969 830/890/830
f 1938/2272/1938 1971/2312/1971 1969/2310/1969 1970/2311/1970
f 767/824/767 780/837/780 1971/2312/1971 1972/2313/1972
f 1936/2270/1936 1972/2313/1972 1971/2312/1971 1938/2272/1938
f 734/791/734 767/824/767 1972/2313/1972 1973/2314/1973
f 1934/2268/1934 1973/2314/1973 1972/2313/1972 1936/2270/1936
f 733/790/733 734/791/734 1973/2314/1973 1974/2315/1974
f 1932/2266/1932 1974/2315/1974 1973/2314/1973 1934/2268/1934
f 731/788/731 733/790/733 1974/2315/1974 1975/2316/1975
f 1928/2262/1928 1975/2316/1975 1974/2315/1974 1932/2266/1932
f 1976/2317/1976 731/788/731 1975/2316/1975 1977/2318/1977
f 1931/2265/1931 1977/2318/1977 1975/2316/1975 1928/2262/1928
f 732/789/732 731/788/731 1976/2317/1976 1978/2319/1978
f 1939/2273/1939 1938/2272/1938 1970/2311/1970 1941/2275/1941
f 1942/2276/1942 1941/2275/1941 1949/2283/1949 1945/2279/1945
f 1979/2320/1979 1060/1147/1060 1061/1148/1061 1034/1121/1034
f 1037/1124/1037 1980/2321/1980 1979/2320/1979 1034/1121/1034
f 1010/1097/1010 1025/1112/1025 1979/2320/1979 1980/2321/1980
f 1057/1144/1057 1060/1147/1060 1979/2320/1979 1025/1112/1025
f 1033/1120/1033 972/1053/972 1980/2321/1980 1037/1124/1037
f 971/1052/971 1010/1097/1010 1980/2321/1980 972/1053/972
f 1053/1140/1053 1054/1141/1054 1083/1173/1083 1056/1143/1056
f 1027/1114/1027 1050/1137/1050 1051/1138/1051 1028/1115/1028
f 976/2322/976 975/2323/975 1981/2324/1981 1963/2302/1963
f 989/1076/989 976/2322/976 1963/2302/1963 994/1081/994
f 1027/1114/1027 981/1064/981 1049/1136/1049 1050/1137/1050
f 974/1057/974 1982/2325/1982 1049/1136/1049 981/1064/981
f 1983/2326/1983 1048/1135/1048 1049/1136/1049 1982/2325/1982
f 1045/1132/1045 1048/1135/1048 1983/2326/1983 987/1073/987
f 960/1039/960 1984/2327/1984 1983/2326/1983 1982/2325/1982
f 986/1074/986 987/1073/987 1983/2326/1983 1984/2327/1984
f 963/2328/963 1985/2329/1985 1984/2330/1984 960/2331/960
f 968/1049/968 986/1072/986 1984/2330/1984 1985/2329/1985
f 964/1043/964 1986/2332/1986 1985/2333/1985 963/1044/963
f 969/1050/969 968/1049/968 1985/2329/1985 1986/2334/1986
f 1987/2335/1987 1988/2336/1988 1986/2332/1986 964/1043/964
f 1989/2337/1989 969/2338/969 1986/2332/1986 1988/2336/1988
f 966/1047/966 969/1050/969 1989/2339/1989 967/1048/967
f 866/930/866 900/969/900 1989/2337/1989 1988/2336/1988
f 45/49/45 967/1048/967 1989/2339/1989 900/2340/900
f 865/929/865 866/930/866 1988/2336/1988 1987/2335/1987
f 925/1001/925 921/997/921 1987/2335/1987 964/1043/964
f 864/928/864 865/929/865 1987/2335/1987 921/997/921
f 961/1040/961 960/1039/960 1982/2325/1982 974/1057/974
f 982/1065/982 981/1064/981 1027/1114/1027 1012/1099/1012
f 898/967/898 899/968/899 1003/1090/1003 916/986/916
f 946/1025/946 978/2341/978 997/1972/997 949/1028/949
f 988/2342/988 991/2303/991 996/1083/996 977/1060/977
f 946/1025/946 945/1024/945 975/2343/975 978/2341/978
f 44/48/44 905/975/905 967/1048/967 45/49/45
f 896/965/896 895/964/895 932/1011/932 909/979/909
f 1990/2344/1990 910/980/910 911/981/911 838/900/838
f 1990/2344/1990 896/965/896 909/979/909 910/980/910
f 832/892/832 903/973/903 902/972/902 834/894/834
f 832/892/832 831/891/831 1765/2021/1765 903/973/903
f 854/918/854 49/55/49 900/969/900 866/930/866
f 889/2345/889 892/959/892 893/962/893 862/993/862
f 891/2346/891 888/960/888 892/959/892 889/2345/889
f 862/926/862 863/927/863 890/956/890 889/955/889
f 883/2347/883 888/960/888 891/2346/891 879/2348/879
f 787/844/787 786/843/786 868/932/868 867/931/867
f 48/52/48 49/55/49 854/918/854 853/917/853
f 779/836/779 1991/2349/1991 841/905/841 777/834/777
f 1992/2350/1992 1993/2351/1993 841/905/841 1991/2349/1991
f 758/815/758 761/818/761 1992/2350/1992 1991/2349/1991
f 798/855/798 824/884/824 1992/2350/1992 761/818/761
f 825/885/825 1993/2351/1993 1992/2350/1992 824/884/824
f 776/833/776 758/815/758 1991/2349/1991 779/836/779
f 33/33/33 32/32/32 831/891/831 833/893/833
f 829/889/829 851/915/851 1966/2307/1966 830/890/830
f 818/878/818 821/881/821 824/884/824 798/855/798
f 774/831/774 1994/2352/1994 819/879/819 818/878/818
f 792/849/792 793/850/793 819/879/819 1994/2352/1994
f 773/830/773 1995/2353/1995 1994/2352/1994 774/831/774
f 706/763/706 792/849/792 1994/2352/1994 1995/2353/1995
f 772/829/772 1996/2354/1996 1995/2353/1995 773/830/773
f 703/760/703 706/763/706 1995/2353/1995 1996/2354/1996
f 762/819/762 774/831/774 818/878/818 798/855/798
f 714/771/714 717/774/717 815/874/815 814/876/814
f 696/753/696 714/2355/714 814/871/814 710/767/710
f 803/860/803 802/859/802 811/873/811 810/897/810
f 711/768/711 710/767/710 811/873/811 802/859/802
f 705/762/705 791/848/791 792/849/792 706/763/706
f 790/847/790 1657/1892/1657 822/882/822 793/850/793
f 1657/1892/1657 827/887/827 823/883/823 822/882/822
f 705/762/705 708/765/708 788/845/788 791/848/791
f 754/811/754 770/827/770 776/833/776 775/832/775
f 1997/2356/1997 771/828/771 763/820/763 748/805/748
f 747/804/747 1998/2357/1998 1997/2356/1997 748/805/748
f 753/810/753 1999/2358/1999 1998/2357/1998 747/804/747
f 757/814/757 2000/2359/2000 1999/2358/1999 753/810/753
f 725/782/725 728/785/728 2000/2359/2000 757/814/757
f 699/756/699 700/757/700 741/2360/741 715/2361/715
f 696/753/696 699/756/699 715/2361/715 714/2355/714
f 649/703/649 2001/2362/2001 713/770/713 2002/2363/2002
f 702/759/702 697/754/697 713/770/713 2001/2362/2001
f 654/708/654 2002/2363/2002 713/770/713 712/769/712
f 2003/2364/2003 680/737/680 685/742/685 612/660/612
f 611/659/611 599/642/599 2003/2364/2003 612/660/612
f 600/645/600 629/680/629 2003/2364/2003 599/642/599
f 628/679/628 680/737/680 2003/2364/2003 629/680/629
f 318/351/318 317/350/317 677/734/677 322/355/322
f 302/332/302 303/333/303 2004/2365/2004 2005/2366/2005
f 330/363/330 329/362/329 674/731/674 624/675/624
f 337/372/337 336/371/336 674/731/674 329/362/329
f 632/683/632 636/687/636 674/731/674 336/371/336
f 625/676/625 647/701/647 655/709/655 628/679/628
f 615/664/615 617/667/617 647/701/647 625/676/625
f 268/298/268 251/278/251 642/693/642 643/694/643
f 250/277/250 290/320/290 642/693/642 251/278/251
f 291/321/291 639/690/639 642/693/642 290/320/290
f 315/348/315 324/357/324 643/694/643 637/688/637
f 336/371/336 335/370/335 630/681/630 632/683/632
f 2006/2367/2006 295/325/295 630/681/630 335/370/335
f 294/324/294 297/327/297 630/681/630 295/325/295
f 338/373/338 2007/2368/2007 2006/2367/2006 335/370/335
f 277/307/277 276/306/276 2006/2367/2006 2007/2368/2007
f 292/322/292 295/325/295 2006/2367/2006 276/306/276
f 326/359/326 325/358/325 2007/2368/2007 338/373/338
f 282/312/282 277/307/277 2007/2368/2007 325/358/325
f 627/678/627 626/677/626 629/680/629 600/645/600
f 586/629/586 598/641/598 627/2369/627 600/2370/600
f 616/2371/616 615/2372/615 627/2369/627 598/641/598
f 296/326/296 302/332/302 2005/2366/2005 635/686/635
f 2008/2373/2008 343/378/343 620/696/620 613/2374/613
f 605/650/605 2009/2375/2009 2008/2376/2008 613/662/613
f 2010/2377/2010 2011/2378/2011 2008/2376/2008 2009/2375/2009
f 342/377/342 343/378/343 2008/2373/2008 2011/2379/2011
f 2012/2380/2012 2013/2381/2013 2011/2378/2011 2010/2377/2010
f 339/374/339 342/377/342 2011/2379/2011 2013/2382/2013
f 2014/2383/2014 2015/2384/2015 2016/2385/2016 2017/2386/2017
f 2018/2387/2018 2019/2388/2019 2016/2385/2016 2015/2384/2015
f 577/619/577 576/618/576 2018/2387/2018 2015/2384/2015
f 2020/2389/2020 548/589/548 2018/2387/2018 576/618/576
f 549/590/549 2019/2388/2019 2018/2387/2018 548/589/548
f 2021/2390/2021 577/619/577 2015/2384/2015 2014/2383/2014
f 605/650/605 606/651/606 2021/2390/2021 2009/2375/2009
f 575/617/575 577/619/577 2021/2390/2021 606/651/606
f 2010/2377/2010 2009/2375/2009 2021/2390/2021 2014/2383/2014
f 2012/2380/2012 2010/2377/2010 2014/2383/2014 2017/2386/2017
f 597/640/597 2022/2391/2022 616/2371/616 598/641/598
f 2023/2392/2023 614/663/614 616/2371/616 2022/2391/2022
f 569/611/569 566/608/566 2023/2392/2023 2022/2391/2022
f 562/604/562 601/646/601 2023/2392/2023 566/608/566
f 604/649/604 614/663/614 2023/2392/2023 601/646/601
f 570/612/570 569/611/569 2022/2391/2022 597/640/597
f 592/2393/592 2024/2394/2024 611/2395/611 593/2396/593
f 587/643/587 599/642/599 611/659/611 2024/2397/2024
f 602/647/602 575/617/575 606/651/606 603/648/603
f 562/604/562 561/603/561 602/647/602 601/646/601
f 567/609/567 575/617/575 602/647/602 561/603/561
f 2025/2398/2025 570/612/570 597/640/597 585/628/585
f 582/625/582 532/573/532 2025/2398/2025 585/628/585
f 531/572/531 2026/2399/2026 2025/2398/2025 532/573/532
f 560/602/560 570/612/570 2025/2398/2025 2026/2399/2026
f 496/534/496 534/575/534 2026/2399/2026 531/572/531
f 535/576/535 560/602/560 2026/2399/2026 534/575/534
f 578/620/578 556/598/556 595/638/595 594/637/594
f 553/595/553 521/562/521 595/638/595 556/598/556
f 520/561/520 581/623/581 595/638/595 521/562/521
f 584/627/584 587/630/587 571/613/571 574/616/574
f 572/624/572 571/2400/571 592/635/592 580/622/580
f 571/613/571 587/630/587 2024/2394/2024 592/2393/592
f 517/558/517 532/573/532 582/625/582 550/592/550
f 507/591/507 550/592/550 584/627/584 574/616/574
f 581/623/581 580/622/580 591/634/591 590/633/590
f 518/559/518 2027/2401/2027 579/621/579 520/561/520
f 499/537/499 529/570/529 579/621/579 2027/2401/2027
f 491/529/491 2028/2402/2028 2027/2401/2027 518/559/518
f 458/496/458 499/537/499 2027/2401/2027 2028/2402/2028
f 489/527/489 2029/2403/2029 2028/2402/2028 491/529/491
f 454/492/454 458/496/458 2028/2402/2028 2029/2403/2029
f 506/2404/506 573/615/573 572/614/572 529/2405/529
f 506/2404/506 507/591/507 574/616/574 573/615/573
f 542/583/542 541/582/541 565/607/565 559/601/559
f 545/586/545 548/589/548 2020/2389/2020 568/610/568
f 539/580/539 542/583/542 557/599/557 2030/2406/2030
f 2031/2407/2031 2030/2406/2030 557/599/557 536/577/536
f 2032/2408/2032 2033/2409/2033 537/578/537 503/541/503
f 2034/2410/2034 547/588/547 537/578/537 2033/2409/2033
f 500/538/500 2035/2411/2035 2032/2408/2032 503/541/503
f 469/507/469 2036/2412/2036 2035/2411/2035 500/538/500
f 472/510/472 2037/2413/2037 2036/2412/2036 469/507/469
f 473/511/473 2038/2414/2038 2037/2413/2037 472/510/472
f 2039/2415/2039 2040/2416/2040 2038/2414/2038 473/511/473
f 450/488/450 2041/2417/2041 2042/2418/2042 448/486/448
f 2039/2415/2039 448/486/448 2042/2418/2042 2040/2416/2040
f 383/418/383 2043/2419/2043 2041/2417/2041 450/488/450
f 386/421/386 2044/2420/2044 2043/2419/2043 383/418/383
f 387/2421/387 2045/2422/2045 2044/2423/2044 386/2424/386
f 2046/2425/2046 2047/2426/2047 2045/2422/2045 387/2421/387
f 369/404/369 368/403/368 2048/2427/2048 2049/2428/2049
f 2046/2425/2046 2049/2428/2049 2048/2427/2048 2047/2426/2047
f 370/405/370 369/404/369 2049/2428/2049 2050/2429/2050
f 2051/2430/2051 2050/2429/2050 2049/2428/2049 2046/2425/2046
f 403/441/403 2050/2429/2050 2051/2430/2051 2052/2431/2052
f 387/2421/387 388/425/388 2051/2430/2051 2046/2425/2046
f 389/424/389 2052/2431/2052 2051/2430/2051 388/425/388
f 404/442/404 403/441/403 2052/2431/2052 2053/2432/2053
f 439/477/439 2053/2432/2053 2052/2431/2052 389/424/389
f 356/391/356 404/442/404 2053/2432/2053 353/388/353
f 440/478/440 353/388/353 2053/2432/2053 439/477/439
f 401/439/401 370/405/370 2050/2429/2050 403/441/403
f 449/487/449 448/486/448 2039/2415/2039 464/502/464
f 474/512/474 464/502/464 2039/2415/2039 473/511/473
f 494/532/494 496/534/496 531/572/531 516/557/516
f 2054/2433/2054 484/522/484 530/571/530 508/546/508
f 487/549/487 427/465/427 2054/2433/2054 508/546/508
f 426/464/426 453/491/453 2054/2433/2054 427/465/427
f 459/497/459 484/522/484 2054/2433/2054 453/491/453
f 509/550/509 512/553/512 527/568/527 528/569/528
f 513/554/513 2055/2434/2055 527/568/527 512/553/512
f 2056/2435/2056 526/567/526 527/568/527 2055/2434/2055
f 479/517/479 526/567/526 2056/2435/2056 2057/2436/2057
f 15/15/15 479/517/479 2057/2436/2057 16/16/16
f 495/533/495 493/531/493 2030/2406/2030 2031/2407/2031
f 2058/2437/2058 2059/2438/2059 2060/2439/2060 552/594/552
f 504/542/504 505/543/505 2060/2439/2060 2059/2438/2059
f 553/595/553 552/594/552 519/560/519 521/562/521
f 519/560/519 552/594/552 2060/2439/2060 505/543/505
f 443/481/443 444/482/444 2059/2438/2059 2058/2437/2058
f 2061/2440/2061 504/542/504 2059/2438/2059 444/482/444
f 434/472/434 429/467/429 2061/2440/2061 444/482/444
f 428/466/428 483/521/483 2061/2440/2061 429/467/429
f 468/506/468 504/542/504 2061/2440/2061 483/521/483
f 481/519/481 478/516/478 2058/2437/2058 552/594/552
f 442/480/442 443/481/443 2058/2437/2058 478/516/478
f 502/540/502 540/581/540 493/531/493 475/513/475
f 540/581/540 539/580/539 2030/2406/2030 493/531/493
f 456/494/456 2029/2403/2029 489/527/489 455/493/455
f 392/431/392 427/465/427 487/549/487 436/2441/436
f 350/385/350 349/384/349 483/521/483 428/466/428
f 11/11/11 411/449/411 476/514/476 12/12/12
f 413/451/413 442/480/442 476/514/476 411/449/411
f 464/502/464 474/512/474 475/513/475 465/503/465
f 353/388/353 440/478/440 441/479/441 354/389/354
f 390/427/390 420/458/420 439/477/439 389/424/389
f 359/394/359 433/471/433 437/475/437 357/392/357
f 351/386/351 350/385/350 428/466/428 431/469/431
f 358/393/358 357/392/357 416/454/416 406/444/406
f 394/432/394 2062/2442/2062 417/455/417 395/433/395
f 5/5/5 2063/2443/2063 417/455/417 2062/2442/2062
f 405/443/405 406/444/406 417/455/417 2063/2443/2063
f 1/1/1 372/407/372 2063/2443/2063 5/5/5
f 378/413/378 405/443/405 2063/2443/2063 372/407/372
f 400/438/400 380/415/380 2062/2442/2062 394/432/394
f 6/6/6 5/5/5 2062/2442/2062 380/415/380
f 407/445/407 2064/2444/2064 412/450/412 408/446/408
f 2065/2445/2065 2066/2446/2066 412/450/412 2064/2444/2064
f 398/436/398 399/437/399 412/450/412 2066/2446/2066
f 8/8/8 7/7/7 2066/2446/2066 2065/2445/2065
f 400/438/400 398/436/398 2066/2446/2066 7/7/7
f 371/406/371 370/405/370 401/439/401 382/417/382
f 10/10/10 380/415/380 400/438/400 7/7/7
f 621/695/621 344/379/344 2067/2447/2067 658/713/658
f 341/376/341 340/375/340 2067/2447/2067 344/379/344
f 2068/2448/2068 282/312/282 325/358/325 328/361/328
f 283/313/283 2069/2449/2069 2068/2450/2068 328/2451/328
f 255/282/255 258/2452/258 2068/2453/2068 2069/2454/2069
f 281/311/281 282/312/282 2068/2448/2068 258/285/258
f 245/269/245 244/268/244 2069/2454/2069 283/2455/283
f 252/279/252 255/282/255 2069/2454/2069 244/268/244
f 284/314/284 283/313/283 328/2451/328 327/366/327
f 293/323/293 289/319/289 302/332/302 296/326/296
f 288/318/288 289/319/289 293/323/293 292/322/292
f 279/309/279 288/318/288 292/322/292 276/306/276
f 247/273/247 248/274/248 290/320/290 250/277/250
f 258/285/258 259/288/259 280/310/280 281/311/281
f 204/221/204 203/218/203 275/305/275 274/304/274
f 202/217/202 266/296/266 275/305/275 203/218/203
f 207/225/207 243/267/243 246/2456/246 209/227/209
f 207/225/207 182/197/182 240/264/240 243/267/243
f 218/239/218 220/241/220 236/260/236 224/245/224
f 166/178/166 165/177/165 1902/2193/1902 199/214/199
f 170/185/170 192/207/192 200/215/200 173/188/173
f 169/184/169 178/193/178 192/207/192 170/185/170
f 148/160/148 152/182/152 167/181/167 149/161/149
f 137/147/137 136/146/136 151/163/151 150/162/150
f 83/93/83 80/90/80 143/153/143 142/152/142
f 120/130/120 83/2457/83 142/155/142 125/135/125
f 84/2126/84 83/2457/83 120/130/120 119/129/119
f 2070/2458/2070 2071/2459/2071 54/61/54 50/60/50
f 2072/2460/2072 53/64/53 54/61/54 2071/2459/2071
f 42/44/42 39/47/39 2072/2460/2072 2071/2459/2071
f 38/40/38 2070/2458/2070 2072/2461/2072 39/41/39
f 50/60/50 53/2462/53 2072/2461/2072 2070/2458/2070
f 38/40/38 42/44/42 2071/2459/2071 2070/2458/2070
f 38/40/38 41/43/41 43/45/43 42/44/42
f 732/789/732 1978/2319/1978 727/784/727 726/783/726
f 2031/2407/2031 536/577/536 533/574/533 495/533/495
f 423/461/423 436/474/436 457/495/457 424/462/424
f 377/412/377 374/409/374 365/400/365 371/406/371
f 2029/2403/2029 456/494/456 422/460/422 454/492/454
f 519/560/519 505/543/505 467/505/467 492/530/492
f 2002/2363/2002 654/708/654 650/704/650 649/703/649
f 1993/2351/1993 825/885/825 826/886/826 841/905/841
f 1990/2344/1990 838/900/838 836/896/836 896/965/896
f 1764/2020/1764 1766/2022/1766 903/973/903 1765/2021/1765
f 1958/2463/1958 930/1006/930 929/1005/929 934/2464/934
f 568/610/568 564/606/564 546/587/546 545/586/545
f 576/618/576 567/609/567 568/610/568 2020/2389/2020
f 989/1076/989 988/1075/988 977/2465/977 976/2322/976
f 354/389/354 441/479/441 432/470/432 359/394/359
f 670/727/670 678/735/678 668/725/668 667/724/667
f 894/963/894 922/998/922 923/999/923 919/992/919
f 133/143/133 132/142/132 135/145/135 134/144/134
f 235/259/235 234/258/234 238/262/238 236/260/236
f 338/373/338 337/372/337 329/362/329 326/359/326
f 9/9/9 2073/2466/2073 381/416/381 10/10/10
f 2074/2467/2074 6/6/6 381/416/381 2073/2466/2073
f 23/23/23 22/22/22 27/27/27 2075/2468/2075
f 93/103/93 2076/2469/2076 102/112/102 94/104/94
f 88/98/88 87/97/87 2076/2469/2076 93/103/93
f 153/165/153 115/125/115 2077/2470/2077 154/166/154
f 115/125/115 99/109/99 139/149/139 2077/2470/2077
f 147/159/147 157/169/157 112/122/112 113/123/113
f 137/147/137 150/162/150 196/211/196 197/212/197
f 199/214/199 219/240/219 158/170/158 205/223/205
f 220/241/220 219/240/219 199/214/199 1902/2193/1902
f 1784/2044/1784 1783/2043/1783 1782/2042/1782 1775/2035/1775
f 675/732/675 2078/2471/2078 1784/2044/1784 1772/2032/1772
f 1784/2044/1784 2078/2471/2078 672/729/672 1783/2043/1783
f 1066/1153/1066 1065/1152/1065 1056/2472/1056 1083/2473/1083
f 2079/2474/2079 2080/2475/2080 1052/1139/1052 1047/1134/1047
f 2079/2474/2079 1047/1134/1047 1046/1133/1046 1963/2302/1963
f 2080/2475/2080 1056/2472/1056 1065/1152/1065 1052/1139/1052
f 2079/2474/2079 2081/2476/2081 1056/2472/1056 2080/2475/2080
f 1981/2324/1981 2081/2476/2081 2079/2474/2079 1963/2302/1963
f 652/706/652 654/708/654 712/769/712 808/865/808
f 1436/1629/1436 653/707/653 808/865/808 809/866/809
f 805/862/805 808/865/808 712/769/712 711/768/711
f 227/248/227 220/241/220 1902/2193/1902 228/249/228
f 410/448/410 399/437/399 396/434/396 414/452/414
f 769/826/769 750/807/750 749/806/749 770/827/770
f 766/823/766 765/822/765 760/817/760 759/816/759
f 945/1024/945 2082/2477/2082 1981/2478/1981 975/2343/975
f 1056/2472/1056 2081/2476/2081 1981/2324/1981 2082/2479/2082
f 2083/2480/2083 3/3/3 2/2/2 2084/2481/2084
f 2084/2481/2084 2/2/2 2085/2482/2085 2086/2483/2086
f 2087/2484/2087 9/9/9 8/8/8 2088/2485/2088
f 14/14/14 13/13/13 2089/2486/2089 2090/2487/2090
f 2089/2486/2089 13/13/13 16/16/16 2091/2488/2091
f 2092/2489/2092 19/19/19 2093/2490/2093 2094/2491/2094
f 24/24/24 23/23/23 2095/2492/2095 2096/2493/2096
f 2097/2494/2097 26/26/26 25/25/25 2095/2492/2095
f 31/2495/31 30/2496/30 2098/2497/2098 2099/2498/2099
f 2098/2497/2098 30/2496/30 33/2499/33 2100/2500/2100
f 2101/2501/2101 36/38/36 35/37/35 2102/2502/2102
f 2103/2503/2103 2104/2504/2104 2105/2505/2105 2106/2506/2106
f 2105/2505/2105 2104/2504/2104 2107/2507/2107 2108/2508/2108
f 2107/2509/2107 2104/2510/2104 2109/2511/2109 2110/2512/2110
f 2111/2513/2111 2104/2514/2104 2103/2515/2103 2112/2516/2112
f 2113/2517/2113 2104/2510/2104 2111/2518/2111 2114/2519/2114
f 2115/2520/2115 2116/2521/2116 2117/2522/2117 2118/2523/2118
f 2117/2522/2117 2119/2524/2119 2120/2525/2120 2118/2523/2118
f 2120/2526/2120 2119/2527/2119 2116/2528/2116 2115/2529/2115
f 2121/2530/2121 2122/2531/2122 2123/2532/2123 2124/2533/2124
f 2123/2532/2123 2122/2531/2122 2125/2534/2125 2126/2535/2126
f 2125/2534/2125 2122/2531/2122 2121/2530/2121 2127/2536/2127
f 2128/2537/2128 2129/2538/2129 2130/2539/2130 2131/2540/2131
f 2130/2539/2130 2129/2538/2129 2132/2541/2132 2133/2542/2133
f 2132/2541/2132 2129/2538/2129 2128/2537/2128 2134/2543/2134
f 2135/2544/2135 2136/2545/2136 2137/2546/2137 2138/2547/2138
f 2139/2548/2139 2140/2549/2140 2137/2546/2137 2136/2545/2136
f 2137/2546/2137 2140/2549/2140 2141/2550/2141 2142/2551/2142
f 2141/2550/2141 2140/2549/2140 2139/2548/2139 2143/2552/2143
f 2144/2553/2144 2145/2554/2145 2146/2555/2146 2147/2556/2147
f 2146/2555/2146 2145/2554/2145 2148/2557/2148 2149/2558/2149
f 2148/2557/2148 2145/2554/2145 2144/2553/2144 2150/2559/2150
f 2151/2560/2151 2152/2561/2152 2153/2562/2153 2154/2563/2154
f 2155/2564/2155 2152/2561/2152 2151/2560/2151 2156/2565/2156
f 2157/2566/2157 2152/2561/2152 2155/2564/2155 2158/2567/2158
f 2157/2566/2157 2158/2567/2158 2159/2568/2159 2160/2569/2160
f 2161/2570/2161 2158/2571/2158 2162/2572/2162 2163/2573/2163
f 2159/2574/2159 2158/2571/2158 2161/2570/2161 2164/2575/2164
f 2165/2576/2165 2166/2577/2166 2167/2578/2167 2168/2579/2168
f 2169/2580/2169 2166/2577/2166 2165/2576/2165 2170/2581/2170
f 2171/2582/2171 2172/2583/2172 2173/2584/2173 2174/2585/2174
f 2173/2584/2173 2172/2583/2172 2175/2586/2175 2176/2587/2176
f 2177/2588/2177 2172/2583/2172 2171/2582/2171 2178/2589/2178
f 2174/2585/2174 2173/2584/2173 2176/2587/2176 2179/2590/2179
f 2164/2575/2164 2161/2570/2161 2163/2573/2163 2180/2591/2180
f 2160/2569/2160 2181/2592/2181 2167/2578/2167 2166/2577/2166
f 2182/2593/2182 2181/2592/2181 2160/2569/2160 2159/2568/2159
f 2167/2578/2167 2181/2592/2181 2182/2593/2182 2183/2594/2183
f 2184/2595/2184 2185/2596/2185 2186/2597/2186 2187/2598/2187
f 2188/2599/2188 2185/2596/2185 2184/2595/2184 2189/2600/2189
f 2186/2597/2186 2185/2596/2185 2188/2599/2188 2190/2601/2190
f 2191/2602/2191 2167/2578/2167 2183/2594/2183 2192/2603/2192
f 2193/2604/2193 2167/2578/2167 2191/2602/2191 2194/2605/2194
f 2195/2606/2195 2196/2607/2196 2197/2608/2197 2198/2609/2198
f 2199/2610/2199 2200/2611/2200 2201/2612/2201 2202/2613/2202
f 2197/2608/2197 2196/2607/2196 2201/2612/2201 2200/2611/2200
f 2194/2605/2194 2191/2602/2191 2192/2603/2192 2203/2614/2203
f 2159/2574/2159 2164/2575/2164 2204/2615/2204 2182/2616/2182
f 2205/2617/2205 2206/2618/2206 2207/2619/2207 2208/2620/2208
f 2207/2619/2207 2206/2618/2206 2190/2601/2190 2209/2621/2209
f 2177/2588/2177 2210/2622/2210 2211/2623/2211 2212/2624/2212
f 2211/2623/2211 2210/2622/2210 2202/2613/2202 2195/2606/2195
f 2207/2619/2207 2209/2621/2209 2213/2625/2213 2214/2626/2214
f 2213/2625/2213 2209/2621/2209 2215/2627/2215 2216/2628/2216
f 2215/2627/2215 2209/2621/2209 2190/2601/2190 2188/2599/2188
f 2215/2627/2215 2188/2599/2188 2189/2600/2189 2200/2611/2200
f 2217/2629/2217 2218/2630/2218 2219/2631/2219 2220/2632/2220
f 2210/2622/2210 2221/2633/2221 2222/2634/2222 2202/2613/2202
f 2222/2634/2222 2221/2633/2221 2223/2635/2223 2224/2636/2224
f 2225/2637/2225 2217/2629/2217 2226/2638/2226 2227/2639/2227
f 2226/2638/2226 2217/2629/2217 2228/2640/2228 2229/2641/2229
f 2228/2640/2228 2217/2629/2217 2230/2642/2230 2231/2643/2231
f 2232/2644/2232 2217/2629/2217 2220/2632/2220 2233/2645/2233
f 2234/2646/2234 2235/2647/2235 2236/2648/2236 2237/2649/2237
f 2236/2648/2236 2235/2647/2235 2238/2650/2238 2239/2651/2239
f 2238/2650/2238 2235/2647/2235 2234/2646/2234 2240/2652/2240
f 2237/2649/2237 2241/2653/2241 2242/2654/2242 2243/2655/2243
f 2244/2656/2244 2241/2653/2241 2245/2657/2245 2246/2658/2246
f 2242/2654/2242 2241/2653/2241 2244/2656/2244 2247/2659/2247
f 2248/2660/2248 2238/2661/2238 2240/2662/2240 2249/2663/2249
f 2238/2661/2238 2248/2660/2248 2250/2664/2250 2251/2665/2251
f 2250/2664/2250 2248/2660/2248 2252/2666/2252 2253/2667/2253
f 2252/2666/2252 2248/2660/2248 2249/2663/2249 2254/2668/2254
f 2230/2642/2230 2217/2629/2217 2255/2669/2255 2256/2670/2256
f 2257/2671/2257 2245/2657/2245 2241/2653/2241 2258/2672/2258
f 2246/2658/2246 2245/2657/2245 2257/2671/2257 2259/2673/2259
f 2260/2674/2260 2256/2670/2256 2255/2669/2255 2261/2675/2261
f 2262/2676/2262 2256/2670/2256 2260/2674/2260 2263/2677/2263
f 2216/2628/2216 2261/2675/2261 2233/2645/2233 2213/2625/2213
f 2222/2634/2222 2263/2677/2263 2199/2610/2199 2202/2613/2202
f 2230/2642/2230 2256/2670/2256 2262/2676/2262 2264/2678/2264
f 2265/2679/2265 2257/2671/2257 2258/2672/2258 2266/2680/2266
f 2259/2673/2259 2257/2671/2257 2267/2681/2267 2268/2682/2268
f 2267/2681/2267 2257/2671/2257 2265/2679/2265 2269/2683/2269
f 2264/2678/2264 2262/2676/2262 2270/2684/2270 2271/2685/2271
f 2244/2656/2244 2272/2686/2272 2273/2687/2273 2247/2659/2247
f 2273/2687/2273 2272/2686/2272 2274/2688/2274 2275/2689/2275
f 2274/2688/2274 2272/2686/2272 2244/2656/2244 2246/2658/2246
f 2270/2684/2270 2276/2690/2276 2224/2636/2224 2271/2685/2271
f 2262/2676/2262 2263/2677/2263 2276/2690/2276 2270/2684/2270
f 2224/2636/2224 2276/2690/2276 2263/2677/2263 2222/2634/2222
f 2277/2691/2277 2278/2692/2278 2279/2693/2279 2280/2694/2280
f 2252/2666/2252 2278/2692/2278 2277/2691/2277 2253/2667/2253
f 2281/2695/2281 2278/2692/2278 2252/2666/2252 2254/2668/2254
f 2279/2693/2279 2278/2692/2278 2281/2695/2281 2282/2696/2282
f 2283/2697/2283 2284/2698/2284 2224/2636/2224 2285/2699/2285
f 2286/2700/2286 2224/2636/2224 2223/2635/2223 2287/2701/2287
f 2285/2699/2285 2224/2636/2224 2286/2700/2286 2288/2702/2288
f 2285/2699/2285 2288/2702/2288 2289/2703/2289 2290/2704/2290
f 2291/2705/2291 2292/2706/2292 2293/2707/2293 2294/2708/2294
f 2259/2673/2259 2295/2709/2295 2274/2688/2274 2246/2658/2246
f 2274/2688/2274 2295/2709/2295 2296/2710/2296 2275/2689/2275
f 2288/2702/2288 2286/2700/2286 2287/2701/2287 2289/2703/2289
f 2290/2704/2290 2289/2703/2289 2297/2711/2297 2298/2712/2298
f 2294/2708/2294 2293/2707/2293 2299/2713/2299 2300/2714/2300
f 2299/2713/2299 2293/2707/2293 2283/2697/2283 2301/2715/2301
f 2294/2708/2294 2300/2714/2300 2302/2716/2302 2303/2717/2303
f 2296/2710/2296 2295/2709/2295 2259/2673/2259 2268/2682/2268
f 2298/2712/2298 2304/2718/2304 2301/2715/2301 2290/2704/2290
f 2303/2717/2303 2302/2716/2302 2301/2715/2301 2304/2718/2304
f 2305/2719/2305 2306/2720/2306 2307/2721/2307 2308/2722/2308
f 2307/2721/2307 2306/2720/2306 2309/2723/2309 2310/2724/2310
f 2311/2725/2311 2306/2720/2306 2305/2719/2305 2312/2726/2312
f 2309/2723/2309 2306/2720/2306 2311/2725/2311 2313/2727/2313
f 2275/2689/2275 2296/2710/2296 2314/2728/2314 2312/2726/2312
f 2314/2728/2314 2296/2710/2296 2315/2729/2315 2316/2730/2316
f 2317/2731/2317 2318/2732/2318 2319/2733/2319 2320/2734/2320
f 2319/2735/2319 2318/2736/2318 2321/2737/2321 2322/2738/2322
f 2323/2739/2323 2318/2732/2318 2317/2731/2317 2324/2740/2324
f 2321/2737/2321 2318/2736/2318 2325/2741/2325 2326/2742/2326
f 2325/2743/2325 2318/2732/2318 2323/2739/2323 2327/2744/2327
f 2328/2745/2328 2329/2746/2329 2330/2747/2330 2319/2733/2319
f 2331/2748/2331 2296/2710/2296 2268/2682/2268 2332/2749/2332
f 2315/2729/2315 2296/2710/2296 2331/2748/2331 2333/2750/2333
f 2312/2726/2312 2314/2728/2314 2316/2730/2316 2311/2725/2311
f 2328/2751/2328 2319/2735/2319 2322/2738/2322 2334/2752/2334
f 2335/2753/2335 2336/2754/2336 2304/2718/2304 2298/2712/2298
f 2337/2755/2337 2336/2754/2336 2335/2753/2335 2338/2756/2338
f 2304/2718/2304 2336/2754/2336 2339/2757/2339 2340/2758/2340
f 2339/2757/2339 2336/2754/2336 2337/2755/2337 2332/2749/2332
f 2341/2759/2341 2342/2760/2342 2343/2761/2343 2344/2762/2344
f 2345/2763/2345 2342/2760/2342 2341/2759/2341 2346/2764/2346
f 2343/2761/2343 2342/2760/2342 2345/2763/2345 2347/2765/2347
f 2313/2727/2313 2348/2766/2348 2349/2767/2349 2309/2723/2309
f 2327/2744/2327 2350/2768/2350 2351/2769/2351 2352/2770/2352
f 2346/2764/2346 2350/2768/2350 2327/2744/2327 2323/2739/2323
f 2353/2771/2353 2350/2768/2350 2346/2764/2346 2341/2759/2341
f 2351/2769/2351 2350/2768/2350 2353/2771/2353 2354/2772/2354
f 2355/2773/2355 2348/2766/2348 2313/2727/2313 2356/2774/2356
f 2357/2775/2357 2358/2776/2358 2359/2777/2359 2360/2778/2360
f 2359/2777/2359 2358/2776/2358 2361/2779/2361 2362/2780/2362
f 2352/2770/2352 2351/2769/2351 2363/2781/2363 2364/2782/2364
f 2363/2781/2363 2351/2769/2351 2365/2783/2365 2366/2784/2366
f 2367/2785/2367 2351/2769/2351 2354/2772/2354 2368/2786/2368
f 2369/2787/2369 2370/2788/2370 2371/2789/2371 2372/2790/2372
f 2373/2791/2373 2370/2788/2370 2369/2787/2369 2374/2792/2374
f 2375/2793/2375 2370/2788/2370 2373/2791/2373 2376/2794/2376
f 2377/2795/2377 2370/2788/2370 2375/2793/2375 2378/2796/2378
f 2371/2789/2371 2370/2788/2370 2377/2795/2377 2379/2797/2379
f 2372/2790/2372 2371/2789/2371 2379/2797/2379 2380/2798/2380
f 2366/2784/2366 2381/2799/2381 2382/2800/2382 2383/2801/2383
f 2372/2790/2372 2384/2802/2384 2385/2803/2385 2369/2787/2369
f 2363/2781/2363 2366/2784/2366 2383/2801/2383 2386/2804/2386
f 2381/2799/2381 2366/2784/2366 2387/2805/2387 2388/2806/2388
f 2384/2802/2384 2372/2790/2372 2380/2798/2380 2389/2807/2389
f 2390/2808/2390 2391/2809/2391 2392/2810/2392 2393/2811/2393
f 2392/2810/2392 2391/2809/2391 2394/2812/2394 2395/2813/2395
f 2394/2812/2394 2391/2809/2391 2396/2814/2396 2397/2815/2397
f 2396/2814/2396 2391/2809/2391 2348/2766/2348 2355/2773/2355
f 2398/2816/2398 2380/2798/2380 2379/2797/2379 2399/2817/2399
f 2400/2818/2400 2401/2819/2401 2402/2820/2402 2403/2821/2403
f 2404/2822/2404 2405/2823/2405 340/375/340 339/374/339
f 2406/2824/2406 2405/2823/2405 2404/2822/2404 2407/2825/2407
f 2408/2826/2408 2409/2827/2409 2410/2828/2410 2411/2829/2411
f 2409/2827/2409 2408/2826/2408 2412/2830/2412 2413/2831/2413
f 2412/2830/2412 2408/2826/2408 2411/2829/2411 2414/2832/2414
f 2414/2832/2414 2411/2829/2411 2410/2828/2410 2415/2833/2415
f 2416/2834/2416 2417/2835/2417 2418/2836/2418 2419/2837/2419
f 2420/2838/2420 2421/2839/2421 2417/2835/2417 2416/2834/2416
f 2418/2836/2418 2417/2835/2417 2421/2839/2421 2422/2840/2422
f 2423/2841/2423 2424/2842/2424 3/3/3 2083/2480/2083
f 363/398/363 2424/2842/2424 2423/2841/2423 362/397/362
f 366/401/366 2083/2480/2083 2425/2843/2425 364/399/364
f 2423/2841/2423 2083/2480/2083 366/401/366 367/402/367
f 364/399/364 2425/2843/2425 2426/2844/2426 368/403/368
f 2426/2844/2426 2425/2843/2425 2427/2845/2427 2428/2846/2428
f 2429/2847/2429 2083/2480/2083 2084/2481/2084 2430/2848/2430
f 2425/2843/2425 2083/2480/2083 2429/2847/2429 2431/2849/2431
f 2432/2850/2432 2431/2849/2431 2433/2851/2433 2434/2852/2434
f 2435/2853/2435 2431/2849/2431 2429/2847/2429 2430/2848/2430
f 2433/2851/2433 2431/2849/2431 2435/2853/2435 2436/2854/2436
f 2085/2482/2085 2437/2855/2437 2087/2484/2087 2438/2856/2438
f 2434/2852/2434 2433/2851/2433 2436/2854/2436 2439/2857/2439
f 2432/2850/2432 2434/2852/2434 2439/2857/2439 2427/2845/2427
f 2440/2858/2440 2441/2859/2441 2442/2860/2442 2443/2861/2443
f 2444/2862/2444 2441/2863/2441 2440/2864/2440 2445/2865/2445
f 2446/2866/2446 2441/2863/2441 2444/2862/2444 2447/2867/2447
f 2448/2868/2448 2441/2863/2441 2446/2866/2446 2449/2869/2449
f 2442/2860/2442 2441/2859/2441 2448/2870/2448 2450/2871/2450
f 2451/2872/2451 2452/2873/2452 2453/2874/2453 2454/2875/2454
f 2455/2876/2455 2452/2873/2452 2451/2872/2451 2456/2877/2456
f 2456/2877/2456 2451/2872/2451 2454/2875/2454 2457/2878/2457
f 2436/2854/2436 2458/2879/2458 2459/2880/2459 2439/2857/2439
f 2459/2880/2459 2458/2879/2458 2460/2881/2460 2461/2882/2461
f 2462/2883/2462 2458/2879/2458 2436/2854/2436 2435/2853/2435
f 2420/2838/2420 2458/2879/2458 2462/2883/2462 2463/2884/2463
f 2460/2881/2460 2458/2879/2458 2420/2838/2420 2416/2834/2416
f 409/447/409 2090/2487/2090 2464/2885/2464 407/445/407
f 2464/2885/2464 2090/2487/2090 2465/2886/2465 2466/2887/2466
f 2464/2885/2464 2466/2887/2466 2455/2876/2455 2467/2888/2467
f 2468/2889/2468 2466/2887/2466 2465/2886/2465 2469/2890/2469
f 2470/2891/2470 2453/2874/2453 2452/2873/2452 2468/2889/2468
f 2471/2892/2471 2453/2874/2453 2472/2893/2472 2463/2884/2463
f 2472/2893/2472 2453/2874/2453 2470/2891/2470 2473/2894/2473
f 2474/2895/2474 2475/2896/2475 2449/2869/2449 2446/2866/2446
f 2476/2897/2476 2475/2896/2475 2474/2895/2474 2477/2898/2477
f 2478/2899/2478 2475/2896/2475 2479/2900/2479 2480/2901/2480
f 2450/2871/2450 2448/2870/2448 2481/2902/2481 2482/2903/2482
f 2483/2904/2483 2484/2905/2484 2485/2906/2485 2486/2907/2486
f 2487/2908/2487 2484/2905/2484 2488/2909/2488 2422/2840/2422
f 2485/2906/2485 2484/2905/2484 2487/2908/2487 2489/2910/2489
f 2488/2909/2488 2484/2905/2484 2483/2904/2483 2490/2911/2490
f 2448/2868/2448 2478/2899/2478 2480/2901/2480 2491/2912/2491
f 2472/2893/2472 2473/2894/2473 2492/2913/2492 2421/2839/2421
f 2492/2913/2492 2473/2894/2473 2470/2891/2470 2493/2914/2493
f 2494/2915/2494 2477/2898/2477 2474/2895/2474 2495/2916/2495
f 2476/2897/2476 2477/2898/2477 2494/2915/2494 2496/2917/2496
f 2469/2890/2469 2493/2914/2493 2470/2891/2470 2468/2889/2468
f 2497/2918/2497 2493/2914/2493 2469/2890/2469 2498/2919/2498
f 2489/2910/2489 2493/2914/2493 2497/2918/2497 2499/2920/2499
f 2492/2913/2492 2493/2914/2493 2489/2910/2489 2487/2908/2487
f 2500/2921/2500 2488/2909/2488 2490/2911/2490 2501/2922/2501
f 2442/2860/2442 2450/2871/2450 2482/2903/2482 2502/2923/2502
f 2503/2924/2503 2502/2923/2502 2504/2925/2504 2505/2926/2505
f 2442/2860/2442 2502/2923/2502 2503/2924/2503 2443/2861/2443
f 2504/2925/2504 2502/2923/2502 2506/2927/2506 2507/2928/2507
f 2506/2927/2506 2502/2923/2502 2482/2903/2482 2508/2929/2508
f 2496/2917/2496 2488/2909/2488 2500/2921/2500 2476/2897/2476
f 2475/2896/2475 2476/2897/2476 2509/2930/2509 2479/2900/2479
f 2510/2931/2510 2476/2897/2476 2500/2921/2500 2511/2932/2511
f 2414/2832/2414 2415/2833/2415 2490/2911/2490 2483/2904/2483
f 2490/2911/2490 2415/2833/2415 2410/2828/2410 2501/2922/2501
f 2479/2900/2479 2509/2930/2509 2512/2933/2512 2513/2934/2513
f 2514/2935/2514 2506/2927/2506 2508/2929/2508 2515/2936/2515
f 2507/2928/2507 2506/2927/2506 2514/2935/2514 2516/2937/2516
f 2516/2937/2516 2514/2935/2514 2515/2936/2515 2517/2938/2517
f 2507/2928/2507 2516/2937/2516 2517/2938/2517 2518/2939/2518
f 2504/2925/2504 2507/2928/2507 2519/2940/2519 2520/2941/2520
f 2500/2921/2500 2501/2922/2501 2521/2942/2521 2511/2932/2511
f 2521/2942/2521 2501/2922/2501 2522/2943/2522 2523/2944/2523
f 2524/2945/2524 2525/2946/2525 2526/2947/2526 2527/2948/2527
f 2528/2949/2528 2525/2946/2525 2524/2945/2524 2529/2950/2529
f 2526/2947/2526 2525/2946/2525 2528/2949/2528 2530/2951/2530
f 2091/2488/2091 2531/2952/2531 2532/2953/2532 2089/2486/2089
f 2532/2953/2532 2531/2952/2531 2533/2954/2533 2498/2919/2498
f 2534/2955/2534 2531/2952/2531 2091/2488/2091 2535/2956/2535
f 2533/2954/2533 2531/2952/2531 2536/2957/2536 2537/2958/2537
f 2413/2831/2413 2501/2922/2501 2410/2828/2410 2409/2827/2409
f 2522/2943/2522 2501/2922/2501 2413/2831/2413 2538/2959/2538
f 2539/2960/2539 2517/2938/2517 2515/2936/2515 2540/2961/2540
f 2518/2939/2518 2517/2938/2517 2539/2960/2539 2541/2962/2541
f 2491/2963/2491 2513/2964/2513 2542/2965/2542 2543/2966/2543
f 2521/2942/2521 2544/2967/2544 2545/2968/2545 2511/2932/2511
f 2545/2968/2545 2544/2967/2544 2546/2969/2546 2547/2970/2547
f 2546/2969/2546 2544/2967/2544 2521/2942/2521 2523/2944/2523
f 2519/2940/2519 2548/2971/2548 2549/2972/2549 2530/2951/2530
f 2518/2939/2518 2548/2971/2548 2519/2940/2519 2507/2928/2507
f 2549/2972/2549 2548/2971/2548 2550/2973/2550 2551/2974/2551
f 2542/2965/2542 2513/2964/2513 2552/2975/2552 2553/2976/2553
f 2552/2975/2552 2513/2964/2513 2512/2977/2512 2554/2978/2554
f 2526/2947/2526 2555/2979/2555 2556/2980/2556 2527/2948/2527
f 2557/2981/2557 2555/2979/2555 2526/2947/2526 2530/2951/2530
f 2556/2980/2556 2555/2979/2555 2557/2981/2557 2558/2982/2558
f 2559/2983/2559 2523/2944/2523 2522/2943/2522 2560/2984/2560
f 2561/2985/2561 2553/2976/2553 2552/2975/2552 2562/2986/2562
f 2543/2966/2543 2542/2965/2542 2553/2976/2553 2563/2987/2563
f 2564/2988/2564 2565/2989/2565 2566/2990/2566 2567/2991/2567
f 514/555/514 2565/2989/2565 2564/2988/2564 513/554/513
f 2566/2990/2566 2565/2989/2565 514/555/514 515/556/515
f 2518/2939/2518 2541/2962/2541 2568/2992/2568 2548/2971/2548
f 2568/2992/2568 2541/2962/2541 2539/2960/2539 2569/2993/2569
f 2546/2969/2546 2570/2994/2570 2571/2995/2571 2547/2970/2547
f 2571/2995/2571 2570/2994/2570 2572/2996/2572 2573/2997/2573
f 2574/2998/2574 2536/2957/2536 2531/2952/2531 2534/2955/2534
f 2537/2958/2537 2536/2957/2536 2574/2998/2574 2575/2999/2575
f 2534/2955/2534 2576/3000/2576 2577/3001/2577 2574/2998/2574
f 2578/3002/2578 2576/3000/2576 2534/2955/2534 2535/2956/2535
f 2579/3003/2579 2576/3000/2576 2578/3002/2578 2580/3004/2580
f 2562/2986/2562 2552/2975/2552 2554/2978/2554 2581/3005/2581
f 2582/3006/2582 2569/2993/2569 2539/2960/2539 2540/2961/2540
f 2568/2992/2568 2569/2993/2569 2583/3007/2583 2584/3008/2584
f 2585/3009/2585 2586/3010/2586 2551/2974/2551 2550/2973/2550
f 2587/3011/2587 2586/3010/2586 2585/3009/2585 2588/3012/2588
f 2558/2982/2558 2557/2981/2557 2589/3013/2589 2590/3014/2590
f 2557/2981/2557 2591/3015/2591 2592/3016/2592 2589/3013/2589
f 2589/3013/2589 2592/3016/2592 2593/3017/2593 2594/3018/2594
f 2577/3001/2577 2576/3000/2576 2579/3003/2579 2595/3019/2595
f 2596/3020/2596 2597/3021/2597 2598/3022/2598 544/585/544
f 2589/3013/2589 2597/3021/2597 2596/3020/2596 2590/3014/2590
f 549/590/549 544/585/544 2598/3022/2598 2599/3023/2599
f 2553/2976/2553 2561/2985/2561 2582/3006/2582 2563/2987/2563
f 2582/3006/2582 2561/2985/2561 2600/3024/2600 2569/2993/2569
f 2601/3025/2601 2575/2999/2575 2574/2998/2574 2577/3001/2577
f 2537/2958/2537 2575/2999/2575 2602/3026/2602 2603/3027/2603
f 2604/3028/2604 2575/2999/2575 2601/3025/2601 2605/3029/2605
f 2602/3026/2602 2575/2999/2575 2604/3028/2604 2606/3030/2606
f 2588/3012/2588 2607/3031/2607 2608/3032/2608 2587/3011/2587
f 2608/3032/2608 2607/3031/2607 2609/3033/2609 2593/3017/2593
f 2609/3033/2609 2607/3031/2607 2588/3012/2588 2610/3034/2610
f 2611/3035/2611 2612/3036/2612 2613/3037/2613 2614/3038/2614
f 2615/3039/2615 2612/3036/2612 2611/3035/2611 2594/3018/2594
f 2613/3037/2613 2612/3036/2612 2615/3039/2615 2616/3040/2616
f 2594/3018/2594 2611/3035/2611 2597/3021/2597 2589/3013/2589
f 2617/3041/2617 2611/3035/2611 2614/3038/2614 2618/3042/2618
f 2615/3039/2615 2609/3033/2609 2619/3043/2619 2616/3040/2616
f 2619/3043/2619 2609/3033/2609 2610/3034/2610 2620/3044/2620
f 2621/3045/2621 2622/3046/2622 2623/3047/2623 2624/3048/2624
f 2625/3049/2625 2626/3050/2626 2618/3042/2618 2627/3051/2627
f 2606/3030/2606 2604/3028/2604 2605/3029/2605 2628/3052/2628
f 2629/3053/2629 2630/3054/2630 2631/3055/2631 2573/2997/2573
f 2631/3056/2631 2630/3057/2630 2623/3047/2623 2581/3005/2581
f 2632/3058/2632 2633/3059/2633 2634/3060/2634 2600/3024/2600
f 2634/3060/2634 2633/3059/2633 2635/3061/2635 2636/3062/2636
f 2635/3061/2635 2633/3059/2633 2632/3058/2632 2637/3063/2637
f 2638/3064/2638 2639/3065/2639 2640/3066/2640 2641/3067/2641
f 2638/3064/2638 2641/3067/2641 2642/3068/2642 2630/3054/2630
f 2642/3068/2642 2641/3067/2641 2640/3066/2640 2643/3069/2643
f 2644/3070/2644 2629/3053/2629 2645/3071/2645 2646/3072/2646
f 2639/3065/2639 2629/3053/2629 2644/3070/2644 2640/3066/2640
f 2636/3062/2636 2635/3061/2635 2647/3073/2647 2648/3074/2648
f 2649/3075/2649 2635/3061/2635 2637/3063/2637 2650/3076/2650
f 2651/3077/2651 2652/3078/2652 2653/3079/2653 2654/3080/2654
f 2655/3081/2655 2652/3078/2652 2651/3077/2651 2656/3082/2656
f 2657/3083/2657 2644/3070/2644 2646/3072/2646 2658/3084/2658
f 2659/3085/2659 2644/3086/2644 2657/3087/2657 2660/3088/2660
f 2640/3089/2640 2644/3086/2644 2659/3085/2659 2643/3090/2643
f 2643/3090/2643 2659/3085/2659 2661/3091/2661 2662/3092/2662
f 2651/3077/2651 2663/3093/2663 2664/3094/2664 2656/3082/2656
f 2665/3095/2665 2663/3096/2663 2666/3097/2666 2667/3098/2667
f 2668/3099/2668 2663/3096/2663 2665/3095/2665 2669/3100/2669
f 2664/3101/2664 2663/3096/2663 2668/3099/2668 2670/3102/2670
f 2670/3102/2670 2668/3099/2668 2669/3100/2669 2671/3103/2671
f 2672/3104/2672 2397/2815/2397 2396/2814/2396 2673/3105/2673
f 2394/2812/2394 2397/2815/2397 2672/3104/2672 2674/3106/2674
f 2675/3107/2675 2676/3108/2676 2677/3109/2677 2667/3098/2667
f 2677/3109/2677 2676/3108/2676 2678/3110/2678 2679/3111/2679
f 2680/3112/2680 2681/3113/2681 2361/2779/2361 2682/3114/2682
f 2683/3115/2683 2681/3113/2681 2684/3116/2684 2685/3117/2685
f 2684/3116/2684 2681/3113/2681 2680/3112/2680 2686/3118/2686
f 2398/2816/2398 2687/3119/2687 2688/3120/2688 2380/2798/2380
f 2688/3120/2688 2687/3119/2687 2689/3121/2689 2690/3122/2690
f 2689/3121/2689 2687/3119/2687 2398/2816/2398 2691/3123/2691
f 2692/3124/2692 2688/3120/2688 2690/3122/2690 2693/3125/2693
f 2361/2779/2361 2681/3113/2681 2683/3115/2683 2362/2780/2362
f 2670/3102/2670 2671/3103/2671 2406/2824/2406 2407/2825/2407
f 2673/3105/2673 2396/2814/2396 2689/3121/2689 2694/3126/2694
f 2689/3121/2689 2396/2814/2396 2355/2773/2355 2690/3122/2690
f 2094/2491/2094 2093/2490/2093 2695/3127/2695 2696/3128/2696
f 2671/3103/2671 2669/3100/2669 2665/3095/2665 2697/3129/2697
f 2698/3130/2698 2699/3131/2699 649/3132/649 648/3133/648
f 2700/3134/2700 2699/3131/2699 2701/3135/2701 2702/3136/2702
f 2703/3137/2703 2671/3103/2671 2697/3129/2697 2704/3138/2704
f 658/713/658 2671/3103/2671 2703/3137/2703 657/711/657
f 2705/3139/2705 2706/3140/2706 2707/3141/2707 2708/3142/2708
f 2709/3143/2709 2706/3140/2706 2710/3144/2710 2711/3145/2711
f 2710/3144/2710 2706/3140/2706 2705/3139/2705 2712/3146/2712
f 2382/2800/2382 2713/3147/2713 2714/3148/2714 2383/2801/2383
f 2715/3149/2715 2714/3148/2714 2716/3150/2716 2717/3151/2717
f 2686/3118/2686 2718/3152/2718 2719/3153/2719 2684/3116/2684
f 2674/3106/2674 2718/3152/2718 2686/3118/2686 2720/3154/2720
f 2721/3155/2721 2718/3152/2718 2674/3106/2674 2672/3104/2672
f 2684/3116/2684 2719/3153/2719 2722/3156/2722 2685/3117/2685
f 2723/3157/2723 2713/3147/2713 2382/2800/2382 2724/3158/2724
f 2725/3159/2725 2726/3160/2726 2704/3138/2704 2679/3111/2679
f 2704/3138/2704 2726/3160/2726 2727/3161/2727 2703/3137/2703
f 2728/3162/2728 2726/3160/2726 2729/3163/2729 2730/3164/2730
f 2729/3163/2729 2726/3160/2726 2725/3159/2725 2731/3165/2731
f 2727/3161/2727 2726/3160/2726 2728/3162/2728 2732/3166/2732
f 2733/3167/2733 2710/3144/2710 2734/3168/2734 2735/3169/2735
f 2734/3168/2734 2710/3144/2710 2712/3146/2712 2736/3170/2736
f 2711/3145/2711 2710/3144/2710 2733/3167/2733 2737/3171/2737
f 2706/3140/2706 2709/3143/2709 2738/3172/2738 2739/3173/2739
f 2738/3172/2738 2709/3143/2709 2711/3145/2711 2740/3174/2740
f 2737/3171/2737 2733/3167/2733 2735/3169/2735 2741/3175/2741
f 2742/3176/2742 2743/3177/2743 2744/3178/2744 2745/3179/2745
f 701/3180/701 2743/3177/2743 2742/3176/2742 700/3181/700
f 2744/3178/2744 2743/3177/2743 701/3180/701 702/3182/702
f 2746/3183/2746 2747/3184/2747 704/761/704 703/760/703
f 709/766/709 2747/3184/2747 2748/3185/2748 707/764/707
f 2745/3179/2745 2744/3178/2744 2749/3186/2749 2750/3187/2750
f 2749/3186/2749 2744/3178/2744 2751/3188/2751 2752/3189/2752
f 2753/3190/2753 2754/3191/2754 2755/3192/2755 2756/3193/2756
f 2757/3194/2757 2758/3195/2758 2759/3196/2759 2760/3197/2760
f 723/780/723 2758/3195/2758 2757/3194/2757 722/779/722
f 2759/3196/2759 2758/3195/2758 723/780/723 724/781/724
f 728/785/728 727/784/727 2761/3198/2761 2762/3199/2762
f 2762/3199/2762 2761/3198/2761 2763/3200/2763 2764/3201/2764
f 2765/3202/2765 2761/3198/2761 2766/3203/2766 2767/3204/2767
f 2763/3200/2763 2761/3198/2761 2765/3202/2765 2768/3205/2768
f 2099/2498/2099 2098/2497/2098 2769/3206/2769 2770/3207/2770
f 2769/3206/2769 2098/2497/2098 2771/3208/2771 2772/3209/2772
f 2773/3210/2773 2754/3191/2754 2753/3190/2753 2774/3211/2774
f 2755/3192/2755 2754/3191/2754 742/799/742 741/798/741
f 742/799/742 2754/3191/2754 2773/3210/2773 743/800/743
f 2760/3197/2760 2759/3196/2759 2773/3210/2773 2775/3212/2775
f 2773/3210/2773 2759/3196/2759 724/781/724 743/800/743
f 2096/2493/2096 2095/2492/2095 746/803/746 745/802/745
f 2776/3213/2776 2777/3214/2777 2778/3215/2778 2779/3216/2779
f 2775/3212/2775 2773/3210/2773 2774/3211/2774 2780/3217/2780
f 2781/3218/2781 2782/3219/2782 2776/3213/2776 2779/3216/2779
f 2783/3220/2783 2782/3219/2782 2784/3221/2784 2785/3222/2785
f 2784/3221/2784 2782/3219/2782 2781/3218/2781 2786/3223/2786
f 2787/3224/2787 2788/3225/2788 2789/3226/2789 2790/3227/2790
f 2791/3228/2791 2788/3225/2788 2792/3229/2792 2096/2493/2096
f 2793/3230/2793 2788/3225/2788 2791/3228/2791 2794/3231/2794
f 2795/3232/2795 2793/3230/2793 2794/3231/2794 2789/3226/2789
f 2796/3233/2796 2763/3200/2763 2768/3205/2768 2797/3234/2797
f 2782/3219/2782 2783/3220/2783 2798/3235/2798 2776/3213/2776
f 2798/3235/2798 2783/3220/2783 2785/3222/2785 2799/3236/2799
f 2794/3231/2794 2777/3214/2777 2799/3236/2799 2789/3226/2789
f 2791/3228/2791 2096/2493/2096 745/802/745 771/828/771
f 24/24/24 2096/2493/2096 2800/3237/2800 772/829/772
f 2800/3237/2800 2096/2493/2096 2792/3229/2792 2801/3238/2801
f 2764/3201/2764 2784/3221/2784 2786/3223/2786 2762/3199/2762
f 2785/3222/2785 2784/3221/2784 2764/3201/2764 2802/3239/2802
f 2789/3226/2789 2799/3236/2799 2803/3240/2803 2790/3227/2790
f 2804/3241/2804 2796/3233/2796 2805/3242/2805 2806/3243/2806
f 2805/3242/2805 2796/3233/2796 2797/3234/2797 2807/3244/2807
f 2764/3201/2764 2763/3200/2763 2796/3233/2796 2802/3239/2802
f 2808/3245/2808 2809/3246/2809 2810/3247/2810 2811/3248/2811
f 2810/3247/2810 2809/3246/2809 2812/3249/2812 2813/3250/2813
f 2812/3249/2812 2809/3246/2809 2808/3245/2808 2814/3251/2814
f 2794/3231/2794 2791/3228/2791 2778/3215/2778 2777/3214/2777
f 2815/3252/2815 2816/3253/2816 2817/3254/2817 2818/3255/2818
f 2819/3256/2819 2816/3253/2816 2815/3252/2815 2820/3257/2820
f 2821/3258/2821 2808/3245/2808 2811/3248/2811 2822/3259/2822
f 2823/3260/2823 2808/3245/2808 2821/3258/2821 2824/3261/2824
f 2802/3239/2802 2796/3233/2796 2804/3241/2804 2803/3240/2803
f 2792/3229/2792 2788/3225/2788 2787/3224/2787 2825/3262/2825
f 2826/3263/2826 2810/3247/2810 2813/3250/2813 2827/3264/2827
f 2811/3248/2811 2810/3247/2810 2826/3263/2826 2828/3265/2828
f 2829/3266/2829 2830/3267/2830 2831/3268/2831 2832/3269/2832
f 2831/3268/2831 2830/3267/2830 2833/3270/2833 2834/3271/2834
f 2835/3272/2835 2830/3267/2830 2829/3266/2829 2836/3273/2836
f 2837/3274/2837 2838/3275/2838 2839/3276/2839 2840/3277/2840
f 2839/3276/2839 2838/3275/2838 2841/3278/2841 2750/3187/2750
f 2841/3278/2841 2838/3275/2838 2842/3279/2842 2843/3280/2843
f 2842/3279/2842 2838/3275/2838 2837/3274/2837 2844/3281/2844
f 2845/3282/2845 2846/3283/2846 2847/3284/2847 2848/3285/2848
f 2847/3284/2847 2846/3283/2846 2849/3286/2849 2819/3256/2819
f 2849/3286/2849 2846/3283/2846 2845/3282/2845 2850/3287/2850
f 2851/3288/2851 2850/3287/2850 2845/3282/2845 2852/3289/2852
f 2853/3290/2853 2850/3287/2850 2851/3288/2851 2854/3291/2854
f 2805/3242/2805 2855/3292/2855 2856/3293/2856 2806/3243/2806
f 2857/3294/2857 2855/3292/2855 2805/3242/2805 2807/3244/2807
f 833/893/833 2101/2501/2101 2858/3295/2858 2859/3296/2859
f 2858/3295/2858 2101/2501/2101 2102/2502/2102 2860/3297/2860
f 2837/3298/2837 2840/3299/2840 2861/3300/2861 2862/3301/2862
f 2863/3302/2863 2840/3299/2840 2831/3268/2831 2834/3271/2834
f 2861/3300/2861 2840/3299/2840 2863/3302/2863 2864/3303/2864
f 2837/3274/2837 2862/3304/2862 2865/3305/2865 2844/3281/2844
f 2865/3305/2865 2862/3304/2862 2861/3306/2861 2866/3307/2866
f 2856/3293/2856 2854/3291/2854 2867/3308/2867 2806/3243/2806
f 2868/3309/2868 2854/3291/2854 2856/3293/2856 2855/3292/2855
f 2853/3290/2853 2854/3291/2854 2868/3309/2868 2869/3310/2869
f 847/911/847 2870/3311/2870 2871/3312/2871 844/908/844
f 2872/3313/2872 2870/3311/2870 847/911/847 848/912/848
f 2873/3314/2873 2855/3292/2855 2874/3315/2874 2875/3316/2875
f 2876/3317/2876 2877/3318/2877 2878/3319/2878 2879/3320/2879
f 2880/3321/2880 2881/3322/2881 2882/3323/2882 2883/3324/2883
f 2877/3325/2877 2876/3326/2876 2881/3322/2881 2880/3321/2880
f 2882/3323/2882 2881/3322/2881 2876/3326/2876 2884/3327/2884
f 2885/3328/2885 2877/3325/2877 2880/3321/2880 2886/3329/2886
f 2887/3330/2887 2877/3318/2877 2885/3331/2885 2888/3332/2888
f 2878/3319/2878 2877/3318/2877 2887/3330/2887 2889/3333/2889
f 2890/3334/2890 2891/3335/2891 2892/3336/2892 2893/3337/2893
f 2892/3336/2892 2891/3335/2891 2894/3338/2894 2895/3339/2895
f 2896/3340/2896 2891/3335/2891 2890/3334/2890 2897/3341/2897
f 2898/3342/2898 2894/3338/2894 2899/3343/2899 2900/3344/2900
f 2899/3343/2899 2894/3338/2894 2901/3345/2901 2902/3346/2902
f 2899/3343/2899 2903/3347/2903 2904/3348/2904 2900/3344/2900
f 2904/3348/2904 2903/3347/2903 2905/3349/2905 2906/3350/2906
f 2905/3349/2905 2903/3347/2903 2902/3346/2902 2901/3345/2901
f 2894/3338/2894 2891/3335/2891 2896/3340/2896 2907/3351/2907
f 2906/3350/2906 2907/3352/2907 2908/3353/2908 2909/3354/2909
f 2908/3355/2908 2907/3351/2907 2896/3340/2896 2910/3356/2910
f 2911/3357/2911 2907/3352/2907 2906/3350/2906 2905/3349/2905
f 2912/3358/2912 2907/3359/2907 2913/3360/2913 2914/3361/2914
f 2913/3362/2913 2907/3363/2907 2911/3364/2911 2915/3365/2915
f 2894/3338/2894 2907/3351/2907 2912/3366/2912 2901/3345/2901
f 2916/3367/2916 2885/3331/2885 2913/3368/2913 2915/3369/2915
f 2888/3332/2888 2885/3331/2885 2916/3367/2916 2917/3370/2917
f 2866/3307/2866 2861/3306/2861 2918/3371/2918 2919/3372/2919
f 2920/3373/2920 2870/3311/2870 2872/3313/2872 2921/3374/2921
f 2871/3312/2871 2870/3311/2870 2920/3373/2920 2922/3375/2922
f 2109/2511/2109 2104/2510/2104 2113/2517/2113 2923/3376/2923
f 2924/3377/2924 2925/3378/2925 2926/3379/2926 2927/3380/2927
f 2110/2512/2110 2112/2516/2112 2103/2515/2103 2107/2509/2107
f 2928/3381/2928 2112/2516/2112 2110/2512/2110 2929/3382/2929
f 2111/2513/2111 2112/2516/2112 2930/3383/2930 2931/3384/2931
f 2932/3385/2932 2112/2516/2112 2928/3381/2928 2933/3386/2933
f 2930/3383/2930 2112/2516/2112 2932/3385/2932 2934/3387/2934
f 2935/3388/2935 2921/3374/2921 2872/3313/2872 2936/3389/2936
f 2937/3390/2937 2921/3374/2921 2935/3388/2935 2938/3391/2938
f 2920/3373/2920 2921/3374/2921 2939/3392/2939 2940/3393/2940
f 2939/3392/2939 2921/3374/2921 2937/3390/2937 2941/3394/2941
f 2916/3367/2916 2886/3329/2886 2942/3395/2942 2917/3370/2917
f 2942/3395/2942 2886/3329/2886 2880/3321/2880 2883/3324/2883
f 2873/3314/2873 2943/3396/2943 2868/3309/2868 2855/3292/2855
f 2888/3332/2888 2917/3370/2917 2944/3397/2944 2945/3398/2945
f 2946/3399/2946 2947/3400/2947 2942/3395/2942 2883/3324/2883
f 2944/3397/2944 2947/3400/2947 2948/3401/2948 2945/3398/2945
f 2948/3401/2948 2947/3400/2947 2946/3399/2946 2949/3402/2949
f 2950/3403/2950 2951/3404/2951 2952/3405/2952 2953/3406/2953
f 2919/3372/2919 2951/3404/2951 2954/3407/2954 2866/3307/2866
f 2952/3405/2952 2951/3404/2951 2919/3372/2919 2955/3408/2955
f 2954/3407/2954 2951/3404/2951 2956/3409/2956 2957/3410/2957
f 2958/3411/2958 2959/3412/2959 2873/3314/2873 2875/3316/2875
f 2960/3413/2960 2961/3414/2961 2962/3415/2962 2963/3416/2963
f 2964/3417/2964 2961/3414/2961 2960/3413/2960 2965/3418/2965
f 2966/3419/2966 2961/3414/2961 2964/3417/2964 2967/3420/2967
f 2968/3421/2968 2969/3422/2969 2970/3423/2970 2971/3424/2971
f 2970/3423/2970 2969/3422/2969 2972/3425/2972 2973/3426/2973
f 2974/3427/2974 2975/3428/2975 2976/3429/2976 2977/3430/2977
f 2978/3431/2978 2975/3428/2975 2974/3427/2974 2979/3432/2979
f 2976/3429/2976 2975/3428/2975 2978/3431/2978 2980/3433/2980
f 2962/3415/2962 2961/3414/2961 2966/3419/2966 2981/3434/2981
f 2982/3435/2982 2964/3417/2964 2976/3429/2976 2980/3433/2980
f 2976/3429/2976 2964/3417/2964 2965/3418/2965 2977/3430/2977
f 2983/3436/2983 2984/3437/2984 2985/3438/2985 2986/3439/2986
f 2948/3401/2948 2984/3437/2984 2983/3436/2983 2987/3440/2987
f 2988/3441/2988 2989/3442/2989 2990/3443/2990 2929/3382/2929
f 2990/3443/2990 2989/3442/2989 2991/3444/2991 2992/3445/2992
f 2972/3425/2972 2969/3422/2969 2993/3446/2993 2994/3447/2994
f 2993/3446/2993 2969/3422/2969 2968/3421/2968 2995/3448/2995
f 2996/3449/2996 2984/3437/2984 2948/3401/2948 2949/3402/2949
f 2985/3438/2985 2984/3437/2984 2996/3449/2996 2997/3450/2997
f 2998/3451/2998 2999/3452/2999 3000/3453/3000 3001/3454/3001
f 3002/3455/3002 2996/3449/2996 2949/3402/2949 3003/3456/3003
f 2997/3450/2997 2996/3449/2996 3004/3457/3004 3005/3458/3005
f 3004/3457/3004 2996/3449/2996 3002/3455/3002 3006/3459/3006
f 2955/3408/2955 3007/3460/3007 3008/3461/3008 2952/3405/2952
f 2928/3381/2928 3007/3460/3007 2955/3408/2955 2933/3386/2933
f 2990/3443/2990 3007/3460/3007 2928/3381/2928 2929/3382/2929
f 3009/3462/3009 3007/3460/3007 2990/3443/2990 2992/3445/2992
f 3008/3461/3008 3007/3460/3007 3009/3462/3009 3010/3463/3010
f 3011/3464/3011 3012/3465/3012 3013/3466/3013 3014/3467/3014
f 3015/3468/3015 3012/3465/3012 3011/3464/3011 3016/3469/3016
f 3013/3466/3013 3012/3465/3012 3015/3468/3015 3017/3470/3017
f 3018/3471/3018 2999/3452/2999 2958/3411/2958 3019/3472/3019
f 3020/3473/3020 2999/3452/2999 2998/3451/2998 3021/3474/3021
f 3022/3475/3022 3023/3476/3023 3024/3477/3024 3025/3478/3025
f 2922/3375/2922 3023/3476/3023 3022/3475/3022 2871/3312/2871
f 3026/3479/3026 3023/3476/3023 2922/3375/2922 3027/3480/3027
f 3024/3477/3024 3023/3476/3023 3026/3479/3026 3028/3481/3028
f 3029/3482/3029 3030/3483/3030 3031/3484/3031 3032/3485/3032
f 2994/3447/2994 2993/3446/2993 3030/3483/3030 3029/3482/3029
f 3031/3484/3031 3030/3483/3030 2993/3446/2993 3033/3486/3033
f 2972/3425/2972 2994/3447/2994 3029/3482/3029 3034/3487/3034
f 3006/3488/3006 3035/3489/3035 3036/3490/3036 3004/3491/3004
f 3036/3490/3036 3035/3489/3035 3037/3492/3037 3038/3493/3038
f 3039/3494/3039 3035/3489/3035 3040/3495/3040 3041/3496/3041
f 3037/3492/3037 3035/3489/3035 3039/3494/3039 3042/3497/3042
f 3043/3498/3043 3044/3499/3044 3031/3484/3031 3033/3486/3033
f 3045/3500/3045 3039/3494/3039 3041/3496/3041 3046/3501/3046
f 3043/3498/3043 3033/3486/3033 3047/3502/3047 3048/3503/3048
f 3042/3497/3042 3039/3494/3039 3045/3500/3045 3049/3504/3049
f 3036/3490/3036 3038/3493/3038 3050/3505/3050 3051/3506/3051
f 3050/3505/3050 3038/3493/3038 3037/3492/3037 3052/3507/3052
f 3053/3508/3053 3054/3509/3054 3055/3510/3055 3056/3511/3056
f 2968/3421/2968 3054/3509/3054 3053/3508/3053 2995/3448/2995
f 3055/3510/3055 3054/3509/3054 2968/3421/2968 2971/3424/2971
f 3057/3512/3057 3058/3513/3058 3059/3514/3059 3060/3515/3060
f 3056/3511/3056 3058/3513/3058 3057/3512/3057 3053/3508/3053
f 3061/3516/3061 3062/3517/3062 3063/3518/3063 3046/3519/3046
f 3063/3518/3063 3062/3517/3062 3064/3520/3064 3065/3521/3065
f 3066/3522/3066 3062/3517/3062 3061/3516/3061 3067/3523/3067
f 3068/3524/3068 3069/3525/3069 3070/3526/3070 3071/3527/3071
f 3072/3528/3072 3069/3525/3069 3068/3524/3068 3073/3529/3073
f 3074/3530/3074 3069/3525/3069 3072/3528/3072 3075/3531/3075
f 3076/3532/3076 3059/3514/3059 3058/3513/3058 3056/3511/3056
f 3077/3533/3077 3059/3514/3059 3076/3532/3076 3078/3534/3078
f 3049/3504/3049 3045/3500/3045 3046/3501/3046 3063/3535/3063
f 3056/3511/3056 3055/3510/3055 3079/3536/3079 3076/3532/3076
f 3080/3537/3080 3081/3538/3081 3082/3539/3082 3083/3540/3083
f 3084/3541/3084 3081/3538/3081 3080/3537/3080 3085/3542/3085
f 3082/3539/3082 3081/3538/3081 3084/3541/3084 3086/3543/3086
f 3087/3544/3087 3088/3545/3088 3089/3546/3089 3090/3547/3090
f 3091/3548/3091 3088/3545/3088 3087/3544/3087 3092/3549/3092
f 3093/3550/3093 3088/3545/3088 3091/3548/3091 3094/3551/3094
f 3083/3552/3083 3082/3553/3082 3095/3554/3095 3096/3555/3096
f 3097/3556/3097 3098/3557/3098 3099/3558/3099 3100/3559/3100
f 3099/3558/3099 3098/3557/3098 3101/3560/3101 3102/3561/3102
f 3078/3534/3078 3093/3550/3093 3103/3562/3103 3077/3533/3077
f 3103/3562/3103 3093/3550/3093 3104/3563/3104 3105/3564/3105
f 3088/3545/3088 3093/3550/3093 3078/3534/3078 3106/3565/3106
f 3085/3542/3085 3107/3566/3107 3108/3567/3108 3084/3541/3084
f 3109/3568/3109 3094/3569/3094 3110/3570/3110 3111/3571/3111
f 3096/3555/3096 3095/3554/3095 3112/3572/3112 3113/3573/3113
f 3094/3569/3094 3099/3558/3099 3102/3561/3102 3110/3570/3110
f 3100/3559/3100 3099/3558/3099 3114/3574/3114 3115/3575/3115
f 3114/3574/3114 3099/3558/3099 3094/3569/3094 3091/3576/3091
f 3116/3577/3116 3117/3578/3117 3102/3561/3102 3101/3560/3101
f 3118/3579/3118 3117/3578/3117 3116/3577/3116 3119/3580/3119
f 3118/3579/3118 3110/3570/3110 3102/3561/3102 3117/3578/3117
f 3086/3543/3086 3120/3581/3120 3121/3582/3121 3082/3539/3082
f 3121/3582/3121 3120/3581/3120 3122/3583/3122 3123/3584/3123
f 3124/3585/3124 3121/3586/3121 3125/3587/3125 3126/3588/3126
f 3127/3589/3127 3125/3587/3125 3128/3590/3128 3129/3591/3129
f 3130/3592/3130 3125/3587/3125 3127/3589/3127 3131/3593/3131
f 3126/3588/3126 3125/3587/3125 3130/3592/3130 3132/3594/3132
f 3118/3579/3118 3133/3595/3133 3111/3571/3111 3110/3570/3110
f 3134/3596/3134 3133/3595/3133 3118/3579/3118 3119/3580/3119
f 3135/3597/3135 3133/3595/3133 3134/3596/3134 3136/3598/3136
f 3137/3599/3137 3134/3596/3134 3119/3580/3119 3138/3600/3138
f 3136/3598/3136 3134/3596/3134 3137/3599/3137 3139/3601/3139
f 3140/3602/3140 3141/3603/3141 3142/3604/3142 3143/3605/3143
f 3144/3606/3144 3141/3603/3141 3140/3602/3140 3145/3607/3145
f 3142/3604/3142 3141/3603/3141 3144/3606/3144 3146/3608/3146
f 3142/3604/3142 3146/3608/3146 3147/3609/3147 3148/3610/3148
f 3132/3594/3132 3146/3608/3146 3144/3606/3144 3126/3588/3126
f 3149/3611/3149 3150/3612/3150 3151/3613/3151 3152/3614/3152
f 3153/3615/3153 3150/3612/3150 3149/3611/3149 3154/3616/3154
f 3149/3611/3149 3155/3617/3155 3156/3618/3156 3154/3616/3154
f 3156/3618/3156 3155/3617/3155 3157/3619/3157 3158/3620/3158
f 3157/3619/3157 3155/3617/3155 3149/3611/3149 3152/3614/3152
f 3158/3620/3158 3157/3619/3157 3152/3614/3152 3159/3621/3159
f 3160/3622/3160 3161/3623/3161 3162/3624/3162 3163/3625/3163
f 3164/3626/3164 3161/3623/3161 3160/3622/3160 3165/3627/3165
f 3162/3624/3162 3161/3623/3161 3164/3626/3164 3166/3628/3166
f 3160/3629/3160 3167/3630/3167 3168/3631/3168 3165/3632/3165
f 3169/3633/3169 3167/3630/3167 3160/3629/3160 3163/3634/3163
f 3168/3631/3168 3167/3630/3167 3169/3633/3169 3170/3635/3170
f 3170/3636/3170 3169/3637/3169 3163/3625/3163 3171/3638/3171
f 3163/3625/3163 3162/3624/3162 3166/3628/3166 3171/3638/3171
f 3172/3639/3172 3173/3640/3173 3174/3641/3174 3175/3642/3175
f 3174/3641/3174 3173/3640/3173 3176/3643/3176 3177/3644/3177
f 3178/3645/3178 3172/3646/3172 3175/3647/3175 3179/3648/3179
f 3173/3649/3173 3172/3650/3172 3180/3651/3180 3181/3652/3181
f 3182/3653/3182 3172/3650/3172 3178/3654/3178 3183/3655/3183
f 3180/3651/3180 3172/3650/3172 3182/3653/3182 3184/3656/3184
f 3185/3657/3185 3173/3658/3173 3181/3659/3181 3186/3660/3186
f 3187/3661/3187 3173/3658/3173 3185/3657/3185 3188/3662/3188
f 3189/3663/3189 3190/3664/3190 3191/3665/3191 3192/3666/3192
f 3191/3665/3191 3190/3664/3190 3193/3667/3193 3194/3668/3194
f 3193/3667/3193 3190/3664/3190 3189/3663/3189 3195/3669/3195
f 3178/3645/3178 3196/3670/3196 3197/3671/3197 3183/3672/3183
f 3179/3648/3179 3159/3621/3159 3196/3670/3196 3178/3645/3178
f 3197/3671/3197 3196/3670/3196 3159/3621/3159 3198/3673/3198
f 3192/3666/3192 3191/3665/3191 3194/3668/3194 3199/3674/3199
f 3200/3675/3200 3201/3676/3201 3202/3677/3202 3203/3678/3203
f 3204/3679/3204 3201/3676/3201 3200/3675/3200 3205/3680/3205
f 3202/3681/3202 3201/3682/3201 3206/3683/3206 3207/3684/3207
f 3206/3683/3206 3201/3682/3201 3208/3685/3208 3209/3686/3209
f 3186/3660/3186 3181/3659/3181 3210/3687/3210 3211/3688/3211
f 3210/3687/3210 3181/3659/3181 3212/3689/3212 3213/3690/3213
f 3193/3667/3193 3214/3691/3214 3215/3692/3215 3194/3668/3194
f 3216/3693/3216 3214/3691/3214 3193/3667/3193 3195/3669/3195
f 3215/3692/3215 3214/3691/3214 3217/3694/3217 3218/3695/3218
f 3219/3696/3219 3214/3691/3214 3216/3693/3216 3220/3697/3220
f 3217/3694/3217 3214/3691/3214 3219/3696/3219 3221/3698/3221
f 3222/3699/3222 3215/3692/3215 3223/3700/3223 3224/3701/3224
f 3194/3668/3194 3215/3692/3215 3222/3699/3222 3199/3674/3199
f 3223/3700/3223 3215/3692/3215 3218/3695/3218 3225/3702/3225
f 3225/3702/3225 3218/3695/3218 3217/3694/3217 3226/3703/3226
f 3225/3702/3225 3226/3703/3226 3227/3704/3227 3228/3705/3228
f 3227/3704/3227 3226/3703/3226 3217/3694/3217 3221/3698/3221
f 3229/3706/3229 3216/3693/3216 3195/3669/3195 3230/3707/3230
f 3231/3708/3231 3216/3693/3216 3229/3706/3229 3232/3709/3232
f 3220/3697/3220 3216/3693/3216 3231/3708/3231 3233/3710/3233
f 3227/3704/3227 3221/3698/3221 3219/3696/3219 3234/3711/3234
f 3219/3696/3219 3220/3697/3220 3235/3712/3235 3234/3711/3234
f 3222/3699/3222 3231/3713/3231 3236/3714/3236 3199/3674/3199
f 3233/3710/3233 3231/3708/3231 3237/3715/3237 3238/3716/3238
f 3237/3717/3237 3231/3713/3231 3222/3699/3222 3224/3701/3224
f 3236/3718/3236 3231/3719/3231 3232/3720/3232 3239/3721/3239
f 3228/3705/3228 3240/3722/3240 3223/3700/3223 3225/3702/3225
f 3223/3700/3223 3240/3722/3240 3241/3723/3241 3224/3701/3224
f 3241/3723/3241 3240/3722/3240 3228/3705/3228 3242/3724/3242
f 3227/3704/3227 3234/3711/3234 3242/3724/3242 3228/3705/3228
f 3242/3724/3242 3234/3711/3234 3235/3712/3235 3243/3725/3243
f 3244/3726/3244 3245/3727/3245 3246/3728/3246 3247/3729/3247
f 3246/3730/3246 3245/3731/3245 3248/3732/3248 3208/3733/3208
f 3248/3734/3248 3245/3735/3245 3249/3736/3249 3250/3737/3250
f 3249/3738/3249 3245/3727/3245 3251/3739/3251 3252/3740/3252
f 3253/3741/3253 3201/3676/3201 3204/3679/3204 3254/3742/3254
f 3255/3743/3255 3181/3744/3181 3180/3745/3180 3256/3746/3256
f 3210/3687/3210 3249/3736/3249 3252/3747/3252 3211/3688/3211
f 3257/3748/3257 3249/3736/3249 3210/3687/3210 3213/3690/3213
f 3258/3749/3258 3249/3736/3249 3257/3748/3257 3259/3750/3259
f 3260/3751/3260 3261/3752/3261 3262/3753/3262 3263/3754/3263
f 3264/3755/3264 3261/3752/3261 3260/3751/3260 3265/3756/3265
f 3262/3753/3262 3261/3752/3261 3264/3755/3264 3266/3757/3266
f 3265/3756/3265 3260/3751/3260 3263/3754/3263 3267/3758/3267
f 3262/3759/3262 3268/3760/3268 3269/3761/3269 3263/3762/3263
f 3270/3763/3270 3268/3760/3268 3262/3759/3262 3266/3764/3266
f 3269/3761/3269 3268/3760/3268 3270/3763/3270 3271/3765/3271
f 3263/3754/3263 3269/3766/3269 3271/3767/3271 3267/3758/3267
f 3264/3755/3264 3255/3743/3255 3256/3746/3256 3266/3757/3266
f 3272/3768/3272 3255/3769/3255 3273/3770/3273 3274/3771/3274
f 3250/3737/3250 3249/3736/3249 3258/3749/3258 3275/3772/3275
f 3182/3653/3182 3183/3655/3183 3197/3773/3197 3276/3774/3276
f 3274/3775/3274 3273/3776/3273 3277/3777/3277 3278/3778/3278
f 3279/3779/3279 3256/3780/3256 3180/3651/3180 3184/3656/3184
f 3280/3781/3280 3256/3780/3256 3279/3779/3279 3281/3782/3281
f 3266/3764/3266 3256/3780/3256 3280/3781/3280 3270/3763/3270
f 3258/3783/3258 3278/3778/3278 3282/3784/3282 3275/3785/3275
f 3282/3786/3282 3278/3787/3278 3283/3788/3283 3284/3789/3284
f 3274/3775/3274 3278/3778/3278 3258/3783/3258 3259/3790/3259
f 3285/3791/3285 3286/3792/3286 3287/3793/3287 3288/3794/3288
f 3289/3795/3289 3290/3796/3290 3291/3797/3291 3276/3774/3276
f 3291/3797/3291 3290/3796/3290 3292/3798/3292 3293/3799/3293
f 3294/3800/3294 3290/3796/3290 3289/3795/3289 3295/3801/3295
f 3296/3802/3296 3290/3796/3290 3294/3800/3294 3297/3803/3297
f 3292/3798/3292 3290/3796/3290 3296/3802/3296 3298/3804/3298
f 3287/3793/3287 3299/3805/3299 3146/3608/3146 3132/3594/3132
f 3300/3806/3300 3299/3805/3299 3287/3793/3287 3286/3792/3286
f 3146/3608/3146 3299/3805/3299 3301/3807/3301 3147/3609/3147
f 3301/3807/3301 3299/3805/3299 3300/3806/3300 3302/3808/3302
f 3303/3809/3303 3286/3792/3286 3285/3791/3285 3304/3810/3304
f 3305/3811/3305 3306/3812/3306 3307/3813/3307 3308/3814/3308
f 3309/3815/3309 3306/3812/3306 3305/3811/3305 3310/3816/3310
f 3307/3813/3307 3306/3812/3306 3311/3817/3311 3312/3818/3312
f 3311/3817/3311 3306/3812/3306 3309/3815/3309 3313/3819/3313
f 3314/3820/3314 3315/3821/3315 3316/3822/3316 3317/3823/3317
f 3318/3824/3318 3315/3821/3315 3314/3820/3314 3319/3825/3319
f 3316/3822/3316 3315/3821/3315 3320/3826/3320 3321/3827/3321
f 3320/3826/3320 3315/3821/3315 3318/3824/3318 3322/3828/3322
f 3320/3826/3320 3322/3828/3322 3323/3829/3323 3324/3830/3324
f 3323/3829/3323 3322/3828/3322 3325/3831/3325 3326/3832/3326
f 3325/3831/3325 3322/3828/3322 3318/3824/3318 3327/3833/3327
f 3325/3831/3325 3327/3833/3327 3328/3834/3328 3329/3835/3329
f 3328/3834/3328 3327/3833/3327 3330/3836/3330 3331/3837/3331
f 3330/3836/3330 3327/3833/3327 3318/3824/3318 3319/3825/3319
f 3331/3837/3331 3330/3836/3330 3332/3838/3332 3333/3839/3333
f 3332/3838/3332 3330/3836/3330 3319/3825/3319 3298/3804/3298
f 3333/3839/3333 3332/3838/3332 3334/3840/3334 3335/3841/3335
f 3334/3840/3334 3332/3838/3332 3298/3804/3298 3296/3802/3296
f 3335/3841/3335 3334/3840/3334 3336/3842/3336 3337/3843/3337
f 3336/3842/3336 3334/3840/3334 3296/3802/3296 3297/3803/3297
f 3337/3844/3337 3336/3845/3336 3338/3846/3338 3339/3847/3339
f 3338/3846/3338 3336/3845/3336 3297/3848/3297 3340/3849/3340
f 3341/3850/3341 3340/3849/3340 3297/3848/3297 3294/3851/3294
f 3338/3846/3338 3340/3849/3340 3342/3852/3342 3343/3853/3343
f 3342/3852/3342 3340/3849/3340 3341/3850/3341 3344/3854/3344
f 3206/3855/3206 3344/3854/3344 3341/3850/3341 3207/3856/3207
f 3342/3852/3342 3344/3854/3344 3345/3857/3345 3346/3858/3346
f 3345/3857/3345 3344/3854/3344 3206/3855/3206 3209/3859/3209
f 3346/3858/3346 3345/3857/3345 3347/3860/3347 3348/3861/3348
f 3347/3860/3347 3345/3857/3345 3209/3859/3209 3349/3862/3349
f 3248/3732/3248 3349/3862/3349 3209/3859/3209 3208/3733/3208
f 3347/3860/3347 3349/3862/3349 3350/3863/3350 3351/3864/3351
f 3350/3863/3350 3349/3862/3349 3248/3732/3248 3250/3865/3250
f 3351/3864/3351 3350/3863/3350 3352/3866/3352 3324/3867/3324
f 3352/3866/3352 3350/3863/3350 3250/3865/3250 3275/3868/3275
f 3324/3830/3324 3352/3869/3352 3321/3827/3321 3320/3826/3320
f 3321/3827/3321 3352/3869/3352 3275/3870/3275 3282/3786/3282
f 3347/3860/3347 3351/3864/3351 3353/3871/3353 3348/3861/3348
f 3353/3871/3353 3351/3864/3351 3324/3867/3324 3323/3872/3323
f 3348/3861/3348 3353/3871/3353 3354/3873/3354 3355/3874/3355
f 3354/3873/3354 3353/3871/3353 3323/3872/3323 3326/3875/3326
f 3355/3874/3355 3354/3873/3354 3356/3876/3356 3357/3877/3357
f 3356/3876/3356 3354/3873/3354 3326/3875/3326 3358/3878/3358
f 3356/3879/3356 3358/3880/3358 3359/3881/3359 3360/3882/3360
f 3359/3881/3359 3358/3880/3358 3329/3835/3329 3361/3883/3361
f 3329/3835/3329 3358/3880/3358 3326/3832/3326 3325/3831/3325
f 3359/3881/3359 3361/3883/3361 3362/3884/3362 3363/3885/3363
f 3362/3884/3362 3361/3883/3361 3364/3886/3364 3313/3819/3313
f 3364/3886/3364 3361/3883/3361 3329/3835/3329 3328/3834/3328
f 3313/3819/3313 3364/3886/3364 3365/3887/3365 3311/3817/3311
f 3365/3887/3365 3364/3886/3364 3328/3834/3328 3331/3837/3331
f 3311/3817/3311 3365/3887/3365 3366/3888/3366 3312/3818/3312
f 3366/3888/3366 3365/3887/3365 3331/3837/3331 3333/3839/3333
f 3312/3818/3312 3366/3888/3366 3367/3889/3367 3368/3890/3368
f 3367/3889/3367 3366/3888/3366 3333/3839/3333 3335/3841/3335
f 3368/3890/3368 3367/3889/3367 3369/3891/3369 3370/3892/3370
f 3369/3891/3369 3367/3889/3367 3335/3841/3335 3337/3843/3337
f 3370/3893/3370 3369/3894/3369 3371/3895/3371 3372/3896/3372
f 3371/3895/3371 3369/3894/3369 3337/3844/3337 3339/3847/3339
f 3372/3896/3372 3371/3895/3371 3304/3897/3304 3285/3898/3285
f 3304/3897/3304 3371/3895/3371 3339/3847/3339 3373/3899/3373
f 3343/3853/3343 3373/3899/3373 3339/3847/3339 3338/3846/3338
f 3304/3897/3304 3373/3899/3373 3374/3900/3374 3303/3901/3303
f 3374/3900/3374 3373/3899/3373 3343/3853/3343 3375/3902/3375
f 3346/3858/3346 3375/3902/3375 3343/3853/3343 3342/3852/3342
f 3374/3900/3374 3375/3902/3375 3355/3874/3355 3357/3877/3357
f 3355/3874/3355 3375/3902/3375 3346/3858/3346 3348/3861/3348
f 3303/3901/3303 3374/3900/3374 3357/3877/3357 3376/3903/3376
f 3303/3809/3303 3376/3904/3376 3300/3806/3300 3286/3792/3286
f 3300/3806/3300 3376/3904/3376 3360/3882/3360 3302/3808/3302
f 3360/3882/3360 3376/3904/3376 3357/3905/3357 3356/3879/3356
f 3370/3893/3370 3372/3896/3372 3377/3906/3377 3378/3907/3378
f 3377/3906/3377 3372/3896/3372 3285/3898/3285 3288/3908/3288
f 3378/3909/3378 3377/3910/3377 3131/3593/3131 3379/3911/3379
f 3131/3593/3131 3377/3910/3377 3288/3794/3288 3130/3592/3130
f 3378/3912/3378 3379/3913/3379 3380/3914/3380 3381/3915/3381
f 3380/3914/3380 3379/3913/3379 3382/3916/3382 3135/3597/3135
f 3382/3917/3382 3379/3911/3379 3131/3593/3131 3127/3589/3127
f 3135/3597/3135 3382/3916/3382 3383/3918/3383 3133/3595/3133
f 3383/3919/3383 3382/3917/3382 3127/3589/3127 3129/3591/3129
f 3133/3595/3133 3383/3918/3383 3109/3568/3109 3111/3571/3111
f 3109/3920/3109 3383/3919/3383 3129/3591/3129 3104/3921/3104
f 3381/3915/3381 3380/3914/3380 3308/3814/3308 3307/3813/3307
f 3308/3814/3308 3380/3914/3380 3135/3597/3135 3136/3598/3136
f 3368/3890/3368 3381/3915/3381 3307/3813/3307 3312/3818/3312
f 3378/3912/3378 3381/3915/3381 3368/3890/3368 3370/3892/3370
f 3363/3885/3363 3362/3884/3362 3384/3922/3384 3385/3923/3385
f 3384/3922/3384 3362/3884/3362 3313/3819/3313 3309/3815/3309
f 3385/3923/3385 3384/3922/3384 3386/3924/3386 3387/3925/3387
f 3386/3924/3386 3384/3922/3384 3309/3815/3309 3310/3816/3310
f 3387/3925/3387 3386/3924/3386 3388/3926/3388 3389/3927/3389
f 3388/3926/3388 3386/3924/3386 3310/3816/3310 3390/3928/3390
f 3388/3926/3388 3390/3928/3390 3391/3929/3391 3392/3930/3392
f 3391/3929/3391 3390/3928/3390 3139/3601/3139 3137/3599/3137
f 3139/3601/3139 3390/3928/3390 3310/3816/3310 3305/3811/3305
f 3392/3930/3392 3391/3929/3391 3393/3931/3393 3394/3932/3394
f 3393/3931/3393 3391/3929/3391 3137/3599/3137 3138/3600/3138
f 3394/3932/3394 3393/3931/3393 3395/3933/3395 3396/3934/3396
f 3395/3933/3395 3393/3931/3393 3138/3600/3138 3397/3935/3397
f 3395/3933/3395 3397/3935/3397 3398/3936/3398 3399/3937/3399
f 3398/3936/3398 3397/3935/3397 3116/3577/3116 3101/3560/3101
f 3116/3577/3116 3397/3935/3397 3138/3600/3138 3119/3580/3119
f 3399/3937/3399 3398/3936/3398 3097/3556/3097 3400/3938/3400
f 3097/3556/3097 3398/3936/3398 3101/3560/3101 3098/3557/3098
f 3399/3937/3399 3400/3938/3400 3401/3939/3401 3402/3940/3402
f 3401/3939/3401 3400/3938/3400 3403/3941/3403 3404/3942/3404
f 3403/3941/3403 3400/3938/3400 3097/3556/3097 3100/3559/3100
f 3404/3942/3404 3403/3941/3403 3405/3943/3405 3406/3944/3406
f 3405/3943/3405 3403/3941/3403 3100/3559/3100 3115/3575/3115
f 3406/3944/3406 3405/3943/3405 3407/3945/3407 3408/3946/3408
f 3407/3945/3407 3405/3943/3405 3115/3575/3115 3409/3947/3409
f 3407/3945/3407 3409/3947/3409 3064/3948/3064 3410/3949/3410
f 3064/3948/3064 3409/3947/3409 3411/3950/3411 3065/3951/3065
f 3411/3950/3411 3409/3947/3409 3115/3575/3115 3114/3574/3114
f 3065/3951/3065 3411/3950/3411 3092/3952/3092 3412/3953/3412
f 3092/3952/3092 3411/3950/3411 3114/3574/3114 3091/3576/3091
f 3065/3954/3065 3412/3955/3412 3049/3504/3049 3063/3535/3063
f 3049/3504/3049 3412/3955/3412 3413/3956/3413 3042/3497/3042
f 3413/3956/3413 3412/3955/3412 3092/3549/3092 3087/3544/3087
f 3042/3497/3042 3413/3956/3413 3052/3507/3052 3037/3492/3037
f 3052/3507/3052 3413/3956/3413 3087/3544/3087 3090/3547/3090
f 3407/3945/3407 3410/3949/3410 3414/3957/3414 3408/3946/3408
f 3414/3958/3414 3410/3959/3410 3415/3960/3415 3416/3961/3416
f 3415/3960/3415 3410/3959/3410 3064/3520/3064 3062/3517/3062
f 3416/3961/3416 3415/3960/3415 3417/3962/3417 3418/3963/3418
f 3417/3962/3417 3415/3960/3415 3062/3517/3062 3066/3522/3066
f 3418/3963/3418 3417/3962/3417 3419/3964/3419 3420/3965/3420
f 3419/3964/3419 3417/3962/3417 3066/3522/3066 3421/3966/3421
f 3419/3964/3419 3421/3966/3421 3028/3481/3028 3026/3479/3026
f 3028/3481/3028 3421/3966/3421 3422/3967/3422 3423/3968/3423
f 3422/3967/3422 3421/3966/3421 3066/3522/3066 3067/3523/3067
f 3423/3968/3423 3422/3967/3422 2982/3435/2982 2980/3433/2980
f 2982/3435/2982 3422/3967/3422 3067/3523/3067 3424/3969/3424
f 3425/3970/3425 3424/3969/3424 3067/3523/3067 3061/3516/3061
f 2982/3435/2982 3424/3969/3424 2967/3420/2967 2964/3417/2964
f 2967/3420/2967 3424/3969/3424 3425/3970/3425 3426/3971/3426
f 3040/3972/3040 3426/3971/3426 3425/3970/3425 3041/3973/3041
f 2967/3420/2967 3426/3971/3426 3427/3974/3427 2966/3419/2966
f 3427/3974/3427 3426/3971/3426 3040/3972/3040 3428/3975/3428
f 3006/3459/3006 3428/3975/3428 3040/3972/3040 3035/3976/3035
f 3427/3974/3427 3428/3975/3428 3429/3977/3429 3430/3978/3430
f 3429/3977/3429 3428/3975/3428 3006/3459/3006 3002/3455/3002
f 3430/3978/3430 3429/3977/3429 3431/3979/3431 3432/3980/3432
f 3431/3979/3431 3429/3977/3429 3002/3455/3002 3003/3456/3003
f 3432/3980/3432 3431/3979/3431 3433/3981/3433 2927/3380/2927
f 3433/3981/3433 3431/3979/3431 3003/3456/3003 3434/3982/3434
f 2946/3399/2946 3434/3982/3434 3003/3456/3003 2949/3402/2949
f 3433/3981/3433 3434/3982/3434 2882/3323/2882 3435/3983/3435
f 2882/3323/2882 3434/3982/3434 2946/3399/2946 2883/3324/2883
f 2924/3377/2924 3435/3983/3435 3436/3984/3436 3437/3985/3437
f 3436/3984/3436 3435/3983/3435 2882/3323/2882 2884/3327/2884
f 3433/3981/3433 3435/3983/3435 2924/3377/2924 2927/3380/2927
f 3437/3986/3437 3436/3987/3436 3438/3988/3438 3439/3989/3439
f 3438/3988/3438 3436/3987/3436 2884/3990/2884 3440/3991/3440
f 3438/3988/3438 3440/3991/3440 2908/3355/2908 2910/3356/2910
f 2908/3353/2908 3440/3992/3440 3441/3993/3441 2909/3354/2909
f 3441/3993/3441 3440/3992/3440 2884/3994/2884 2876/3995/2876
f 2909/3354/2909 3441/3993/3441 3442/3996/3442 3443/3997/3443
f 3442/3996/3442 3441/3993/3441 2876/3995/2876 2879/3998/2879
f 3443/3997/3443 3442/3996/3442 3444/3999/3444 3445/4000/3445
f 3444/3999/3444 3442/3996/3442 2879/3998/2879 2114/4001/2114
f 3445/4000/3445 3444/3999/3444 2931/4002/2931 3446/4003/3446
f 2931/4002/2931 3444/3999/3444 2114/4001/2114 2111/4004/2111
f 3445/4000/3445 3446/4003/3446 2898/3342/2898 2900/3344/2900
f 2898/3342/2898 3446/4003/3446 3447/4005/3447 3448/4006/3448
f 3447/4005/3447 3446/4003/3446 2931/4002/2931 2930/4007/2930
f 3448/4006/3448 3447/4005/3447 3449/4008/3449 3450/4009/3450
f 3449/4008/3449 3447/4005/3447 2930/4007/2930 2934/4010/2934
f 3450/4009/3450 3449/4008/3449 2863/3302/2863 2834/3271/2834
f 2863/3302/2863 3449/4008/3449 2934/4010/2934 2864/3303/2864
f 3448/4006/3448 3450/4009/3450 3451/4011/3451 2895/3339/2895
f 3451/4011/3451 3450/4009/3450 2834/3271/2834 2833/3270/2833
f 2895/3339/2895 3451/4011/3451 3452/4012/3452 2892/3336/2892
f 3452/4012/3452 3451/4011/3451 2833/3270/2833 3453/4013/3453
f 3452/4012/3452 3453/4013/3453 2827/3264/2827 2813/3250/2813
f 2827/3264/2827 3453/4013/3453 3454/4014/3454 3455/4015/3455
f 3454/4014/3454 3453/4013/3453 2833/3270/2833 2830/3267/2830
f 3455/4015/3455 3454/4014/3454 3456/4016/3456 3457/4017/3457
f 3456/4016/3456 3454/4014/3454 2830/3267/2830 2835/3272/2835
f 3457/4017/3457 3456/4016/3456 3458/4018/3458 2717/3151/2717
f 3458/4018/3458 3456/4016/3456 2835/3272/2835 3459/4019/3459
f 3460/4020/3460 3459/4019/3459 2701/3135/2701 3461/4021/3461
f 3458/4018/3458 3459/4019/3459 3460/4020/3460 3462/4022/3462
f 3463/4023/3463 3462/4022/3462 3460/4020/3460 3464/4024/3464
f 3458/4018/3458 3462/4022/3462 2715/3149/2715 2717/3151/2717
f 2715/3149/2715 3462/4022/3462 3463/4023/3463 3465/4025/3465
f 3466/4026/3466 3465/4025/3465 3463/4023/3463 3467/4027/3467
f 2715/3149/2715 3465/4025/3465 3468/4028/3468 2714/3148/2714
f 3468/4028/3468 3465/4025/3465 3466/4026/3466 3469/4029/3469
f 3468/4028/3468 3469/4029/3469 3470/4030/3470 2386/2804/2386
f 3470/4030/3470 3469/4029/3469 3471/4031/3471 3472/4032/3472
f 3471/4031/3471 3469/4029/3469 3466/4026/3466 3473/4033/3473
f 3474/4034/3474 3473/4035/3473 3475/4036/3475 3476/4037/3476
f 3475/4038/3475 3473/4033/3473 3466/4026/3466 3467/4027/3467
f 3471/4039/3471 3473/4035/3473 3474/4034/3474 3477/4040/3477
f 3478/4041/3478 3477/4040/3477 3474/4034/3474 3479/4042/3479
f 3471/4039/3471 3477/4040/3477 3480/4043/3480 3472/4044/3472
f 3480/4043/3480 3477/4040/3477 3478/4041/3478 3481/4045/3481
f 3482/4046/3482 3481/4045/3481 3478/4041/3478 3483/4047/3483
f 3480/4043/3480 3481/4045/3481 3484/4048/3484 3485/4049/3485
f 3484/4048/3484 3481/4045/3481 3482/4046/3482 3486/4050/3486
f 2712/3146/2712 3486/4050/3486 3482/4046/3482 2736/3170/2736
f 3484/4048/3484 3486/4050/3486 3487/4051/3487 3488/4052/3488
f 3487/4051/3487 3486/4050/3486 2712/3146/2712 2705/3139/2705
f 3488/4052/3488 3487/4051/3487 3489/4053/3489 3490/4054/3490
f 3489/4053/3489 3487/4051/3487 2705/3139/2705 2708/3142/2708
f 3490/4054/3490 3489/4053/3489 3491/4055/3491 3492/4056/3492
f 3491/4055/3491 3489/4053/3489 2708/3142/2708 3493/4057/3493
f 3491/4055/3491 3493/4057/3493 2378/2796/2378 3494/4058/3494
f 2378/2796/2378 3493/4057/3493 3495/4059/3495 2377/2795/2377
f 3495/4059/3495 3493/4057/3493 2708/3142/2708 2707/3141/2707
f 2377/2795/2377 3495/4059/3495 2399/2817/2399 2379/2797/2379
f 2399/2817/2399 3495/4059/3495 2707/3141/2707 3496/4060/3496
f 2399/2817/2399 3496/4060/3496 2691/3123/2691 2398/2816/2398
f 2691/3123/2691 3496/4060/3496 2739/3173/2739 3497/4061/3497
f 2739/3173/2739 3496/4060/3496 2707/3141/2707 2706/3140/2706
f 2691/3123/2691 3497/4061/3497 2694/3126/2694 2689/3121/2689
f 2694/3126/2694 3497/4061/3497 3498/4062/3498 3499/4063/3499
f 3498/4062/3498 3497/4061/3497 2739/3173/2739 2738/3172/2738
f 3499/4063/3499 3498/4062/3498 3500/4064/3500 3501/4065/3501
f 3500/4064/3500 3498/4062/3498 2738/3172/2738 2740/3174/2740
f 3501/4065/3501 3500/4064/3500 3502/4066/3502 3503/4067/3503
f 3502/4066/3502 3500/4064/3500 2740/3174/2740 3504/4068/3504
f 2737/3171/2737 3504/4068/3504 2740/3174/2740 2711/3145/2711
f 3502/4066/3502 3504/4068/3504 3505/4069/3505 2824/3261/2824
f 3505/4069/3505 3504/4068/3504 2737/3171/2737 2741/3175/2741
f 2824/3261/2824 3505/4069/3505 3506/4070/3506 2823/3260/2823
f 3506/4070/3506 3505/4069/3505 2741/3175/2741 3507/4071/3507
f 3508/4072/3508 3507/4071/3507 2741/3175/2741 2735/3169/2735
f 3506/4070/3506 3507/4071/3507 3509/4073/3509 3510/4074/3510
f 3509/4073/3509 3507/4071/3507 3508/4072/3508 3511/4075/3511
f 3512/4076/3512 3511/4075/3511 3508/4072/3508 3513/4077/3513
f 3509/4073/3509 3511/4075/3511 3514/4078/3514 3515/4079/3515
f 3514/4078/3514 3511/4075/3511 3512/4076/3512 3516/4080/3516
f 3514/4078/3514 3516/4080/3516 3517/4081/3517 3518/4082/3518
f 3517/4081/3517 3516/4080/3516 3519/4083/3519 3520/4084/3520
f 3519/4083/3519 3516/4080/3516 3512/4076/3512 3521/4085/3521
f 3519/4083/3519 3521/4085/3521 3522/4086/3522 3523/4087/3523
f 3522/4086/3522 3521/4085/3521 3524/4088/3524 3483/4047/3483
f 3524/4088/3524 3521/4085/3521 3512/4076/3512 3513/4077/3513
f 3483/4047/3483 3524/4088/3524 2736/3170/2736 3482/4046/3482
f 2736/3170/2736 3524/4088/3524 3513/4077/3513 2734/3168/2734
f 3523/4087/3523 3522/4086/3522 3479/4042/3479 3525/4089/3525
f 3479/4042/3479 3522/4086/3522 3483/4047/3483 3478/4041/3478
f 3523/4087/3523 3525/4089/3525 3526/4090/3526 3527/4091/3527
f 3526/4090/3526 3525/4089/3525 3476/4037/3476 3528/4092/3528
f 3476/4037/3476 3525/4089/3525 3479/4042/3479 3474/4034/3474
f 3526/4090/3526 3528/4092/3528 3529/4093/3529 3530/4094/3530
f 3529/4093/3529 3528/4092/3528 3531/4095/3531 3532/4096/3532
f 3531/4095/3531 3528/4092/3528 3476/4037/3476 3475/4036/3475
f 3532/4097/3532 3531/4098/3531 3533/4099/3533 3534/4100/3534
f 3533/4099/3533 3531/4098/3531 3475/4038/3475 3467/4027/3467
f 3534/4100/3534 3533/4099/3533 3464/4024/3464 3535/4101/3535
f 3464/4024/3464 3533/4099/3533 3467/4027/3467 3463/4023/3463
f 3534/4100/3534 3535/4101/3535 3536/4102/3536 3537/4103/3537
f 3536/4102/3536 3535/4101/3535 3461/4021/3461 2698/3130/2698
f 3461/4021/3461 3535/4101/3535 3464/4024/3464 3460/4020/3460
f 3537/4103/3537 3536/4102/3536 1516/1724/1516 1515/1723/1515
f 1516/1724/1516 3536/4102/3536 2698/3130/2698 648/3133/648
f 1520/1731/1520 1519/1730/1519 3538/4104/3538 3539/4105/3539
f 3538/4104/3538 1519/1730/1519 1522/1733/1522 3540/4106/3540
f 3538/4104/3538 3540/4106/3540 3541/4107/3541 3542/4108/3542
f 3541/4109/3541 3540/4110/3540 3543/4111/3543 3544/4112/3544
f 3543/4111/3543 3540/4110/3540 1522/1741/1522 1527/1740/1527
f 3543/4111/3543 1527/1740/1527 1529/1745/1529 3545/4113/3545
f 1533/1749/1533 1532/1748/1532 3546/4114/3546 3547/4115/3547
f 3546/4114/3546 1532/1748/1532 707/764/707 2748/3185/2748
f 3547/4115/3547 3546/4114/3546 3548/4116/3548 3549/4117/3549
f 3548/4116/3548 3546/4114/3546 2748/3185/2748 2818/3255/2818
f 3549/4117/3549 3548/4116/3548 3550/4118/3550 3551/4119/3551
f 3550/4118/3550 3548/4116/3548 2818/3255/2818 2817/3254/2817
f 3551/4119/3551 3550/4118/3550 3552/4120/3552 3553/4121/3553
f 3552/4120/3552 3550/4118/3550 2817/3254/2817 3554/4122/3554
f 3555/4123/3555 3554/4122/3554 2817/3254/2817 2816/3253/2816
f 3552/4120/3552 3554/4122/3554 3556/4124/3556 3557/4125/3557
f 3556/4124/3556 3554/4122/3554 3555/4123/3555 3558/4126/3558
f 3559/4127/3559 3558/4126/3558 3555/4123/3555 3560/4128/3560
f 3556/4129/3556 3558/4130/3558 3561/4131/3561 3562/4132/3562
f 3561/4131/3561 3558/4130/3558 3559/4133/3559 2938/3391/2938
f 3562/4132/3562 3561/4131/3561 3563/4134/3563 3564/4135/3564
f 3563/4134/3563 3561/4131/3561 2938/3391/2938 2935/3388/2935
f 3564/4135/3564 3563/4134/3563 3565/4136/3565 3566/4137/3566
f 3565/4136/3565 3563/4134/3563 2935/3388/2935 2936/3389/2936
f 3566/4137/3566 3565/4136/3565 1554/1773/1554 1553/1772/1553
f 1554/1773/1554 3565/4136/3565 2936/3389/2936 1555/1774/1555
f 848/912/848 1555/1774/1555 2936/3389/2936 2872/3313/2872
f 3564/4135/3564 3566/4137/3566 3539/4105/3539 3567/4138/3567
f 3539/4105/3539 3566/4137/3566 1553/1772/1553 1520/1731/1520
f 3564/4135/3564 3567/4138/3567 3568/4139/3568 3562/4132/3562
f 3568/4139/3568 3567/4138/3567 3542/4108/3542 3569/4140/3569
f 3542/4108/3542 3567/4138/3567 3539/4105/3539 3538/4104/3538
f 3568/4139/3568 3569/4140/3569 3570/4141/3570 3557/4142/3557
f 3570/4141/3570 3569/4140/3569 3571/4143/3571 3572/4144/3572
f 3571/4143/3571 3569/4140/3569 3542/4108/3542 3541/4107/3541
f 3572/4145/3572 3571/4146/3571 3573/4147/3573 3574/4148/3574
f 3573/4147/3573 3571/4146/3571 3541/4109/3541 3544/4112/3544
f 3574/4148/3574 3573/4147/3573 3575/4149/3575 3576/4150/3576
f 3575/4149/3575 3573/4147/3573 3544/4112/3544 3577/4151/3577
f 3575/4149/3575 3577/4151/3577 3578/4152/3578 3579/4153/3579
f 3578/4152/3578 3577/4151/3577 3545/4113/3545 3580/4154/3580
f 3545/4113/3545 3577/4151/3577 3544/4112/3544 3543/4111/3543
f 3578/4152/3578 3580/4154/3580 3581/4155/3581 3582/4156/3582
f 3581/4155/3581 3580/4154/3580 1573/1796/1573 1572/1795/1572
f 1573/1796/1573 3580/4154/3580 3545/4113/3545 1529/1745/1529
f 1577/1802/1577 1576/1801/1576 3583/4157/3583 3584/4158/3584
f 3583/4157/3583 1576/1801/1576 1533/1749/1533 3547/4115/3547
f 3584/4158/3584 3583/4157/3583 3585/4159/3585 3586/4160/3586
f 3585/4159/3585 3583/4157/3583 3547/4115/3547 3549/4117/3549
f 3586/4160/3586 3585/4159/3585 3587/4161/3587 3588/4162/3588
f 3587/4161/3587 3585/4159/3585 3549/4117/3549 3551/4119/3551
f 3588/4162/3588 3587/4161/3587 3589/4163/3589 3590/4164/3590
f 3589/4163/3589 3587/4161/3587 3551/4119/3551 3553/4121/3553
f 3590/4164/3590 3589/4163/3589 3572/4165/3572 3574/4166/3574
f 3572/4165/3572 3589/4163/3589 3553/4121/3553 3570/4167/3570
f 3588/4162/3588 3590/4164/3590 3591/4168/3591 3592/4169/3592
f 3591/4168/3591 3590/4164/3590 3574/4166/3574 3576/4170/3576
f 3592/4169/3592 3591/4168/3591 3593/4171/3593 3594/4172/3594
f 3593/4171/3593 3591/4168/3591 3576/4170/3576 3595/4173/3595
f 3593/4171/3593 3595/4173/3595 3596/4174/3596 3597/4175/3597
f 3596/4176/3596 3595/4177/3595 3579/4153/3579 3598/4178/3598
f 3579/4153/3579 3595/4177/3595 3576/4150/3576 3575/4149/3575
f 3596/4176/3596 3598/4178/3598 3599/4179/3599 3600/4180/3600
f 3599/4179/3599 3598/4178/3598 3582/4156/3582 3601/4181/3601
f 3582/4156/3582 3598/4178/3598 3579/4153/3579 3578/4152/3578
f 3599/4179/3599 3601/4181/3601 3602/4182/3602 3603/4183/3603
f 3602/4182/3602 3601/4181/3601 3604/4184/3604 3605/4185/3605
f 3604/4184/3604 3601/4181/3601 3582/4156/3582 3581/4155/3581
f 3605/4185/3605 3604/4184/3604 1600/1825/1600 1599/1824/1599
f 1600/1825/1600 3604/4184/3604 3581/4155/3581 1572/1795/1572
f 1604/1831/1604 1603/1830/1603 3606/4186/3606 3607/4187/3607
f 3606/4186/3606 1603/1830/1603 1577/1802/1577 3584/4158/3584
f 3607/4187/3607 3606/4186/3606 3608/4188/3608 3609/4189/3609
f 3608/4188/3608 3606/4186/3606 3584/4158/3584 3586/4160/3586
f 3609/4189/3609 3608/4188/3608 3592/4169/3592 3594/4172/3594
f 3592/4169/3592 3608/4188/3608 3586/4160/3586 3588/4162/3588
f 3607/4187/3607 3609/4189/3609 2696/3128/2696 2695/3127/2695
f 2696/3128/2696 3609/4189/3609 3594/4172/3594 3610/4190/3610
f 2696/3128/2696 3610/4190/3610 3611/4191/3611 2094/2491/2094
f 3611/4191/3611 3610/4190/3610 3597/4175/3597 3612/4192/3612
f 3597/4175/3597 3610/4190/3610 3594/4172/3594 3593/4171/3593
f 3611/4191/3611 3612/4192/3612 3613/4193/3613 3614/4194/3614
f 3613/4193/3613 3612/4192/3612 3600/4195/3600 3615/4196/3615
f 3600/4195/3600 3612/4192/3612 3597/4175/3597 3596/4174/3596
f 3613/4197/3613 3615/4198/3615 3616/4199/3616 3617/4200/3617
f 3616/4199/3616 3615/4198/3615 3603/4183/3603 2730/3164/2730
f 3603/4183/3603 3615/4198/3615 3600/4180/3600 3599/4179/3599
f 3617/4200/3617 3616/4199/3616 3618/4201/3618 3619/4202/3619
f 3618/4201/3618 3616/4199/3616 2730/3164/2730 2729/3163/2729
f 3619/4202/3619 3618/4201/3618 3620/4203/3620 3621/4204/3621
f 3620/4203/3620 3618/4201/3618 2729/3163/2729 2731/3165/2731
f 3621/4204/3621 3620/4203/3620 2659/3085/2659 2660/3088/2660
f 2659/3085/2659 3620/4203/3620 2731/3165/2731 2661/3091/2661
f 3619/4202/3619 3621/4204/3621 3622/4205/3622 3623/4206/3623
f 3622/4205/3622 3621/4204/3621 2660/3088/2660 3624/4207/3624
f 3622/4208/3622 3624/4209/3624 3625/4210/3625 3626/4211/3626
f 3625/4210/3625 3624/4209/3624 3627/4212/3627 3628/4213/3628
f 3627/4212/3627 3624/4209/3624 2660/4214/2660 2657/4215/2657
f 3628/4213/3628 3627/4212/3627 3629/4216/3629 3630/4217/3630
f 3629/4216/3629 3627/4212/3627 2657/4215/2657 2658/4218/2658
f 3630/4217/3630 3629/4216/3629 3631/4219/3631 3632/4220/3632
f 3631/4221/3631 3629/4222/3629 2658/3084/2658 3633/4223/3633
f 3631/4221/3631 3633/4223/3633 3634/4224/3634 3635/4225/3635
f 3634/4224/3634 3633/4223/3633 2628/3052/2628 2605/3029/2605
f 2628/3052/2628 3633/4223/3633 2658/3084/2658 2646/3072/2646
f 3635/4225/3635 3634/4224/3634 3636/4226/3636 3637/4227/3637
f 3636/4226/3636 3634/4224/3634 2605/3029/2605 2601/3025/2601
f 3637/4227/3637 3636/4226/3636 2595/3019/2595 3638/4228/3638
f 2595/3019/2595 3636/4226/3636 2601/3025/2601 2577/3001/2577
f 3637/4227/3637 3638/4228/3638 3639/4229/3639 3640/4230/3640
f 3639/4229/3639 3638/4228/3638 2567/2991/2567 2566/2990/2566
f 2567/2991/2567 3638/4228/3638 2595/3019/2595 2579/3003/2579
f 3640/4230/3640 3639/4229/3639 1639/1869/1639 1638/1868/1638
f 1639/1869/1639 3639/4229/3639 2566/2990/2566 515/556/515
f 1643/1873/1643 1642/1872/1642 3641/4231/3641 3642/4232/3642
f 3641/4231/3641 1642/1872/1642 19/19/19 2092/2489/2092
f 3642/4232/3642 3641/4231/3641 3643/4233/3643 3623/4234/3623
f 3643/4233/3643 3641/4231/3641 2092/2489/2092 3614/4194/3614
f 3623/4234/3623 3643/4233/3643 3617/4235/3617 3619/4236/3619
f 3617/4235/3617 3643/4233/3643 3614/4194/3614 3613/4193/3613
f 1643/1873/1643 3642/4232/3642 3626/4211/3626 1645/1875/1645
f 3626/4211/3626 3642/4232/3642 3623/4234/3623 3622/4208/3622
f 1646/1876/1646 1645/1875/1645 3626/4211/3626 3625/4210/3625
f 1647/1877/1647 1646/1876/1646 3625/4210/3625 3628/4213/3628
f 1648/1878/1648 1647/1877/1647 3628/4213/3628 3630/4217/3630
f 1649/1879/1649 1648/1878/1648 3630/4217/3630 3632/4220/3632
f 1651/1881/1651 1649/1879/1649 3632/4220/3632 3644/4237/3644
f 1651/1883/1651 3644/4238/3644 3640/4230/3640 1638/1868/1638
f 3640/4230/3640 3644/4238/3644 3635/4225/3635 3637/4227/3637
f 3635/4239/3635 3644/4237/3644 3632/4220/3632 3631/4219/3631
f 3611/4191/3611 3614/4194/3614 2092/2489/2092 2094/2491/2094
f 1604/1831/1604 3607/4187/3607 2695/3127/2695 1652/1885/1652
f 1653/1886/1653 1652/1885/1652 2695/3127/2695 2093/2490/2093
f 1599/1824/1599 1654/1888/1654 2732/3166/2732 3605/4185/3605
f 2732/3166/2732 1654/1888/1654 1655/1890/1655 2727/3161/2727
f 2727/3161/2727 1655/1890/1655 657/711/657 2703/3137/2703
f 3602/4182/3602 3605/4185/3605 2732/3166/2732 2728/3162/2728
f 3603/4183/3603 3602/4182/3602 2728/3162/2728 2730/3164/2730
f 3557/4125/3557 3570/4167/3570 3553/4121/3553 3552/4120/3552
f 3562/4132/3562 3568/4139/3568 3557/4142/3557 3556/4129/3556
f 3645/4240/3645 3560/4128/3560 3646/4241/3646 3647/4242/3647
f 3646/4241/3646 3560/4128/3560 3555/4123/3555 2816/3253/2816
f 3559/4127/3559 3560/4128/3560 3645/4240/3645 3648/4243/3648
f 3649/4244/3649 3648/4243/3648 3645/4240/3645 3650/4245/3650
f 3559/4133/3559 3648/4246/3648 2937/3390/2937 2938/3391/2938
f 2937/3390/2937 3648/4246/3648 3649/4247/3649 2941/3394/2941
f 3651/4248/3651 3650/4245/3650 3652/4249/3652 3653/4250/3653
f 3652/4249/3652 3650/4245/3650 3645/4240/3645 3647/4242/3647
f 3649/4244/3649 3650/4245/3650 3651/4248/3651 3654/4251/3654
f 3655/4252/3655 3654/4251/3654 3651/4248/3651 3656/4253/3656
f 3649/4247/3649 3654/4254/3654 3657/4255/3657 2941/3394/2941
f 3657/4255/3657 3654/4254/3654 3655/4256/3655 3658/4257/3658
f 3659/4258/3659 3658/4257/3658 3655/4256/3655 3660/4259/3660
f 3657/4255/3657 3658/4257/3658 3661/4260/3661 3662/4261/3662
f 3661/4260/3661 3658/4257/3658 3659/4258/3659 3663/4262/3663
f 3664/4263/3664 3663/4262/3663 3659/4258/3659 3665/4264/3665
f 3661/4260/3661 3663/4262/3663 3666/4265/3666 3667/4266/3667
f 3666/4265/3666 3663/4262/3663 3664/4263/3664 3668/4267/3668
f 3669/4268/3669 3668/4269/3668 3664/4270/3664 3670/4271/3670
f 3666/4265/3666 3668/4267/3668 3414/3958/3414 3416/3961/3416
f 3414/3957/3414 3668/4269/3668 3669/4268/3669 3408/3946/3408
f 3671/4272/3671 3670/4271/3670 3672/4273/3672 3673/4274/3673
f 3672/4273/3672 3670/4271/3670 3664/4270/3664 3665/4275/3665
f 3669/4268/3669 3670/4271/3670 3671/4272/3671 3674/4276/3674
f 3675/4277/3675 3674/4276/3674 3671/4272/3671 3676/4278/3676
f 3669/4268/3669 3674/4276/3674 3406/3944/3406 3408/3946/3408
f 3406/3944/3406 3674/4276/3674 3675/4277/3675 3404/3942/3404
f 3677/4279/3677 3676/4278/3676 3678/4280/3678 3679/4281/3679
f 3678/4280/3678 3676/4278/3676 3671/4272/3671 3673/4274/3673
f 3675/4277/3675 3676/4278/3676 3677/4279/3677 3680/4282/3680
f 3681/4283/3681 3680/4282/3680 3677/4279/3677 3682/4284/3682
f 3675/4277/3675 3680/4282/3680 3401/3939/3401 3404/3942/3404
f 3401/3939/3401 3680/4282/3680 3681/4283/3681 3402/3940/3402
f 3683/4285/3683 3682/4284/3682 3684/4286/3684 3685/4287/3685
f 3684/4286/3684 3682/4284/3682 3677/4279/3677 3679/4281/3679
f 3681/4283/3681 3682/4284/3682 3683/4285/3683 3686/4288/3686
f 3687/4289/3687 3686/4288/3686 3683/4285/3683 3688/4290/3688
f 3681/4283/3681 3686/4288/3686 3396/3934/3396 3402/3940/3402
f 3396/3934/3396 3686/4288/3686 3687/4289/3687 3394/3932/3394
f 3689/4291/3689 3688/4290/3688 3690/4292/3690 3143/3605/3143
f 3690/4292/3690 3688/4290/3688 3683/4285/3683 3685/4287/3685
f 3687/4289/3687 3688/4290/3688 3689/4291/3689 3691/4293/3691
f 3389/3927/3389 3691/4293/3691 3689/4291/3689 3148/3610/3148
f 3687/4289/3687 3691/4293/3691 3392/3930/3392 3394/3932/3394
f 3392/3930/3392 3691/4293/3691 3389/3927/3389 3388/3926/3388
f 3143/3605/3143 3690/4292/3690 3692/4294/3692 3140/3602/3140
f 3692/4294/3692 3690/4292/3690 3685/4287/3685 3693/4295/3693
f 3692/4294/3692 3693/4295/3693 3113/3573/3113 3112/3572/3112
f 3113/3573/3113 3693/4295/3693 3694/4296/3694 3695/4297/3695
f 3694/4296/3694 3693/4295/3693 3685/4287/3685 3684/4286/3684
f 3695/4297/3695 3694/4296/3694 3696/4298/3696 3697/4299/3697
f 3696/4298/3696 3694/4296/3694 3684/4286/3684 3679/4281/3679
f 3697/4299/3697 3696/4298/3696 3698/4300/3698 3699/4301/3699
f 3698/4300/3698 3696/4298/3696 3679/4281/3679 3678/4280/3678
f 3699/4301/3699 3698/4300/3698 3700/4302/3700 3701/4303/3701
f 3700/4302/3700 3698/4300/3698 3678/4280/3678 3673/4274/3673
f 3701/4304/3701 3700/4305/3700 3702/4306/3702 3703/4307/3703
f 3702/4308/3702 3700/4302/3700 3673/4274/3673 3672/4273/3672
f 3703/4307/3703 3702/4306/3702 3704/4309/3704 3705/4310/3705
f 3704/4311/3704 3702/4308/3702 3672/4273/3672 3665/4275/3665
f 3705/4310/3705 3704/4309/3704 3660/4312/3660 3706/4313/3706
f 3660/4312/3660 3704/4309/3704 3665/4314/3665 3659/4315/3659
f 3705/4310/3705 3706/4313/3706 3707/4316/3707 3708/4317/3708
f 3707/4316/3707 3706/4313/3706 3656/4253/3656 3709/4318/3709
f 3656/4253/3656 3706/4313/3706 3660/4312/3660 3655/4252/3655
f 3707/4316/3707 3709/4318/3709 3710/4319/3710 3711/4320/3711
f 3710/4319/3710 3709/4318/3709 3653/4250/3653 3712/4321/3712
f 3653/4250/3653 3709/4318/3709 3656/4253/3656 3651/4248/3651
f 3710/4319/3710 3712/4321/3712 3020/3473/3020 3021/3474/3021
f 3020/3473/3020 3712/4321/3712 3713/4322/3713 2943/3396/2943
f 3713/4322/3713 3712/4321/3712 3653/4250/3653 3652/4249/3652
f 2943/3396/2943 3713/4322/3713 2869/3310/2869 2868/3309/2868
f 2869/3310/2869 3713/4322/3713 3652/4249/3652 3647/4242/3647
f 3711/4320/3711 3710/4319/3710 3021/3474/3021 2973/3426/2973
f 3034/3487/3034 3711/4320/3711 2973/3426/2973 2972/3425/2972
f 3707/4316/3707 3711/4320/3711 3034/3487/3034 3708/4317/3708
f 3032/3485/3032 3708/4317/3708 3034/3487/3034 3029/3482/3029
f 3705/4310/3705 3708/4317/3708 3032/3485/3032 3703/4307/3703
f 3701/4304/3701 3703/4307/3703 3032/3485/3032 3031/3484/3031
f 3699/4301/3699 3701/4303/3701 3031/4323/3031 3044/4324/3044
f 3697/4299/3697 3699/4301/3699 3044/4324/3044 3043/4325/3043
f 3695/4297/3695 3697/4299/3697 3043/4325/3043 3048/4326/3048
f 3113/3573/3113 3695/4297/3695 3048/4326/3048 3096/3555/3096
f 3140/3602/3140 3692/4294/3692 3112/3572/3112 3145/3607/3145
f 3148/3610/3148 3689/4291/3689 3143/3605/3143 3142/3604/3142
f 3667/4266/3667 3666/4265/3666 3416/3961/3416 3418/3963/3418
f 3661/4260/3661 3667/4266/3667 3714/4327/3714 3662/4261/3662
f 3714/4327/3714 3667/4266/3667 3418/3963/3418 3420/3965/3420
f 3662/4261/3662 3714/4327/3714 2940/3393/2940 2939/3392/2939
f 2940/3393/2940 3714/4327/3714 3420/3965/3420 3027/3480/3027
f 3657/4255/3657 3662/4261/3662 2939/3392/2939 2941/3394/2941
f 2869/3310/2869 3647/4242/3647 3646/4241/3646 2853/3290/2853
f 2979/3432/2979 1728/1977/1728 1727/1976/1727 3715/4328/3715
f 1729/1978/1729 1728/1977/1728 2979/3432/2979 2974/3427/2974
f 1730/1979/1730 1729/1978/1729 2974/3427/2974 2977/3430/2977
f 1731/1980/1731 1730/1979/1730 2977/3430/2977 2965/3418/2965
f 1732/1981/1732 1731/1980/1731 2965/3418/2965 2960/3413/2960
f 1733/1982/1733 1732/1981/1732 2960/3413/2960 2963/3416/2963
f 1735/1984/1735 1733/1982/1733 2963/3416/2963 3716/4329/3716
f 3717/4330/3717 3716/4329/3716 2963/3416/2963 2962/3415/2962
f 1735/1984/1735 3716/4329/3716 2102/2502/2102 35/37/35
f 2102/2502/2102 3716/4329/3716 3717/4330/3717 2860/3297/2860
f 3718/4331/3718 3717/4330/3717 2962/3415/2962 2981/3434/2981
f 2860/3297/2860 3717/4330/3717 3718/4331/3718 2926/3379/2926
f 3432/3980/3432 3718/4331/3718 2981/3434/2981 3430/3978/3430
f 2926/3379/2926 3718/4331/3718 3432/3980/3432 2927/3380/2927
f 3719/4332/3719 3715/4328/3715 3025/3478/3025 3024/3477/3024
f 3025/3478/3025 3715/4328/3715 1727/1976/1727 1739/1988/1739
f 2979/3432/2979 3715/4328/3715 3719/4332/3719 2978/3431/2978
f 3423/3968/3423 3719/4332/3719 3024/3477/3024 3028/3481/3028
f 2978/3431/2978 3719/4332/3719 3423/3968/3423 2980/3433/2980
f 3025/3478/3025 1739/1988/1739 1740/1989/1740 3022/3475/3022
f 3022/3475/3022 1740/1989/1740 844/908/844 2871/3312/2871
f 1744/4333/1744 1743/4334/1743 3720/4335/3720 3721/4336/3721
f 3720/4335/3720 1743/4334/1743 31/2495/31 2099/2498/2099
f 3721/4336/3721 3720/4335/3720 3722/4337/3722 3723/4338/3723
f 3722/4337/3722 3720/4335/3720 2099/2498/2099 2770/3207/2770
f 3723/4338/3723 3722/4337/3722 3520/4084/3520 3527/4091/3527
f 3520/4084/3520 3722/4337/3722 2770/3207/2770 3517/4081/3517
f 3721/4336/3721 3723/4338/3723 3530/4094/3530 3724/4339/3724
f 3530/4094/3530 3723/4338/3723 3527/4091/3527 3526/4090/3526
f 3721/4336/3721 3724/4339/3724 1748/4340/1748 1744/4333/1744
f 1748/4340/1748 3724/4339/3724 3725/4341/3725 1749/4342/1749
f 3725/4341/3725 3724/4339/3724 3530/4094/3530 3529/4093/3529
f 1749/4342/1749 3725/4341/3725 3726/4343/3726 1751/4344/1751
f 3726/4343/3726 3725/4341/3725 3529/4093/3529 3532/4096/3532
f 1751/4345/1751 3726/4346/3726 3537/4103/3537 1515/1723/1515
f 3537/4103/3537 3726/4346/3726 3532/4097/3532 3534/4100/3534
f 3523/4087/3523 3527/4091/3527 3520/4084/3520 3519/4083/3519
f 3518/4082/3518 3517/4081/3517 2770/3207/2770 2769/3206/2769
f 3727/4347/3727 3518/4082/3518 2769/3206/2769 2772/3209/2772
f 3514/4078/3514 3518/4082/3518 3727/4347/3727 3515/4079/3515
f 3515/4079/3515 3727/4347/3727 3728/4348/3728 3729/4349/3729
f 3728/4348/3728 3727/4347/3727 2772/3209/2772 3730/4350/3730
f 3728/4348/3728 3730/4350/3730 3731/4351/3731 3732/4352/3732
f 3731/4351/3731 3730/4350/3730 3733/4353/3733 3734/4354/3734
f 3733/4353/3733 3730/4350/3730 2772/3209/2772 2771/3208/2771
f 3734/4354/3734 3733/4353/3733 3735/4355/3735 3736/4356/3736
f 3735/4355/3735 3733/4353/3733 2771/3208/2771 3737/4357/3737
f 3735/4355/3735 3737/4357/3737 3738/4358/3738 3739/4359/3739
f 3738/4358/3738 3737/4357/3737 2100/2500/2100 2859/4360/2859
f 2100/2500/2100 3737/4357/3737 2771/3208/2771 2098/2497/2098
f 3736/4356/3736 3735/4355/3735 3739/4359/3739 3740/4361/3740
f 3734/4354/3734 3736/4356/3736 3439/3989/3439 3741/4362/3741
f 3439/3989/3439 3736/4356/3736 3740/4361/3740 3437/3986/3437
f 3734/4354/3734 3741/4362/3741 2897/3341/2897 3731/4351/3731
f 2897/3341/2897 3741/4362/3741 2910/3356/2910 2896/3340/2896
f 2910/3356/2910 3741/4362/3741 3439/3989/3439 3438/3988/3438
f 3732/4352/3732 3731/4351/3731 2897/3341/2897 2890/3334/2890
f 3728/4348/3728 3732/4352/3732 3742/4363/3742 3729/4349/3729
f 3742/4363/3742 3732/4352/3732 2890/3334/2890 2893/3337/2893
f 3729/4349/3729 3742/4363/3742 3743/4364/3743 3510/4074/3510
f 3743/4364/3743 3742/4363/3742 2893/3337/2893 2814/3251/2814
f 3510/4074/3510 3743/4364/3743 2823/3260/2823 3506/4070/3506
f 2823/3260/2823 3743/4364/3743 2814/3251/2814 2808/3245/2808
f 3515/4079/3515 3729/4349/3729 3510/4074/3510 3509/4073/3509
f 2734/3168/2734 3513/4077/3513 3508/4072/3508 2735/3169/2735
f 3503/4067/3503 3502/4066/3502 2824/3261/2824 2821/3258/2821
f 3501/4065/3501 3503/4067/3503 3744/4365/3744 3745/4366/3745
f 3744/4365/3744 3503/4067/3503 2821/3258/2821 2822/3259/2822
f 3745/4366/3745 3744/4365/3744 3746/4367/3746 3747/4368/3747
f 3746/4367/3746 3744/4365/3744 2822/3259/2822 3748/4369/3748
f 3746/4367/3746 3748/4369/3748 3749/4370/3749 3750/4371/3750
f 3749/4370/3749 3748/4369/3748 2828/3265/2828 3751/4372/3751
f 2828/3265/2828 3748/4369/3748 2822/3259/2822 2811/3248/2811
f 3749/4370/3749 3751/4372/3751 3752/4373/3752 3753/4374/3753
f 3752/4373/3752 3751/4372/3751 3754/4375/3754 3755/4376/3755
f 3754/4375/3754 3751/4372/3751 2828/3265/2828 2826/3263/2826
f 3755/4376/3755 3754/4375/3754 3455/4015/3455 3457/4017/3457
f 3455/4015/3455 3754/4375/3754 2826/3263/2826 2827/3264/2827
f 3752/4373/3752 3755/4376/3755 2716/3150/2716 2723/3157/2723
f 2716/3150/2716 3755/4376/3755 3457/4017/3457 2717/3151/2717
f 3753/4374/3753 3752/4373/3752 2723/3157/2723 2724/3158/2724
f 3749/4370/3749 3753/4374/3753 3756/4377/3756 3750/4371/3750
f 3756/4377/3756 3753/4374/3753 2724/3158/2724 2388/2806/2388
f 3757/4378/3757 3756/4377/3756 2388/2806/2388 2387/2805/2387
f 3746/4367/3746 3750/4371/3750 3758/4379/3758 3747/4368/3747
f 3501/4065/3501 3745/4366/3745 3759/4380/3759 3499/4063/3499
f 3759/4380/3759 3745/4366/3745 3747/4368/3747 2721/3155/2721
f 3499/4063/3499 3759/4380/3759 2673/3105/2673 2694/3126/2694
f 2673/3105/2673 3759/4380/3759 2721/3155/2721 2672/3104/2672
f 3760/4381/3760 3494/4058/3494 3761/4382/3761 3762/4383/3762
f 3761/4382/3761 3494/4058/3494 2378/2796/2378 2375/2793/2375
f 3491/4055/3491 3494/4058/3494 3760/4381/3760 3492/4056/3492
f 3762/4383/3762 3761/4382/3761 3763/4384/3763 3764/4385/3764
f 3763/4384/3763 3761/4382/3761 2375/2793/2375 2376/2794/2376
f 3764/4385/3764 3763/4384/3763 3765/4386/3765 3766/4387/3766
f 3765/4386/3765 3763/4384/3763 2376/2794/2376 3767/4388/3767
f 3765/4386/3765 3767/4388/3767 2282/2696/2282 2281/2695/2281
f 2282/2696/2282 3767/4388/3767 3768/4389/3768 3769/4390/3769
f 3768/4389/3768 3767/4388/3767 2376/2794/2376 2373/2791/2373
f 3769/4390/3769 3768/4389/3768 3770/4391/3770 3771/4392/3771
f 3770/4391/3770 3768/4389/3768 2373/2791/2373 2374/2792/2374
f 3771/4392/3771 3770/4391/3770 2338/2756/2338 2335/2753/2335
f 2338/2756/2338 3770/4391/3770 2374/2792/2374 3772/4393/3772
f 2338/2756/2338 3772/4393/3772 3773/4394/3773 2337/2755/2337
f 3773/4394/3773 3772/4393/3772 2385/2803/2385 3774/4395/3774
f 2385/2803/2385 3772/4393/3772 2374/2792/2374 2369/2787/2369
f 3773/4394/3773 3774/4395/3774 2333/2750/2333 2331/2748/2331
f 2333/2750/2333 3774/4395/3774 2389/2807/2389 2692/3124/2692
f 2389/2807/2389 3774/4395/3774 2385/2803/2385 2384/2802/2384
f 2337/2755/2337 3773/4394/3773 2331/2748/2331 2332/2749/2332
f 3769/4390/3769 3771/4392/3771 2297/2711/2297 3775/4396/3775
f 2297/2711/2297 3771/4392/3771 2335/2753/2335 2298/2712/2298
f 2279/2693/2279 3775/4396/3775 3776/4397/3776 2280/2694/2280
f 3776/4397/3776 3775/4396/3775 2297/2711/2297 2289/2703/2289
f 3769/4390/3769 3775/4396/3775 2279/2693/2279 2282/2696/2282
f 2280/2694/2280 3776/4397/3776 3777/4398/3777 3778/4399/3778
f 3777/4398/3777 3776/4397/3776 2289/2703/2289 2287/2701/2287
f 3778/4399/3778 3777/4398/3777 3779/4400/3779 3780/4401/3780
f 3779/4400/3779 3777/4398/3777 2287/2701/2287 2223/2635/2223
f 3780/4401/3780 3779/4400/3779 3781/4402/3781 3782/4403/3782
f 3781/4402/3781 3779/4400/3779 2223/2635/2223 2221/2633/2221
f 3782/4403/3782 3781/4402/3781 3783/4404/3783 3784/4405/3784
f 3783/4404/3783 3781/4402/3781 2221/2633/2221 3785/4406/3785
f 3784/4405/3784 3783/4404/3783 3786/4407/3786 3787/4408/3787
f 3786/4407/3786 3783/4404/3783 3785/4406/3785 3788/4409/3788
f 3789/4410/3789 3786/4407/3786 3788/4409/3788 3790/4411/3790
f 3787/4408/3787 3786/4407/3786 3789/4410/3789 3791/4412/3791
f 2142/2551/2142 3791/4412/3791 3789/4410/3789 3792/4413/3792
f 3787/4408/3787 3791/4412/3791 3793/4414/3793 2170/2581/2170
f 3793/4414/3793 3791/4412/3791 2142/2551/2142 2141/2550/2141
f 2170/2581/2170 3793/4414/3793 3794/4415/3794 2169/2580/2169
f 3794/4415/3794 3793/4414/3793 2141/2550/2141 2143/2552/2143
f 2169/2580/2169 3794/4415/3794 2154/2563/2154 2153/2562/2153
f 2154/2563/2154 3794/4415/3794 2143/2552/2143 3795/4416/3795
f 2154/2563/2154 3795/4416/3795 3796/4417/3796 2151/2560/2151
f 3796/4417/3796 3795/4416/3795 3797/4418/3797 3798/4419/3798
f 3797/4418/3797 3795/4416/3795 2143/2552/2143 2139/2548/2139
f 3798/4419/3798 3797/4418/3797 2135/2544/2135 3799/4420/3799
f 2135/2544/2135 3797/4418/3797 2139/2548/2139 2136/2545/2136
f 3798/4419/3798 3799/4420/3799 3800/4421/3800 3801/4422/3801
f 3800/4421/3800 3799/4420/3799 3802/4423/3802 2179/2590/2179
f 3802/4423/3802 3799/4420/3799 2135/2544/2135 2138/2547/2138
f 2179/2590/2179 3802/4423/3802 3803/4424/3803 2174/2585/2174
f 3803/4424/3803 3802/4423/3802 2138/2547/2138 3792/4413/3792
f 2174/2585/2174 3803/4424/3803 3790/4411/3790 2171/2582/2171
f 3790/4411/3790 3803/4424/3803 3792/4413/3792 3789/4410/3789
f 3801/4422/3801 3800/4421/3800 3804/4425/3804 3805/4426/3805
f 3804/4425/3804 3800/4421/3800 2179/2590/2179 2176/2587/2176
f 3805/4426/3805 3804/4425/3804 3806/4427/3806 3807/4428/3807
f 3806/4427/3806 3804/4425/3804 2176/2587/2176 2175/2586/2175
f 3807/4429/3807 3806/4430/3806 3808/4431/3808 3809/4432/3809
f 3808/4431/3808 3806/4430/3806 2175/4433/2175 3810/4434/3810
f 3808/4431/3808 3810/4434/3810 3811/4435/3811 3812/4436/3812
f 3811/4435/3811 3810/4434/3810 3813/4437/3813 3814/4438/3814
f 3813/4437/3813 3810/4434/3810 2175/4433/2175 2172/4439/2172
f 3814/4438/3814 3813/4437/3813 2212/4440/2212 3815/4441/3815
f 2212/2624/2212 3813/4442/3813 2172/2583/2172 2177/2588/2177
f 3814/4438/3814 3815/4441/3815 2133/2542/2133 2132/2541/2132
f 2133/4443/2133 3815/4444/3815 3816/4445/3816 3817/4446/3817
f 3816/4445/3816 3815/4444/3815 2212/2624/2212 2211/2623/2211
f 3817/4446/3817 3816/4445/3816 2198/2609/2198 3818/4447/3818
f 2198/2609/2198 3816/4445/3816 2211/2623/2211 2195/2606/2195
f 3817/4446/3817 3818/4447/3818 3819/4448/3819 3820/4449/3820
f 3819/4448/3819 3818/4447/3818 3821/4450/3821 3822/4451/3822
f 3821/4450/3821 3818/4447/3818 2198/2609/2198 2197/2608/2197
f 3822/4451/3822 3821/4450/3821 2189/2600/2189 2184/2595/2184
f 2189/2600/2189 3821/4450/3821 2197/2608/2197 2200/2611/2200
f 3819/4448/3819 3822/4451/3822 3823/4452/3823 3824/4453/3824
f 3823/4452/3823 3822/4451/3822 2184/2595/2184 2187/2598/2187
f 3824/4453/3824 3823/4452/3823 2150/2559/2150 3825/4454/3825
f 2150/2559/2150 3823/4452/3823 2187/2598/2187 2148/2557/2148
f 3826/4455/3826 3825/4454/3825 3827/4456/3827 3828/4457/3828
f 3827/4456/3827 3825/4454/3825 2150/2559/2150 2144/2553/2144
f 3824/4453/3824 3825/4454/3825 3826/4455/3826 3829/4458/3829
f 2131/4459/2131 3829/4458/3829 3826/4455/3826 3830/4460/3830
f 3824/4453/3824 3829/4458/3829 3820/4449/3820 3819/4448/3819
f 3820/4449/3820 3829/4458/3829 2131/4459/2131 2130/4461/2130
f 3831/4462/3831 3830/4463/3830 3832/4464/3832 2126/2535/2126
f 3832/4465/3832 3830/4460/3830 3826/4455/3826 3828/4457/3828
f 2131/2540/2131 3830/4463/3830 3831/4462/3831 2128/2537/2128
f 2126/2535/2126 3832/4464/3832 3833/4466/3833 2123/2532/2123
f 3833/4467/3833 3832/4465/3832 3828/4457/3828 3834/4468/3834
f 3835/4469/3835 3834/4468/3834 3828/4457/3828 3827/4456/3827
f 3833/4467/3833 3834/4468/3834 3836/4470/3836 3837/4471/3837
f 3836/4470/3836 3834/4468/3834 3835/4469/3835 3838/4472/3838
f 3839/4473/3839 3838/4472/3838 3835/4469/3835 2147/2556/2147
f 3836/4470/3836 3838/4472/3838 3840/4474/3840 3841/4475/3841
f 3840/4474/3840 3838/4472/3838 3839/4473/3839 3842/4476/3842
f 2208/2620/2208 3842/4476/3842 3839/4473/3839 2205/2617/2205
f 3840/4474/3840 3842/4476/3842 3843/4477/3843 3844/4478/3844
f 3843/4477/3843 3842/4476/3842 2208/2620/2208 3845/4479/3845
f 2214/2626/2214 3845/4479/3845 2208/2620/2208 2207/2619/2207
f 3843/4477/3843 3845/4479/3845 2219/2631/2219 2180/2591/2180
f 2219/2631/2219 3845/4479/3845 2214/2626/2214 2220/2632/2220
f 3844/4478/3844 3843/4477/3843 2180/2591/2180 2163/2573/2163
f 3840/4474/3840 3844/4478/3844 3846/4480/3846 3841/4475/3841
f 3846/4480/3846 3844/4478/3844 2163/2573/2163 2162/2572/2162
f 3841/4475/3841 3846/4480/3846 3847/4481/3847 3848/4482/3848
f 3847/4481/3847 3846/4480/3846 2162/2572/2162 3849/4483/3849
f 3847/4481/3847 3849/4483/3849 3850/4484/3850 3851/4485/3851
f 3850/4484/3850 3849/4483/3849 2155/4486/2155 2156/4487/2156
f 2155/4486/2155 3849/4483/3849 2162/2572/2162 2158/2571/2158
f 3851/4485/3851 3850/4484/3850 3852/4488/3852 3853/4489/3853
f 3852/4488/3852 3850/4484/3850 2156/4487/2156 3854/4490/3854
f 3852/4491/3852 3854/4492/3854 3801/4422/3801 3805/4426/3805
f 3801/4422/3801 3854/4492/3854 3796/4417/3796 3798/4419/3798
f 3796/4417/3796 3854/4492/3854 2156/2565/2156 2151/2560/2151
f 3853/4493/3853 3852/4491/3852 3805/4426/3805 3807/4428/3807
f 3851/4485/3851 3853/4489/3853 3855/4494/3855 3856/4495/3856
f 3855/4496/3855 3853/4497/3853 3807/4429/3807 3809/4432/3809
f 3856/4498/3856 3855/4496/3855 2121/2530/2121 2124/2533/2124
f 2121/2530/2121 3855/4496/3855 3809/4432/3809 2127/2536/2127
f 3848/4482/3848 3856/4495/3856 2124/4499/2124 3837/4471/3837
f 3851/4485/3851 3856/4495/3856 3848/4482/3848 3847/4481/3847
f 3841/4475/3841 3848/4482/3848 3837/4471/3837 3836/4470/3836
f 2205/2617/2205 3839/4473/3839 2147/2556/2147 2146/2555/2146
f 3833/4467/3833 3837/4471/3837 2124/4499/2124 2123/4500/2123
f 2147/2556/2147 3835/4469/3835 3827/4456/3827 2144/2553/2144
f 3857/4501/3857 3831/4462/3831 2126/2535/2126 2125/2534/2125
f 2128/2537/2128 3831/4462/3831 3857/4501/3857 2134/2543/2134
f 2134/2543/2134 3857/4501/3857 3812/4436/3812 3811/4435/3811
f 3812/4436/3812 3857/4501/3857 2125/2534/2125 2127/2536/2127
f 3817/4446/3817 3820/4449/3820 2130/4461/2130 2133/4443/2133
f 3811/4435/3811 3814/4438/3814 2132/2541/2132 2134/2543/2134
f 3808/4431/3808 3812/4436/3812 2127/2536/2127 3809/4432/3809
f 2142/2551/2142 3792/4413/3792 2138/2547/2138 2137/2546/2137
f 2171/2582/2171 3790/4411/3790 3788/4409/3788 2178/2589/2178
f 3784/4405/3784 3787/4408/3787 2170/2581/2170 2165/2576/2165
f 3782/4403/3782 3784/4405/3784 2165/2576/2165 2168/2579/2168
f 3780/4401/3780 3782/4403/3782 2168/2579/2168 3858/4502/3858
f 2193/2604/2193 3858/4502/3858 2168/2579/2168 2167/2578/2167
f 3780/4401/3780 3858/4502/3858 3859/4503/3859 3778/4399/3778
f 3859/4503/3859 3858/4502/3858 2193/2604/2193 3860/4504/3860
f 3861/4505/3861 3860/4504/3860 2193/2604/2193 2194/2605/2194
f 3859/4503/3859 3860/4504/3860 2253/2667/2253 2277/2691/2277
f 2253/2667/2253 3860/4504/3860 3861/4505/3861 2250/2664/2250
f 3862/4506/3862 3861/4505/3861 2194/2605/2194 2203/2614/2203
f 2250/2664/2250 3861/4505/3861 3862/4506/3862 2251/2665/2251
f 3863/4507/3863 3862/4508/3862 2203/4509/2203 3864/4510/3864
f 2251/4511/2251 3862/4508/3862 3863/4507/3863 3865/4512/3865
f 3866/4513/3866 3865/4512/3865 3863/4507/3863 3867/4514/3867
f 2251/4511/2251 3865/4512/3865 2239/2651/2239 2238/2650/2238
f 2239/2651/2239 3865/4512/3865 3866/4513/3866 2266/2680/2266
f 3868/4515/3868 3867/4514/3867 3869/4516/3869 3870/4517/3870
f 3869/4516/3869 3867/4514/3867 3863/4507/3863 3864/4510/3864
f 3866/4513/3866 3867/4514/3867 3868/4515/3868 3871/4518/3871
f 3872/4519/3872 3871/4518/3871 3868/4515/3868 3873/4520/3873
f 3866/4513/3866 3871/4518/3871 2265/2679/2265 2266/2680/2266
f 2265/2679/2265 3871/4518/3871 3872/4519/3872 2269/2683/2269
f 2291/2705/2291 3873/4520/3873 3874/4521/3874 2292/2706/2292
f 3874/4521/3874 3873/4520/3873 3868/4515/3868 3870/4517/3870
f 3872/4519/3872 3873/4520/3873 2291/2705/2291 3875/4522/3875
f 2303/2717/2303 3875/4522/3875 2291/2705/2291 2294/2708/2294
f 3872/4519/3872 3875/4522/3875 2340/2758/2340 2269/2683/2269
f 2340/2758/2340 3875/4522/3875 2303/2717/2303 2304/2718/2304
f 2292/2706/2292 3874/4521/3874 2231/2643/2231 3876/4523/3876
f 2231/2643/2231 3874/4521/3874 3870/4517/3870 2228/2640/2228
f 3870/4517/3870 3869/4516/3869 2229/2641/2229 2228/2640/2228
f 2229/2641/2229 3869/4516/3869 3864/4510/3864 3877/4524/3877
f 2229/2641/2229 3877/4524/3877 3878/4525/3878 2226/2638/2226
f 3878/4525/3878 3877/4524/3877 2192/4526/2192 2183/4527/2183
f 2192/4526/2192 3877/4524/3877 3864/4510/3864 2203/4509/2203
f 2226/2638/2226 3878/4525/3878 2204/2615/2204 2227/2639/2227
f 2204/2615/2204 3878/4525/3878 2183/4527/2183 2182/2616/2182
f 3778/4399/3778 3859/4503/3859 2277/2691/2277 2280/2694/2280
f 3766/4387/3766 3765/4386/3765 2281/2695/2281 2254/2668/2254
f 3879/4528/3879 3766/4387/3766 2254/2668/2254 2249/2663/2249
f 3764/4385/3764 3766/4387/3766 3879/4528/3879 3880/4529/3880
f 3881/4530/3881 3880/4529/3880 3879/4528/3879 3882/4531/3882
f 3764/4385/3764 3880/4529/3880 2334/2752/2334 3762/4383/3762
f 2334/2752/2334 3880/4529/3880 3881/4530/3881 2328/2751/2328
f 3883/4532/3883 3882/4533/3882 2240/2652/2240 2234/2646/2234
f 2240/2662/2240 3882/4531/3882 3879/4528/3879 2249/2663/2249
f 3881/4534/3881 3882/4533/3882 3883/4532/3883 3884/4535/3884
f 3885/4536/3885 3884/4535/3884 3883/4532/3883 2243/2655/2243
f 3881/4534/3881 3884/4535/3884 2329/2746/2329 2328/2745/2328
f 2329/2746/2329 3884/4535/3884 3885/4536/3885 2330/2747/2330
f 2330/2747/2330 3885/4536/3885 3886/4537/3886 3887/4538/3887
f 3886/4537/3886 3885/4536/3885 2243/2655/2243 2242/2654/2242
f 3887/4538/3887 3886/4537/3886 2308/2722/2308 2307/2721/2307
f 2308/2722/2308 3886/4537/3886 2242/2654/2242 2247/2659/2247
f 2320/2734/2320 3887/4538/3887 2307/2721/2307 2310/2724/2310
f 2330/2747/2330 3887/4538/3887 2320/2734/2320 2319/2733/2319
f 2243/2655/2243 3883/4532/3883 2234/2646/2234 2237/2649/2237
f 3760/4381/3760 3762/4383/3762 2334/2752/2334 2322/2738/2322
f 3492/4056/3492 3760/4381/3760 2322/2738/2322 2321/2737/2321
f 3490/4054/3490 3492/4056/3492 2321/2737/2321 2326/2742/2326
f 3488/4052/3488 3490/4054/3490 2326/2742/2326 3888/4539/3888
f 3889/4540/3889 3888/4539/3888 2326/2742/2326 2325/2741/2325
f 3488/4052/3488 3888/4539/3888 3485/4049/3485 3484/4048/3484
f 3485/4049/3485 3888/4539/3888 3889/4540/3889 3890/4541/3890
f 3485/4049/3485 3890/4541/3890 3472/4044/3472 3480/4043/3480
f 3472/4032/3472 3890/4542/3890 2364/2782/2364 3470/4030/3470
f 2364/2782/2364 3890/4542/3890 3889/4543/3889 2352/2770/2352
f 2352/2770/2352 3889/4543/3889 2325/2743/2325 2327/2744/2327
f 2386/2804/2386 3470/4030/3470 2364/2782/2364 2363/2781/2363
f 2714/3148/2714 3468/4028/3468 2386/2804/2386 2383/2801/2383
f 2698/3130/2698 3461/4021/3461 2701/3135/2701 2699/3131/2699
f 2892/3336/2892 3452/4012/3452 2813/3250/2813 2812/3249/2812
f 2898/3342/2898 3448/4006/3448 2895/3339/2895 2894/3338/2894
f 3443/3997/3443 3445/4000/3445 2900/3344/2900 2904/3348/2904
f 2909/3354/2909 3443/3997/3443 2904/3348/2904 2906/3350/2906
f 2924/4544/2924 3437/3986/3437 3740/4361/3740 2925/4545/2925
f 3427/3974/3427 3430/3978/3430 2981/3434/2981 2966/3419/2966
f 3041/3973/3041 3425/3970/3425 3061/3516/3061 3046/3519/3046
f 3420/3965/3420 3419/3964/3419 3026/3479/3026 3027/3480/3027
f 3399/3937/3399 3402/3940/3402 3396/3934/3396 3395/3933/3395
f 3387/3925/3387 3389/3927/3389 3148/3610/3148 3147/3609/3147
f 3385/3923/3385 3387/3925/3387 3147/3609/3147 3301/3807/3301
f 3363/3885/3363 3385/3923/3385 3301/3807/3301 3302/3808/3302
f 3359/3881/3359 3363/3885/3363 3302/3808/3302 3360/3882/3360
f 3207/3684/3207 3341/4546/3341 3294/3800/3294 3295/3801/3295
f 3316/3822/3316 3321/3827/3321 3282/3786/3282 3284/3789/3284
f 3298/3804/3298 3319/3825/3319 3314/3820/3314 3292/3798/3292
f 3317/3823/3317 3316/3822/3316 3284/3789/3284 3281/3782/3281
f 3314/3820/3314 3317/3823/3317 3293/3799/3293 3292/3798/3292
f 3293/3799/3293 3317/3823/3317 3281/3782/3281 3279/3779/3279
f 3305/3811/3305 3308/3814/3308 3136/3598/3136 3139/3601/3139
f 3891/4547/3891 3295/3801/3295 3289/3795/3289 3892/4548/3892
f 3207/3684/3207 3295/3801/3295 3891/4547/3891 3202/3681/3202
f 3893/4549/3893 3892/4548/3892 3197/3773/3197 3198/4550/3198
f 3197/3773/3197 3892/4548/3892 3289/3795/3289 3276/3774/3276
f 3891/4547/3891 3892/4548/3892 3893/4549/3893 3894/4551/3894
f 3153/4552/3153 3894/4551/3894 3893/4549/3893 3895/4553/3895
f 3891/4547/3891 3894/4551/3894 3203/4554/3203 3202/3681/3202
f 3203/4554/3203 3894/4551/3894 3153/4552/3153 3154/4555/3154
f 3895/4553/3895 3893/4549/3893 3198/4550/3198 3151/4556/3151
f 3291/3797/3291 3293/3799/3293 3279/3779/3279 3184/3656/3184
f 3276/3774/3276 3291/3797/3291 3184/3656/3184 3182/3653/3182
f 3288/3794/3288 3287/3793/3287 3132/3594/3132 3130/3592/3130
f 3271/3765/3271 3283/3788/3283 3278/3787/3278 3267/4557/3267
f 3284/3789/3284 3283/3788/3283 3280/3781/3280 3281/3782/3281
f 3280/3781/3280 3283/3788/3283 3271/3765/3271 3270/3763/3270
f 3267/3758/3267 3278/3778/3278 3277/3777/3277 3265/3756/3265
f 3272/3768/3272 3274/3771/3274 3259/3750/3259 3238/4558/3238
f 3896/4559/3896 3272/3768/3272 3238/4558/3238 3237/4560/3237
f 3255/3769/3255 3272/3768/3272 3896/4559/3896 3243/4561/3243
f 3241/3723/3241 3896/4562/3896 3237/3717/3237 3224/3701/3224
f 3243/3725/3243 3896/4562/3896 3241/3723/3241 3242/3724/3242
f 3277/3777/3277 3255/3743/3255 3264/3755/3264 3265/3756/3265
f 3238/4558/3238 3259/3750/3259 3257/3748/3257 3233/4563/3233
f 3233/4563/3233 3257/3748/3257 3213/3690/3213 3220/4564/3220
f 3212/4565/3212 3255/4566/3255 3243/3725/3243 3235/3712/3235
f 3897/4567/3897 3254/4568/3254 3174/3641/3174 3177/3644/3177
f 3174/3641/3174 3254/4568/3254 3204/4569/3204 3175/3642/3175
f 3253/3741/3253 3254/3742/3254 3897/4570/3897 3898/4571/3898
f 3165/3632/3165 3898/4571/3898 3897/4570/3897 3164/4572/3164
f 3253/3741/3253 3898/4571/3898 3247/4573/3247 3246/3730/3246
f 3247/4573/3247 3898/4571/3898 3165/3632/3165 3168/3631/3168
f 3164/3626/3164 3897/4567/3897 3177/3644/3177 3166/3628/3166
f 3201/3676/3201 3253/3741/3253 3246/3730/3246 3208/3733/3208
f 3232/3720/3232 3252/3747/3252 3251/4574/3251 3239/3721/3239
f 3211/3688/3211 3252/3747/3252 3232/3720/3232 3229/4575/3229
f 3244/4576/3244 3247/4573/3247 3168/3631/3168 3170/3635/3170
f 3236/3718/3236 3239/3721/3239 3188/4577/3188 3899/4578/3899
f 3188/4577/3188 3239/3721/3239 3251/4574/3251 3187/4579/3187
f 3192/3666/3192 3899/4580/3899 3900/4581/3900 3189/3663/3189
f 3900/4581/3900 3899/4580/3899 3188/4582/3188 3185/4583/3185
f 3236/3714/3236 3899/4580/3899 3192/3666/3192 3199/3674/3199
f 3189/3663/3189 3900/4581/3900 3230/3707/3230 3195/3669/3195
f 3230/4584/3230 3900/4585/3900 3185/3657/3185 3186/3660/3186
f 3212/3689/3212 3235/4586/3235 3220/4564/3220 3213/3690/3213
f 3229/4575/3229 3230/4584/3230 3186/3660/3186 3211/3688/3211
f 3158/3620/3158 3205/3680/3205 3200/3675/3200 3156/3618/3156
f 3204/3679/3204 3205/3680/3205 3179/3648/3179 3175/3647/3175
f 3179/3648/3179 3205/3680/3205 3158/3620/3158 3159/3621/3159
f 3200/4587/3200 3203/4554/3203 3154/4555/3154 3156/4588/3156
f 3151/4556/3151 3198/4550/3198 3159/4589/3159 3152/4590/3152
f 3166/3628/3166 3177/3644/3177 3176/3643/3176 3171/3638/3171
f 3173/3640/3173 3187/4591/3187 3244/3726/3244 3176/3643/3176
f 3244/3726/3244 3187/4591/3187 3251/3739/3251 3245/3727/3245
f 3176/3643/3176 3244/3726/3244 3170/3636/3170 3171/3638/3171
f 3153/4552/3153 3895/4553/3895 3151/4556/3151 3150/4592/3150
f 3144/3606/3144 3145/3607/3145 3124/3585/3124 3126/3588/3126
f 3124/3585/3124 3145/3607/3145 3112/3572/3112 3095/3554/3095
f 3104/3921/3104 3129/3591/3129 3128/3590/3128 3105/4593/3105
f 3121/3586/3121 3124/3585/3124 3095/3554/3095 3082/3553/3082
f 3105/3564/3105 3128/4594/3128 3123/3584/3123 3122/3583/3122
f 3105/3564/3105 3122/3583/3122 3901/4595/3901 3103/3562/3103
f 3901/4595/3901 3122/3583/3122 3120/3581/3120 3086/3543/3086
f 3103/3562/3103 3901/4595/3901 3108/3567/3108 3077/3533/3077
f 3108/3567/3108 3901/4595/3901 3086/3543/3086 3084/3541/3084
f 3121/3582/3121 3123/3584/3123 3128/4594/3128 3125/4596/3125
f 3094/3551/3094 3109/4597/3109 3104/3563/3104 3093/3550/3093
f 3077/3533/3077 3108/3567/3108 3107/3566/3107 3059/3514/3059
f 3059/3514/3059 3107/3566/3107 3085/3542/3085 3060/3515/3060
f 3083/3552/3083 3096/3555/3096 3048/4326/3048 3047/4598/3047
f 3052/3507/3052 3090/3547/3090 3075/3531/3075 3050/3505/3050
f 3075/3531/3075 3090/3547/3090 3089/3546/3089 3074/3530/3074
f 1931/2265/1931 1930/2264/1930 3902/4599/3902 3903/4600/3903
f 3902/4599/3902 1930/2264/1930 722/779/722 2757/3194/2757
f 3903/4600/3903 3902/4599/3902 3904/4601/3904 3905/4602/3905
f 3904/4601/3904 3902/4599/3902 2757/3194/2757 2760/3197/2760
f 3905/4602/3905 3904/4601/3904 3906/4603/3906 3907/4604/3907
f 3906/4603/3906 3904/4601/3904 2760/3197/2760 2775/3212/2775
f 3907/4604/3907 3906/4603/3906 3908/4605/3908 3909/4606/3909
f 3908/4605/3908 3906/4603/3906 2775/3212/2775 2780/3217/2780
f 3909/4606/3909 3908/4605/3908 3910/4607/3910 3911/4608/3911
f 3910/4607/3910 3908/4605/3908 2780/3217/2780 3912/4609/3912
f 3910/4607/3910 3912/4609/3912 3913/4610/3913 3914/4611/3914
f 3913/4610/3913 3912/4609/3912 3915/4612/3915 3916/4613/3916
f 3915/4612/3915 3912/4609/3912 2780/3217/2780 2774/3211/2774
f 3916/4613/3916 3915/4612/3915 2843/3280/2843 2842/3279/2842
f 2843/3280/2843 3915/4612/3915 2774/3211/2774 2753/3190/2753
f 3913/4610/3913 3916/4613/3916 3917/4614/3917 3918/4615/3918
f 3917/4614/3917 3916/4613/3916 2842/3279/2842 2844/3281/2844
f 3918/4615/3918 3917/4614/3917 3919/4616/3919 3920/4617/3920
f 3919/4616/3919 3917/4614/3917 2844/3281/2844 2865/3305/2865
f 3920/4617/3920 3919/4616/3919 2954/3407/2954 2957/3410/2957
f 2954/3407/2954 3919/4616/3919 2865/3305/2865 2866/3307/2866
f 3918/4615/3918 3920/4617/3920 3921/4618/3921 3922/4619/3922
f 3921/4618/3921 3920/4617/3920 2957/3410/2957 3923/4620/3923
f 3921/4618/3921 3923/4620/3923 3924/4621/3924 3925/4622/3925
f 3924/4621/3924 3923/4620/3923 3926/4623/3926 3927/4624/3927
f 3926/4623/3926 3923/4620/3923 2957/3410/2957 2956/3409/2956
f 3927/4624/3927 3926/4623/3926 3928/4625/3928 3929/4626/3929
f 3928/4625/3928 3926/4623/3926 2956/3409/2956 3930/4627/3930
f 3929/4626/3929 3928/4625/3928 3931/4628/3931 3016/3469/3016
f 3931/4628/3931 3928/4625/3928 3930/4627/3930 2950/3403/2950
f 3016/3469/3016 3931/4628/3931 3932/4629/3932 3015/3468/3015
f 3932/4629/3932 3931/4628/3931 2950/3403/2950 2953/3406/2953
f 3015/3468/3015 3932/4629/3932 3933/4630/3933 3017/3470/3017
f 3933/4630/3933 3932/4629/3932 2953/3406/2953 3934/4631/3934
f 3933/4630/3933 3934/4631/3934 3071/3527/3071 3070/3526/3070
f 3071/3527/3071 3934/4631/3934 3008/3461/3008 3010/3463/3010
f 3008/3461/3008 3934/4631/3934 2953/3406/2953 2952/3405/2952
f 3017/3470/3017 3933/4630/3933 3070/3526/3070 3935/4632/3935
f 3927/4624/3927 3929/4626/3929 3018/3471/3018 3019/3472/3019
f 3018/3471/3018 3929/4626/3929 3016/3469/3016 3011/3464/3011
f 3924/4621/3924 3927/4624/3927 3019/3472/3019 3936/4633/3936
f 3937/4634/3937 3936/4633/3936 2875/3316/2875 2874/3315/2874
f 2875/3316/2875 3936/4633/3936 3019/3472/3019 2958/3411/2958
f 3924/4621/3924 3936/4633/3936 3937/4634/3937 3925/4622/3925
f 3938/4635/3938 3937/4634/3937 2874/3315/2874 3939/4636/3939
f 3925/4622/3925 3937/4634/3937 3938/4635/3938 3940/4637/3940
f 3941/4638/3941 3940/4637/3940 3938/4635/3938 3942/4639/3942
f 3925/4622/3925 3940/4637/3940 3922/4619/3922 3921/4618/3921
f 3922/4619/3922 3940/4637/3940 3941/4638/3941 3914/4611/3914
f 3943/4640/3943 3942/4639/3942 2857/3294/2857 2807/3244/2807
f 2857/3294/2857 3942/4639/3942 3938/4635/3938 3939/4636/3939
f 3941/4638/3941 3942/4639/3942 3943/4640/3943 3911/4608/3911
f 3944/4641/3944 3943/4640/3943 2807/3244/2807 2797/3234/2797
f 3911/4608/3911 3943/4640/3943 3944/4641/3944 3909/4606/3909
f 3945/4642/3945 3944/4641/3944 2797/3234/2797 2768/3205/2768
f 3909/4606/3909 3944/4641/3944 3945/4642/3945 3907/4604/3907
f 3946/4643/3946 3945/4642/3945 2768/3205/2768 2765/3202/2765
f 3907/4604/3907 3945/4642/3945 3946/4643/3946 3905/4602/3905
f 3947/4644/3947 3946/4643/3946 2765/3202/2765 2767/3204/2767
f 3905/4602/3905 3946/4643/3946 3947/4644/3947 3903/4600/3903
f 1977/2318/1977 3947/4644/3947 2767/3204/2767 1976/2317/1976
f 3903/4600/3903 3947/4644/3947 1977/2318/1977 1931/2265/1931
f 1978/2319/1978 1976/2317/1976 2767/3204/2767 2766/3203/2766
f 3914/4611/3914 3941/4638/3941 3911/4608/3911 3910/4607/3910
f 3918/4615/3918 3922/4619/3922 3914/4611/3914 3913/4610/3913
f 3060/3515/3060 3085/3542/3085 3080/3537/3080 3948/4645/3948
f 3060/3515/3060 3948/4645/3948 3949/4646/3949 3057/3512/3057
f 3949/4646/3949 3948/4645/3948 3047/3502/3047 3033/3486/3033
f 3047/3502/3047 3948/4645/3948 3080/3537/3080 3083/3540/3083
f 3057/3512/3057 3949/4646/3949 2995/3448/2995 3053/3508/3053
f 2995/3448/2995 3949/4646/3949 3033/3486/3033 2993/3446/2993
f 3079/3536/3079 3106/3565/3106 3078/3534/3078 3076/3532/3076
f 3050/3505/3050 3075/3531/3075 3072/3528/3072 3051/3506/3051
f 3935/4632/3935 3950/4647/3950 3001/3454/3001 3000/3453/3000
f 3017/3470/3017 3935/4632/3935 3000/3453/3000 3013/3466/3013
f 3072/3528/3072 3073/3529/3073 3005/4648/3005 3051/3506/3051
f 3005/4648/3005 3073/3529/3073 3951/4649/3951 2997/4650/2997
f 3951/4649/3951 3073/3529/3073 3068/3524/3068 3952/4651/3952
f 3010/3463/3010 3952/4651/3952 3068/3524/3068 3071/3527/3071
f 3951/4649/3951 3952/4651/3952 3953/4652/3953 2986/4653/2986
f 3953/4652/3953 3952/4651/3952 3010/3463/3010 3009/3462/3009
f 2986/4653/2986 3953/4652/3953 3954/4654/3954 2983/4655/2983
f 3954/4654/3954 3953/4652/3953 3009/3462/3009 2992/3445/2992
f 2983/4655/2983 3954/4654/3954 3955/4656/3955 2987/4657/2987
f 3955/4656/3955 3954/4654/3954 2992/3445/2992 2991/3444/2991
f 2987/4657/2987 3955/4656/3955 3956/4658/3956 3957/4659/3957
f 3956/4658/3956 3955/4656/3955 2991/3444/2991 3958/4660/3958
f 2988/3441/2988 3958/4660/3958 2991/3444/2991 2989/3442/2989
f 3956/4658/3956 3958/4660/3958 2923/3376/2923 2889/4661/2889
f 2923/3376/2923 3958/4660/3958 2988/3441/2988 2109/2511/2109
f 3957/4662/3957 3956/4663/3956 2889/3333/2889 2887/3330/2887
f 2987/3440/2987 3957/4662/3957 2945/3398/2945 2948/3401/2948
f 2945/3398/2945 3957/4662/3957 2887/3330/2887 2888/3332/2888
f 2997/4650/2997 3951/4649/3951 2986/4653/2986 2985/4664/2985
f 3036/3490/3036 3051/3506/3051 3005/4648/3005 3004/3491/3004
f 2940/3393/2940 3027/3480/3027 2922/3375/2922 2920/3373/2920
f 2973/3426/2973 3021/3474/3021 2998/3451/2998 2970/3423/2970
f 2999/3452/2999 3018/3471/3018 3011/3464/3011 3014/3467/3014
f 2998/3451/2998 3001/3454/3001 2971/3424/2971 2970/3423/2970
f 2109/2511/2109 2988/3441/2988 2929/3382/2929 2110/2512/2110
f 2933/3386/2933 2955/3408/2955 2919/3372/2919 2918/3371/2918
f 2864/4665/2864 2934/3387/2934 2932/3385/2932 3959/4666/3959
f 2932/3385/2932 2933/3386/2933 2918/3371/2918 3959/4666/3959
f 2860/3297/2860 2926/3379/2926 2925/3378/2925 2858/3295/2858
f 2925/4545/2925 3738/4358/3738 2859/4360/2859 2858/4667/2858
f 2889/3333/2889 2923/4668/2923 2113/4669/2113 2878/3319/2878
f 2886/3329/2886 2916/3367/2916 2915/3369/2915 2914/4670/2914
f 2914/3361/2914 2915/3365/2915 2911/3364/2911 2912/3358/2912
f 2914/4670/2914 2913/4671/2913 2885/3328/2885 2886/3329/2886
f 2901/4672/2901 2912/3358/2912 2911/3364/2911 2905/4673/2905
f 2893/3337/2893 2892/3336/2892 2812/3249/2812 2814/3251/2814
f 2879/3320/2879 2878/3319/2878 2113/4669/2113 2114/4674/2114
f 2806/3243/2806 2867/3308/2867 3960/4675/3960 2804/3241/2804
f 3960/4675/3960 2867/3308/2867 3961/4676/3961 3962/4677/3962
f 3960/4675/3960 3962/4677/3962 2787/3224/2787 2790/3227/2790
f 2787/3224/2787 3962/4677/3962 2852/3289/2852 2825/3262/2825
f 2852/3289/2852 3962/4677/3962 3961/4676/3961 2851/3288/2851
f 2804/3241/2804 3960/4675/3960 2790/3227/2790 2803/3240/2803
f 833/4678/833 2859/4360/2859 2100/2500/2100 33/2499/33
f 2857/3294/2857 3939/4636/3939 2874/3315/2874 2855/3292/2855
f 2825/3262/2825 2852/3289/2852 2845/3282/2845 2848/3285/2848
f 2848/3285/2848 2847/3284/2847 3963/4679/3963 2801/3238/2801
f 3963/4679/3963 2847/3284/2847 2819/3256/2819 2820/3257/2820
f 2801/3238/2801 3963/4679/3963 3964/4680/3964 2800/3237/2800
f 3964/4680/3964 3963/4679/3963 2820/3257/2820 2746/3183/2746
f 2800/3237/2800 3964/4680/3964 1996/2354/1996 772/829/772
f 1996/2354/1996 3964/4680/3964 2746/3183/2746 703/760/703
f 2825/3262/2825 2848/3285/2848 2801/3238/2801 2792/3229/2792
f 2841/3278/2841 2843/3280/2843 2753/3190/2753 2756/3193/2756
f 2750/3187/2750 2841/3278/2841 2756/3193/2756 2745/3179/2745
f 2840/3299/2840 2839/4681/2839 2832/3269/2832 2831/3268/2831
f 2832/3269/2832 2839/4681/2839 2750/4682/2750 2749/4683/2749
f 2746/3183/2746 2820/3257/2820 2815/3252/2815 2747/3184/2747
f 2819/3256/2819 2849/3286/2849 3646/4241/3646 2816/3253/2816
f 2849/3286/2849 2850/3287/2850 2853/3290/2853 3646/4241/3646
f 2815/3252/2815 2818/3255/2818 2748/3185/2748 2747/3184/2747
f 2802/3239/2802 2803/3240/2803 2799/3236/2799 2785/3222/2785
f 2778/3215/2778 2791/3228/2791 771/828/771 1997/2356/1997
f 2778/3215/2778 1997/2356/1997 1998/2357/1998 2779/3216/2779
f 2779/3216/2779 1998/2357/1998 1999/2358/1999 2781/3218/2781
f 2781/3218/2781 1999/2358/1999 2000/2359/2000 2786/3223/2786
f 2786/3223/2786 2000/2359/2000 728/785/728 2762/3199/2762
f 2755/3192/2755 741/798/741 700/3181/700 2742/3176/2742
f 2756/3193/2756 2755/3192/2755 2742/3176/2742 2745/3179/2745
f 3965/4684/3965 2751/3188/2751 2001/4685/2001 649/4686/649
f 2001/4685/2001 2751/3188/2751 2744/3178/2744 702/3182/702
f 2752/4687/2752 2751/4688/2751 3965/4689/3965 2700/3134/2700
f 2661/3091/2661 2731/3165/2731 2725/3159/2725 3966/4690/3966
f 2661/3091/2661 3966/4690/3966 2650/4691/2650 2662/3092/2662
f 2650/4691/2650 3966/4690/3966 2678/3110/2678 2649/4692/2649
f 2678/3110/2678 3966/4690/3966 2725/3159/2725 2679/3111/2679
f 2388/2806/2388 2724/3158/2724 2382/2800/2382 2381/2799/2381
f 3967/4693/3967 3968/4694/3968 2367/2785/2367 2368/2786/2368
f 2674/3106/2674 2720/3154/2720 2395/2813/2395 2394/2812/2394
f 2395/2813/2395 2720/3154/2720 2402/2820/2402 2401/2819/2401
f 2402/2820/2402 2720/3154/2720 2686/3118/2686 2680/3112/2680
f 2679/3111/2679 2704/3138/2704 2697/3129/2697 2677/3109/2677
f 2677/3109/2677 2697/3129/2697 2665/3095/2665 2667/3098/2667
f 2692/3124/2692 2693/3125/2693 2315/2729/2315 2333/2750/2333
f 2315/2729/2315 2693/3125/2693 2356/2774/2356 2316/2730/2316
f 2356/2774/2356 2693/3125/2693 2690/3122/2690 2355/2773/2355
f 2688/3120/2688 2692/3124/2692 2389/2807/2389 2380/2798/2380
f 2680/3112/2680 2682/3114/2682 2403/2821/2403 2402/2820/2402
f 2403/2821/2403 2682/3114/2682 2357/2775/2357 3969/4695/3969
f 2357/2775/2357 2682/3114/2682 2361/2779/2361 2358/2776/2358
f 2403/2821/2403 3969/4695/3969 3970/4696/3970 2400/2818/2400
f 3970/4696/3970 3969/4695/3969 2344/2762/2344 2343/2761/2343
f 2344/2762/2344 3969/4695/3969 2357/2775/2357 2360/2778/2360
f 2400/2818/2400 3970/4696/3970 2393/2811/2393 2392/2810/2392
f 2393/2811/2393 3970/4696/3970 2343/2761/2343 2347/2765/2347
f 2649/4692/2649 2678/3110/2678 2676/3108/2676 2675/3107/2675
f 2649/3075/2649 2675/4697/2675 2647/3073/2647 2635/3061/2635
f 2647/4698/2647 2675/3107/2675 2667/3098/2667 2666/3097/2666
f 2683/3115/2683 3967/4693/3967 2368/2786/2368 2362/2780/2362
f 2664/3101/2664 2670/3102/2670 2407/2825/2407 3971/4699/3971
f 2664/3094/2664 3971/4700/3971 3972/4701/3972 2656/3082/2656
f 3972/4701/3972 3971/4700/3971 3973/4702/3973 3974/4703/3974
f 3973/4704/3973 3971/4699/3971 2407/2825/2407 2404/2822/2404
f 3974/4703/3974 3973/4702/3973 2013/2381/2013 2012/2380/2012
f 2013/2382/2013 3973/4704/3973 2404/2822/2404 339/374/339
f 2017/2386/2017 2016/2385/2016 3975/4705/3975 3976/4706/3976
f 3975/4705/3975 2016/2385/2016 2019/2388/2019 3977/4707/3977
f 3975/4705/3975 3977/4707/3977 2626/3050/2626 2625/3049/2625
f 2626/3050/2626 3977/4707/3977 2599/3023/2599 3978/4708/3978
f 2599/3023/2599 3977/4707/3977 2019/2388/2019 549/590/549
f 3976/4706/3976 3975/4705/3975 2625/3049/2625 3979/4709/3979
f 3972/4701/3972 3979/4709/3979 2655/3081/2655 2656/3082/2656
f 2655/3081/2655 3979/4709/3979 2625/3049/2625 2627/3051/2627
f 3976/4706/3976 3979/4709/3979 3972/4701/3972 3974/4703/3974
f 2017/2386/2017 3976/4706/3976 3974/4703/3974 2012/2380/2012
f 2647/3073/2647 2666/4710/2666 3980/4711/3980 2648/3074/2648
f 3980/4711/3980 2666/4710/2666 2663/3093/2663 3981/4712/3981
f 3980/4711/3980 3981/4712/3981 2616/3040/2616 2619/3043/2619
f 2616/3040/2616 3981/4712/3981 2654/3080/2654 2613/3037/2613
f 2654/3080/2654 3981/4712/3981 2663/3093/2663 2651/3077/2651
f 2648/3074/2648 3980/4711/3980 2619/3043/2619 2620/3044/2620
f 2643/3090/2643 2662/3092/2662 3982/4713/3982 2642/4714/2642
f 3982/4713/3982 2662/3092/2662 2650/4691/2650 2637/4715/2637
f 2652/3078/2652 2655/3081/2655 2627/3051/2627 2653/3079/2653
f 2654/3080/2654 2653/3079/2653 2614/3038/2614 2613/3037/2613
f 2614/3038/2614 2653/3079/2653 2627/3051/2627 2618/3042/2618
f 2636/3062/2636 2648/3074/2648 2620/3044/2620 3983/4716/3983
f 2636/3062/2636 3983/4716/3983 2583/3007/2583 2634/3060/2634
f 2583/3007/2583 3983/4716/3983 3984/4717/3984 2584/3008/2584
f 3984/4717/3984 3983/4716/3983 2620/3044/2620 2610/3034/2610
f 2584/3008/2584 3984/4717/3984 2585/3009/2585 2550/2973/2550
f 2585/3009/2585 3984/4717/3984 2610/3034/2610 2588/3012/2588
f 2646/3072/2646 2645/3071/2645 2606/3030/2606 2628/3052/2628
f 2606/3030/2606 2645/3071/2645 2572/2996/2572 2602/3026/2602
f 2572/2996/2572 2645/3071/2645 2629/3053/2629 2573/2997/2573
f 2621/3045/2621 2624/3048/2624 2637/3063/2637 2632/3058/2632
f 2630/3054/2630 2642/3068/2642 2624/4718/2624 2623/4719/2623
f 2642/4714/2642 3982/4713/3982 2637/4715/2637 2624/4720/2624
f 2600/3024/2600 2634/3060/2634 2583/3007/2583 2569/2993/2569
f 2621/3045/2621 2632/3058/2632 2600/3024/2600 2561/2985/2561
f 2639/3065/2639 2638/3064/2638 2630/3054/2630 2629/3053/2629
f 2573/2997/2573 2631/3055/2631 3985/4721/3985 2571/2995/2571
f 3985/4722/3985 2631/3056/2631 2581/3005/2581 2554/2978/2554
f 2571/2995/2571 3985/4721/3985 3986/4723/3986 2547/2970/2547
f 3986/4724/3986 3985/4722/3985 2554/2978/2554 2512/2977/2512
f 2547/2970/2547 3986/4723/3986 3987/4725/3987 2545/2968/2545
f 3987/4725/3987 3986/4723/3986 2512/2933/2512 2509/2930/2509
f 2581/3005/2581 2623/3047/2623 2622/3046/2622 2562/2986/2562
f 2622/3046/2622 2621/3045/2621 2561/2985/2561 2562/2986/2562
f 2609/3033/2609 2615/3039/2615 2594/3018/2594 2593/3017/2593
f 2617/3041/2617 3978/4708/3978 2599/3023/2599 2598/3022/2598
f 3988/4726/3988 2608/3032/2608 2593/3017/2593 2592/3016/2592
f 2587/3011/2587 2608/3032/2608 3988/4726/3988 3989/4727/3989
f 2558/2982/2558 2590/3014/2590 2033/2409/2033 2032/2408/2032
f 2033/2409/2033 2590/3014/2590 2596/3020/2596 2034/2410/2034
f 2558/2982/2558 2032/2408/2032 2035/2411/2035 2556/2980/2556
f 2556/2980/2556 2035/2411/2035 2036/2412/2036 2527/2948/2527
f 2527/2948/2527 2036/2412/2036 2037/2413/2037 2524/2945/2524
f 2524/2945/2524 2037/2413/2037 2038/2414/2038 2529/2950/2529
f 2529/2950/2529 2038/2414/2038 2040/2416/2040 3990/4728/3990
f 2505/2926/2505 2042/2418/2042 2041/2417/2041 2503/2924/2503
f 2040/2416/2040 2042/2418/2042 2505/2926/2505 3990/4728/3990
f 2503/2924/2503 2041/2417/2041 2043/2419/2043 2443/2861/2443
f 2443/2861/2443 2043/2419/2043 2044/2420/2044 2440/2858/2440
f 2440/2864/2440 2044/2423/2044 2045/2422/2045 2445/2865/2445
f 2445/2865/2445 2045/2422/2045 2047/2426/2047 3991/4729/3991
f 3992/4730/3992 2048/2427/2048 368/403/368 2426/2844/2426
f 2047/2426/2047 2048/2427/2048 3992/4730/3992 3991/4729/3991
f 3993/4731/3993 3992/4730/3992 2426/2844/2426 2428/2846/2428
f 3991/4729/3991 3992/4730/3992 3993/4731/3993 3994/4732/3994
f 3995/4733/3995 3994/4732/3994 3993/4731/3993 2461/2882/2461
f 3991/4729/3991 3994/4732/3994 2444/2862/2444 2445/2865/2445
f 2444/2862/2444 3994/4732/3994 3995/4733/3995 2447/2867/2447
f 3996/4734/3996 3995/4733/3995 2461/2882/2461 2460/2881/2460
f 2447/2867/2447 3995/4733/3995 3996/4734/3996 2495/2916/2495
f 2419/2837/2419 3996/4734/3996 2460/2881/2460 2416/2834/2416
f 2495/2916/2495 3996/4734/3996 2419/2837/2419 2494/2915/2494
f 2461/2882/2461 3993/4731/3993 2428/2846/2428 2459/2880/2459
f 2520/2941/2520 3990/4728/3990 2505/2926/2505 2504/2925/2504
f 2529/2950/2529 3990/4728/3990 2520/2941/2520 2528/2949/2528
f 2568/2992/2568 2584/3008/2584 2550/2973/2550 2548/2971/2548
f 2563/2987/2563 2582/3006/2582 2540/2961/2540 3997/4735/3997
f 2563/2987/2563 3997/4735/3997 2481/2902/2481 2543/2966/2543
f 2481/2902/2481 3997/4735/3997 2508/2929/2508 2482/2903/2482
f 2508/2929/2508 3997/4735/3997 2540/2961/2540 2515/2936/2515
f 2579/3003/2579 2580/3004/2580 2564/2988/2564 2567/2991/2567
f 2564/2988/2564 2580/3004/2580 2055/2434/2055 513/554/513
f 2055/2434/2055 2580/3004/2580 2578/3002/2578 2056/2435/2056
f 2057/2436/2057 2056/2435/2056 2578/3002/2578 2535/2956/2535
f 16/16/16 2057/2436/2057 2535/2956/2535 2091/2488/2091
f 3989/4727/3989 3988/4726/3988 2549/2972/2549 2551/2974/2551
f 2603/3027/2603 3998/4736/3998 3999/4737/3999 4000/4738/4000
f 3999/4737/3999 3998/4736/3998 2559/2983/2559 2560/2984/2560
f 2572/2996/2572 2570/2994/2570 2603/3027/2603 2602/3026/2602
f 2559/2983/2559 3998/4736/3998 2603/3027/2603 2570/2994/2570
f 4000/4738/4000 3999/4737/3999 2499/2920/2499 2497/2918/2497
f 2499/2920/2499 3999/4737/3999 2560/2984/2560 4001/4739/4001
f 2499/2920/2499 4001/4739/4001 2485/2906/2485 2489/2910/2489
f 2485/2906/2485 4001/4739/4001 2538/2959/2538 2486/2907/2486
f 2538/2959/2538 4001/4739/4001 2560/2984/2560 2522/2943/2522
f 2603/3027/2603 4000/4738/4000 2533/2954/2533 2537/2958/2537
f 2533/2954/2533 4000/4738/4000 2497/2918/2497 2498/2919/2498
f 2530/2951/2530 2549/2972/2549 2591/3015/2591 2557/2981/2557
f 2549/2972/2549 3988/4726/3988 2592/3016/2592 2591/3015/2591
f 2511/2932/2511 2545/2968/2545 3987/4725/3987 2510/2931/2510
f 2491/2963/2491 2543/2966/2543 2481/2902/2481 2448/2870/2448
f 2486/2907/2486 2538/2959/2538 2413/2831/2413 2412/2830/2412
f 2089/2486/2089 2532/2953/2532 2465/2886/2465 2090/2487/2090
f 2465/2886/2465 2532/2953/2532 2498/2919/2498 2469/2890/2469
f 2519/2940/2519 2530/2951/2530 2528/2949/2528 2520/2941/2520
f 2418/2836/2418 2496/2917/2496 2494/2915/2494 2419/2837/2419
f 2447/2867/2447 2495/2916/2495 2474/2895/2474 2446/2866/2446
f 2421/2839/2421 2492/2913/2492 2487/2908/2487 2422/2840/2422
f 2483/2904/2483 2486/2907/2486 2412/2830/2412 2414/2832/2414
f 2463/2884/2463 2472/2893/2472 2421/2839/2421 2420/2838/2420
f 2453/2874/2453 2471/2892/2471 4002/4740/4002 2454/2875/2454
f 4002/4740/4002 2471/2892/2471 4003/4741/4003 2086/2483/2086
f 4003/4741/4003 2471/2892/2471 2463/2884/2463 2462/2883/2462
f 2086/2483/2086 4003/4741/4003 2430/2848/2430 2084/2481/2084
f 2430/2848/2430 4003/4741/4003 2462/2883/2462 2435/2853/2435
f 2454/2875/2454 4002/4740/4002 2438/2856/2438 2457/2878/2457
f 2438/2856/2438 4002/4740/4002 2086/2483/2086 2085/2482/2085
f 2464/2885/2464 2467/2888/2467 2064/2444/2064 407/445/407
f 2064/2444/2064 2467/2888/2467 4004/4742/4004 2065/2445/2065
f 4004/4742/4004 2467/2888/2467 2455/2876/2455 2456/2877/2456
f 2065/2445/2065 4004/4742/4004 2088/2485/2088 8/8/8
f 2088/2485/2088 4004/4742/4004 2456/2877/2456 2457/2878/2457
f 2439/2857/2439 2459/2880/2459 2428/2846/2428 2427/2845/2427
f 2088/2485/2088 2457/2878/2457 2438/2856/2438 2087/2484/2087
f 658/713/658 2067/2447/2067 2406/2824/2406 2671/3103/2671
f 2406/2824/2406 2067/2447/2067 340/375/340 2405/2823/2405
f 2390/2808/2390 2393/2811/2393 2347/2765/2347 4005/4743/4005
f 2390/2808/2390 4005/4743/4005 4006/4744/4006 2349/2767/2349
f 4006/4744/4006 4005/4743/4005 2324/2740/2324 2317/2731/2317
f 2324/2740/2324 4005/4743/4005 2347/2765/2347 2345/2763/2345
f 2349/2767/2349 4006/4744/4006 2310/2724/2310 2309/2723/2309
f 2310/2724/2310 4006/4744/4006 2317/2731/2317 2320/2734/2320
f 2391/2809/2391 2390/2808/2390 2349/2767/2349 2348/2766/2348
f 2362/2780/2362 2368/2786/2368 2354/2772/2354 2359/2777/2359
f 2360/2778/2360 2359/2777/2359 2354/2772/2354 2353/2771/2353
f 2344/2762/2344 2360/2778/2360 2353/2771/2353 2341/2759/2341
f 2316/2730/2316 2356/2774/2356 2313/2727/2313 2311/2725/2311
f 2345/2763/2345 2346/2764/2346 2323/2739/2323 2324/2740/2324
f 2340/2758/2340 2339/2757/2339 2267/2681/2267 2269/2683/2269
f 2267/2681/2267 2339/2757/2339 2332/2749/2332 2268/2682/2268
f 2275/2689/2275 2312/2726/2312 2305/2719/2305 2273/2687/2273
f 2305/2719/2305 2308/2722/2308 2247/2659/2247 2273/2687/2273
f 2290/2704/2290 2301/2715/2301 2283/2697/2283 2285/2699/2285
f 2264/2678/2264 3876/4523/3876 2231/2643/2231 2230/2642/2230
f 2239/2651/2239 2266/2680/2266 2258/2672/2258 2236/2648/2236
f 2236/2648/2236 2258/2672/2258 2241/2653/2241 2237/2649/2237
f 2213/2625/2213 2233/2645/2233 2220/2632/2220 2214/2626/2214
f 2216/2628/2216 2215/2627/2215 2200/2611/2200 2199/2610/2199
f 2206/2618/2206 2205/2617/2205 2146/2555/2146 2149/2558/2149
f 2190/2601/2190 2206/2618/2206 2149/2558/2149 2186/2597/2186
f 2187/2598/2187 2186/2597/2186 2149/2558/2149 2148/2557/2148
f 2118/4745/2118 2120/2526/2120 4007/4746/4007 4008/4747/4008
f 4007/4746/4007 2120/2526/2120 2115/2529/2115 4009/4748/4009
f 4007/4746/4007 4009/4748/4009 2105/2505/2105 2108/2508/2108
f 2105/2505/2105 4009/4748/4009 4008/4749/4008 2106/2506/2106
f 4008/4749/4008 4009/4748/4009 2115/2529/2115 2118/4750/2118
f 4008/4747/4008 4007/4746/4007 2108/2508/2108 2106/4751/2106
f 2108/2508/2108 2107/2507/2107 2103/4752/2103 2106/4751/2106
f 2761/3198/2761 727/784/727 1978/2319/1978 2766/3203/2766
f 2551/2974/2551 2586/3010/2586 2587/3011/2587 3989/4727/3989
f 2479/4753/2479 2513/2964/2513 2491/2963/2491 2480/4754/2480
f 2427/2845/2427 2425/2843/2425 2431/2849/2431 2432/2850/2432
f 2509/2930/2509 2476/2897/2476 2510/2931/2510 3987/4725/3987
f 2546/2969/2546 2523/2944/2523 2559/2983/2559 2570/2994/2570
f 649/3132/649 2699/3131/2699 2700/3134/2700 3965/4689/3965
f 2867/3308/2867 2854/3291/2854 2851/3288/2851 3961/4676/3961
f 2918/3371/2918 2861/3306/2861 2864/4665/2864 3959/4666/3959
f 3738/4358/3738 2925/4545/2925 3740/4361/3740 3739/4359/3739
f 2956/3409/2956 2951/3404/2951 2950/3403/2950 3930/4627/3930
f 2598/3022/2598 2597/3021/2597 2611/3035/2611 2617/3041/2617
f 3978/4708/3978 2617/3041/2617 2618/3042/2618 2626/3050/2626
f 3000/3453/3000 2999/3452/2999 3014/3467/3014 3013/3466/3013
f 2422/2840/2422 2488/2909/2488 2496/2917/2496 2418/2836/2418
f 2714/3148/2714 2713/3147/2713 2723/3157/2723 2716/3150/2716
f 2942/3395/2942 2947/3400/2947 2944/3397/2944 2917/3370/2917
f 2202/2613/2202 2201/2612/2201 2196/2607/2196 2195/2606/2195
f 2301/2715/2301 2302/2716/2302 2300/2714/2300 2299/2713/2299
f 2392/2810/2392 2395/2813/2395 2401/2819/2401 2400/2818/2400
f 2087/2484/2087 2437/2855/2437 2073/2466/2073 9/9/9
f 2073/2466/2073 2437/2855/2437 2085/2482/2085 2074/2467/2074
f 2075/2468/2075 2097/2494/2097 2095/2492/2095 23/23/23
f 2160/2569/2160 2166/2577/2166 4010/4755/4010 2157/2566/2157
f 2157/2566/2157 4010/4755/4010 2153/2562/2153 2152/2561/2152
f 2218/2630/2218 4011/4756/4011 2180/2591/2180 2219/2631/2219
f 4011/4756/4011 2204/2615/2204 2164/2575/2164 2180/2591/2180
f 2177/2588/2177 2178/2589/2178 2221/2633/2221 2210/2622/2210
f 2263/2677/2263 2260/2674/2260 2216/2628/2216 2199/2610/2199
f 2271/2685/2271 2224/2636/2224 2284/2698/2284 2264/2678/2264
f 3876/4523/3876 2264/2678/2264 2284/2698/2284 2283/2697/2283
f 3750/4371/3750 3756/4377/3756 3757/4378/3757 3758/4379/3758
f 3747/4368/3747 3758/4379/3758 4012/4757/4012 2721/3155/2721
f 3757/4378/3757 2719/3153/2719 4012/4757/4012 3758/4379/3758
f 3106/3565/3106 3079/3536/3079 3089/3546/3089 3088/3545/3088
f 3069/3525/3069 3074/3530/3074 4013/4758/4013 4014/4759/4014
f 3935/4632/3935 3070/3526/3070 3069/3525/3069 4014/4759/4014
f 3074/3530/3074 3089/3546/3089 3079/3536/3079 4013/4758/4013
f 4013/4758/4013 3079/3536/3079 4015/4760/4015 4014/4759/4014
f 3935/4632/3935 4014/4759/4014 4015/4760/4015 3950/4647/3950
f 2836/3273/2836 2752/4687/2752 2700/3134/2700 2702/3136/2702
f 2835/3272/2835 2836/3273/2836 2701/3135/2701 3459/4019/3459
f 2749/4683/2749 2752/4687/2752 2836/3273/2836 2829/3266/2829
f 2292/2706/2292 3876/4523/3876 2283/2697/2283 2293/2707/2293
f 2468/2889/2468 2452/2873/2452 2455/2876/2455 2466/2887/2466
f 2799/3236/2799 2777/3214/2777 2776/3213/2776 2798/3235/2798
f 2789/3226/2789 2788/3225/2788 2793/3230/2793 2795/3232/2795
f 3001/3454/3001 3950/4647/3950 4016/4761/4016 2971/3424/2971
f 4016/4761/4016 3950/4647/3950 4015/4760/4015 3079/3536/3079
f 2075/2468/2075 27/27/27 26/26/26
f 672/729/672 676/733/676 1783/2043/1783
f 1157/4762/1157 1190/2239/1190 1233/1375/1233
f 1250/1383/1250 1255/1382/1255 1233/1350/1233
f 362/397/362 367/402/367 361/396/361
f 409/447/409 11/11/11 14/14/14
f 709/766/709 705/762/705 704/761/704
f 25/25/25 22/22/22 746/803/746
f 544/585/544 547/588/547 2034/2410/2034
f 19/19/19 18/18/18 1653/1886/1653
f 833/893/833 37/39/37 36/38/36
f 167/181/167 168/183/168 195/210/195
f 2074/2467/2074 2/2/2 6/6/6
f 4017/4763/4017 4018/4764/4018 4019/4765/4019
f 2077/2470/2077 162/174/162 155/167/155
f 2077/2470/2077 155/167/155 154/166/154
f 139/149/139 160/172/160 2077/2470/2077
f 196/211/196 150/162/150 195/210/195
f 301/331/301 300/330/300 323/356/323
f 301/331/301 323/356/323 676/733/676
f 301/331/301 676/733/676 633/684/633
f 301/331/301 633/684/633 2004/2365/2004
f 301/331/301 2004/2365/2004 303/333/303
f 301/331/301 303/333/303 286/316/286
f 2005/2366/2005 2004/2365/2004 633/684/633
f 2005/2366/2005 633/684/633 635/686/635
f 676/733/676 323/356/323 1783/2043/1783
f 998/1085/998 977/1060/977 936/1015/936
f 998/1085/998 936/1015/936 935/1014/935
f 998/1085/998 935/1014/935 852/916/852
f 998/1085/998 852/916/852 920/996/920
f 808/865/808 653/707/653 652/706/652
f 711/768/711 802/859/802 805/862/805
f 3/3/3 363/398/363 360/395/360
f 2076/2469/2076 87/97/87 102/112/102
f 87/97/87 105/115/105 102/112/102
f 675/732/675 672/729/672 2078/2471/2078
f 675/732/675 673/730/673 672/729/672
f 945/1024/945 1031/1118/1031 2082/2477/2082
f 2082/2477/2082 1031/1118/1031 1056/1143/1056
f 157/169/157 1811/2074/1811 112/122/112
f 1811/2074/1811 1814/2077/1814 112/122/112
f 26/26/26 2097/2494/2097 2075/2468/2075
f 3757/4378/3757 2722/3156/2722 2719/3153/2719
f 3255/4566/3255 3212/4565/3212 3181/4766/3181
f 3255/3743/3255 3277/3777/3277 3273/3776/3273
f 2423/2841/2423 367/402/367 362/397/362
f 14/14/14 2090/2487/2090 409/447/409
f 704/761/704 2747/3184/2747 709/766/709
f 746/803/746 2095/2492/2095 25/25/25
f 2034/2410/2034 2596/3020/2596 544/585/544
f 1653/1886/1653 2093/2490/2093 19/19/19
f 36/38/36 2101/2501/2101 833/893/833
f 2261/2675/2261 2232/2644/2232 2233/2645/2233
f 2085/2482/2085 2/2/2 2074/2467/2074
f 4020/4767/4020 4021/4768/4021 4022/4769/4022
f 2217/2629/2217 2225/2637/2225 4011/4756/4011
f 2218/2630/2218 2217/2629/2217 4011/4756/4011
f 4011/4756/4011 2227/2639/2227 2204/2615/2204
f 2261/2675/2261 2216/2628/2216 2260/2674/2260
f 2387/2805/2387 2366/2784/2366 2365/2783/2365
f 2722/3156/2722 2387/2805/2387 2365/2783/2365
f 2685/3117/2685 2722/3156/2722 2365/2783/2365
f 3968/4694/3968 2685/3117/2685 2365/2783/2365
f 2367/2785/2367 3968/4694/3968 2365/2783/2365
f 2351/2769/2351 2367/2785/2367 2365/2783/2365
f 2685/3117/2685 3968/4694/3968 3967/4693/3967
f 2683/3115/2683 2685/3117/2685 3967/4693/3967
f 3757/4378/3757 2387/2805/2387 2722/3156/2722
f 2958/3411/2958 2999/3452/2999 3020/3473/3020
f 2959/3412/2959 2958/3411/2958 3020/3473/3020
f 2873/3314/2873 2959/3412/2959 3020/3473/3020
f 2943/3396/2943 2873/3314/2873 3020/3473/3020
f 2702/3136/2702 2701/3135/2701 2836/3273/2836
f 2829/3266/2829 2832/3269/2832 2749/4683/2749
f 2424/2842/2424 363/398/363 3/3/3
f 2166/2577/2166 2153/2562/2153 4010/4755/4010
f 2166/2577/2166 2169/2580/2169 2153/2562/2153
f 4012/4757/4012 2719/3153/2719 2721/3155/2721
f 2719/3153/2719 2718/3152/2718 2721/3155/2721
f 4016/4761/4016 3055/3510/3055 2971/3424/2971
f 3079/3536/3079 3055/3510/3055 4016/4761/4016
f 2178/2589/2178 3785/4406/3785 2221/2633/2221
f 2178/2589/2178 3788/4409/3788 3785/4406/3785
f 4023/4770/4023 4024/4771/4024 4025/4772/4025
f 881/945/881 878/942/878 876/940/876
f 2077/2470/2077 160/172/160 162/174/162
f 4017/4763/4017 4019/4765/4019 4018/4773/4018
f 4026/4774/4026 4027/4775/4027 4028/4776/4028
f 155/179/155 195/210/195 168/183/168
f 4028/4776/4028 4027/4777/4027 4026/4774/4026
f 195/210/195 155/179/155 191/206/191
f 4029/4778/4029 4030/4779/4030 4031/4780/4031
f 2117/2522/2117 2116/2521/2116 2119/2524/2119
f 2449/2869/2449 2475/2896/2475 2478/2899/2478
f 4032/4781/4032 4033/4782/4033 4034/4783/4034
f 2478/2899/2478 2448/2868/2448 2449/2869/2449
f 4033/4782/4033 4032/4781/4032 4034/4784/4034
f 4023/4785/4023 4025/4772/4025 4024/4771/4024
f 52/58/52 51/57/51 55/4786/55
f 425/463/425 419/457/419 391/428/391
f 4035/4787/4035 4036/4788/4036 4037/4789/4037
f 391/428/391 392/429/392 425/463/425
f 4036/4788/4036 4035/4787/4035 4037/4790/4037
f 4030/4779/4030 4029/4778/4029 4031/4791/4031
f 2902/3346/2902 2903/3347/2903 2899/3343/2899
f 2225/2637/2225 2227/2639/2227 4011/4756/4011
f 4020/4767/4020 4022/4769/4022 4021/4792/4021
f 4038/4793/4038 4039/4794/4039 4040/4795/4040
f 2261/2675/2261 2217/2629/2217 2232/2644/2232
f 4040/4795/4040 4039/4796/4039 4038/4793/4038
f 2217/2629/2217 2261/2675/2261 2255/2669/2255
